symbol,tradeDate,foreignBuyShares,foreignSellShares,foreignNetShares,investmentTrustBuyShares,investmentTrustSellShares,investmentTrustNetShares,dealerSelfBuyShares,dealerSelfSellShares,dealerSelfNetShares,dealerHedgeBuyShares,dealerHedgeSellShares,dealerHedgeNetShares,institutionalTotalNetShares,sourceIdentity,sourceRetrievedAt
0056,2020-01-02,11000,30000,-19000,0,0,0,0,35000,-35000,6382000,0,6382000,6328000,TWSE_T86_DAILY_INSTITUTIONAL_REPORT,2026-08-18T06:50:00.000Z
0056,2020-01-03,4180,0,4180,50000,0,50000,0,20000,-20000,7995000,897000,7098000,7132180,TWSE_T86_DAILY_INSTITUTIONAL_REPORT,2026-08-18T06:50:00.000Z
0056,2020-01-06,5068,4000,1068,20000,0,20000,69000,0,69000,1000,1091000,-1090000,-999932,TWSE_T86_DAILY_INSTITUTIONAL_REPORT,2026-08-18T06:50:00.000Z
0056,2020-01-07,9000,1000,8000,30000,0,30000,107000,0,107000,606000,13835000,-13229000,-13084000,TWSE_T86_DAILY_INSTITUTIONAL_REPORT,2026-08-18T06:50:00.000Z
0056,2020-01-08,7000,39000,-32000,0,0,0,20000,170000,-150000,149000,8533000,-8384000,-8566000,TWSE_T86_DAILY_INSTITUTIONAL_REPORT,2026-08-18T06:50:00.000Z
0056,2020-01-09,4325,1000,3325,70000,0,70000,180000,20000,160000,75000,2242000,-2167000,-1933675,TWSE_T86_DAILY_INSTITUTIONAL_REPORT,2026-08-18T06:50:00.000Z
0056,2020-01-10,11000,8000,3000,50000,0,50000,95000,0,95000,19000,1668000,-1649000,-1501000,TWSE_T86_DAILY_INSTITUTIONAL_REPORT,2026-08-18T06:50:00.000Z
0056,2020-01-13,4000,0,4000,0,100000,-100000,35000,20000,15000,0,0,0,-81000,TWSE_T86_DAILY_INSTITUTIONAL_REPORT,2026-08-18T06:50:00.000Z
0056,2020-01-14,41000,1000,40000,130000,0,130000,305000,65000,240000,91000,0,91000,501000,TWSE_T86_DAILY_INSTITUTIONAL_REPORT,2026-08-18T06:50:00.000Z
0056,2020-01-15,44000,2000,42000,100000,0,100000,45000,0,45000,123000,944000,-821000,-634000,TWSE_T86_DAILY_INSTITUTIONAL_REPORT,2026-08-18T06:50:00.000Z
0056,2020-01-16,0,1000,-1000,50000,0,50000,55000,0,55000,239000,2357000,-2118000,-2014000,TWSE_T86_DAILY_INSTITUTIONAL_REPORT,2026-08-18T06:50:00.000Z
0056,2020-01-17,10000,2000,8000,0,0,0,35000,0,35000,0,4873000,-4873000,-4830000,TWSE_T86_DAILY_INSTITUTIONAL_REPORT,2026-08-18T06:50:00.000Z
0056,2020-01-20,0,0,0,200000,0,200000,35000,110000,-75000,20000,940000,-920000,-795000,TWSE_T86_DAILY_INSTITUTIONAL_REPORT,2026-08-18T06:50:00.000Z
0056,2020-01-30,85180,5000,80180,290000,0,290000,20000,20000,0,0,104987000,-104987000,-104616820,TWSE_T86_DAILY_INSTITUTIONAL_REPORT,2026-08-18T06:50:00.000Z
0056,2020-01-31,30000,0,30000,131000,1478000,-1347000,0,0,0,0,30004000,-30004000,-31321000,TWSE_T86_DAILY_INSTITUTIONAL_REPORT,2026-08-18T06:50:00.000Z
0056,2020-02-03,18000,0,18000,144000,0,144000,932000,240000,692000,10000,33179000,-33169000,-32315000,TWSE_T86_DAILY_INSTITUTIONAL_REPORT,2026-08-18T06:50:00.000Z
0056,2020-02-04,3000,3000,0,200000,0,200000,201000,50000,151000,1073000,3263000,-2190000,-1839000,TWSE_T86_DAILY_INSTITUTIONAL_REPORT,2026-08-18T06:50:00.000Z
0056,2020-02-05,5000,0,5000,200000,0,200000,0,0,0,907000,2363000,-1456000,-1251000,TWSE_T86_DAILY_INSTITUTIONAL_REPORT,2026-08-18T06:50:00.000Z
0056,2020-02-06,4000,0,4000,100000,0,100000,80000,1440000,-1360000,3266000,35000,3231000,1975000,TWSE_T86_DAILY_INSTITUTIONAL_REPORT,2026-08-18T06:50:00.000Z
0056,2020-02-07,2000,0,2000,130000,0,130000,0,0,0,130000,4805000,-4675000,-4543000,TWSE_T86_DAILY_INSTITUTIONAL_REPORT,2026-08-18T06:50:00.000Z
0056,2020-02-10,4000,0,4000,120000,0,120000,20000,95000,-75000,311000,7924000,-7613000,-7564000,TWSE_T86_DAILY_INSTITUTIONAL_REPORT,2026-08-18T06:50:00.000Z
0056,2020-02-11,1000,1000,0,120000,0,120000,30000,0,30000,1202000,0,1202000,1352000,TWSE_T86_DAILY_INSTITUTIONAL_REPORT,2026-08-18T06:50:00.000Z
0056,2020-02-12,6069,2000,4069,0,0,0,685000,0,685000,4582000,140000,4442000,5131069,TWSE_T86_DAILY_INSTITUTIONAL_REPORT,2026-08-18T06:50:00.000Z
0056,2020-02-13,17050,7000,10050,30000,0,30000,30000,0,30000,6187000,743000,5444000,5514050,TWSE_T86_DAILY_INSTITUTIONAL_REPORT,2026-08-18T06:50:00.000Z
0056,2020-02-14,5000,0,5000,0,0,0,15000,120000,-105000,3790000,110000,3680000,3580000,TWSE_T86_DAILY_INSTITUTIONAL_REPORT,2026-08-18T06:50:00.000Z
0056,2020-02-17,2000,1000,1000,0,0,0,15000,100000,-85000,4704000,850000,3854000,3770000,TWSE_T86_DAILY_INSTITUTIONAL_REPORT,2026-08-18T06:50:00.000Z
0056,2020-02-18,2000,0,2000,112000,0,112000,15000,450000,-435000,2574000,538000,2036000,1715000,TWSE_T86_DAILY_INSTITUTIONAL_REPORT,2026-08-18T06:50:00.000Z
0056,2020-02-19,0,0,0,30000,0,30000,7000,80000,-73000,6309000,533000,5776000,5733000,TWSE_T86_DAILY_INSTITUTIONAL_REPORT,2026-08-18T06:50:00.000Z
0056,2020-02-20,10000,4000,6000,20000,0,20000,215000,0,215000,1811000,1170000,641000,882000,TWSE_T86_DAILY_INSTITUTIONAL_REPORT,2026-08-18T06:50:00.000Z
0056,2020-02-21,3000,5000,-2000,0,0,0,300000,0,300000,669000,460000,209000,507000,TWSE_T86_DAILY_INSTITUTIONAL_REPORT,2026-08-18T06:50:00.000Z
0056,2020-02-24,2000,2000,0,0,0,0,225000,0,225000,42000,6533000,-6491000,-6266000,TWSE_T86_DAILY_INSTITUTIONAL_REPORT,2026-08-18T06:50:00.000Z
0056,2020-02-25,0,0,0,0,0,0,55000,200000,-145000,482000,509000,-27000,-172000,TWSE_T86_DAILY_INSTITUTIONAL_REPORT,2026-08-18T06:50:00.000Z
0056,2020-02-26,39000,0,39000,40000,0,40000,255000,0,255000,4000,27916000,-27912000,-27578000,TWSE_T86_DAILY_INSTITUTIONAL_REPORT,2026-08-18T06:50:00.000Z
0056,2020-02-27,57000,2000,55000,105000,0,105000,5000,0,5000,226000,50071000,-49845000,-49680000,TWSE_T86_DAILY_INSTITUTIONAL_REPORT,2026-08-18T06:50:00.000Z
0056,2020-03-02,18000,10000,8000,100000,0,100000,1113000,210000,903000,0,36204000,-36204000,-35193000,TWSE_T86_DAILY_INSTITUTIONAL_REPORT,2026-08-18T06:50:00.000Z
0056,2020-03-03,19000,0,19000,230000,0,230000,10000,0,10000,0,21100000,-21100000,-20841000,TWSE_T86_DAILY_INSTITUTIONAL_REPORT,2026-08-18T06:50:00.000Z
0056,2020-03-04,8000,0,8000,380000,0,380000,10000,0,10000,40000,18148000,-18108000,-17710000,TWSE_T86_DAILY_INSTITUTIONAL_REPORT,2026-08-18T06:50:00.000Z
0056,2020-03-05,6000,0,6000,0,300000,-300000,50000,1300000,-1250000,180000,4359000,-4179000,-5723000,TWSE_T86_DAILY_INSTITUTIONAL_REPORT,2026-08-18T06:50:00.000Z
0056,2020-03-06,4000,0,4000,440000,0,440000,366000,0,366000,0,22702000,-22702000,-21892000,TWSE_T86_DAILY_INSTITUTIONAL_REPORT,2026-08-18T06:50:00.000Z
0056,2020-03-09,47030,4000,43030,0,0,0,730000,40000,690000,0,89494000,-89494000,-88760970,TWSE_T86_DAILY_INSTITUTIONAL_REPORT,2026-08-18T06:50:00.000Z
0056,2020-03-10,35000,49000,-14000,0,0,0,58000,250000,-192000,30000,56695000,-56665000,-56871000,TWSE_T86_DAILY_INSTITUTIONAL_REPORT,2026-08-18T06:50:00.000Z
0056,2020-03-11,31300,3000,28300,0,0,0,28000,0,28000,30000,29361000,-29331000,-29274700,TWSE_T86_DAILY_INSTITUTIONAL_REPORT,2026-08-18T06:50:00.000Z
0056,2020-03-12,97030,23000,74030,0,0,0,1160000,1390000,-230000,20000,137210000,-137190000,-137345970,TWSE_T86_DAILY_INSTITUTIONAL_REPORT,2026-08-18T06:50:00.000Z
0056,2020-03-13,64078,10000,54078,0,90000,-90000,2260000,550000,1710000,0,122918000,-122918000,-121243922,TWSE_T86_DAILY_INSTITUTIONAL_REPORT,2026-08-18T06:50:00.000Z
0056,2020-03-16,51000,3000,48000,0,0,0,610000,0,610000,1000000,70391000,-69391000,-68733000,TWSE_T86_DAILY_INSTITUTIONAL_REPORT,2026-08-18T06:50:00.000Z
0056,2020-03-17,48000,8000,40000,170000,131000,39000,1235000,70000,1165000,4784000,80866000,-76082000,-74838000,TWSE_T86_DAILY_INSTITUTIONAL_REPORT,2026-08-18T06:50:00.000Z
0056,2020-03-18,27025,2000,25025,150000,0,150000,170000,0,170000,0,62072000,-62072000,-61726975,TWSE_T86_DAILY_INSTITUTIONAL_REPORT,2026-08-18T06:50:00.000Z
0056,2020-03-19,65045,38000,27045,0,0,0,3617000,770000,2847000,160000,97947000,-97787000,-94912955,TWSE_T86_DAILY_INSTITUTIONAL_REPORT,2026-08-18T06:50:00.000Z
0056,2020-03-20,39000,4000,35000,190000,0,190000,10000,250000,-240000,895000,40656000,-39761000,-39776000,TWSE_T86_DAILY_INSTITUTIONAL_REPORT,2026-08-18T06:50:00.000Z
0056,2020-03-23,105000,82000,23000,22000,0,22000,645000,480000,165000,0,33702000,-33702000,-33492000,TWSE_T86_DAILY_INSTITUTIONAL_REPORT,2026-08-18T06:50:00.000Z
0056,2020-03-24,119450,130000,-10550,250000,0,250000,285000,200000,85000,4584000,3221000,1363000,1687450,TWSE_T86_DAILY_INSTITUTIONAL_REPORT,2026-08-18T06:50:00.000Z
0056,2020-03-25,131250,120000,11250,250000,0,250000,200000,0,200000,5491000,6392000,-901000,-439750,TWSE_T86_DAILY_INSTITUTIONAL_REPORT,2026-08-18T06:50:00.000Z
0056,2020-03-26,174250,122000,52250,0,0,0,0,0,0,8536000,4885000,3651000,3703250,TWSE_T86_DAILY_INSTITUTIONAL_REPORT,2026-08-18T06:50:00.000Z
0056,2020-03-27,140100,82000,58100,130000,0,130000,0,200000,-200000,11229000,5081000,6148000,6136100,TWSE_T86_DAILY_INSTITUTIONAL_REPORT,2026-08-18T06:50:00.000Z
0056,2020-03-30,202000,188000,14000,0,0,0,0,200000,-200000,3242000,5574000,-2332000,-2518000,TWSE_T86_DAILY_INSTITUTIONAL_REPORT,2026-08-18T06:50:00.000Z
0056,2020-03-31,69000,70000,-1000,150000,0,150000,485000,100000,385000,2522000,3672000,-1150000,-616000,TWSE_T86_DAILY_INSTITUTIONAL_REPORT,2026-08-18T06:50:00.000Z
0056,2020-04-01,49000,71000,-22000,0,0,0,320000,0,320000,2582000,4800000,-2218000,-1920000,TWSE_T86_DAILY_INSTITUTIONAL_REPORT,2026-08-18T06:50:00.000Z
0056,2020-04-06,121000,122000,-1000,215000,0,215000,380000,100000,280000,2828000,3244000,-416000,78000,TWSE_T86_DAILY_INSTITUTIONAL_REPORT,2026-08-18T06:50:00.000Z
0056,2020-04-07,39000,42000,-3000,149000,0,149000,275000,200000,75000,2365000,1853000,512000,733000,TWSE_T86_DAILY_INSTITUTIONAL_REPORT,2026-08-18T06:50:00.000Z
0056,2020-04-08,681000,71000,610000,229000,0,229000,40000,300000,-260000,7211000,3050000,4161000,4740000,TWSE_T86_DAILY_INSTITUTIONAL_REPORT,2026-08-18T06:50:00.000Z
0056,2020-04-09,282000,175000,107000,422000,0,422000,410000,0,410000,4367000,4145000,222000,1161000,TWSE_T86_DAILY_INSTITUTIONAL_REPORT,2026-08-18T06:50:00.000Z
0056,2020-04-10,64000,4000,60000,0,0,0,0,100000,-100000,581000,856000,-275000,-315000,TWSE_T86_DAILY_INSTITUTIONAL_REPORT,2026-08-18T06:50:00.000Z
0056,2020-04-13,413000,29000,384000,103000,0,103000,65000,0,65000,1103000,3149000,-2046000,-1494000,TWSE_T86_DAILY_INSTITUTIONAL_REPORT,2026-08-18T06:50:00.000Z
0056,2020-04-14,41076,30000,11076,100000,0,100000,0,20000,-20000,4122000,0,4122000,4213076,TWSE_T86_DAILY_INSTITUTIONAL_REPORT,2026-08-18T06:50:00.000Z
0056,2020-04-15,54000,359000,-305000,391000,0,391000,10000,6602000,-6592000,10880000,1215000,9665000,3159000,TWSE_T86_DAILY_INSTITUTIONAL_REPORT,2026-08-18T06:50:00.000Z
0056,2020-04-16,52100,51000,1100,0,0,0,510000,20000,490000,1954000,1423000,531000,1022100,TWSE_T86_DAILY_INSTITUTIONAL_REPORT,2026-08-18T06:50:00.000Z
0056,2020-04-17,41000,26000,15000,120000,0,120000,430000,0,430000,1844000,5015000,-3171000,-2606000,TWSE_T86_DAILY_INSTITUTIONAL_REPORT,2026-08-18T06:50:00.000Z
0056,2020-04-20,51000,254000,-203000,50000,0,50000,300000,300000,0,5326000,2451000,2875000,2722000,TWSE_T86_DAILY_INSTITUTIONAL_REPORT,2026-08-18T06:50:00.000Z
0056,2020-04-21,144000,550000,-406000,110000,0,110000,0,0,0,4386000,6902000,-2516000,-2812000,TWSE_T86_DAILY_INSTITUTIONAL_REPORT,2026-08-18T06:50:00.000Z
0056,2020-04-22,42000,47000,-5000,105000,0,105000,0,455000,-455000,2797000,2085000,712000,357000,TWSE_T86_DAILY_INSTITUTIONAL_REPORT,2026-08-18T06:50:00.000Z
0056,2020-04-23,52000,52000,0,50000,0,50000,0,0,0,5401000,1500000,3901000,3951000,TWSE_T86_DAILY_INSTITUTIONAL_REPORT,2026-08-18T06:50:00.000Z
0056,2020-04-24,28000,28000,0,0,0,0,0,90000,-90000,1120000,932000,188000,98000,TWSE_T86_DAILY_INSTITUTIONAL_REPORT,2026-08-18T06:50:00.000Z
0056,2020-04-27,40000,46000,-6000,198000,0,198000,0,25000,-25000,12321000,565000,11756000,11923000,TWSE_T86_DAILY_INSTITUTIONAL_REPORT,2026-08-18T06:50:00.000Z
0056,2020-04-28,19000,65000,-46000,512000,0,512000,30000,0,30000,5030000,259000,4771000,5267000,TWSE_T86_DAILY_INSTITUTIONAL_REPORT,2026-08-18T06:50:00.000Z
0056,2020-04-29,35000,12000,23000,49000,0,49000,130000,0,130000,9278000,894000,8384000,8586000,TWSE_T86_DAILY_INSTITUTIONAL_REPORT,2026-08-18T06:50:00.000Z
0056,2020-04-30,50000,34000,16000,0,0,0,80000,10000,70000,19253000,367000,18886000,18972000,TWSE_T86_DAILY_INSTITUTIONAL_REPORT,2026-08-18T06:50:00.000Z
0056,2020-05-04,31000,22000,9000,0,35000,-35000,330000,40000,290000,3975000,2358000,1617000,1881000,TWSE_T86_DAILY_INSTITUTIONAL_REPORT,2026-08-18T06:50:00.000Z
0056,2020-05-05,34000,33000,1000,130000,0,130000,13000,465000,-452000,5953000,319000,5634000,5313000,TWSE_T86_DAILY_INSTITUTIONAL_REPORT,2026-08-18T06:50:00.000Z
0056,2020-05-06,47000,45000,2000,28000,0,28000,5000,520000,-515000,1866000,1883000,-17000,-502000,TWSE_T86_DAILY_INSTITUTIONAL_REPORT,2026-08-18T06:50:00.000Z
0056,2020-05-07,19000,16000,3000,121000,0,121000,10000,0,10000,9328000,895000,8433000,8567000,TWSE_T86_DAILY_INSTITUTIONAL_REPORT,2026-08-18T06:50:00.000Z
0056,2020-05-08,14100,8000,6100,46000,0,46000,15000,20000,-5000,5418000,1050000,4368000,4415100,TWSE_T86_DAILY_INSTITUTIONAL_REPORT,2026-08-18T06:50:00.000Z
0056,2020-05-11,14040,11000,3040,120000,0,120000,185000,190000,-5000,2970000,975000,1995000,2113040,TWSE_T86_DAILY_INSTITUTIONAL_REPORT,2026-08-18T06:50:00.000Z
0056,2020-05-12,29000,576000,-547000,70000,0,70000,10000,0,10000,501000,902000,-401000,-868000,TWSE_T86_DAILY_INSTITUTIONAL_REPORT,2026-08-18T06:50:00.000Z
0056,2020-05-13,9072,22000,-12928,0,0,0,10000,560000,-550000,8465000,1214000,7251000,6688072,TWSE_T86_DAILY_INSTITUTIONAL_REPORT,2026-08-18T06:50:00.000Z
0056,2020-05-14,40000,140000,-100000,0,40000,-40000,135000,510000,-375000,1407000,3102000,-1695000,-2210000,TWSE_T86_DAILY_INSTITUTIONAL_REPORT,2026-08-18T06:50:00.000Z
0056,2020-05-15,73000,60000,13000,0,0,0,15000,0,15000,2945000,1828000,1117000,1145000,TWSE_T86_DAILY_INSTITUTIONAL_REPORT,2026-08-18T06:50:00.000Z
0056,2020-05-18,23000,502000,-479000,83000,0,83000,0,0,0,0,6617000,-6617000,-7013000,TWSE_T86_DAILY_INSTITUTIONAL_REPORT,2026-08-18T06:50:00.000Z
0056,2020-05-19,25000,23000,2000,190000,0,190000,40000,0,40000,80000,0,80000,312000,TWSE_T86_DAILY_INSTITUTIONAL_REPORT,2026-08-18T06:50:00.000Z
0056,2020-05-20,0,1000,-1000,0,0,0,20000,10000,10000,1119000,1013000,106000,115000,TWSE_T86_DAILY_INSTITUTIONAL_REPORT,2026-08-18T06:50:00.000Z
0056,2020-05-21,27000,20000,7000,60000,0,60000,20000,20000,0,9560000,1117000,8443000,8510000,TWSE_T86_DAILY_INSTITUTIONAL_REPORT,2026-08-18T06:50:00.000Z
0056,2020-05-22,14000,1000,13000,69000,0,69000,0,0,0,24000,8260000,-8236000,-8154000,TWSE_T86_DAILY_INSTITUTIONAL_REPORT,2026-08-18T06:50:00.000Z
0056,2020-05-25,60100,64000,-3900,51000,0,51000,0,271000,-271000,0,6404000,-6404000,-6627900,TWSE_T86_DAILY_INSTITUTIONAL_REPORT,2026-08-18T06:50:00.000Z
0056,2020-05-26,4000,4000,0,58000,0,58000,50000,0,50000,16301000,558000,15743000,15851000,TWSE_T86_DAILY_INSTITUTIONAL_REPORT,2026-08-18T06:50:00.000Z
0056,2020-05-27,22000,32000,-10000,103000,0,103000,0,0,0,1586000,1146000,440000,533000,TWSE_T86_DAILY_INSTITUTIONAL_REPORT,2026-08-18T06:50:00.000Z
0056,2020-05-28,20000,32000,-12000,0,0,0,60000,10000,50000,4869000,2158000,2711000,2749000,TWSE_T86_DAILY_INSTITUTIONAL_REPORT,2026-08-18T06:50:00.000Z
0056,2020-05-29,37000,39000,-2000,0,0,0,200000,0,200000,0,3046000,-3046000,-2848000,TWSE_T86_DAILY_INSTITUTIONAL_REPORT,2026-08-18T06:50:00.000Z
0056,2020-06-01,30000,39406,-9406,0,0,0,0,0,0,9638000,664000,8974000,8964594,TWSE_T86_DAILY_INSTITUTIONAL_REPORT,2026-08-18T06:50:00.000Z
0056,2020-06-02,36000,40000,-4000,0,0,0,100000,200000,-100000,1942000,307000,1635000,1531000,TWSE_T86_DAILY_INSTITUTIONAL_REPORT,2026-08-18T06:50:00.000Z
0056,2020-06-03,5105,11000,-5895,0,150000,-150000,50000,0,50000,20444000,0,20444000,20338105,TWSE_T86_DAILY_INSTITUTIONAL_REPORT,2026-08-18T06:50:00.000Z
0056,2020-06-04,155100,42000,113100,0,65000,-65000,0,0,0,11534000,1712000,9822000,9870100,TWSE_T86_DAILY_INSTITUTIONAL_REPORT,2026-08-18T06:50:00.000Z
0056,2020-06-05,0,4000,-4000,0,160000,-160000,1218000,0,1218000,15766000,412000,15354000,16408000,TWSE_T86_DAILY_INSTITUTIONAL_REPORT,2026-08-18T06:50:00.000Z
0056,2020-06-08,12000,2000,10000,40000,0,40000,50000,0,50000,1793000,234000,1559000,1659000,TWSE_T86_DAILY_INSTITUTIONAL_REPORT,2026-08-18T06:50:00.000Z
0056,2020-06-09,6103,3000,3103,50000,0,50000,0,0,0,1033000,300000,733000,786103,TWSE_T86_DAILY_INSTITUTIONAL_REPORT,2026-08-18T06:50:00.000Z
0056,2020-06-10,5000,75750,-70750,0,100000,-100000,0,0,0,5866000,222000,5644000,5473250,TWSE_T86_DAILY_INSTITUTIONAL_REPORT,2026-08-18T06:50:00.000Z
0056,2020-06-11,30000,92000,-62000,0,199000,-199000,0,0,0,4701000,2685000,2016000,1755000,TWSE_T86_DAILY_INSTITUTIONAL_REPORT,2026-08-18T06:50:00.000Z
0056,2020-06-12,76100,77000,-900,0,105000,-105000,40000,40000,0,6969000,1393000,5576000,5470100,TWSE_T86_DAILY_INSTITUTIONAL_REPORT,2026-08-18T06:50:00.000Z
0056,2020-06-15,93050,104000,-10950,0,65000,-65000,10000,10000,0,4770000,220000,4550000,4474050,TWSE_T86_DAILY_INSTITUTIONAL_REPORT,2026-08-18T06:50:00.000Z
0056,2020-06-16,115000,97000,18000,74000,0,74000,10000,10000,0,5145000,0,5145000,5237000,TWSE_T86_DAILY_INSTITUTIONAL_REPORT,2026-08-18T06:50:00.000Z
0056,2020-06-17,18105,13000,5105,40000,0,40000,0,0,0,5493000,268000,5225000,5270105,TWSE_T86_DAILY_INSTITUTIONAL_REPORT,2026-08-18T06:50:00.000Z
0056,2020-06-18,62113,52000,10113,0,0,0,776000,1168000,-392000,10063000,942000,9121000,8739113,TWSE_T86_DAILY_INSTITUTIONAL_REPORT,2026-08-18T06:50:00.000Z
0056,2020-06-19,623200,123000,500200,0,0,0,0,726000,-726000,10080000,466000,9614000,9388200,TWSE_T86_DAILY_INSTITUTIONAL_REPORT,2026-08-18T06:50:00.000Z
0056,2020-06-22,77070,88000,-10930,60000,0,60000,68000,0,68000,682000,0,682000,799070,TWSE_T86_DAILY_INSTITUTIONAL_REPORT,2026-08-18T06:50:00.000Z
0056,2020-06-23,6000,39000,-33000,0,0,0,0,68000,-68000,657000,382000,275000,174000,TWSE_T86_DAILY_INSTITUTIONAL_REPORT,2026-08-18T06:50:00.000Z
0056,2020-06-24,6000,29000,-23000,0,60000,-60000,50000,0,50000,893000,625000,268000,235000,TWSE_T86_DAILY_INSTITUTIONAL_REPORT,2026-08-18T06:50:00.000Z
0056,2020-06-29,11000,106200,-95200,100000,0,100000,0,0,0,9000,2344000,-2335000,-2330200,TWSE_T86_DAILY_INSTITUTIONAL_REPORT,2026-08-18T06:50:00.000Z
0056,2020-06-30,71000,23000,48000,176000,0,176000,0,0,0,542000,658000,-116000,108000,TWSE_T86_DAILY_INSTITUTIONAL_REPORT,2026-08-18T06:50:00.000Z
0056,2020-07-01,59000,58000,1000,25000,0,25000,100000,10000,90000,155000,542000,-387000,-271000,TWSE_T86_DAILY_INSTITUTIONAL_REPORT,2026-08-18T06:50:00.000Z
0056,2020-07-02,114000,229100,-115100,95000,0,95000,0,0,0,8803000,135000,8668000,8647900,TWSE_T86_DAILY_INSTITUTIONAL_REPORT,2026-08-18T06:50:00.000Z
0056,2020-07-03,745000,30000,715000,0,100000,-100000,0,0,0,13153000,564000,12589000,13204000,TWSE_T86_DAILY_INSTITUTIONAL_REPORT,2026-08-18T06:50:00.000Z
0056,2020-07-06,9000,10000,-1000,0,124000,-124000,0,0,0,21352000,0,21352000,21227000,TWSE_T86_DAILY_INSTITUTIONAL_REPORT,2026-08-18T06:50:00.000Z
0056,2020-07-07,461000,184300,276700,0,0,0,0,0,0,1731000,3004000,-1273000,-996300,TWSE_T86_DAILY_INSTITUTIONAL_REPORT,2026-08-18T06:50:00.000Z
0056,2020-07-08,8170,56000,-47830,0,50000,-50000,0,0,0,468000,11885000,-11417000,-11514830,TWSE_T86_DAILY_INSTITUTIONAL_REPORT,2026-08-18T06:50:00.000Z
0056,2020-07-09,49000,5000,44000,0,50000,-50000,0,0,0,2550000,521000,2029000,2023000,TWSE_T86_DAILY_INSTITUTIONAL_REPORT,2026-08-18T06:50:00.000Z
0056,2020-07-10,23000,69000,-46000,0,80000,-80000,0,0,0,1016000,1969000,-953000,-1079000,TWSE_T86_DAILY_INSTITUTIONAL_REPORT,2026-08-18T06:50:00.000Z
0056,2020-07-13,49000,50000,-1000,0,0,0,0,0,0,3273000,0,3273000,3272000,TWSE_T86_DAILY_INSTITUTIONAL_REPORT,2026-08-18T06:50:00.000Z
0056,2020-07-14,49200,46000,3200,0,0,0,0,0,0,2321000,0,2321000,2324200,TWSE_T86_DAILY_INSTITUTIONAL_REPORT,2026-08-18T06:50:00.000Z
0056,2020-07-15,110000,114000,-4000,0,0,0,0,0,0,2920000,435000,2485000,2481000,TWSE_T86_DAILY_INSTITUTIONAL_REPORT,2026-08-18T06:50:00.000Z
0056,2020-07-16,30169,33000,-2831,0,92000,-92000,0,0,0,2898000,824000,2074000,1979169,TWSE_T86_DAILY_INSTITUTIONAL_REPORT,2026-08-18T06:50:00.000Z
0056,2020-07-17,34000,4000,30000,0,156000,-156000,6000,0,6000,2981000,880000,2101000,1981000,TWSE_T86_DAILY_INSTITUTIONAL_REPORT,2026-08-18T06:50:00.000Z
0056,2020-07-20,63100,89000,-25900,0,0,0,8000,0,8000,8470000,346000,8124000,8106100,TWSE_T86_DAILY_INSTITUTIONAL_REPORT,2026-08-18T06:50:00.000Z
0056,2020-07-21,401000,38100,362900,0,0,0,0,0,0,17876000,0,17876000,18238900,TWSE_T86_DAILY_INSTITUTIONAL_REPORT,2026-08-18T06:50:00.000Z
0056,2020-07-22,1030,32000,-30970,0,0,0,0,0,0,23137000,38000,23099000,23068030,TWSE_T86_DAILY_INSTITUTIONAL_REPORT,2026-08-18T06:50:00.000Z
0056,2020-07-23,3000,2000,1000,0,5800,-5800,0,0,0,33072000,17000,33055000,33050200,TWSE_T86_DAILY_INSTITUTIONAL_REPORT,2026-08-18T06:50:00.000Z
0056,2020-07-24,165000,143000,22000,0,100000,-100000,17000,0,17000,4162000,125000,4037000,3976000,TWSE_T86_DAILY_INSTITUTIONAL_REPORT,2026-08-18T06:50:00.000Z
0056,2020-07-27,64000,833000,-769000,0,0,0,6000,0,6000,274000,265000,9000,-754000,TWSE_T86_DAILY_INSTITUTIONAL_REPORT,2026-08-18T06:50:00.000Z
0056,2020-07-28,137000,70000,67000,50000,0,50000,18000,0,18000,929000,2000,927000,1062000,TWSE_T86_DAILY_INSTITUTIONAL_REPORT,2026-08-18T06:50:00.000Z
0056,2020-07-29,317000,1000000,-683000,0,60000,-60000,3000,0,3000,3831000,0,3831000,3091000,TWSE_T86_DAILY_INSTITUTIONAL_REPORT,2026-08-18T06:50:00.000Z
0056,2020-07-30,52000,52000,0,0,80000,-80000,0,0,0,7242000,82000,7160000,7080000,TWSE_T86_DAILY_INSTITUTIONAL_REPORT,2026-08-18T06:50:00.000Z
0056,2020-07-31,26000,43000,-17000,0,0,0,1000000,0,1000000,17354000,0,17354000,18337000,TWSE_T86_DAILY_INSTITUTIONAL_REPORT,2026-08-18T06:50:00.000Z
0056,2020-08-03,104000,103000,1000,0,0,0,140000,0,140000,617000,1000,616000,757000,TWSE_T86_DAILY_INSTITUTIONAL_REPORT,2026-08-18T06:50:00.000Z
0056,2020-08-04,44150,5000,39150,150000,0,150000,0,0,0,3785000,17000,3768000,3957150,TWSE_T86_DAILY_INSTITUTIONAL_REPORT,2026-08-18T06:50:00.000Z
0056,2020-08-05,2000,20000,-18000,0,0,0,0,0,0,12983000,5000,12978000,12960000,TWSE_T86_DAILY_INSTITUTIONAL_REPORT,2026-08-18T06:50:00.000Z
0056,2020-08-06,23250,61000,-37750,0,0,0,260000,0,260000,682000,40000,642000,864250,TWSE_T86_DAILY_INSTITUTIONAL_REPORT,2026-08-18T06:50:00.000Z
0056,2020-08-07,61000,24000,37000,0,0,0,0,0,0,2416000,817000,1599000,1636000,TWSE_T86_DAILY_INSTITUTIONAL_REPORT,2026-08-18T06:50:00.000Z
0056,2020-08-10,3000,1000,2000,0,0,0,0,0,0,2672000,2896000,-224000,-222000,TWSE_T86_DAILY_INSTITUTIONAL_REPORT,2026-08-18T06:50:00.000Z
0056,2020-08-11,97300,97000,300,0,300000,-300000,0,0,0,2531000,3155000,-624000,-923700,TWSE_T86_DAILY_INSTITUTIONAL_REPORT,2026-08-18T06:50:00.000Z
0056,2020-08-12,155100,155000,100,0,0,0,3000,0,3000,1287000,1353000,-66000,-62900,TWSE_T86_DAILY_INSTITUTIONAL_REPORT,2026-08-18T06:50:00.000Z
0056,2020-08-13,63000,59000,4000,0,0,0,0,0,0,612000,0,612000,616000,TWSE_T86_DAILY_INSTITUTIONAL_REPORT,2026-08-18T06:50:00.000Z
0056,2020-08-14,81000,80000,1000,0,0,0,0,0,0,4889000,0,4889000,4890000,TWSE_T86_DAILY_INSTITUTIONAL_REPORT,2026-08-18T06:50:00.000Z
0056,2020-08-17,3160,78000,-74840,0,0,0,50000,0,50000,7436000,0,7436000,7411160,TWSE_T86_DAILY_INSTITUTIONAL_REPORT,2026-08-18T06:50:00.000Z
0056,2020-08-18,62000,1000,61000,0,0,0,10000,0,10000,695000,19000,676000,747000,TWSE_T86_DAILY_INSTITUTIONAL_REPORT,2026-08-18T06:50:00.000Z
0056,2020-08-19,73000,69000,4000,0,0,0,10000,10000,0,1360000,1039000,321000,325000,TWSE_T86_DAILY_INSTITUTIONAL_REPORT,2026-08-18T06:50:00.000Z
0056,2020-08-20,411100,387000,24100,0,0,0,38000,30000,8000,147000,40996000,-40849000,-40816900,TWSE_T86_DAILY_INSTITUTIONAL_REPORT,2026-08-18T06:50:00.000Z
0056,2020-08-21,387000,321000,66000,45000,0,45000,0,0,0,6137000,0,6137000,6248000,TWSE_T86_DAILY_INSTITUTIONAL_REPORT,2026-08-18T06:50:00.000Z
0056,2020-08-24,185000,191000,-6000,0,0,0,3000,0,3000,7194000,0,7194000,7191000,TWSE_T86_DAILY_INSTITUTIONAL_REPORT,2026-08-18T06:50:00.000Z
0056,2020-08-25,80000,78000,2000,65000,0,65000,90000,0,90000,14945000,224000,14721000,14878000,TWSE_T86_DAILY_INSTITUTIONAL_REPORT,2026-08-18T06:50:00.000Z
0056,2020-08-26,42000,52000,-10000,0,0,0,23000,0,23000,4948000,70000,4878000,4891000,TWSE_T86_DAILY_INSTITUTIONAL_REPORT,2026-08-18T06:50:00.000Z
0056,2020-08-27,111000,54000,57000,20000,0,20000,3000,20000,-17000,1936000,0,1936000,1996000,TWSE_T86_DAILY_INSTITUTIONAL_REPORT,2026-08-18T06:50:00.000Z
0056,2020-08-28,115000,113000,2000,0,0,0,9000,0,9000,147000,220000,-73000,-62000,TWSE_T86_DAILY_INSTITUTIONAL_REPORT,2026-08-18T06:50:00.000Z
0056,2020-08-31,168000,158000,10000,130000,0,130000,709000,0,709000,187000,1367000,-1180000,-331000,TWSE_T86_DAILY_INSTITUTIONAL_REPORT,2026-08-18T06:50:00.000Z
0056,2020-09-01,145000,142000,3000,0,0,0,6000,0,6000,0,3394000,-3394000,-3385000,TWSE_T86_DAILY_INSTITUTIONAL_REPORT,2026-08-18T06:50:00.000Z
0056,2020-09-02,163000,136000,27000,130000,0,130000,12000,0,12000,296000,0,296000,465000,TWSE_T86_DAILY_INSTITUTIONAL_REPORT,2026-08-18T06:50:00.000Z
0056,2020-09-03,74000,58660,15340,0,0,0,6000,0,6000,9607000,0,9607000,9628340,TWSE_T86_DAILY_INSTITUTIONAL_REPORT,2026-08-18T06:50:00.000Z
0056,2020-09-04,135000,121000,14000,0,0,0,18000,0,18000,0,9196000,-9196000,-9164000,TWSE_T86_DAILY_INSTITUTIONAL_REPORT,2026-08-18T06:50:00.000Z
0056,2020-09-07,73000,68000,5000,0,0,0,13000,90000,-77000,0,9223000,-9223000,-9295000,TWSE_T86_DAILY_INSTITUTIONAL_REPORT,2026-08-18T06:50:00.000Z
0056,2020-09-08,93000,61000,32000,220000,0,220000,12000,0,12000,0,13496000,-13496000,-13232000,TWSE_T86_DAILY_INSTITUTIONAL_REPORT,2026-08-18T06:50:00.000Z
0056,2020-09-09,113067,113000,67,0,500000,-500000,9000,0,9000,11000,15440000,-15429000,-15919933,TWSE_T86_DAILY_INSTITUTIONAL_REPORT,2026-08-18T06:50:00.000Z
0056,2020-09-10,13000,6000,7000,100000,0,100000,12000,0,12000,358000,358000,0,119000,TWSE_T86_DAILY_INSTITUTIONAL_REPORT,2026-08-18T06:50:00.000Z
0056,2020-09-11,11000,6000,5000,0,294000,-294000,9000,10000,-1000,0,2418000,-2418000,-2708000,TWSE_T86_DAILY_INSTITUTIONAL_REPORT,2026-08-18T06:50:00.000Z
0056,2020-09-14,96000,91000,5000,100000,0,100000,0,0,0,5806000,0,5806000,5911000,TWSE_T86_DAILY_INSTITUTIONAL_REPORT,2026-08-18T06:50:00.000Z
0056,2020-09-15,27100,27000,100,100000,200000,-100000,0,0,0,1970000,92000,1878000,1778100,TWSE_T86_DAILY_INSTITUTIONAL_REPORT,2026-08-18T06:50:00.000Z
0056,2020-09-16,40000,44000,-4000,30000,0,30000,0,0,0,3732000,430000,3302000,3328000,TWSE_T86_DAILY_INSTITUTIONAL_REPORT,2026-08-18T06:50:00.000Z
0056,2020-09-17,26000,31000,-5000,100000,0,100000,0,0,0,4867000,2797000,2070000,2165000,TWSE_T86_DAILY_INSTITUTIONAL_REPORT,2026-08-18T06:50:00.000Z
0056,2020-09-18,67000,66000,1000,0,0,0,0,0,0,358000,0,358000,359000,TWSE_T86_DAILY_INSTITUTIONAL_REPORT,2026-08-18T06:50:00.000Z
0056,2020-09-21,4000,1000,3000,100000,0,100000,0,0,0,613000,458000,155000,258000,TWSE_T86_DAILY_INSTITUTIONAL_REPORT,2026-08-18T06:50:00.000Z
0056,2020-09-22,85000,61000,24000,0,930000,-930000,0,0,0,0,14590000,-14590000,-15496000,TWSE_T86_DAILY_INSTITUTIONAL_REPORT,2026-08-18T06:50:00.000Z
0056,2020-09-23,69000,51000,18000,0,360000,-360000,0,0,0,0,10745000,-10745000,-11087000,TWSE_T86_DAILY_INSTITUTIONAL_REPORT,2026-08-18T06:50:00.000Z
0056,2020-09-24,104000,65000,39000,0,0,0,0,300000,-300000,65000,39990000,-39925000,-40186000,TWSE_T86_DAILY_INSTITUTIONAL_REPORT,2026-08-18T06:50:00.000Z
0056,2020-09-25,745100,703000,42100,30000,0,30000,0,0,0,7000,27916000,-27909000,-27836900,TWSE_T86_DAILY_INSTITUTIONAL_REPORT,2026-08-18T06:50:00.000Z
0056,2020-09-28,184000,179000,5000,200000,0,200000,0,0,0,0,761000,-761000,-556000,TWSE_T86_DAILY_INSTITUTIONAL_REPORT,2026-08-18T06:50:00.000Z
0056,2020-09-29,66010,63000,3010,0,0,0,0,0,0,0,5486000,-5486000,-5482990,TWSE_T86_DAILY_INSTITUTIONAL_REPORT,2026-08-18T06:50:00.000Z
0056,2020-09-30,114000,114000,0,0,0,0,0,0,0,0,705000,-705000,-705000,TWSE_T86_DAILY_INSTITUTIONAL_REPORT,2026-08-18T06:50:00.000Z
0056,2020-10-05,111000,104000,7000,100000,0,100000,0,0,0,0,6395000,-6395000,-6288000,TWSE_T86_DAILY_INSTITUTIONAL_REPORT,2026-08-18T06:50:00.000Z
0056,2020-10-06,3000,0,3000,200000,0,200000,50000,0,50000,0,4734000,-4734000,-4481000,TWSE_T86_DAILY_INSTITUTIONAL_REPORT,2026-08-18T06:50:00.000Z
0056,2020-10-07,21000,0,21000,0,0,0,0,0,0,50000,5574000,-5524000,-5503000,TWSE_T86_DAILY_INSTITUTIONAL_REPORT,2026-08-18T06:50:00.000Z
0056,2020-10-08,29100,29000,100,130000,0,130000,0,0,0,68000,4087000,-4019000,-3888900,TWSE_T86_DAILY_INSTITUTIONAL_REPORT,2026-08-18T06:50:00.000Z
0056,2020-10-12,11000,0,11000,100000,0,100000,0,0,0,0,20966000,-20966000,-20855000,TWSE_T86_DAILY_INSTITUTIONAL_REPORT,2026-08-18T06:50:00.000Z
0056,2020-10-13,147000,41000,106000,0,0,0,10000,10000,0,0,8791000,-8791000,-8685000,TWSE_T86_DAILY_INSTITUTIONAL_REPORT,2026-08-18T06:50:00.000Z
0056,2020-10-14,8000,6000,2000,0,0,0,0,0,0,100000,4707000,-4607000,-4605000,TWSE_T86_DAILY_INSTITUTIONAL_REPORT,2026-08-18T06:50:00.000Z
0056,2020-10-15,4000,257000,-253000,2200000,0,2200000,0,0,0,50000,19060000,-19010000,-17063000,TWSE_T86_DAILY_INSTITUTIONAL_REPORT,2026-08-18T06:50:00.000Z
0056,2020-10-16,8115,0,8115,2340000,0,2340000,0,0,0,68000,16353000,-16285000,-13936885,TWSE_T86_DAILY_INSTITUTIONAL_REPORT,2026-08-18T06:50:00.000Z
0056,2020-10-19,24000,25000,-1000,2120000,0,2120000,1010000,0,1010000,1013000,10599000,-9586000,-6457000,TWSE_T86_DAILY_INSTITUTIONAL_REPORT,2026-08-18T06:50:00.000Z
0056,2020-10-20,0,1000,-1000,2620000,0,2620000,0,0,0,719000,10194000,-9475000,-6856000,TWSE_T86_DAILY_INSTITUTIONAL_REPORT,2026-08-18T06:50:00.000Z
0056,2020-10-21,33000,0,33000,2195000,0,2195000,0,0,0,1616000,17400000,-15784000,-13556000,TWSE_T86_DAILY_INSTITUTIONAL_REPORT,2026-08-18T06:50:00.000Z
0056,2020-10-22,3300,3000,300,1035000,0,1035000,410000,0,410000,1223000,14182000,-12959000,-11513700,TWSE_T86_DAILY_INSTITUTIONAL_REPORT,2026-08-18T06:50:00.000Z
0056,2020-10-23,11168,2000,9168,596000,0,596000,0,0,0,96000,4580000,-4484000,-3878832,TWSE_T86_DAILY_INSTITUTIONAL_REPORT,2026-08-18T06:50:00.000Z
0056,2020-10-26,54330,61000,-6670,60000,0,60000,0,0,0,45000,12943432,-12898432,-12845102,TWSE_T86_DAILY_INSTITUTIONAL_REPORT,2026-08-18T06:50:00.000Z
0056,2020-10-27,15101,9000,6101,100000,0,100000,0,0,0,884000,12965617,-12081617,-11975516,TWSE_T86_DAILY_INSTITUTIONAL_REPORT,2026-08-18T06:50:00.000Z
0056,2020-10-28,220610,105000,115610,0,0,0,0,1410000,-1410000,251000,95077520,-94826520,-96120910,TWSE_T86_DAILY_INSTITUTIONAL_REPORT,2026-08-18T06:50:00.000Z
0056,2020-10-29,152355,101000,51355,117000,3000000,-2883000,0,0,0,105000,42661988,-42556988,-45388633,TWSE_T86_DAILY_INSTITUTIONAL_REPORT,2026-08-18T06:50:00.000Z
0056,2020-10-30,68200,50000,18200,0,2300000,-2300000,0,0,0,316000,30533783,-30217783,-32499583,TWSE_T86_DAILY_INSTITUTIONAL_REPORT,2026-08-18T06:50:00.000Z
0056,2020-11-02,17000,2000,15000,40000,0,40000,10000,710000,-700000,77000,23466801,-23389801,-24034801,TWSE_T86_DAILY_INSTITUTIONAL_REPORT,2026-08-18T06:50:00.000Z
0056,2020-11-03,188400,79000,109400,167000,2200000,-2033000,0,0,0,4000,7096777,-7092777,-9016377,TWSE_T86_DAILY_INSTITUTIONAL_REPORT,2026-08-18T06:50:00.000Z
0056,2020-11-04,147053,104000,43053,0,2200000,-2200000,15000,0,15000,0,10136962,-10136962,-12278909,TWSE_T86_DAILY_INSTITUTIONAL_REPORT,2026-08-18T06:50:00.000Z
0056,2020-11-05,22300,19000,3300,0,1300000,-1300000,0,0,0,0,1989428,-1989428,-3286128,TWSE_T86_DAILY_INSTITUTIONAL_REPORT,2026-08-18T06:50:00.000Z
0056,2020-11-06,40810,26000,14810,0,1396000,-1396000,1100000,0,1100000,3000,9237210,-9234210,-9515400,TWSE_T86_DAILY_INSTITUTIONAL_REPORT,2026-08-18T06:50:00.000Z
0056,2020-11-09,31100,473000,-441900,70000,0,70000,10000,0,10000,1122,8831674,-8830552,-9192452,TWSE_T86_DAILY_INSTITUTIONAL_REPORT,2026-08-18T06:50:00.000Z
0056,2020-11-10,68290,71000,-2710,125000,0,125000,600000,0,600000,3000,16049211,-16046211,-15323921,TWSE_T86_DAILY_INSTITUTIONAL_REPORT,2026-08-18T06:50:00.000Z
0056,2020-11-11,218000,621000,-403000,0,0,0,0,0,0,146000,850999,-704999,-1107999,TWSE_T86_DAILY_INSTITUTIONAL_REPORT,2026-08-18T06:50:00.000Z
0056,2020-11-12,123020,114000,9020,0,0,0,640000,0,640000,28000,9005612,-8977612,-8328592,TWSE_T86_DAILY_INSTITUTIONAL_REPORT,2026-08-18T06:50:00.000Z
0056,2020-11-13,63000,62000,1000,14000,393000,-379000,340000,0,340000,273000,1685413,-1412413,-1450413,TWSE_T86_DAILY_INSTITUTIONAL_REPORT,2026-08-18T06:50:00.000Z
0056,2020-11-16,52688,178000,-125312,247000,0,247000,0,0,0,3000,5873960,-5870960,-5749272,TWSE_T86_DAILY_INSTITUTIONAL_REPORT,2026-08-18T06:50:00.000Z
0056,2020-11-17,126050,75000,51050,87000,0,87000,0,0,0,0,2180998,-2180998,-2042948,TWSE_T86_DAILY_INSTITUTIONAL_REPORT,2026-08-18T06:50:00.000Z
0056,2020-11-18,7000,0,7000,0,0,0,0,0,0,42000,1998,40002,47002,TWSE_T86_DAILY_INSTITUTIONAL_REPORT,2026-08-18T06:50:00.000Z
0056,2020-11-19,20000,17999,2001,0,0,0,30000,80000,-50000,551000,527000,24000,-23999,TWSE_T86_DAILY_INSTITUTIONAL_REPORT,2026-08-18T06:50:00.000Z
0056,2020-11-20,2010,0,2010,30000,0,30000,0,100000,-100000,533000,377277,155723,87733,TWSE_T86_DAILY_INSTITUTIONAL_REPORT,2026-08-18T06:50:00.000Z
0056,2020-11-23,167171,167000,171,130000,0,130000,20000,20000,0,1844662,2000,1842662,1972833,TWSE_T86_DAILY_INSTITUTIONAL_REPORT,2026-08-18T06:50:00.000Z
0056,2020-11-24,206300,188000,18300,47000,0,47000,0,100000,-100000,0,2052448,-2052448,-2087148,TWSE_T86_DAILY_INSTITUTIONAL_REPORT,2026-08-18T06:50:00.000Z
0056,2020-11-25,76400,67000,9400,0,0,0,0,0,0,278000,2853066,-2575066,-2565666,TWSE_T86_DAILY_INSTITUTIONAL_REPORT,2026-08-18T06:50:00.000Z
0056,2020-11-26,14125,28000,-13875,0,0,0,0,0,0,390000,239000,151000,137125,TWSE_T86_DAILY_INSTITUTIONAL_REPORT,2026-08-18T06:50:00.000Z
0056,2020-11-27,3500,48000,-44500,34000,0,34000,140000,440000,-300000,6445934,9000,6436934,6126434,TWSE_T86_DAILY_INSTITUTIONAL_REPORT,2026-08-18T06:50:00.000Z
0056,2020-11-30,85200,493100,-407900,0,0,0,0,139000,-139000,2219392,769000,1450392,903492,TWSE_T86_DAILY_INSTITUTIONAL_REPORT,2026-08-18T06:50:00.000Z
0056,2020-12-01,55040,73000,-17960,67000,0,67000,0,1000,-1000,564000,533398,30602,78642,TWSE_T86_DAILY_INSTITUTIONAL_REPORT,2026-08-18T06:50:00.000Z
0056,2020-12-02,14000,11000,3000,86000,0,86000,0,0,0,9079000,0,9079000,9168000,TWSE_T86_DAILY_INSTITUTIONAL_REPORT,2026-08-18T06:50:00.000Z
0056,2020-12-03,160185,157000,3185,0,0,0,0,0,0,7044734,150000,6894734,6897919,TWSE_T86_DAILY_INSTITUTIONAL_REPORT,2026-08-18T06:50:00.000Z
0056,2020-12-04,28000,29000,-1000,0,0,0,50000,0,50000,18037232,120000,17917232,17966232,TWSE_T86_DAILY_INSTITUTIONAL_REPORT,2026-08-18T06:50:00.000Z
0056,2020-12-07,75033,70000,5033,320000,0,320000,0,0,0,16603000,5146,16597854,16922887,TWSE_T86_DAILY_INSTITUTIONAL_REPORT,2026-08-18T06:50:00.000Z
0056,2020-12-08,6000,6000,0,40000,0,40000,0,0,0,13024073,98000,12926073,12966073,TWSE_T86_DAILY_INSTITUTIONAL_REPORT,2026-08-18T06:50:00.000Z
0056,2020-12-09,5100,5000,100,0,0,0,0,0,0,23295692,0,23295692,23295792,TWSE_T86_DAILY_INSTITUTIONAL_REPORT,2026-08-18T06:50:00.000Z
0056,2020-12-10,125550,140000,-14450,0,0,0,0,500000,-500000,8710000,526998,8183002,7668552,TWSE_T86_DAILY_INSTITUTIONAL_REPORT,2026-08-18T06:50:00.000Z
0056,2020-12-11,455100,458000,-2900,0,0,0,0,1030000,-1030000,2677000,1009934,1667066,634166,TWSE_T86_DAILY_INSTITUTIONAL_REPORT,2026-08-18T06:50:00.000Z
0056,2020-12-14,303078,302000,1078,0,0,0,0,0,0,2393768,341700,2052068,2053146,TWSE_T86_DAILY_INSTITUTIONAL_REPORT,2026-08-18T06:50:00.000Z
0056,2020-12-15,108088,128000,-19912,30000,0,30000,0,500000,-500000,284000,9016465,-8732465,-9222377,TWSE_T86_DAILY_INSTITUTIONAL_REPORT,2026-08-18T06:50:00.000Z
0056,2020-12-16,104000,77000,27000,0,0,0,0,0,0,1672000,3144,1668856,1695856,TWSE_T86_DAILY_INSTITUTIONAL_REPORT,2026-08-18T06:50:00.000Z
0056,2020-12-17,232030,223000,9030,90000,0,90000,0,0,0,185000,31887,153113,252143,TWSE_T86_DAILY_INSTITUTIONAL_REPORT,2026-08-18T06:50:00.000Z
0056,2020-12-18,102100,99000,3100,0,0,0,0,0,0,1163000,1000,1162000,1165100,TWSE_T86_DAILY_INSTITUTIONAL_REPORT,2026-08-18T06:50:00.000Z
0056,2020-12-21,247100,240000,7100,75000,0,75000,0,0,0,2046000,174000,1872000,1954100,TWSE_T86_DAILY_INSTITUTIONAL_REPORT,2026-08-18T06:50:00.000Z
0056,2020-12-22,415010,412000,3010,0,0,0,0,0,0,553000,394000,159000,162010,TWSE_T86_DAILY_INSTITUTIONAL_REPORT,2026-08-18T06:50:00.000Z
0056,2020-12-23,82169,73000,9169,0,0,0,0,0,0,0,243892,-243892,-234723,TWSE_T86_DAILY_INSTITUTIONAL_REPORT,2026-08-18T06:50:00.000Z
0056,2020-12-24,101500,89000,12500,0,0,0,0,0,0,0,15389,-15389,-2889,TWSE_T86_DAILY_INSTITUTIONAL_REPORT,2026-08-18T06:50:00.000Z
0056,2020-12-25,32000,25000,7000,0,0,0,10000,1410000,-1400000,6525000,91974,6433026,5040026,TWSE_T86_DAILY_INSTITUTIONAL_REPORT,2026-08-18T06:50:00.000Z
0056,2020-12-28,7189,8000,-811,0,0,0,0,0,0,4867622,0,4867622,4866811,TWSE_T86_DAILY_INSTITUTIONAL_REPORT,2026-08-18T06:50:00.000Z
0056,2020-12-29,109000,104000,5000,114000,0,114000,10000,1090000,-1080000,3861000,145246,3715754,2754754,TWSE_T86_DAILY_INSTITUTIONAL_REPORT,2026-08-18T06:50:00.000Z
0056,2020-12-30,3000,0,3000,0,0,0,0,0,0,5651000,0,5651000,5654000,TWSE_T86_DAILY_INSTITUTIONAL_REPORT,2026-08-18T06:50:00.000Z
0056,2020-12-31,8300,31045,-22745,0,90000,-90000,0,1900000,-1900000,5949000,0,5949000,3936255,TWSE_T86_DAILY_INSTITUTIONAL_REPORT,2026-08-18T06:50:00.000Z
0056,2021-01-04,20160,7010,13150,0,0,0,10000,40000,-30000,3279000,377819,2901181,2884331,TWSE_T86_DAILY_INSTITUTIONAL_REPORT,2026-08-18T06:50:00.000Z
0056,2021-01-05,7466,37228,-29762,184000,0,184000,0,0,0,26645379,0,26645379,26799617,TWSE_T86_DAILY_INSTITUTIONAL_REPORT,2026-08-18T06:50:00.000Z
0056,2021-01-06,155300,333000,-177700,0,0,0,9000,0,9000,10995830,856000,10139830,9971130,TWSE_T86_DAILY_INSTITUTIONAL_REPORT,2026-08-18T06:50:00.000Z
0056,2021-01-07,126099,7300,118799,0,0,0,550000,0,550000,27816061,229000,27587061,28255860,TWSE_T86_DAILY_INSTITUTIONAL_REPORT,2026-08-18T06:50:00.000Z
0056,2021-01-08,19200,25000,-5800,0,170000,-170000,150000,0,150000,20750716,0,20750716,20724916,TWSE_T86_DAILY_INSTITUTIONAL_REPORT,2026-08-18T06:50:00.000Z
0056,2021-01-11,60537,73000,-12463,0,0,0,100000,10000,90000,17226980,115290,17111690,17189227,TWSE_T86_DAILY_INSTITUTIONAL_REPORT,2026-08-18T06:50:00.000Z
0056,2021-01-12,72300,88000,-15700,0,170000,-170000,0,0,0,6436000,24754,6411246,6225546,TWSE_T86_DAILY_INSTITUTIONAL_REPORT,2026-08-18T06:50:00.000Z
0056,2021-01-13,57000,6460,50540,0,52200,-52200,0,0,0,21514750,0,21514750,21513090,TWSE_T86_DAILY_INSTITUTIONAL_REPORT,2026-08-18T06:50:00.000Z
0056,2021-01-14,2030,59000,-56970,0,80000,-80000,0,0,0,25114934,0,25114934,24977964,TWSE_T86_DAILY_INSTITUTIONAL_REPORT,2026-08-18T06:50:00.000Z
0056,2021-01-15,91096,114000,-22904,0,70000,-70000,0,0,0,14104129,16963,14087166,13994262,TWSE_T86_DAILY_INSTITUTIONAL_REPORT,2026-08-18T06:50:00.000Z
0056,2021-01-18,615450,620000,-4550,0,0,0,10000,0,10000,5735789,9600,5726189,5731639,TWSE_T86_DAILY_INSTITUTIONAL_REPORT,2026-08-18T06:50:00.000Z
0056,2021-01-19,314500,339173,-24673,70000,0,70000,0,600000,-600000,9551748,40000,9511748,8957075,TWSE_T86_DAILY_INSTITUTIONAL_REPORT,2026-08-18T06:50:00.000Z
0056,2021-01-20,487984,487000,984,0,50000,-50000,43000,0,43000,225000,8411137,-8186137,-8192153,TWSE_T86_DAILY_INSTITUTIONAL_REPORT,2026-08-18T06:50:00.000Z
0056,2021-01-21,391574,387000,4574,0,166000,-166000,12000,30000,-18000,2889000,35439,2853561,2674135,TWSE_T86_DAILY_INSTITUTIONAL_REPORT,2026-08-18T06:50:00.000Z
0056,2021-01-22,133200,169000,-35800,55000,0,55000,0,0,0,8439470,24000,8415470,8434670,TWSE_T86_DAILY_INSTITUTIONAL_REPORT,2026-08-18T06:50:00.000Z
0056,2021-01-25,302488,295000,7488,0,0,0,0,0,0,12291897,12000,12279897,12287385,TWSE_T86_DAILY_INSTITUTIONAL_REPORT,2026-08-18T06:50:00.000Z
0056,2021-01-26,431206,426000,5206,0,0,0,0,0,0,2738930,18351,2720579,2725785,TWSE_T86_DAILY_INSTITUTIONAL_REPORT,2026-08-18T06:50:00.000Z
0056,2021-01-27,144000,143000,1000,0,0,0,0,0,0,16157350,0,16157350,16158350,TWSE_T86_DAILY_INSTITUTIONAL_REPORT,2026-08-18T06:50:00.000Z
0056,2021-01-28,310162,326000,-15838,350000,165000,185000,16000,0,16000,7809986,59070,7750916,7936078,TWSE_T86_DAILY_INSTITUTIONAL_REPORT,2026-08-18T06:50:00.000Z
0056,2021-01-29,435005,447000,-11995,450000,0,450000,21000,10000,11000,542132,1321582,-779450,-330445,TWSE_T86_DAILY_INSTITUTIONAL_REPORT,2026-08-18T06:50:00.000Z
0056,2021-02-01,506000,491860,14140,26000,0,26000,32000,0,32000,472706,85297,387409,459549,TWSE_T86_DAILY_INSTITUTIONAL_REPORT,2026-08-18T06:50:00.000Z
0056,2021-02-02,221000,240000,-19000,500000,0,500000,0,0,0,1924395,133000,1791395,2272395,TWSE_T86_DAILY_INSTITUTIONAL_REPORT,2026-08-18T06:50:00.000Z
0056,2021-02-03,240125,246100,-5975,375000,0,375000,3000,0,3000,627000,106061,520939,892964,TWSE_T86_DAILY_INSTITUTIONAL_REPORT,2026-08-18T06:50:00.000Z
0056,2021-02-04,152180,151400,780,0,0,0,0,20000,-20000,1493509,231027,1262482,1243262,TWSE_T86_DAILY_INSTITUTIONAL_REPORT,2026-08-18T06:50:00.000Z
0056,2021-02-05,244986,252000,-7014,385000,0,385000,25000,0,25000,1376000,183157,1192843,1595829,TWSE_T86_DAILY_INSTITUTIONAL_REPORT,2026-08-18T06:50:00.000Z
0056,2021-02-17,44060,31000,13060,500000,0,500000,0,0,0,8565194,259000,8306194,8819254,TWSE_T86_DAILY_INSTITUTIONAL_REPORT,2026-08-18T06:50:00.000Z
0056,2021-02-18,136470,130000,6470,0,0,0,0,0,0,11108918,314725,10794193,10800663,TWSE_T86_DAILY_INSTITUTIONAL_REPORT,2026-08-18T06:50:00.000Z
0056,2021-02-19,209260,202475,6785,0,60000,-60000,6000,0,6000,1699000,310897,1388103,1340888,TWSE_T86_DAILY_INSTITUTIONAL_REPORT,2026-08-18T06:50:00.000Z
0056,2021-02-22,237732,224000,13732,199000,0,199000,0,0,0,10915800,457246,10458554,10671286,TWSE_T86_DAILY_INSTITUTIONAL_REPORT,2026-08-18T06:50:00.000Z
0056,2021-02-23,122148,152030,-29882,0,0,0,0,0,0,7995826,254875,7740951,7711069,TWSE_T86_DAILY_INSTITUTIONAL_REPORT,2026-08-18T06:50:00.000Z
0056,2021-02-24,254246,210390,43856,70000,250000,-180000,0,0,0,3602457,244478,3357979,3221835,TWSE_T86_DAILY_INSTITUTIONAL_REPORT,2026-08-18T06:50:00.000Z
0056,2021-02-25,298756,302400,-3644,0,0,0,0,0,0,4816000,118664,4697336,4693692,TWSE_T86_DAILY_INSTITUTIONAL_REPORT,2026-08-18T06:50:00.000Z
0056,2021-02-26,251177,251300,-123,0,0,0,0,0,0,240000,2320889,-2080889,-2081012,TWSE_T86_DAILY_INSTITUTIONAL_REPORT,2026-08-18T06:50:00.000Z
0056,2021-03-02,137221,227000,-89779,200000,0,200000,0,0,0,2591372,821112,1770260,1880481,TWSE_T86_DAILY_INSTITUTIONAL_REPORT,2026-08-18T06:50:00.000Z
0056,2021-03-03,422246,379140,43106,250000,0,250000,40000,0,40000,1736000,147214,1588786,1921892,TWSE_T86_DAILY_INSTITUTIONAL_REPORT,2026-08-18T06:50:00.000Z
0056,2021-03-04,201519,51000,150519,0,0,0,16000,0,16000,277000,219231,57769,224288,TWSE_T86_DAILY_INSTITUTIONAL_REPORT,2026-08-18T06:50:00.000Z
0056,2021-03-05,340748,349000,-8252,0,0,0,5000,50000,-45000,2747000,89618,2657382,2604130,TWSE_T86_DAILY_INSTITUTIONAL_REPORT,2026-08-18T06:50:00.000Z
0056,2021-03-08,179759,197000,-17241,135000,0,135000,0,0,0,3557946,169292,3388654,3506413,TWSE_T86_DAILY_INSTITUTIONAL_REPORT,2026-08-18T06:50:00.000Z
0056,2021-03-09,301947,303000,-1053,160000,0,160000,5000,10000,-5000,2277975,186802,2091173,2245120,TWSE_T86_DAILY_INSTITUTIONAL_REPORT,2026-08-18T06:50:00.000Z
0056,2021-03-10,150164,150000,164,0,0,0,30000,0,30000,5159000,292936,4866064,4896228,TWSE_T86_DAILY_INSTITUTIONAL_REPORT,2026-08-18T06:50:00.000Z
0056,2021-03-11,60247,64000,-3753,170000,0,170000,80000,0,80000,6363515,348000,6015515,6261762,TWSE_T86_DAILY_INSTITUTIONAL_REPORT,2026-08-18T06:50:00.000Z
0056,2021-03-12,52174,60000,-7826,190000,0,190000,0,0,0,6997000,312000,6685000,6867174,TWSE_T86_DAILY_INSTITUTIONAL_REPORT,2026-08-18T06:50:00.000Z
0056,2021-03-15,9233,9000,233,0,0,0,481000,0,481000,4432000,322296,4109704,4590937,TWSE_T86_DAILY_INSTITUTIONAL_REPORT,2026-08-18T06:50:00.000Z
0056,2021-03-16,13542,45000,-31458,440000,0,440000,949000,0,949000,256895,622000,-365105,992437,TWSE_T86_DAILY_INSTITUTIONAL_REPORT,2026-08-18T06:50:00.000Z
0056,2021-03-17,52635,6050,46585,0,0,0,615000,0,615000,1558000,626565,931435,1593020,TWSE_T86_DAILY_INSTITUTIONAL_REPORT,2026-08-18T06:50:00.000Z
0056,2021-03-18,108939,110000,-1061,0,0,0,899000,20000,879000,2296824,413000,1883824,2761763,TWSE_T86_DAILY_INSTITUTIONAL_REPORT,2026-08-18T06:50:00.000Z
0056,2021-03-19,177258,67000,110258,0,0,0,172000,0,172000,2345255,665641,1679614,1961872,TWSE_T86_DAILY_INSTITUTIONAL_REPORT,2026-08-18T06:50:00.000Z
0056,2021-03-22,260251,368200,-107949,0,0,0,0,0,0,1127683,251573,876110,768161,TWSE_T86_DAILY_INSTITUTIONAL_REPORT,2026-08-18T06:50:00.000Z
0056,2021-03-23,10243,14000,-3757,130000,0,130000,0,0,0,1423000,651000,772000,898243,TWSE_T86_DAILY_INSTITUTIONAL_REPORT,2026-08-18T06:50:00.000Z
0056,2021-03-24,33153,35000,-1847,200000,0,200000,0,0,0,1599048,397612,1201436,1399589,TWSE_T86_DAILY_INSTITUTIONAL_REPORT,2026-08-18T06:50:00.000Z
0056,2021-03-25,58150,145000,-86850,90000,0,90000,240000,0,240000,2752000,234992,2517008,2760158,TWSE_T86_DAILY_INSTITUTIONAL_REPORT,2026-08-18T06:50:00.000Z
0056,2021-03-26,101519,6300,95219,0,0,0,100000,960000,-860000,2557600,360000,2197600,1432819,TWSE_T86_DAILY_INSTITUTIONAL_REPORT,2026-08-18T06:50:00.000Z
0056,2021-03-29,8253,10370,-2117,80000,0,80000,92000,0,92000,1375212,312000,1063212,1233095,TWSE_T86_DAILY_INSTITUTIONAL_REPORT,2026-08-18T06:50:00.000Z
0056,2021-03-30,19306,16350,2956,0,0,0,20000,20000,0,200000,423000,-223000,-220044,TWSE_T86_DAILY_INSTITUTIONAL_REPORT,2026-08-18T06:50:00.000Z
0056,2021-03-31,14188,14000,188,0,0,0,30000,0,30000,290425,9292450,-9002025,-8971837,TWSE_T86_DAILY_INSTITUTIONAL_REPORT,2026-08-18T06:50:00.000Z
0056,2021-04-01,171315,159000,12315,220000,0,220000,0,67000,-67000,189000,1314217,-1125217,-959902,TWSE_T86_DAILY_INSTITUTIONAL_REPORT,2026-08-18T06:50:00.000Z
0056,2021-04-06,237153,71000,166153,150000,0,150000,0,0,0,214000,5897509,-5683509,-5367356,TWSE_T86_DAILY_INSTITUTIONAL_REPORT,2026-08-18T06:50:00.000Z
0056,2021-04-07,9634,158667,-149033,0,0,0,0,10000,-10000,3000,969337,-966337,-1125370,TWSE_T86_DAILY_INSTITUTIONAL_REPORT,2026-08-18T06:50:00.000Z
0056,2021-04-08,25563,6000,19563,0,0,0,0,776000,-776000,2086000,2034871,51129,-705308,TWSE_T86_DAILY_INSTITUTIONAL_REPORT,2026-08-18T06:50:00.000Z
0056,2021-04-09,58279,33010,25269,0,0,0,0,1204000,-1204000,81000,598314,-517314,-1696045,TWSE_T86_DAILY_INSTITUTIONAL_REPORT,2026-08-18T06:50:00.000Z
0056,2021-04-12,54634,46000,8634,0,0,0,10000,0,10000,59000,419495,-360495,-341861,TWSE_T86_DAILY_INSTITUTIONAL_REPORT,2026-08-18T06:50:00.000Z
0056,2021-04-13,37494,1000,36494,0,0,0,150000,343000,-193000,1189000,6474989,-5285989,-5442495,TWSE_T86_DAILY_INSTITUTIONAL_REPORT,2026-08-18T06:50:00.000Z
0056,2021-04-14,488806,327000,161806,0,0,0,173000,60000,113000,793000,2242404,-1449404,-1174598,TWSE_T86_DAILY_INSTITUTIONAL_REPORT,2026-08-18T06:50:00.000Z
0056,2021-04-15,89615,246000,-156385,0,590000,-590000,0,300000,-300000,1944000,158352,1785648,739263,TWSE_T86_DAILY_INSTITUTIONAL_REPORT,2026-08-18T06:50:00.000Z
0056,2021-04-16,9015,12228,-3213,1064000,0,1064000,190000,0,190000,13547868,10446000,3101868,4352655,TWSE_T86_DAILY_INSTITUTIONAL_REPORT,2026-08-18T06:50:00.000Z
0056,2021-04-19,25312,23000,2312,521000,0,521000,100000,0,100000,3330286,125000,3205286,3828598,TWSE_T86_DAILY_INSTITUTIONAL_REPORT,2026-08-18T06:50:00.000Z
0056,2021-04-20,40497,23000,17497,108000,0,108000,100000,0,100000,2851000,79197,2771803,2997300,TWSE_T86_DAILY_INSTITUTIONAL_REPORT,2026-08-18T06:50:00.000Z
0056,2021-04-21,48299,38000,10299,1019000,0,1019000,0,0,0,1858889,581000,1277889,2307188,TWSE_T86_DAILY_INSTITUTIONAL_REPORT,2026-08-18T06:50:00.000Z
0056,2021-04-22,456988,434000,22988,80000,0,80000,120000,40000,80000,379852,2947751,-2567899,-2384911,TWSE_T86_DAILY_INSTITUTIONAL_REPORT,2026-08-18T06:50:00.000Z
0056,2021-04-23,2274765,2004000,270765,0,0,0,80000,0,80000,272000,225147,46853,397618,TWSE_T86_DAILY_INSTITUTIONAL_REPORT,2026-08-18T06:50:00.000Z
0056,2021-04-26,28828,132000,-103172,0,0,0,28000,30000,-2000,1144876,103000,1041876,936704,TWSE_T86_DAILY_INSTITUTIONAL_REPORT,2026-08-18T06:50:00.000Z
0056,2021-04-27,162279,312001,-149722,175000,0,175000,0,0,0,103000,218750,-115750,-90472,TWSE_T86_DAILY_INSTITUTIONAL_REPORT,2026-08-18T06:50:00.000Z
0056,2021-04-28,135000,133000,2000,0,0,0,0,10000,-10000,71000,548986,-477986,-485986,TWSE_T86_DAILY_INSTITUTIONAL_REPORT,2026-08-18T06:50:00.000Z
0056,2021-04-29,732550,368000,364550,0,0,0,0,0,0,140431,180000,-39569,324981,TWSE_T86_DAILY_INSTITUTIONAL_REPORT,2026-08-18T06:50:00.000Z
0056,2021-05-03,847711,517000,330711,0,0,0,0,120000,-120000,2637000,7001368,-4364368,-4153657,TWSE_T86_DAILY_INSTITUTIONAL_REPORT,2026-08-18T06:50:00.000Z
0056,2021-05-04,1222200,2084000,-861800,100000,0,100000,40000,746000,-706000,4336944,23454559,-19117615,-20585415,TWSE_T86_DAILY_INSTITUTIONAL_REPORT,2026-08-18T06:50:00.000Z
0056,2021-05-05,1655662,947277,708385,0,0,0,0,50000,-50000,1536954,24231540,-22694586,-22036201,TWSE_T86_DAILY_INSTITUTIONAL_REPORT,2026-08-18T06:50:00.000Z
0056,2021-05-06,47930,560500,-512570,0,0,0,910000,84000,826000,667000,12954184,-12287184,-11973754,TWSE_T86_DAILY_INSTITUTIONAL_REPORT,2026-08-18T06:50:00.000Z
0056,2021-05-07,861692,207000,654692,230000,0,230000,0,830000,-830000,1255286,1740000,-484714,-430022,TWSE_T86_DAILY_INSTITUTIONAL_REPORT,2026-08-18T06:50:00.000Z
0056,2021-05-10,503290,656200,-152910,60000,0,60000,15000,544000,-529000,83000,349722,-266722,-888632,TWSE_T86_DAILY_INSTITUTIONAL_REPORT,2026-08-18T06:50:00.000Z
0056,2021-05-11,1767769,3069000,-1301231,220000,0,220000,36000,325000,-289000,768000,35453918,-34685918,-36056149,TWSE_T86_DAILY_INSTITUTIONAL_REPORT,2026-08-18T06:50:00.000Z
0056,2021-05-12,5280530,5053310,227220,0,130000,-130000,30000,120000,-90000,7118378,35012412,-27894034,-27886814,TWSE_T86_DAILY_INSTITUTIONAL_REPORT,2026-08-18T06:50:00.000Z
0056,2021-05-13,2426475,3525000,-1098525,0,655000,-655000,758000,75000,683000,2402473,23846555,-21444082,-22514607,TWSE_T86_DAILY_INSTITUTIONAL_REPORT,2026-08-18T06:50:00.000Z
0056,2021-05-14,520627,588000,-67373,0,150000,-150000,30000,234000,-204000,4467000,14774118,-10307118,-10728491,TWSE_T86_DAILY_INSTITUTIONAL_REPORT,2026-08-18T06:50:00.000Z
0056,2021-05-17,3244650,1302000,1942650,100000,0,100000,80000,344000,-264000,11422158,44154533,-32732375,-30953725,TWSE_T86_DAILY_INSTITUTIONAL_REPORT,2026-08-18T06:50:00.000Z
0056,2021-05-18,629268,1422980,-793712,300000,0,300000,40000,10000,30000,4723039,6994128,-2271089,-2734801,TWSE_T86_DAILY_INSTITUTIONAL_REPORT,2026-08-18T06:50:00.000Z
0056,2021-05-19,753150,1260250,-507100,100000,0,100000,80000,60000,20000,2694868,4140059,-1445191,-1832291,TWSE_T86_DAILY_INSTITUTIONAL_REPORT,2026-08-18T06:50:00.000Z
0056,2021-05-20,350346,416000,-65654,87000,0,87000,0,142000,-142000,2025000,5750597,-3725597,-3846251,TWSE_T86_DAILY_INSTITUTIONAL_REPORT,2026-08-18T06:50:00.000Z
0056,2021-05-21,782332,402200,380132,145000,0,145000,40000,0,40000,2339354,4473558,-2134204,-1569072,TWSE_T86_DAILY_INSTITUTIONAL_REPORT,2026-08-18T06:50:00.000Z
0056,2021-05-24,36136,626000,-589864,80000,0,80000,0,100000,-100000,1185287,12305548,-11120261,-11730125,TWSE_T86_DAILY_INSTITUTIONAL_REPORT,2026-08-18T06:50:00.000Z
0056,2021-05-25,589706,55000,534706,100000,0,100000,10000,20000,-10000,1662000,2684172,-1022172,-397466,TWSE_T86_DAILY_INSTITUTIONAL_REPORT,2026-08-18T06:50:00.000Z
0056,2021-05-26,123710,126000,-2290,60000,0,60000,0,0,0,413000,4986095,-4573095,-4515385,TWSE_T86_DAILY_INSTITUTIONAL_REPORT,2026-08-18T06:50:00.000Z
0056,2021-05-27,226746,648000,-421254,150000,0,150000,10000,0,10000,903000,4712857,-3809857,-4071111,TWSE_T86_DAILY_INSTITUTIONAL_REPORT,2026-08-18T06:50:00.000Z
0056,2021-05-28,1377302,87000,1290302,0,0,0,0,0,0,1511223,1160000,351223,1641525,TWSE_T86_DAILY_INSTITUTIONAL_REPORT,2026-08-18T06:50:00.000Z
0056,2021-05-31,612484,280000,332484,412000,0,412000,0,0,0,1225000,2006000,-781000,-36516,TWSE_T86_DAILY_INSTITUTIONAL_REPORT,2026-08-18T06:50:00.000Z
0056,2021-06-01,2474384,32000,2442384,0,0,0,0,30000,-30000,7278000,530000,6748000,9160384,TWSE_T86_DAILY_INSTITUTIONAL_REPORT,2026-08-18T06:50:00.000Z
0056,2021-06-02,298562,2034000,-1735438,0,0,0,0,0,0,380000,576629,-196629,-1932067,TWSE_T86_DAILY_INSTITUTIONAL_REPORT,2026-08-18T06:50:00.000Z
0056,2021-06-03,334442,718200,-383758,0,0,0,0,0,0,660000,1389898,-729898,-1113656,TWSE_T86_DAILY_INSTITUTIONAL_REPORT,2026-08-18T06:50:00.000Z
0056,2021-06-04,105341,482000,-376659,0,0,0,0,0,0,1163000,882199,280801,-95858,TWSE_T86_DAILY_INSTITUTIONAL_REPORT,2026-08-18T06:50:00.000Z
0056,2021-06-07,198792,1653100,-1454308,0,0,0,0,0,0,671000,7097891,-6426891,-7881199,TWSE_T86_DAILY_INSTITUTIONAL_REPORT,2026-08-18T06:50:00.000Z
0056,2021-06-08,95875,96000,-125,532000,0,532000,0,0,0,89000,4224492,-4135492,-3603617,TWSE_T86_DAILY_INSTITUTIONAL_REPORT,2026-08-18T06:50:00.000Z
0056,2021-06-09,179796,213600,-33804,110000,0,110000,0,0,0,206000,4083573,-3877573,-3801377,TWSE_T86_DAILY_INSTITUTIONAL_REPORT,2026-08-18T06:50:00.000Z
0056,2021-06-10,508066,105000,403066,0,0,0,0,0,0,15000,4775666,-4760666,-4357600,TWSE_T86_DAILY_INSTITUTIONAL_REPORT,2026-08-18T06:50:00.000Z
0056,2021-06-11,89144,596000,-506856,0,0,0,0,10000,-10000,10000,4314434,-4304434,-4821290,TWSE_T86_DAILY_INSTITUTIONAL_REPORT,2026-08-18T06:50:00.000Z
0056,2021-06-15,110462,112000,-1538,62000,0,62000,0,0,0,114000,1684976,-1570976,-1510514,TWSE_T86_DAILY_INSTITUTIONAL_REPORT,2026-08-18T06:50:00.000Z
0056,2021-06-16,338244,102000,236244,300000,0,300000,0,60000,-60000,0,3487000,-3487000,-3010756,TWSE_T86_DAILY_INSTITUTIONAL_REPORT,2026-08-18T06:50:00.000Z
0056,2021-06-17,233319,165000,68319,100000,0,100000,10000,0,10000,0,2045000,-2045000,-1866681,TWSE_T86_DAILY_INSTITUTIONAL_REPORT,2026-08-18T06:50:00.000Z
0056,2021-06-18,443533,151400,292133,120000,0,120000,0,0,0,26000,593000,-567000,-154867,TWSE_T86_DAILY_INSTITUTIONAL_REPORT,2026-08-18T06:50:00.000Z
0056,2021-06-21,194109,251260,-57151,70000,0,70000,0,0,0,0,9059520,-9059520,-9046671,TWSE_T86_DAILY_INSTITUTIONAL_REPORT,2026-08-18T06:50:00.000Z
0056,2021-06-22,800799,286000,514799,130000,0,130000,0,0,0,90000,7034496,-6944496,-6299697,TWSE_T86_DAILY_INSTITUTIONAL_REPORT,2026-08-18T06:50:00.000Z
0056,2021-06-23,439503,204000,235503,0,0,0,0,0,0,30000,6277139,-6247139,-6011636,TWSE_T86_DAILY_INSTITUTIONAL_REPORT,2026-08-18T06:50:00.000Z
0056,2021-06-24,753478,117000,636478,0,0,0,0,0,0,397,0,397,636875,TWSE_T86_DAILY_INSTITUTIONAL_REPORT,2026-08-18T06:50:00.000Z
0056,2021-06-25,1479694,309000,1170694,0,0,0,109000,0,109000,632000,1125000,-493000,786694,TWSE_T86_DAILY_INSTITUTIONAL_REPORT,2026-08-18T06:50:00.000Z
0056,2021-06-28,993773,141000,852773,43000,0,43000,0,0,0,579993,286000,293993,1189766,TWSE_T86_DAILY_INSTITUTIONAL_REPORT,2026-08-18T06:50:00.000Z
0056,2021-06-29,1595,2025010,-2023415,0,0,0,2000,0,2000,40000,7996096,-7956096,-9977511,TWSE_T86_DAILY_INSTITUTIONAL_REPORT,2026-08-18T06:50:00.000Z
0056,2021-06-30,2029225,235000,1794225,25000,0,25000,0,134000,-134000,2419000,102000,2317000,4002225,TWSE_T86_DAILY_INSTITUTIONAL_REPORT,2026-08-18T06:50:00.000Z
0056,2021-07-01,3414339,1678000,1736339,0,0,0,0,52000,-52000,22480350,314489,22165861,23850200,TWSE_T86_DAILY_INSTITUTIONAL_REPORT,2026-08-18T06:50:00.000Z
0056,2021-07-02,397417,574000,-176583,104000,0,104000,0,35000,-35000,5978587,672000,5306587,5199004,TWSE_T86_DAILY_INSTITUTIONAL_REPORT,2026-08-18T06:50:00.000Z
0056,2021-07-05,2254612,446510,1808102,0,0,0,0,70000,-70000,4129713,378777,3750936,5489038,TWSE_T86_DAILY_INSTITUTIONAL_REPORT,2026-08-18T06:50:00.000Z
0056,2021-07-06,164439,1568000,-1403561,0,0,0,0,60000,-60000,2610716,1157013,1453703,-9858,TWSE_T86_DAILY_INSTITUTIONAL_REPORT,2026-08-18T06:50:00.000Z
0056,2021-07-07,122430,2879000,-2756570,0,0,0,0,5000,-5000,396000,3230400,-2834400,-5595970,TWSE_T86_DAILY_INSTITUTIONAL_REPORT,2026-08-18T06:50:00.000Z
0056,2021-07-08,1604576,282025,1322551,0,0,0,0,20000,-20000,5434070,706308,4727762,6030313,TWSE_T86_DAILY_INSTITUTIONAL_REPORT,2026-08-18T06:50:00.000Z
0056,2021-07-09,149115,2398000,-2248885,0,0,0,40000,0,40000,928000,3477996,-2549996,-4758881,TWSE_T86_DAILY_INSTITUTIONAL_REPORT,2026-08-18T06:50:00.000Z
0056,2021-07-12,3325981,1451000,1874981,0,0,0,0,0,0,59000,220707,-161707,1713274,TWSE_T86_DAILY_INSTITUTIONAL_REPORT,2026-08-18T06:50:00.000Z
0056,2021-07-13,619228,3393070,-2773842,67000,0,67000,20000,30000,-10000,299000,7399619,-7100619,-9817461,TWSE_T86_DAILY_INSTITUTIONAL_REPORT,2026-08-18T06:50:00.000Z
0056,2021-07-14,946504,958000,-11496,0,0,0,20000,0,20000,151000,19544432,-19393432,-19384928,TWSE_T86_DAILY_INSTITUTIONAL_REPORT,2026-08-18T06:50:00.000Z
0056,2021-07-15,504789,1948000,-1443211,58000,0,58000,10000,0,10000,93000,3288096,-3195096,-4570307,TWSE_T86_DAILY_INSTITUTIONAL_REPORT,2026-08-18T06:50:00.000Z
0056,2021-07-16,621163,379000,242163,112000,0,112000,0,0,0,350000,3903984,-3553984,-3199821,TWSE_T86_DAILY_INSTITUTIONAL_REPORT,2026-08-18T06:50:00.000Z
0056,2021-07-19,224444,335000,-110556,152000,0,152000,0,0,0,306000,506745,-200745,-159301,TWSE_T86_DAILY_INSTITUTIONAL_REPORT,2026-08-18T06:50:00.000Z
0056,2021-07-20,765209,790000,-24791,73000,0,73000,0,0,0,102000,19140875,-19038875,-18990666,TWSE_T86_DAILY_INSTITUTIONAL_REPORT,2026-08-18T06:50:00.000Z
0056,2021-07-21,775106,1404000,-628894,71000,0,71000,66000,30000,36000,44000,34966334,-34922334,-35444228,TWSE_T86_DAILY_INSTITUTIONAL_REPORT,2026-08-18T06:50:00.000Z
0056,2021-07-22,718100,152000,566100,0,0,0,20000,80000,-60000,391000,12432084,-12041084,-11534984,TWSE_T86_DAILY_INSTITUTIONAL_REPORT,2026-08-18T06:50:00.000Z
0056,2021-07-23,404254,488000,-83746,0,0,0,0,0,0,271000,2513621,-2242621,-2326367,TWSE_T86_DAILY_INSTITUTIONAL_REPORT,2026-08-18T06:50:00.000Z
0056,2021-07-26,584663,559300,25363,143000,0,143000,20000,0,20000,184000,4496758,-4312758,-4124395,TWSE_T86_DAILY_INSTITUTIONAL_REPORT,2026-08-18T06:50:00.000Z
0056,2021-07-27,642775,350000,292775,175000,0,175000,30000,0,30000,23000,19153128,-19130128,-18632353,TWSE_T86_DAILY_INSTITUTIONAL_REPORT,2026-08-18T06:50:00.000Z
0056,2021-07-28,3500090,2323150,1176940,0,0,0,59000,11000,48000,1667000,19045444,-17378444,-16153504,TWSE_T86_DAILY_INSTITUTIONAL_REPORT,2026-08-18T06:50:00.000Z
0056,2021-07-29,3890725,405010,3485715,100000,0,100000,20000,10000,10000,3825000,859596,2965404,6561119,TWSE_T86_DAILY_INSTITUTIONAL_REPORT,2026-08-18T06:50:00.000Z
0056,2021-07-30,770600,2243000,-1472400,0,0,0,12000,0,12000,11899000,1175646,10723354,9262954,TWSE_T86_DAILY_INSTITUTIONAL_REPORT,2026-08-18T06:50:00.000Z
0056,2021-08-02,1452801,1105000,347801,112000,0,112000,8000,10000,-2000,1211000,5919255,-4708255,-4250454,TWSE_T86_DAILY_INSTITUTIONAL_REPORT,2026-08-18T06:50:00.000Z
0056,2021-08-03,394065,1623000,-1228935,158000,0,158000,0,0,0,543000,877021,-334021,-1404956,TWSE_T86_DAILY_INSTITUTIONAL_REPORT,2026-08-18T06:50:00.000Z
0056,2021-08-04,758001,109000,649001,0,0,0,10000,0,10000,643000,547048,95952,754953,TWSE_T86_DAILY_INSTITUTIONAL_REPORT,2026-08-18T06:50:00.000Z
0056,2021-08-05,36560,1695000,-1658440,0,0,0,0,0,0,62000,3036439,-2974439,-4632879,TWSE_T86_DAILY_INSTITUTIONAL_REPORT,2026-08-18T06:50:00.000Z
0056,2021-08-06,86118,2147000,-2060882,108000,0,108000,14000,0,14000,0,4540117,-4540117,-6478999,TWSE_T86_DAILY_INSTITUTIONAL_REPORT,2026-08-18T06:50:00.000Z
0056,2021-08-09,895253,1163000,-267747,190000,0,190000,0,0,0,0,5266377,-5266377,-5344124,TWSE_T86_DAILY_INSTITUTIONAL_REPORT,2026-08-18T06:50:00.000Z
0056,2021-08-10,386247,548001,-161754,100000,0,100000,0,0,0,0,26166199,-26166199,-26227953,TWSE_T86_DAILY_INSTITUTIONAL_REPORT,2026-08-18T06:50:00.000Z
0056,2021-08-11,975560,482000,493560,141000,0,141000,10000,20000,-10000,365000,27174269,-26809269,-26184709,TWSE_T86_DAILY_INSTITUTIONAL_REPORT,2026-08-18T06:50:00.000Z
0056,2021-08-12,99327,160000,-60673,0,0,0,0,0,0,13000,8170587,-8157587,-8218260,TWSE_T86_DAILY_INSTITUTIONAL_REPORT,2026-08-18T06:50:00.000Z
0056,2021-08-13,473831,564000,-90169,146000,0,146000,22000,0,22000,0,19885056,-19885056,-19807225,TWSE_T86_DAILY_INSTITUTIONAL_REPORT,2026-08-18T06:50:00.000Z
0056,2021-08-16,1425119,2703000,-1277881,0,0,0,45000,30000,15000,10000,41598206,-41588206,-42851087,TWSE_T86_DAILY_INSTITUTIONAL_REPORT,2026-08-18T06:50:00.000Z
0056,2021-08-17,305821,1543000,-1237179,0,0,0,0,10000,-10000,0,24007572,-24007572,-25254751,TWSE_T86_DAILY_INSTITUTIONAL_REPORT,2026-08-18T06:50:00.000Z
0056,2021-08-18,840142,1474234,-634092,460000,0,460000,101000,79000,22000,224504,16268863,-16044359,-16196451,TWSE_T86_DAILY_INSTITUTIONAL_REPORT,2026-08-18T06:50:00.000Z
0056,2021-08-19,1110123,2510000,-1399877,300000,0,300000,312000,0,312000,0,37295259,-37295259,-38083136,TWSE_T86_DAILY_INSTITUTIONAL_REPORT,2026-08-18T06:50:00.000Z
0056,2021-08-20,880365,1390000,-509635,0,0,0,136000,194000,-58000,14000,17536642,-17522642,-18090277,TWSE_T86_DAILY_INSTITUTIONAL_REPORT,2026-08-18T06:50:00.000Z
0056,2021-08-23,1079850,563000,516850,90000,0,90000,40000,0,40000,0,7141019,-7141019,-6494169,TWSE_T86_DAILY_INSTITUTIONAL_REPORT,2026-08-18T06:50:00.000Z
0056,2021-08-24,86368,824000,-737632,22000,0,22000,40000,0,40000,0,15202578,-15202578,-15878210,TWSE_T86_DAILY_INSTITUTIONAL_REPORT,2026-08-18T06:50:00.000Z
0056,2021-08-25,1122801,557000,565801,170000,800000,-630000,0,300000,-300000,176000,1706471,-1530471,-1894670,TWSE_T86_DAILY_INSTITUTIONAL_REPORT,2026-08-18T06:50:00.000Z
0056,2021-08-26,258780,1524000,-1265220,0,0,0,20000,10000,10000,0,12706019,-12706019,-13961239,TWSE_T86_DAILY_INSTITUTIONAL_REPORT,2026-08-18T06:50:00.000Z
0056,2021-08-27,2519561,342000,2177561,192000,0,192000,0,40000,-40000,415639,1395112,-979473,1350088,TWSE_T86_DAILY_INSTITUTIONAL_REPORT,2026-08-18T06:50:00.000Z
0056,2021-08-30,917260,337000,580260,0,0,0,10000,0,10000,0,1879074,-1879074,-1288814,TWSE_T86_DAILY_INSTITUTIONAL_REPORT,2026-08-18T06:50:00.000Z
0056,2021-08-31,979700,1356000,-376300,0,1017000,-1017000,3000,0,3000,545503,1666143,-1120640,-2510940,TWSE_T86_DAILY_INSTITUTIONAL_REPORT,2026-08-18T06:50:00.000Z
0056,2021-09-01,2151366,9300,2142066,0,0,0,0,0,0,2451000,2809384,-358384,1783682,TWSE_T86_DAILY_INSTITUTIONAL_REPORT,2026-08-18T06:50:00.000Z
0056,2021-09-02,350420,332000,18420,125000,0,125000,0,0,0,461000,4941983,-4480983,-4337563,TWSE_T86_DAILY_INSTITUTIONAL_REPORT,2026-08-18T06:50:00.000Z
0056,2021-09-03,216747,33500,183247,27000,0,27000,3000,60000,-57000,535000,2879205,-2344205,-2190958,TWSE_T86_DAILY_INSTITUTIONAL_REPORT,2026-08-18T06:50:00.000Z
0056,2021-09-06,711768,479903,231865,0,0,0,6000,0,6000,425000,7670097,-7245097,-7007232,TWSE_T86_DAILY_INSTITUTIONAL_REPORT,2026-08-18T06:50:00.000Z
0056,2021-09-07,3122600,835000,2287600,150000,0,150000,0,0,0,10000,22424,-12424,2425176,TWSE_T86_DAILY_INSTITUTIONAL_REPORT,2026-08-18T06:50:00.000Z
0056,2021-09-08,3752078,1942000,1810078,0,0,0,15000,0,15000,326000,21841363,-21515363,-19690285,TWSE_T86_DAILY_INSTITUTIONAL_REPORT,2026-08-18T06:50:00.000Z
0056,2021-09-09,417730,1419000,-1001270,0,0,0,10000,0,10000,107000,2139089,-2032089,-3023359,TWSE_T86_DAILY_INSTITUTIONAL_REPORT,2026-08-18T06:50:00.000Z
0056,2021-09-10,884081,124251,759830,0,60000,-60000,0,0,0,475000,1846180,-1371180,-671350,TWSE_T86_DAILY_INSTITUTIONAL_REPORT,2026-08-18T06:50:00.000Z
0056,2021-09-13,788250,1216000,-427750,0,0,0,0,30000,-30000,18305,1456407,-1438102,-1895852,TWSE_T86_DAILY_INSTITUTIONAL_REPORT,2026-08-18T06:50:00.000Z
0056,2021-09-14,49015,478000,-428985,250000,0,250000,0,140000,-140000,50000,5106782,-5056782,-5375767,TWSE_T86_DAILY_INSTITUTIONAL_REPORT,2026-08-18T06:50:00.000Z
0056,2021-09-15,1364837,325000,1039837,0,0,0,186000,7000,179000,870000,1271208,-401208,817629,TWSE_T86_DAILY_INSTITUTIONAL_REPORT,2026-08-18T06:50:00.000Z
0056,2021-09-16,673539,1706000,-1032461,0,0,0,4000,0,4000,0,4676487,-4676487,-5704948,TWSE_T86_DAILY_INSTITUTIONAL_REPORT,2026-08-18T06:50:00.000Z
0056,2021-09-17,2451104,250000,2201104,250000,0,250000,0,50000,-50000,663000,458155,204845,2605949,TWSE_T86_DAILY_INSTITUTIONAL_REPORT,2026-08-18T06:50:00.000Z
0056,2021-09-22,109476,1314000,-1204524,0,0,0,105000,0,105000,6000,34481262,-34475262,-35574786,TWSE_T86_DAILY_INSTITUTIONAL_REPORT,2026-08-18T06:50:00.000Z
0056,2021-09-23,1344100,369000,975100,400000,0,400000,10000,20000,-10000,262301,4881398,-4619097,-3253997,TWSE_T86_DAILY_INSTITUTIONAL_REPORT,2026-08-18T06:50:00.000Z
0056,2021-09-24,1443000,204000,1239000,0,0,0,0,30000,-30000,581000,1328313,-747313,461687,TWSE_T86_DAILY_INSTITUTIONAL_REPORT,2026-08-18T06:50:00.000Z
0056,2021-09-27,862027,391000,471027,0,0,0,0,0,0,156000,7731811,-7575811,-7104784,TWSE_T86_DAILY_INSTITUTIONAL_REPORT,2026-08-18T06:50:00.000Z
0056,2021-09-28,57712,603000,-545288,138000,0,138000,0,0,0,351000,11641665,-11290665,-11697953,TWSE_T86_DAILY_INSTITUTIONAL_REPORT,2026-08-18T06:50:00.000Z
0056,2021-09-29,247072,2529000,-2281928,0,0,0,12000,10000,2000,469000,38671637,-38202637,-40482565,TWSE_T86_DAILY_INSTITUTIONAL_REPORT,2026-08-18T06:50:00.000Z
0056,2021-09-30,2209982,841100,1368882,0,0,0,10000,12000,-2000,1312000,16399359,-15087359,-13720477,TWSE_T86_DAILY_INSTITUTIONAL_REPORT,2026-08-18T06:50:00.000Z
0056,2021-10-01,231350,5138000,-4906650,0,0,0,43000,0,43000,6508000,68074236,-61566236,-66429886,TWSE_T86_DAILY_INSTITUTIONAL_REPORT,2026-08-18T06:50:00.000Z
0056,2021-10-04,1973291,3778500,-1805209,310000,0,310000,24000,0,24000,0,46132041,-46132041,-47603250,TWSE_T86_DAILY_INSTITUTIONAL_REPORT,2026-08-18T06:50:00.000Z
0056,2021-10-05,1245941,2093400,-847459,0,0,0,300000,20000,280000,1333180,25709990,-24376810,-24944269,TWSE_T86_DAILY_INSTITUTIONAL_REPORT,2026-08-18T06:50:00.000Z
0056,2021-10-06,568144,1241000,-672856,0,0,0,322000,0,322000,0,36587765,-36587765,-36938621,TWSE_T86_DAILY_INSTITUTIONAL_REPORT,2026-08-18T06:50:00.000Z
0056,2021-10-07,1683630,5877300,-4193670,310000,0,310000,190000,110000,80000,1017000,50323923,-49306923,-53110593,TWSE_T86_DAILY_INSTITUTIONAL_REPORT,2026-08-18T06:50:00.000Z
0056,2021-10-08,317122,2457000,-2139878,0,0,0,0,10000,-10000,0,24472251,-24472251,-26622129,TWSE_T86_DAILY_INSTITUTIONAL_REPORT,2026-08-18T06:50:00.000Z
0056,2021-10-12,630913,10412004,-9781091,250000,0,250000,328000,10000,318000,0,40995869,-40995869,-50208960,TWSE_T86_DAILY_INSTITUTIONAL_REPORT,2026-08-18T06:50:00.000Z
0056,2021-10-13,151680,99000,52680,280000,0,280000,2646000,0,2646000,1870000,39238914,-37368914,-34390234,TWSE_T86_DAILY_INSTITUTIONAL_REPORT,2026-08-18T06:50:00.000Z
0056,2021-10-14,844115,184000,660115,0,0,0,915000,0,915000,1058000,25095020,-24037020,-22461905,TWSE_T86_DAILY_INSTITUTIONAL_REPORT,2026-08-18T06:50:00.000Z
0056,2021-10-15,270661,545000,-274339,0,0,0,702000,20000,682000,293000,15008180,-14715180,-14307519,TWSE_T86_DAILY_INSTITUTIONAL_REPORT,2026-08-18T06:50:00.000Z
0056,2021-10-18,567927,3202000,-2634073,550000,0,550000,808000,20000,788000,0,35502089,-35502089,-36798162,TWSE_T86_DAILY_INSTITUTIONAL_REPORT,2026-08-18T06:50:00.000Z
0056,2021-10-19,742350,18000,724350,540000,0,540000,1054000,30000,1024000,190000,24184091,-23994091,-21705741,TWSE_T86_DAILY_INSTITUTIONAL_REPORT,2026-08-18T06:50:00.000Z
0056,2021-10-20,259175,489888,-230713,70000,0,70000,3240000,48287,3191713,3214000,56084767,-52870767,-49839767,TWSE_T86_DAILY_INSTITUTIONAL_REPORT,2026-08-18T06:50:00.000Z
0056,2021-10-21,487010,1402200,-915190,100000,0,100000,2716000,434000,2282000,2582000,72956891,-70374891,-68908081,TWSE_T86_DAILY_INSTITUTIONAL_REPORT,2026-08-18T06:50:00.000Z
0056,2021-10-22,3146506,3323000,-176494,0,0,0,390000,11952713,-11562713,38000,116627271,-116589271,-128328478,TWSE_T86_DAILY_INSTITUTIONAL_REPORT,2026-08-18T06:50:00.000Z
0056,2021-10-25,758899,995000,-236101,0,0,0,220000,0,220000,0,42306063,-42306063,-42322164,TWSE_T86_DAILY_INSTITUTIONAL_REPORT,2026-08-18T06:50:00.000Z
0056,2021-10-26,309659,780200,-470541,130000,0,130000,550000,0,550000,0,23283773,-23283773,-23074314,TWSE_T86_DAILY_INSTITUTIONAL_REPORT,2026-08-18T06:50:00.000Z
0056,2021-10-27,1479040,2157000,-677960,100000,0,100000,30000,50000,-20000,0,14499382,-14499382,-15097342,TWSE_T86_DAILY_INSTITUTIONAL_REPORT,2026-08-18T06:50:00.000Z
0056,2021-10-28,372040,1467020,-1094980,0,0,0,30000,0,30000,8367,12004665,-11996298,-13061278,TWSE_T86_DAILY_INSTITUTIONAL_REPORT,2026-08-18T06:50:00.000Z
0056,2021-10-29,753262,1111200,-357938,140000,0,140000,10000,20000,-10000,184000,7616333,-7432333,-7660271,TWSE_T86_DAILY_INSTITUTIONAL_REPORT,2026-08-18T06:50:00.000Z
0056,2021-11-01,1472704,529650,943054,0,0,0,40000,0,40000,556500,9414617,-8858117,-7875063,TWSE_T86_DAILY_INSTITUTIONAL_REPORT,2026-08-18T06:50:00.000Z
0056,2021-11-02,1077471,1641000,-563529,100000,0,100000,10000,380000,-370000,793000,6859838,-6066838,-6900367,TWSE_T86_DAILY_INSTITUTIONAL_REPORT,2026-08-18T06:50:00.000Z
0056,2021-11-03,4152765,30028,4122737,0,0,0,10000,80000,-70000,899000,227409,671591,4724328,TWSE_T86_DAILY_INSTITUTIONAL_REPORT,2026-08-18T06:50:00.000Z
0056,2021-11-04,1854335,1554000,300335,0,0,0,50000,40000,10000,849496,857644,-8148,302187,TWSE_T86_DAILY_INSTITUTIONAL_REPORT,2026-08-18T06:50:00.000Z
0056,2021-11-05,4119325,1925000,2194325,0,0,0,30000,10000,20000,999000,685985,313015,2527340,TWSE_T86_DAILY_INSTITUTIONAL_REPORT,2026-08-18T06:50:00.000Z
0056,2021-11-08,5609003,417000,5192003,150000,0,150000,40000,20000,20000,16753208,0,16753208,22115211,TWSE_T86_DAILY_INSTITUTIONAL_REPORT,2026-08-18T06:50:00.000Z
0056,2021-11-09,2812357,146460,2665897,0,0,0,60000,210000,-150000,16993000,485983,16507017,19022914,TWSE_T86_DAILY_INSTITUTIONAL_REPORT,2026-08-18T06:50:00.000Z
0056,2021-11-10,1962405,588000,1374405,0,0,0,21000,280000,-259000,24970000,170602,24799398,25914803,TWSE_T86_DAILY_INSTITUTIONAL_REPORT,2026-08-18T06:50:00.000Z
0056,2021-11-11,1820403,2005000,-184597,0,0,0,0,71000,-71000,6481182,1053538,5427644,5172047,TWSE_T86_DAILY_INSTITUTIONAL_REPORT,2026-08-18T06:50:00.000Z
0056,2021-11-12,4856138,801000,4055138,0,0,0,10000,0,10000,6445000,456026,5988974,10054112,TWSE_T86_DAILY_INSTITUTIONAL_REPORT,2026-08-18T06:50:00.000Z
0056,2021-11-15,4529211,507000,4022211,0,0,0,0,60000,-60000,13312000,678431,12633569,16595780,TWSE_T86_DAILY_INSTITUTIONAL_REPORT,2026-08-18T06:50:00.000Z
0056,2021-11-16,1983000,401700,1581300,0,0,0,11952,65000,-53048,16406726,110000,16296726,17824978,TWSE_T86_DAILY_INSTITUTIONAL_REPORT,2026-08-18T06:50:00.000Z
0056,2021-11-17,1151430,400322,751108,0,0,0,163993,125000,38993,10969933,157000,10812933,11603034,TWSE_T86_DAILY_INSTITUTIONAL_REPORT,2026-08-18T06:50:00.000Z
0056,2021-11-18,2844015,6612000,-3767985,0,0,0,400861,155000,245861,31487324,13645,31473679,27951555,TWSE_T86_DAILY_INSTITUTIONAL_REPORT,2026-08-18T06:50:00.000Z
0056,2021-11-19,3961558,341000,3620558,0,0,0,129990,30000,99990,7687798,305601,7382197,11102745,TWSE_T86_DAILY_INSTITUTIONAL_REPORT,2026-08-18T06:50:00.000Z
0056,2021-11-22,2455432,1154066,1301366,0,0,0,7992,20000,-12008,5459453,41459,5417994,6707352,TWSE_T86_DAILY_INSTITUTIONAL_REPORT,2026-08-18T06:50:00.000Z
0056,2021-11-23,375322,937000,-561678,0,0,0,0,87062,-87062,2666000,1005383,1660617,1011877,TWSE_T86_DAILY_INSTITUTIONAL_REPORT,2026-08-18T06:50:00.000Z
0056,2021-11-24,576915,1227061,-650146,0,0,0,187000,457726,-270726,1410000,185851,1224149,303277,TWSE_T86_DAILY_INSTITUTIONAL_REPORT,2026-08-18T06:50:00.000Z
0056,2021-11-25,916050,141200,774850,0,0,0,0,0,0,1172000,64736,1107264,1882114,TWSE_T86_DAILY_INSTITUTIONAL_REPORT,2026-08-18T06:50:00.000Z
0056,2021-11-26,252034,7980300,-7728266,1072000,0,1072000,45000,43500,1500,949000,263649,685351,-5969415,TWSE_T86_DAILY_INSTITUTIONAL_REPORT,2026-08-18T06:50:00.000Z
0056,2021-11-29,2215299,2647000,-431701,0,0,0,35000,27779,7221,3010000,1196804,1813196,1388716,TWSE_T86_DAILY_INSTITUTIONAL_REPORT,2026-08-18T06:50:00.000Z
0056,2021-11-30,604050,757000,-152950,0,217000,-217000,57700,80997,-23297,2764342,838955,1925387,1532140,TWSE_T86_DAILY_INSTITUTIONAL_REPORT,2026-08-18T06:50:00.000Z
0056,2021-12-01,891233,587000,304233,0,0,0,439360,20000,419360,1773000,407642,1365358,2088951,TWSE_T86_DAILY_INSTITUTIONAL_REPORT,2026-08-18T06:50:00.000Z
0056,2021-12-02,477245,508000,-30755,0,0,0,159000,72979,86021,1437000,1113179,323821,379087,TWSE_T86_DAILY_INSTITUTIONAL_REPORT,2026-08-18T06:50:00.000Z
0056,2021-12-03,45030,463745,-418715,130000,0,130000,5000,180000,-175000,4639495,368000,4271495,3807780,TWSE_T86_DAILY_INSTITUTIONAL_REPORT,2026-08-18T06:50:00.000Z
0056,2021-12-06,1543907,1375000,168907,0,0,0,0,70886,-70886,2961000,572611,2388389,2486410,TWSE_T86_DAILY_INSTITUTIONAL_REPORT,2026-08-18T06:50:00.000Z
0056,2021-12-07,816600,830000,-13400,0,0,0,223350,23000,200350,14089995,219000,13870995,14057945,TWSE_T86_DAILY_INSTITUTIONAL_REPORT,2026-08-18T06:50:00.000Z
0056,2021-12-08,2160600,380000,1780600,0,0,0,1998,125998,-124000,11436298,312000,11124298,12780898,TWSE_T86_DAILY_INSTITUTIONAL_REPORT,2026-08-18T06:50:00.000Z
0056,2021-12-09,3147125,207200,2939925,0,0,0,852367,52788,799579,11618475,5582,11612893,15352397,TWSE_T86_DAILY_INSTITUTIONAL_REPORT,2026-08-18T06:50:00.000Z
0056,2021-12-10,750582,186355,564227,0,121000,-121000,111000,24000,87000,7455000,24812,7430188,7960415,TWSE_T86_DAILY_INSTITUTIONAL_REPORT,2026-08-18T06:50:00.000Z
0056,2021-12-13,1310822,423000,887822,0,0,0,59000,129434,-70434,3118800,0,3118800,3936188,TWSE_T86_DAILY_INSTITUTIONAL_REPORT,2026-08-18T06:50:00.000Z
0056,2021-12-14,793780,6404080,-5610300,0,0,0,50000,2183697,-2133697,0,674314,-674314,-8418311,TWSE_T86_DAILY_INSTITUTIONAL_REPORT,2026-08-18T06:50:00.000Z
0056,2021-12-15,725086,1684010,-958924,0,0,0,40000,113997,-73997,652000,124884,527116,-505805,TWSE_T86_DAILY_INSTITUTIONAL_REPORT,2026-08-18T06:50:00.000Z
0056,2021-12-16,1920090,293700,1626390,500000,0,500000,418000,116000,302000,8944773,542000,8402773,10831163,TWSE_T86_DAILY_INSTITUTIONAL_REPORT,2026-08-18T06:50:00.000Z
0056,2021-12-17,353460,4345050,-3991590,100000,0,100000,0,1422000,-1422000,209548,443000,-233452,-5547042,TWSE_T86_DAILY_INSTITUTIONAL_REPORT,2026-08-18T06:50:00.000Z
0056,2021-12-20,38369,592000,-553631,0,0,0,0,1026000,-1026000,808000,3458439,-2650439,-4230070,TWSE_T86_DAILY_INSTITUTIONAL_REPORT,2026-08-18T06:50:00.000Z
0056,2021-12-21,655910,130000,525910,200000,0,200000,520162,235000,285162,1995000,332852,1662148,2673220,TWSE_T86_DAILY_INSTITUTIONAL_REPORT,2026-08-18T06:50:00.000Z
0056,2021-12-22,737130,404000,333130,200000,0,200000,46000,0,46000,1048000,785916,262084,841214,TWSE_T86_DAILY_INSTITUTIONAL_REPORT,2026-08-18T06:50:00.000Z
0056,2021-12-23,1144160,418000,726160,0,0,0,0,0,0,860000,50000,810000,1536160,TWSE_T86_DAILY_INSTITUTIONAL_REPORT,2026-08-18T06:50:00.000Z
0056,2021-12-24,2574000,234000,2340000,0,223000,-223000,111000,0,111000,897400,362000,535400,2763400,TWSE_T86_DAILY_INSTITUTIONAL_REPORT,2026-08-18T06:50:00.000Z
0056,2021-12-27,2208129,227000,1981129,0,0,0,688000,0,688000,612000,859445,-247445,2421684,TWSE_T86_DAILY_INSTITUTIONAL_REPORT,2026-08-18T06:50:00.000Z
0056,2021-12-28,4476200,247100,4229100,0,0,0,1834000,0,1834000,5647953,123000,5524953,11588053,TWSE_T86_DAILY_INSTITUTIONAL_REPORT,2026-08-18T06:50:00.000Z
0056,2021-12-29,3634320,252000,3382320,0,0,0,0,0,0,1333000,320000,1013000,4395320,TWSE_T86_DAILY_INSTITUTIONAL_REPORT,2026-08-18T06:50:00.000Z
0056,2021-12-30,1027060,794000,233060,0,91000,-91000,387000,10000,377000,1041000,454000,587000,1106060,TWSE_T86_DAILY_INSTITUTIONAL_REPORT,2026-08-18T06:50:00.000Z
0056,2022-01-03,544785,3480300,-2935515,0,0,0,170000,1005966,-835966,672000,368756,303244,-3468237,TWSE_T86_DAILY_INSTITUTIONAL_REPORT,2026-08-18T06:50:00.000Z
0056,2022-01-04,627029,799000,-171971,0,0,0,225000,10000,215000,0,291000,-291000,-247971,TWSE_T86_DAILY_INSTITUTIONAL_REPORT,2026-08-18T06:50:00.000Z
0056,2022-01-05,1326179,861500,464679,0,0,0,225000,0,225000,1827000,732379,1094621,1784300,TWSE_T86_DAILY_INSTITUTIONAL_REPORT,2026-08-18T06:50:00.000Z
0056,2022-01-06,1135100,1467300,-332200,0,0,0,388000,167774,220226,353000,1114045,-761045,-873019,TWSE_T86_DAILY_INSTITUTIONAL_REPORT,2026-08-18T06:50:00.000Z
0056,2022-01-07,1337635,2007000,-669365,0,0,0,254000,1190866,-936866,2040600,1926907,113693,-1492538,TWSE_T86_DAILY_INSTITUTIONAL_REPORT,2026-08-18T06:50:00.000Z
0056,2022-01-10,748650,2004000,-1255350,0,0,0,30000,4025,25975,878000,973612,-95612,-1324987,TWSE_T86_DAILY_INSTITUTIONAL_REPORT,2026-08-18T06:50:00.000Z
0056,2022-01-11,441010,2657060,-2216050,0,0,0,786000,133023,652977,1645000,1376458,268542,-1294531,TWSE_T86_DAILY_INSTITUTIONAL_REPORT,2026-08-18T06:50:00.000Z
0056,2022-01-12,741968,3816000,-3074032,0,0,0,66000,1406752,-1340752,951998,1783616,-831618,-5246402,TWSE_T86_DAILY_INSTITUTIONAL_REPORT,2026-08-18T06:50:00.000Z
0056,2022-01-13,624190,1889200,-1265010,0,0,0,22999,210989,-187990,907000,1712101,-805101,-2258101,TWSE_T86_DAILY_INSTITUTIONAL_REPORT,2026-08-18T06:50:00.000Z
0056,2022-01-14,1444774,6438000,-4993226,0,0,0,80000,699565,-619565,120000,11545939,-11425939,-17038730,TWSE_T86_DAILY_INSTITUTIONAL_REPORT,2026-08-18T06:50:00.000Z
0056,2022-01-17,67169,995000,-927831,0,686000,-686000,0,20000,-20000,104000,2437196,-2333196,-3967027,TWSE_T86_DAILY_INSTITUTIONAL_REPORT,2026-08-18T06:50:00.000Z
0056,2022-01-18,3793001,4178290,-385289,270000,0,270000,177889,1351000,-1173111,495263,10014000,-9518737,-10807137,TWSE_T86_DAILY_INSTITUTIONAL_REPORT,2026-08-18T06:50:00.000Z
0056,2022-01-19,901270,1419100,-517830,0,0,0,29000,64000,-35000,2286000,9687098,-7401098,-7953928,TWSE_T86_DAILY_INSTITUTIONAL_REPORT,2026-08-18T06:50:00.000Z
0056,2022-01-20,2032643,604060,1428583,0,0,0,0,7000,-7000,415000,1769700,-1354700,66883,TWSE_T86_DAILY_INSTITUTIONAL_REPORT,2026-08-18T06:50:00.000Z
0056,2022-01-21,1594849,3706000,-2111151,0,0,0,27000,17000,10000,200000,33195802,-32995802,-35096953,TWSE_T86_DAILY_INSTITUTIONAL_REPORT,2026-08-18T06:50:00.000Z
0056,2022-01-24,1243532,2151000,-907468,0,0,0,32000,148000,-116000,371000,20713368,-20342368,-21365836,TWSE_T86_DAILY_INSTITUTIONAL_REPORT,2026-08-18T06:50:00.000Z
0056,2022-01-25,1164100,3335000,-2170900,0,0,0,12000,10000,2000,0,32945321,-32945321,-35114221,TWSE_T86_DAILY_INSTITUTIONAL_REPORT,2026-08-18T06:50:00.000Z
0056,2022-01-26,440486,776000,-335514,154000,0,154000,0,52000,-52000,32000,13098135,-13066135,-13299649,TWSE_T86_DAILY_INSTITUTIONAL_REPORT,2026-08-18T06:50:00.000Z
0056,2022-02-07,977695,859000,118695,0,0,0,0,1000,-1000,0,11258411,-11258411,-11140716,TWSE_T86_DAILY_INSTITUTIONAL_REPORT,2026-08-18T06:50:00.000Z
0056,2022-02-08,2200751,781000,1419751,4250000,0,4250000,20000,20000,0,1629000,2409636,-780636,4889115,TWSE_T86_DAILY_INSTITUTIONAL_REPORT,2026-08-18T06:50:00.000Z
0056,2022-02-09,7270195,209900,7060295,0,0,0,58991,0,58991,2339800,203974,2135826,9255112,TWSE_T86_DAILY_INSTITUTIONAL_REPORT,2026-08-18T06:50:00.000Z
0056,2022-02-10,2960879,770000,2190879,0,0,0,114000,17000,97000,679000,286721,392279,2680158,TWSE_T86_DAILY_INSTITUTIONAL_REPORT,2026-08-18T06:50:00.000Z
0056,2022-02-11,1090162,131000,959162,170000,0,170000,0,0,0,147000,638484,-491484,637678,TWSE_T86_DAILY_INSTITUTIONAL_REPORT,2026-08-18T06:50:00.000Z
0056,2022-02-14,510600,3531200,-3020600,0,0,0,22000,11000,11000,423000,2561162,-2138162,-5147762,TWSE_T86_DAILY_INSTITUTIONAL_REPORT,2026-08-18T06:50:00.000Z
0056,2022-02-15,148085,3189000,-3040915,130000,0,130000,10000,70126,-60126,268010,3536205,-3268195,-6239236,TWSE_T86_DAILY_INSTITUTIONAL_REPORT,2026-08-18T06:50:00.000Z
0056,2022-02-16,6075101,523000,5552101,0,1860000,-1860000,21000,20000,1000,1664170,1345002,319168,4012269,TWSE_T86_DAILY_INSTITUTIONAL_REPORT,2026-08-18T06:50:00.000Z
0056,2022-02-17,2690500,350806,2339694,0,950000,-950000,396579,0,396579,1911926,1334165,577761,2364034,TWSE_T86_DAILY_INSTITUTIONAL_REPORT,2026-08-18T06:50:00.000Z
0056,2022-02-18,3064199,455999,2608200,65000,0,65000,778263,10000,768263,1338000,1006062,331938,3773401,TWSE_T86_DAILY_INSTITUTIONAL_REPORT,2026-08-18T06:50:00.000Z
0056,2022-02-21,2845066,424781,2420285,0,0,0,394071,21978,372093,17603042,223400,17379642,20172020,TWSE_T86_DAILY_INSTITUTIONAL_REPORT,2026-08-18T06:50:00.000Z
0056,2022-02-22,1573195,7310000,-5736805,3000000,0,3000000,108000,1004076,-896076,607000,6172966,-5565966,-9198847,TWSE_T86_DAILY_INSTITUTIONAL_REPORT,2026-08-18T06:50:00.000Z
0056,2022-02-23,2182615,468000,1714615,0,0,0,385915,20999,364916,2332612,541000,1791612,3871143,TWSE_T86_DAILY_INSTITUTIONAL_REPORT,2026-08-18T06:50:00.000Z
0056,2022-02-24,1515645,4362000,-2846355,0,0,0,72000,478132,-406132,575043,7249329,-6674286,-9926773,TWSE_T86_DAILY_INSTITUTIONAL_REPORT,2026-08-18T06:50:00.000Z
0056,2022-02-25,1550315,2638000,-1087685,0,0,0,10000,47065,-37065,1760000,1643560,116440,-1008310,TWSE_T86_DAILY_INSTITUTIONAL_REPORT,2026-08-18T06:50:00.000Z
0056,2022-03-01,8123060,452269,7670791,0,700000,-700000,1712609,20000,1692609,4112207,0,4112207,12775607,TWSE_T86_DAILY_INSTITUTIONAL_REPORT,2026-08-18T06:50:00.000Z
0056,2022-03-02,3143515,978000,2165515,315000,0,315000,613985,0,613985,5449478,298574,5150904,8245404,TWSE_T86_DAILY_INSTITUTIONAL_REPORT,2026-08-18T06:50:00.000Z
0056,2022-03-03,780599,172000,608599,0,0,0,1138566,0,1138566,12855353,91018,12764335,14511500,TWSE_T86_DAILY_INSTITUTIONAL_REPORT,2026-08-18T06:50:00.000Z
0056,2022-03-04,824487,870000,-45513,0,0,0,167992,551750,-383758,6812255,1070454,5741801,5312530,TWSE_T86_DAILY_INSTITUTIONAL_REPORT,2026-08-18T06:50:00.000Z
0056,2022-03-07,2376944,9440000,-7063056,0,2080000,-2080000,56000,1857040,-1801040,84698,12750864,-12666166,-23610262,TWSE_T86_DAILY_INSTITUTIONAL_REPORT,2026-08-18T06:50:00.000Z
0056,2022-03-08,1780740,5251000,-3470260,0,0,0,10000,633995,-623995,675700,14491792,-13816092,-17910347,TWSE_T86_DAILY_INSTITUTIONAL_REPORT,2026-08-18T06:50:00.000Z
0056,2022-03-09,934200,2820790,-1886590,0,0,0,33000,10000,23000,803000,41000,762000,-1101590,TWSE_T86_DAILY_INSTITUTIONAL_REPORT,2026-08-18T06:50:00.000Z
0056,2022-03-10,4956981,461000,4495981,0,0,0,2303465,40000,2263465,1618000,444000,1174000,7933446,TWSE_T86_DAILY_INSTITUTIONAL_REPORT,2026-08-18T06:50:00.000Z
0056,2022-03-11,982450,504000,478450,2495000,0,2495000,84998,396958,-311960,1433000,1035000,398000,3059490,TWSE_T86_DAILY_INSTITUTIONAL_REPORT,2026-08-18T06:50:00.000Z
0056,2022-03-14,2857438,736900,2120538,0,0,0,332000,701,331299,2798672,632000,2166672,4618509,TWSE_T86_DAILY_INSTITUTIONAL_REPORT,2026-08-18T06:50:00.000Z
0056,2022-03-15,771826,1774500,-1002674,0,1892000,-1892000,95000,93399,1601,996000,2555224,-1559224,-4452297,TWSE_T86_DAILY_INSTITUTIONAL_REPORT,2026-08-18T06:50:00.000Z
0056,2022-03-16,1475890,3099000,-1623110,0,0,0,229000,536989,-307989,235000,10693392,-10458392,-12389491,TWSE_T86_DAILY_INSTITUTIONAL_REPORT,2026-08-18T06:50:00.000Z
0056,2022-03-17,2636330,1400000,1236330,0,0,0,296000,21995,274005,466946,308000,158946,1669281,TWSE_T86_DAILY_INSTITUTIONAL_REPORT,2026-08-18T06:50:00.000Z
0056,2022-03-18,155630,2096000,-1940370,0,0,0,72000,86000,-14000,540001,2980094,-2440093,-4394463,TWSE_T86_DAILY_INSTITUTIONAL_REPORT,2026-08-18T06:50:00.000Z
0056,2022-03-21,795315,1068000,-272685,0,0,0,43996,0,43996,1576000,170463,1405537,1176848,TWSE_T86_DAILY_INSTITUTIONAL_REPORT,2026-08-18T06:50:00.000Z
0056,2022-03-22,181050,745100,-564050,0,0,0,0,0,0,481000,804687,-323687,-887737,TWSE_T86_DAILY_INSTITUTIONAL_REPORT,2026-08-18T06:50:00.000Z
0056,2022-03-23,390144,249380,140764,0,0,0,10000,0,10000,626000,487000,139000,289764,TWSE_T86_DAILY_INSTITUTIONAL_REPORT,2026-08-18T06:50:00.000Z
0056,2022-03-24,275247,680000,-404753,0,0,0,0,0,0,385000,508975,-123975,-528728,TWSE_T86_DAILY_INSTITUTIONAL_REPORT,2026-08-18T06:50:00.000Z
0056,2022-03-25,436307,3285000,-2848693,0,122000,-122000,100000,260000,-160000,398000,2427417,-2029417,-5160110,TWSE_T86_DAILY_INSTITUTIONAL_REPORT,2026-08-18T06:50:00.000Z
0056,2022-03-28,566000,2984000,-2418000,0,0,0,57000,57037,-37,929000,11992789,-11063789,-13481826,TWSE_T86_DAILY_INSTITUTIONAL_REPORT,2026-08-18T06:50:00.000Z
0056,2022-03-29,158900,616000,-457100,0,0,0,435000,350000,85000,260000,4692262,-4432262,-4804362,TWSE_T86_DAILY_INSTITUTIONAL_REPORT,2026-08-18T06:50:00.000Z
0056,2022-03-30,32030,175250,-143220,0,0,0,0,0,0,723000,6531150,-5808150,-5951370,TWSE_T86_DAILY_INSTITUTIONAL_REPORT,2026-08-18T06:50:00.000Z
0056,2022-03-31,23103,592000,-568897,0,0,0,0,0,0,7000,2624053,-2617053,-3185950,TWSE_T86_DAILY_INSTITUTIONAL_REPORT,2026-08-18T06:50:00.000Z
0056,2022-04-01,167400,812000,-644600,0,0,0,10000,0,10000,656000,8155071,-7499071,-8133671,TWSE_T86_DAILY_INSTITUTIONAL_REPORT,2026-08-18T06:50:00.000Z
0056,2022-04-06,500470,2184200,-1683730,0,0,0,40000,300000,-260000,50000,14940343,-14890343,-16834073,TWSE_T86_DAILY_INSTITUTIONAL_REPORT,2026-08-18T06:50:00.000Z
0056,2022-04-07,1236085,6759001,-5522916,0,0,0,33000,0,33000,2000,43767393,-43765393,-49255309,TWSE_T86_DAILY_INSTITUTIONAL_REPORT,2026-08-18T06:50:00.000Z
0056,2022-04-08,1030642,665000,365642,104000,0,104000,10000,0,10000,1573000,10362437,-8789437,-8309795,TWSE_T86_DAILY_INSTITUTIONAL_REPORT,2026-08-18T06:50:00.000Z
0056,2022-04-11,578935,4445742,-3866807,244000,0,244000,31000,21000,10000,310000,28694568,-28384568,-31997375,TWSE_T86_DAILY_INSTITUTIONAL_REPORT,2026-08-18T06:50:00.000Z
0056,2022-04-12,2045900,797000,1248900,300000,0,300000,30000,0,30000,701000,29512849,-28811849,-27232949,TWSE_T86_DAILY_INSTITUTIONAL_REPORT,2026-08-18T06:50:00.000Z
0056,2022-04-13,861288,355000,506288,90000,0,90000,0,20000,-20000,967621,5329071,-4361450,-3785162,TWSE_T86_DAILY_INSTITUTIONAL_REPORT,2026-08-18T06:50:00.000Z
0056,2022-04-14,401000,769000,-368000,0,0,0,0,10000,-10000,1102000,2342546,-1240546,-1618546,TWSE_T86_DAILY_INSTITUTIONAL_REPORT,2026-08-18T06:50:00.000Z
0056,2022-04-15,745573,2034100,-1288527,0,0,0,160000,46000,114000,249000,7739030,-7490030,-8664557,TWSE_T86_DAILY_INSTITUTIONAL_REPORT,2026-08-18T06:50:00.000Z
0056,2022-04-18,693613,3461220,-2767607,180000,0,180000,78000,0,78000,281000,15854604,-15573604,-18083211,TWSE_T86_DAILY_INSTITUTIONAL_REPORT,2026-08-18T06:50:00.000Z
0056,2022-04-19,282100,501200,-219100,320000,0,320000,6000,30000,-24000,332991,1455372,-1122381,-1045481,TWSE_T86_DAILY_INSTITUTIONAL_REPORT,2026-08-18T06:50:00.000Z
0056,2022-04-20,482228,490500,-8272,0,0,0,170000,158000,12000,22000,5687502,-5665502,-5661774,TWSE_T86_DAILY_INSTITUTIONAL_REPORT,2026-08-18T06:50:00.000Z
0056,2022-04-21,95865,299300,-203435,0,0,0,2000,2000,0,1280000,2871251,-1591251,-1794686,TWSE_T86_DAILY_INSTITUTIONAL_REPORT,2026-08-18T06:50:00.000Z
0056,2022-04-22,775430,3517000,-2741570,0,0,0,28000,0,28000,338000,2268781,-1930781,-4644351,TWSE_T86_DAILY_INSTITUTIONAL_REPORT,2026-08-18T06:50:00.000Z
0056,2022-04-25,138556,6057000,-5918444,0,0,0,24000,10000,14000,144000,47782688,-47638688,-53543132,TWSE_T86_DAILY_INSTITUTIONAL_REPORT,2026-08-18T06:50:00.000Z
0056,2022-04-26,151800,1491000,-1339200,220000,0,220000,10000,20000,-10000,24000,22610461,-22586461,-23715661,TWSE_T86_DAILY_INSTITUTIONAL_REPORT,2026-08-18T06:50:00.000Z
0056,2022-04-27,1573221,2060087,-486866,37000,0,37000,95000,2454000,-2359000,1158000,24871488,-23713488,-26522354,TWSE_T86_DAILY_INSTITUTIONAL_REPORT,2026-08-18T06:50:00.000Z
0056,2022-04-28,1131660,1939500,-807840,285000,0,285000,20000,10000,10000,613000,9865522,-9252522,-9765362,TWSE_T86_DAILY_INSTITUTIONAL_REPORT,2026-08-18T06:50:00.000Z
0056,2022-04-29,1217330,1214100,3230,0,0,0,0,10000,-10000,181000,5040992,-4859992,-4866762,TWSE_T86_DAILY_INSTITUTIONAL_REPORT,2026-08-18T06:50:00.000Z
0056,2022-05-03,634919,871000,-236081,0,0,0,0,0,0,47000,3322796,-3275796,-3511877,TWSE_T86_DAILY_INSTITUTIONAL_REPORT,2026-08-18T06:50:00.000Z
0056,2022-05-04,474360,769600,-295240,268000,0,268000,0,0,0,879076,467043,412033,384793,TWSE_T86_DAILY_INSTITUTIONAL_REPORT,2026-08-18T06:50:00.000Z
0056,2022-05-05,896200,653000,243200,0,0,0,210000,40000,170000,3078000,1994415,1083585,1496785,TWSE_T86_DAILY_INSTITUTIONAL_REPORT,2026-08-18T06:50:00.000Z
0056,2022-05-06,365513,2168000,-1802487,184000,0,184000,78000,0,78000,2000,9271985,-9269985,-10810472,TWSE_T86_DAILY_INSTITUTIONAL_REPORT,2026-08-18T06:50:00.000Z
0056,2022-05-09,885559,4445465,-3559906,274000,0,274000,84000,60000,24000,20000,14878927,-14858927,-18120833,TWSE_T86_DAILY_INSTITUTIONAL_REPORT,2026-08-18T06:50:00.000Z
0056,2022-05-10,2584801,1839500,745301,0,0,0,16000,10000,6000,235000,10684153,-10449153,-9697852,TWSE_T86_DAILY_INSTITUTIONAL_REPORT,2026-08-18T06:50:00.000Z
0056,2022-05-11,526476,2251000,-1724524,0,0,0,25000,10000,15000,170000,14208178,-14038178,-15747702,TWSE_T86_DAILY_INSTITUTIONAL_REPORT,2026-08-18T06:50:00.000Z
0056,2022-05-12,468902,3427000,-2958098,190000,0,190000,34000,50000,-16000,34000,26842876,-26808876,-29592974,TWSE_T86_DAILY_INSTITUTIONAL_REPORT,2026-08-18T06:50:00.000Z
0056,2022-05-13,1625557,802000,823557,0,0,0,6000,20000,-14000,422000,13898152,-13476152,-12666595,TWSE_T86_DAILY_INSTITUTIONAL_REPORT,2026-08-18T06:50:00.000Z
0056,2022-05-16,2224414,1786000,438414,0,0,0,22000,20000,2000,112000,23331924,-23219924,-22779510,TWSE_T86_DAILY_INSTITUTIONAL_REPORT,2026-08-18T06:50:00.000Z
0056,2022-05-17,572225,107500,464725,250000,0,250000,45000,10000,35000,42000,13757921,-13715921,-12966196,TWSE_T86_DAILY_INSTITUTIONAL_REPORT,2026-08-18T06:50:00.000Z
0056,2022-05-18,1030560,972500,58060,0,0,0,0,10000,-10000,0,7597009,-7597009,-7548949,TWSE_T86_DAILY_INSTITUTIONAL_REPORT,2026-08-18T06:50:00.000Z
0056,2022-05-19,756444,2636000,-1879556,0,0,0,6000,80000,-74000,808000,15904119,-15096119,-17049675,TWSE_T86_DAILY_INSTITUTIONAL_REPORT,2026-08-18T06:50:00.000Z
0056,2022-05-20,266760,987300,-720540,150000,0,150000,4000,0,4000,8000,4583819,-4575819,-5142359,TWSE_T86_DAILY_INSTITUTIONAL_REPORT,2026-08-18T06:50:00.000Z
0056,2022-05-23,557000,151500,405500,150000,0,150000,34000,0,34000,80000,4503491,-4423491,-3833991,TWSE_T86_DAILY_INSTITUTIONAL_REPORT,2026-08-18T06:50:00.000Z
0056,2022-05-24,300350,2126100,-1825750,0,0,0,10000,132000,-122000,10000,6135572,-6125572,-8073322,TWSE_T86_DAILY_INSTITUTIONAL_REPORT,2026-08-18T06:50:00.000Z
0056,2022-05-25,1813092,280000,1533092,0,0,0,0,0,0,770000,2949938,-2179938,-646846,TWSE_T86_DAILY_INSTITUTIONAL_REPORT,2026-08-18T06:50:00.000Z
0056,2022-05-26,1295512,700000,595512,210000,0,210000,10000,30000,-20000,267000,9302239,-9035239,-8249727,TWSE_T86_DAILY_INSTITUTIONAL_REPORT,2026-08-18T06:50:00.000Z
0056,2022-05-27,1399550,586000,813550,150000,0,150000,18000,38000,-20000,1335124,1077995,257129,1200679,TWSE_T86_DAILY_INSTITUTIONAL_REPORT,2026-08-18T06:50:00.000Z
0056,2022-05-30,708100,313000,395100,210000,0,210000,0,0,0,500000,4436064,-3936064,-3330964,TWSE_T86_DAILY_INSTITUTIONAL_REPORT,2026-08-18T06:50:00.000Z
0056,2022-05-31,663289,708000,-44711,130000,0,130000,0,0,0,146000,4350745,-4204745,-4119456,TWSE_T86_DAILY_INSTITUTIONAL_REPORT,2026-08-18T06:50:00.000Z
0056,2022-06-01,353618,535000,-181382,59000,0,59000,150000,10000,140000,39000,487604,-448604,-430986,TWSE_T86_DAILY_INSTITUTIONAL_REPORT,2026-08-18T06:50:00.000Z
0056,2022-06-02,176500,1548000,-1371500,0,0,0,30000,0,30000,0,2322460,-2322460,-3663960,TWSE_T86_DAILY_INSTITUTIONAL_REPORT,2026-08-18T06:50:00.000Z
0056,2022-06-06,555918,111450,444468,120000,0,120000,0,0,0,0,9288734,-9288734,-8724266,TWSE_T86_DAILY_INSTITUTIONAL_REPORT,2026-08-18T06:50:00.000Z
0056,2022-06-07,456890,2092000,-1635110,355000,0,355000,100000,0,100000,0,4208736,-4208736,-5388846,TWSE_T86_DAILY_INSTITUTIONAL_REPORT,2026-08-18T06:50:00.000Z
0056,2022-06-08,216335,180000,36335,0,0,0,10000,80000,-70000,103000,2176400,-2073400,-2107065,TWSE_T86_DAILY_INSTITUTIONAL_REPORT,2026-08-18T06:50:00.000Z
0056,2022-06-09,64828,1778000,-1713172,0,0,0,20000,210000,-190000,0,8041677,-8041677,-9944849,TWSE_T86_DAILY_INSTITUTIONAL_REPORT,2026-08-18T06:50:00.000Z
0056,2022-06-10,121797,483164,-361367,0,0,0,0,0,0,0,10128295,-10128295,-10489662,TWSE_T86_DAILY_INSTITUTIONAL_REPORT,2026-08-18T06:50:00.000Z
0056,2022-06-13,728018,5508000,-4779982,0,0,0,20000,64000,-44000,40000,34717847,-34677847,-39501829,TWSE_T86_DAILY_INSTITUTIONAL_REPORT,2026-08-18T06:50:00.000Z
0056,2022-06-14,1075496,1066000,9496,264000,0,264000,38000,88000,-50000,362000,21733389,-21371389,-21147893,TWSE_T86_DAILY_INSTITUTIONAL_REPORT,2026-08-18T06:50:00.000Z
0056,2022-06-15,155534,1805000,-1649466,0,0,0,0,20000,-20000,5000,11060602,-11055602,-12725068,TWSE_T86_DAILY_INSTITUTIONAL_REPORT,2026-08-18T06:50:00.000Z
0056,2022-06-16,387080,1935000,-1547920,0,0,0,120000,0,120000,790000,56871630,-56081630,-57509550,TWSE_T86_DAILY_INSTITUTIONAL_REPORT,2026-08-18T06:50:00.000Z
0056,2022-06-17,2394533,1683100,711433,0,0,0,20000,10000,10000,292000,43356394,-43064394,-42342961,TWSE_T86_DAILY_INSTITUTIONAL_REPORT,2026-08-18T06:50:00.000Z
0056,2022-06-20,2046875,5948750,-3901875,260000,0,260000,39000,50000,-11000,209000,46220474,-46011474,-49664349,TWSE_T86_DAILY_INSTITUTIONAL_REPORT,2026-08-18T06:50:00.000Z
0056,2022-06-21,1936470,1933392,3078,0,0,0,32000,21000,11000,2571342,10196891,-7625549,-7611471,TWSE_T86_DAILY_INSTITUTIONAL_REPORT,2026-08-18T06:50:00.000Z
0056,2022-06-22,1189947,5332360,-4142413,0,0,0,88000,0,88000,10000,40934501,-40924501,-44978914,TWSE_T86_DAILY_INSTITUTIONAL_REPORT,2026-08-18T06:50:00.000Z
0056,2022-06-23,3928884,4122100,-193216,280000,0,280000,56000,10000,46000,2550529,40183481,-37632952,-37500168,TWSE_T86_DAILY_INSTITUTIONAL_REPORT,2026-08-18T06:50:00.000Z
0056,2022-06-24,3717255,2274300,1442955,0,0,0,20000,0,20000,194999,15059650,-14864651,-13401696,TWSE_T86_DAILY_INSTITUTIONAL_REPORT,2026-08-18T06:50:00.000Z
0056,2022-06-27,1109213,4524250,-3415037,0,0,0,20000,10000,10000,1719393,7047587,-5328194,-8733231,TWSE_T86_DAILY_INSTITUTIONAL_REPORT,2026-08-18T06:50:00.000Z
0056,2022-06-28,642149,653000,-10851,220000,0,220000,50000,40000,10000,191000,18609568,-18418568,-18199419,TWSE_T86_DAILY_INSTITUTIONAL_REPORT,2026-08-18T06:50:00.000Z
0056,2022-06-29,2673430,4614000,-1940570,0,0,0,6000,0,6000,12000,15326037,-15314037,-17248607,TWSE_T86_DAILY_INSTITUTIONAL_REPORT,2026-08-18T06:50:00.000Z
0056,2022-06-30,2606321,5580350,-2974029,0,0,0,20000,0,20000,595000,46526628,-45931628,-48885657,TWSE_T86_DAILY_INSTITUTIONAL_REPORT,2026-08-18T06:50:00.000Z
0056,2022-07-01,6373672,8467700,-2094028,0,0,0,142000,90000,52000,1265999,51305862,-50039863,-52081891,TWSE_T86_DAILY_INSTITUTIONAL_REPORT,2026-08-18T06:50:00.000Z
0056,2022-07-04,6263147,5749000,514147,0,0,0,175000,40000,135000,1055422,28918211,-27862789,-27213642,TWSE_T86_DAILY_INSTITUTIONAL_REPORT,2026-08-18T06:50:00.000Z
0056,2022-07-05,3228005,2726025,501980,475000,0,475000,50000,100000,-50000,3711997,22032462,-18320465,-17393485,TWSE_T86_DAILY_INSTITUTIONAL_REPORT,2026-08-18T06:50:00.000Z
0056,2022-07-06,1740529,2241000,-500471,0,0,0,110000,20000,90000,3866000,32281233,-28415233,-28825704,TWSE_T86_DAILY_INSTITUTIONAL_REPORT,2026-08-18T06:50:00.000Z
0056,2022-07-07,2945739,1229200,1716539,300000,0,300000,30000,30000,0,5110100,14088468,-8978368,-6961829,TWSE_T86_DAILY_INSTITUTIONAL_REPORT,2026-08-18T06:50:00.000Z
0056,2022-07-08,2247463,2885100,-637637,0,0,0,70000,30000,40000,2859997,12004230,-9144233,-9741870,TWSE_T86_DAILY_INSTITUTIONAL_REPORT,2026-08-18T06:50:00.000Z
0056,2022-07-11,1756533,2907070,-1150537,170000,0,170000,10000,10000,0,1082000,7282408,-6200408,-7180945,TWSE_T86_DAILY_INSTITUTIONAL_REPORT,2026-08-18T06:50:00.000Z
0056,2022-07-12,1422922,4343300,-2920378,260000,0,260000,10000,10000,0,670000,29139506,-28469506,-31129884,TWSE_T86_DAILY_INSTITUTIONAL_REPORT,2026-08-18T06:50:00.000Z
0056,2022-07-13,1746548,2144300,-397752,0,0,0,0,30000,-30000,3741992,19410931,-15668939,-16096691,TWSE_T86_DAILY_INSTITUTIONAL_REPORT,2026-08-18T06:50:00.000Z
0056,2022-07-14,1489500,2298000,-808500,0,0,0,20000,0,20000,4000,6118585,-6114585,-6903085,TWSE_T86_DAILY_INSTITUTIONAL_REPORT,2026-08-18T06:50:00.000Z
0056,2022-07-15,1270600,1174000,96600,150000,0,150000,30000,10000,20000,28000,14414562,-14386562,-14119962,TWSE_T86_DAILY_INSTITUTIONAL_REPORT,2026-08-18T06:50:00.000Z
0056,2022-07-18,272888,485749,-212861,270000,0,270000,10000,24000,-14000,478000,9784290,-9306290,-9263151,TWSE_T86_DAILY_INSTITUTIONAL_REPORT,2026-08-18T06:50:00.000Z
0056,2022-07-19,984112,864000,120112,290000,0,290000,10000,102000,-92000,106000,2173600,-2067600,-1749488,TWSE_T86_DAILY_INSTITUTIONAL_REPORT,2026-08-18T06:50:00.000Z
0056,2022-07-20,785250,1314000,-528750,0,0,0,50000,125000,-75000,186000,7359671,-7173671,-7777421,TWSE_T86_DAILY_INSTITUTIONAL_REPORT,2026-08-18T06:50:00.000Z
0056,2022-07-21,1107300,968000,139300,160000,0,160000,40000,27000,13000,510000,2031859,-1521859,-1209559,TWSE_T86_DAILY_INSTITUTIONAL_REPORT,2026-08-18T06:50:00.000Z
0056,2022-07-22,517876,1482100,-964224,0,0,0,10000,30000,-20000,0,7455652,-7455652,-8439876,TWSE_T86_DAILY_INSTITUTIONAL_REPORT,2026-08-18T06:50:00.000Z
0056,2022-07-25,438710,438000,710,0,0,0,10000,20000,-10000,1321000,6339059,-5018059,-5027349,TWSE_T86_DAILY_INSTITUTIONAL_REPORT,2026-08-18T06:50:00.000Z
0056,2022-07-26,491305,187000,304305,0,0,0,480000,20000,460000,796000,11950467,-11154467,-10390162,TWSE_T86_DAILY_INSTITUTIONAL_REPORT,2026-08-18T06:50:00.000Z
0056,2022-07-27,609726,417000,192726,340000,0,340000,160000,10000,150000,1726000,6924543,-5198543,-4515817,TWSE_T86_DAILY_INSTITUTIONAL_REPORT,2026-08-18T06:50:00.000Z
0056,2022-07-28,491575,1284100,-792525,0,0,0,410000,70000,340000,1000,13158354,-13157354,-13609879,TWSE_T86_DAILY_INSTITUTIONAL_REPORT,2026-08-18T06:50:00.000Z
0056,2022-07-29,1636048,645200,990848,180000,0,180000,1550000,43000,1507000,2482000,5791618,-3309618,-631770,TWSE_T86_DAILY_INSTITUTIONAL_REPORT,2026-08-18T06:50:00.000Z
0056,2022-08-01,798260,2751445,-1953185,0,0,0,60000,39000,21000,1046000,3772152,-2726152,-4658337,TWSE_T86_DAILY_INSTITUTIONAL_REPORT,2026-08-18T06:50:00.000Z
0056,2022-08-02,1810396,1686000,124396,230000,0,230000,449000,30000,419000,948000,24344605,-23396605,-22623209,TWSE_T86_DAILY_INSTITUTIONAL_REPORT,2026-08-18T06:50:00.000Z
0056,2022-08-03,1165251,1549000,-383749,0,0,0,3000,1114000,-1111000,601000,10582793,-9981793,-11476542,TWSE_T86_DAILY_INSTITUTIONAL_REPORT,2026-08-18T06:50:00.000Z
0056,2022-08-04,1505655,2775000,-1269345,160000,0,160000,36000,863000,-827000,459000,16621348,-16162348,-18098693,TWSE_T86_DAILY_INSTITUTIONAL_REPORT,2026-08-18T06:50:00.000Z
0056,2022-08-05,3281596,793000,2488596,0,0,0,0,718000,-718000,2596000,7361000,-4765000,-2994404,TWSE_T86_DAILY_INSTITUTIONAL_REPORT,2026-08-18T06:50:00.000Z
0056,2022-08-08,2088444,1426000,662444,0,0,0,30000,826000,-796000,14000,8634564,-8620564,-8754120,TWSE_T86_DAILY_INSTITUTIONAL_REPORT,2026-08-18T06:50:00.000Z
0056,2022-08-09,310392,1829000,-1518608,520000,0,520000,10000,10000,0,1348821,4942224,-3593403,-4592011,TWSE_T86_DAILY_INSTITUTIONAL_REPORT,2026-08-18T06:50:00.000Z
0056,2022-08-10,419979,3076000,-2656021,0,0,0,0,520000,-520000,23000,13882527,-13859527,-17035548,TWSE_T86_DAILY_INSTITUTIONAL_REPORT,2026-08-18T06:50:00.000Z
0056,2022-08-11,1816000,910000,906000,0,0,0,30000,646000,-616000,23000,6650594,-6627594,-6337594,TWSE_T86_DAILY_INSTITUTIONAL_REPORT,2026-08-18T06:50:00.000Z
0056,2022-08-12,1737930,624250,1113680,260000,0,260000,10000,422000,-412000,19000,3572312,-3553312,-2591632,TWSE_T86_DAILY_INSTITUTIONAL_REPORT,2026-08-18T06:50:00.000Z
0056,2022-08-15,639047,528000,111047,0,0,0,30000,420000,-390000,249000,16373002,-16124002,-16402955,TWSE_T86_DAILY_INSTITUTIONAL_REPORT,2026-08-18T06:50:00.000Z
0056,2022-08-16,80474,953046,-872572,300000,0,300000,60000,414000,-354000,51000,11654628,-11603628,-12530200,TWSE_T86_DAILY_INSTITUTIONAL_REPORT,2026-08-18T06:50:00.000Z
0056,2022-08-17,578070,796000,-217930,0,0,0,740000,775000,-35000,536000,4047689,-3511689,-3764619,TWSE_T86_DAILY_INSTITUTIONAL_REPORT,2026-08-18T06:50:00.000Z
0056,2022-08-18,269270,1256001,-986731,0,0,0,250000,11000,239000,26000,5809939,-5783939,-6531670,TWSE_T86_DAILY_INSTITUTIONAL_REPORT,2026-08-18T06:50:00.000Z
0056,2022-08-19,140305,1163151,-1022846,310000,0,310000,200000,30000,170000,807000,3642390,-2835390,-3378236,TWSE_T86_DAILY_INSTITUTIONAL_REPORT,2026-08-18T06:50:00.000Z
0056,2022-08-22,1003908,1023000,-19092,0,0,0,90000,170000,-80000,1081000,15698118,-14617118,-14716210,TWSE_T86_DAILY_INSTITUTIONAL_REPORT,2026-08-18T06:50:00.000Z
0056,2022-08-23,997151,871035,126116,210000,0,210000,60000,640000,-580000,945000,30750693,-29805693,-30049577,TWSE_T86_DAILY_INSTITUTIONAL_REPORT,2026-08-18T06:50:00.000Z
0056,2022-08-24,916102,896000,20102,0,0,0,50000,0,50000,733999,20684703,-19950704,-19880602,TWSE_T86_DAILY_INSTITUTIONAL_REPORT,2026-08-18T06:50:00.000Z
0056,2022-08-25,528748,310000,218748,0,0,0,250000,10000,240000,1085000,6817875,-5732875,-5274127,TWSE_T86_DAILY_INSTITUTIONAL_REPORT,2026-08-18T06:50:00.000Z
0056,2022-08-26,88916,260000,-171084,0,0,0,250000,0,250000,467000,8770029,-8303029,-8224113,TWSE_T86_DAILY_INSTITUTIONAL_REPORT,2026-08-18T06:50:00.000Z
0056,2022-08-29,3921862,4557400,-635538,0,0,0,10000,40000,-30000,200000,40339546,-40139546,-40805084,TWSE_T86_DAILY_INSTITUTIONAL_REPORT,2026-08-18T06:50:00.000Z
0056,2022-08-30,216147,1416000,-1199853,355000,0,355000,50000,10000,40000,1210000,15190875,-13980875,-14785728,TWSE_T86_DAILY_INSTITUTIONAL_REPORT,2026-08-18T06:50:00.000Z
0056,2022-08-31,166565,475041,-308476,0,0,0,34000,14068,19932,932000,13723488,-12791488,-13080032,TWSE_T86_DAILY_INSTITUTIONAL_REPORT,2026-08-18T06:50:00.000Z
0056,2022-09-01,1222518,7639000,-6416482,0,0,0,165000,381715,-216715,112000,22794795,-22682795,-29315992,TWSE_T86_DAILY_INSTITUTIONAL_REPORT,2026-08-18T06:50:00.000Z
0056,2022-09-02,134812,881000,-746188,213000,0,213000,199000,129000,70000,296000,33216021,-32920021,-33383209,TWSE_T86_DAILY_INSTITUTIONAL_REPORT,2026-08-18T06:50:00.000Z
0056,2022-09-05,799322,1057060,-257738,0,0,0,551000,467614,83386,379000,18364490,-17985490,-18159842,TWSE_T86_DAILY_INSTITUTIONAL_REPORT,2026-08-18T06:50:00.000Z
0056,2022-09-06,1113456,517000,596456,300000,0,300000,411000,390812,20188,1159000,26345000,-25186000,-24269356,TWSE_T86_DAILY_INSTITUTIONAL_REPORT,2026-08-18T06:50:00.000Z
0056,2022-09-07,520913,2768000,-2247087,0,0,0,189000,412756,-223756,96000,22797569,-22701569,-25172412,TWSE_T86_DAILY_INSTITUTIONAL_REPORT,2026-08-18T06:50:00.000Z
0056,2022-09-08,639257,898000,-258743,0,0,0,100332,90462,9870,259000,8596474,-8337474,-8586347,TWSE_T86_DAILY_INSTITUTIONAL_REPORT,2026-08-18T06:50:00.000Z
0056,2022-09-12,1212918,681000,531918,300000,0,300000,2772725,18000,2754725,844000,2232477,-1388477,2198166,TWSE_T86_DAILY_INSTITUTIONAL_REPORT,2026-08-18T06:50:00.000Z
0056,2022-09-13,1270375,72322,1198053,300000,0,300000,510631,11095,499536,386000,2945524,-2559524,-561935,TWSE_T86_DAILY_INSTITUTIONAL_REPORT,2026-08-18T06:50:00.000Z
0056,2022-09-14,348105,2032000,-1683895,0,0,0,225000,64427,160573,329000,13580087,-13251087,-14774409,TWSE_T86_DAILY_INSTITUTIONAL_REPORT,2026-08-18T06:50:00.000Z
0056,2022-09-15,952312,305000,647312,0,0,0,508000,56640,451360,111000,3281945,-3170945,-2072273,TWSE_T86_DAILY_INSTITUTIONAL_REPORT,2026-08-18T06:50:00.000Z
0056,2022-09-16,796988,762000,34988,265000,0,265000,356000,198070,157930,86000,15703682,-15617682,-15159764,TWSE_T86_DAILY_INSTITUTIONAL_REPORT,2026-08-18T06:50:00.000Z
0056,2022-09-19,4225685,1404000,2821685,150000,0,150000,164000,301921,-137921,634000,6197684,-5563684,-2729920,TWSE_T86_DAILY_INSTITUTIONAL_REPORT,2026-08-18T06:50:00.000Z
0056,2022-09-20,265997,2934997,-2669000,0,387000,-387000,543000,348770,194230,453000,23965920,-23512920,-26374690,TWSE_T86_DAILY_INSTITUTIONAL_REPORT,2026-08-18T06:50:00.000Z
0056,2022-09-21,477219,7389500,-6912281,200000,0,200000,180000,622000,-442000,145000,33306359,-33161359,-40315640,TWSE_T86_DAILY_INSTITUTIONAL_REPORT,2026-08-18T06:50:00.000Z
0056,2022-09-22,403664,7747000,-7343336,260000,0,260000,580000,1090994,-510994,52000,34715373,-34663373,-42257703,TWSE_T86_DAILY_INSTITUTIONAL_REPORT,2026-08-18T06:50:00.000Z
0056,2022-09-23,142741,3114000,-2971259,0,200000,-200000,652000,962340,-310340,50000,26935732,-26885732,-30367331,TWSE_T86_DAILY_INSTITUTIONAL_REPORT,2026-08-18T06:50:00.000Z
0056,2022-09-26,1515902,3855100,-2339198,0,0,0,980000,1154994,-174994,835000,89001376,-88166376,-90680568,TWSE_T86_DAILY_INSTITUTIONAL_REPORT,2026-08-18T06:50:00.000Z
0056,2022-09-27,1605992,2709200,-1103208,390000,0,390000,343436,464095,-120659,74000,33811420,-33737420,-34571287,TWSE_T86_DAILY_INSTITUTIONAL_REPORT,2026-08-18T06:50:00.000Z
0056,2022-09-28,5239442,3134000,2105442,0,0,0,518000,427238,90762,524000,70812326,-70288326,-68092122,TWSE_T86_DAILY_INSTITUTIONAL_REPORT,2026-08-18T06:50:00.000Z
0056,2022-09-29,4876412,9852000,-4975588,0,0,0,293000,291960,1040,3082000,29269421,-26187421,-31161969,TWSE_T86_DAILY_INSTITUTIONAL_REPORT,2026-08-18T06:50:00.000Z
0056,2022-09-30,4203534,11954331,-7750797,145000,0,145000,272000,233417,38583,335000,25278664,-24943664,-32510878,TWSE_T86_DAILY_INSTITUTIONAL_REPORT,2026-08-18T06:50:00.000Z
0056,2022-10-03,2075253,8997200,-6921947,0,0,0,304000,255355,48645,817000,18792916,-17975916,-24849218,TWSE_T86_DAILY_INSTITUTIONAL_REPORT,2026-08-18T06:50:00.000Z
0056,2022-10-04,2047540,8741000,-6693460,340000,0,340000,608000,321541,286459,1028000,87930315,-86902315,-92969316,TWSE_T86_DAILY_INSTITUTIONAL_REPORT,2026-08-18T06:50:00.000Z
0056,2022-10-05,1716717,8967000,-7250283,0,0,0,431000,321348,109652,206000,77711713,-77505713,-84646344,TWSE_T86_DAILY_INSTITUTIONAL_REPORT,2026-08-18T06:50:00.000Z
0056,2022-10-06,1229834,5800100,-4570266,170000,0,170000,322000,311649,10351,1750000,47319994,-45569994,-49959909,TWSE_T86_DAILY_INSTITUTIONAL_REPORT,2026-08-18T06:50:00.000Z
0056,2022-10-07,1883445,19988258,-18104813,0,0,0,388000,362430,25570,1901000,46990149,-45089149,-63168392,TWSE_T86_DAILY_INSTITUTIONAL_REPORT,2026-08-18T06:50:00.000Z
0056,2022-10-11,2799986,40161500,-37361514,210000,0,210000,302000,441584,-139584,2293000,44167886,-41874886,-79165984,TWSE_T86_DAILY_INSTITUTIONAL_REPORT,2026-08-18T06:50:00.000Z
0056,2022-10-12,7597229,15324350,-7727121,390000,0,390000,325000,264551,60449,2818000,47514210,-44696210,-51972882,TWSE_T86_DAILY_INSTITUTIONAL_REPORT,2026-08-18T06:50:00.000Z
0056,2022-10-13,1372823,14849000,-13476177,0,0,0,315000,294254,20746,1373000,43021381,-41648381,-55103812,TWSE_T86_DAILY_INSTITUTIONAL_REPORT,2026-08-18T06:50:00.000Z
0056,2022-10-14,4040598,17426100,-13385502,190000,0,190000,143000,179481,-36481,4298000,15083800,-10785800,-24017783,TWSE_T86_DAILY_INSTITUTIONAL_REPORT,2026-08-18T06:50:00.000Z
0056,2022-10-17,1071829,23655000,-22583171,0,0,0,367144,365413,1731,3245000,100930725,-97685725,-120267165,TWSE_T86_DAILY_INSTITUTIONAL_REPORT,2026-08-18T06:50:00.000Z
0056,2022-10-18,1701718,22735000,-21033282,0,0,0,476000,936659,-460659,3920000,87089883,-83169883,-104663824,TWSE_T86_DAILY_INSTITUTIONAL_REPORT,2026-08-18T06:50:00.000Z
0056,2022-10-19,2989352,4371000,-1381648,5850000,0,5850000,28000,4375288,-4347288,25000,141043687,-141018687,-140897623,TWSE_T86_DAILY_INSTITUTIONAL_REPORT,2026-08-18T06:50:00.000Z
0056,2022-10-20,3937392,17468900,-13531508,0,0,0,195000,133222,61778,3936999,63846811,-59909812,-73379542,TWSE_T86_DAILY_INSTITUTIONAL_REPORT,2026-08-18T06:50:00.000Z
0056,2022-10-21,3930424,12852000,-8921576,168000,0,168000,70000,110000,-40000,2353000,18818645,-16465645,-25259221,TWSE_T86_DAILY_INSTITUTIONAL_REPORT,2026-08-18T06:50:00.000Z
0056,2022-10-24,3493671,6629000,-3135329,0,0,0,57000,26663,30337,1466000,6460906,-4994906,-8099898,TWSE_T86_DAILY_INSTITUTIONAL_REPORT,2026-08-18T06:50:00.000Z
0056,2022-10-25,3815791,9905100,-6089309,0,2785000,-2785000,111000,62663,48337,1938415,22923610,-20985195,-29811167,TWSE_T86_DAILY_INSTITUTIONAL_REPORT,2026-08-18T06:50:00.000Z
0056,2022-10-26,2570933,6799000,-4228067,2000000,0,2000000,36000,63695,-27695,1776000,10841676,-9065676,-11321438,TWSE_T86_DAILY_INSTITUTIONAL_REPORT,2026-08-18T06:50:00.000Z
0056,2022-10-27,2572831,7254000,-4681169,0,0,0,50000,0,50000,1862000,2463495,-601495,-5232664,TWSE_T86_DAILY_INSTITUTIONAL_REPORT,2026-08-18T06:50:00.000Z
0056,2022-10-28,437175,8608000,-8170825,0,0,0,52000,257823,-205823,48000,20322883,-20274883,-28651531,TWSE_T86_DAILY_INSTITUTIONAL_REPORT,2026-08-18T06:50:00.000Z
0056,2022-10-31,1612179,4389082,-2776903,155000,0,155000,14000,13932,68,1516000,1595152,-79152,-2700987,TWSE_T86_DAILY_INSTITUTIONAL_REPORT,2026-08-18T06:50:00.000Z
0056,2022-11-01,899708,4941000,-4041292,0,0,0,5000,13131,-8131,696000,5199166,-4503166,-8552589,TWSE_T86_DAILY_INSTITUTIONAL_REPORT,2026-08-18T06:50:00.000Z
0056,2022-11-02,1063396,3398068,-2334672,180000,0,180000,0,11000,-11000,325000,1801023,-1476023,-3641695,TWSE_T86_DAILY_INSTITUTIONAL_REPORT,2026-08-18T06:50:00.000Z
0056,2022-11-03,330844,5235965,-4905121,0,0,0,13000,13218,-218,356000,7637596,-7281596,-12186935,TWSE_T86_DAILY_INSTITUTIONAL_REPORT,2026-08-18T06:50:00.000Z
0056,2022-11-04,303849,4101000,-3797151,0,0,0,163000,142677,20323,1018999,9518000,-8499001,-12275829,TWSE_T86_DAILY_INSTITUTIONAL_REPORT,2026-08-18T06:50:00.000Z
0056,2022-11-07,1914822,5457658,-3542836,0,0,0,0,40000,-40000,1012999,3974374,-2961375,-6544211,TWSE_T86_DAILY_INSTITUTIONAL_REPORT,2026-08-18T06:50:00.000Z
0056,2022-11-08,2168525,6282755,-4114230,460000,0,460000,139000,179000,-40000,1584000,8035259,-6451259,-10145489,TWSE_T86_DAILY_INSTITUTIONAL_REPORT,2026-08-18T06:50:00.000Z
0056,2022-11-09,4124672,5363265,-1238593,0,0,0,10000,50000,-40000,4425000,1223640,3201360,1922767,TWSE_T86_DAILY_INSTITUTIONAL_REPORT,2026-08-18T06:50:00.000Z
0056,2022-11-10,1240788,4845688,-3604900,0,0,0,120000,11100,108900,771000,539549,231451,-3264549,TWSE_T86_DAILY_INSTITUTIONAL_REPORT,2026-08-18T06:50:00.000Z
0056,2022-11-11,2799250,4759000,-1959750,0,0,0,136000,34595,101405,4229035,334472,3894563,2036218,TWSE_T86_DAILY_INSTITUTIONAL_REPORT,2026-08-18T06:50:00.000Z
0056,2022-11-14,3024430,6401000,-3376570,0,0,0,5000,30000,-25000,19095361,652999,18442362,15040792,TWSE_T86_DAILY_INSTITUTIONAL_REPORT,2026-08-18T06:50:00.000Z
0056,2022-11-15,4077024,7236537,-3159513,0,0,0,71000,41960,29040,15114227,1303336,13810891,10680418,TWSE_T86_DAILY_INSTITUTIONAL_REPORT,2026-08-18T06:50:00.000Z
0056,2022-11-16,1302426,8848500,-7546074,300000,0,300000,149000,349317,-200317,14575000,2037046,12537954,5091563,TWSE_T86_DAILY_INSTITUTIONAL_REPORT,2026-08-18T06:50:00.000Z
0056,2022-11-17,4004550,4868762,-864212,0,0,0,40000,40000,0,10954996,1301980,9653016,8788804,TWSE_T86_DAILY_INSTITUTIONAL_REPORT,2026-08-18T06:50:00.000Z
0056,2022-11-18,1388660,4333900,-2945240,0,0,0,104525,1924351,-1819826,4078000,2639002,1438998,-3326068,TWSE_T86_DAILY_INSTITUTIONAL_REPORT,2026-08-18T06:50:00.000Z
0056,2022-11-21,1780650,6836000,-5055350,0,0,0,53000,53154,-154,1077232,2859218,-1781986,-6837490,TWSE_T86_DAILY_INSTITUTIONAL_REPORT,2026-08-18T06:50:00.000Z
0056,2022-11-22,878198,5512000,-4633802,0,0,0,163000,103616,59384,1395000,2553364,-1158364,-5732782,TWSE_T86_DAILY_INSTITUTIONAL_REPORT,2026-08-18T06:50:00.000Z
0056,2022-11-23,152572,1138218,-985646,0,0,0,7000,5699,1301,1000,1680181,-1679181,-2663526,TWSE_T86_DAILY_INSTITUTIONAL_REPORT,2026-08-18T06:50:00.000Z
0056,2022-11-24,4018160,586000,3432160,0,0,0,0,0,0,1713534,1236481,477053,3909213,TWSE_T86_DAILY_INSTITUTIONAL_REPORT,2026-08-18T06:50:00.000Z
0056,2022-11-25,1662275,1935000,-272725,0,0,0,75000,75039,-39,203000,3842853,-3639853,-3912617,TWSE_T86_DAILY_INSTITUTIONAL_REPORT,2026-08-18T06:50:00.000Z
0056,2022-11-28,1679440,10839000,-9159560,0,520000,-520000,84000,594891,-510891,894000,6687896,-5793896,-15984347,TWSE_T86_DAILY_INSTITUTIONAL_REPORT,2026-08-18T06:50:00.000Z
0056,2022-11-29,774400,5366309,-4591909,270000,0,270000,10000,19315,-9315,3407205,408063,2999142,-1332082,TWSE_T86_DAILY_INSTITUTIONAL_REPORT,2026-08-18T06:50:00.000Z
0056,2022-11-30,4734563,5222200,-487637,0,0,0,1000,41200,-40200,5410547,913959,4496588,3968751,TWSE_T86_DAILY_INSTITUTIONAL_REPORT,2026-08-18T06:50:00.000Z
0056,2022-12-01,2519566,5356300,-2836734,0,0,0,84000,94230,-10230,5126999,2418188,2708811,-138153,TWSE_T86_DAILY_INSTITUTIONAL_REPORT,2026-08-18T06:50:00.000Z
0056,2022-12-02,743590,6041000,-5297410,190000,0,190000,45000,74548,-29548,609000,2519682,-1910682,-7047640,TWSE_T86_DAILY_INSTITUTIONAL_REPORT,2026-08-18T06:50:00.000Z
0056,2022-12-05,4529034,4200550,328484,0,0,0,20000,20000,0,878998,1694858,-815860,-487376,TWSE_T86_DAILY_INSTITUTIONAL_REPORT,2026-08-18T06:50:00.000Z
0056,2022-12-06,1483520,8138000,-6654480,190000,0,190000,81000,80839,161,163000,15163006,-15000006,-21464325,TWSE_T86_DAILY_INSTITUTIONAL_REPORT,2026-08-18T06:50:00.000Z
0056,2022-12-07,1731237,3673000,-1941763,240000,0,240000,83000,93008,-10008,1125000,14097891,-12972891,-14684662,TWSE_T86_DAILY_INSTITUTIONAL_REPORT,2026-08-18T06:50:00.000Z
0056,2022-12-08,1805929,3971000,-2165071,0,0,0,90000,130124,-40124,309000,10036561,-9727561,-11932756,TWSE_T86_DAILY_INSTITUTIONAL_REPORT,2026-08-18T06:50:00.000Z
0056,2022-12-09,2047410,2956000,-908590,0,0,0,30000,0,30000,1655000,718000,937000,58410,TWSE_T86_DAILY_INSTITUTIONAL_REPORT,2026-08-18T06:50:00.000Z
0056,2022-12-12,1700397,2228000,-527603,0,0,0,45000,2465518,-2420518,548000,2950963,-2402963,-5351084,TWSE_T86_DAILY_INSTITUTIONAL_REPORT,2026-08-18T06:50:00.000Z
0056,2022-12-13,2101004,3267000,-1165996,240000,0,240000,22000,84565,-62565,1399000,1405000,-6000,-994561,TWSE_T86_DAILY_INSTITUTIONAL_REPORT,2026-08-18T06:50:00.000Z
0056,2022-12-14,2452160,2641510,-189350,0,0,0,11567,8981,2586,1422000,428000,994000,807236,TWSE_T86_DAILY_INSTITUTIONAL_REPORT,2026-08-18T06:50:00.000Z
0056,2022-12-15,2607826,2642000,-34174,0,0,0,439000,48455,390545,538000,2337863,-1799863,-1443492,TWSE_T86_DAILY_INSTITUTIONAL_REPORT,2026-08-18T06:50:00.000Z
0056,2022-12-16,4581275,3441000,1140275,240000,0,240000,68512,201985,-133473,1183000,13531475,-12348475,-11101673,TWSE_T86_DAILY_INSTITUTIONAL_REPORT,2026-08-18T06:50:00.000Z
0056,2022-12-19,3251000,948000,2303000,0,0,0,49723,49771,-48,1617000,74435,1542565,3845517,TWSE_T86_DAILY_INSTITUTIONAL_REPORT,2026-08-18T06:50:00.000Z
0056,2022-12-20,3168483,418000,2750483,0,0,0,281000,289613,-8613,501000,19596931,-19095931,-16354061,TWSE_T86_DAILY_INSTITUTIONAL_REPORT,2026-08-18T06:50:00.000Z
0056,2022-12-21,910693,506000,404693,470000,0,470000,54000,294644,-240644,35000,5530994,-5495994,-4861945,TWSE_T86_DAILY_INSTITUTIONAL_REPORT,2026-08-18T06:50:00.000Z
0056,2022-12-22,3087633,363500,2724133,0,0,0,236423,4000,232423,1092000,20000,1072000,4028556,TWSE_T86_DAILY_INSTITUTIONAL_REPORT,2026-08-18T06:50:00.000Z
0056,2022-12-23,240533,1246000,-1005467,0,0,0,10000,130000,-120000,160000,1229700,-1069700,-2195167,TWSE_T86_DAILY_INSTITUTIONAL_REPORT,2026-08-18T06:50:00.000Z
0056,2022-12-26,36569,260000,-223431,160000,0,160000,44000,55830,-11830,149000,3910690,-3761690,-3836951,TWSE_T86_DAILY_INSTITUTIONAL_REPORT,2026-08-18T06:50:00.000Z
0056,2022-12-27,1097146,489700,607446,310000,0,310000,24000,23716,284,803000,925689,-122689,795041,TWSE_T86_DAILY_INSTITUTIONAL_REPORT,2026-08-18T06:50:00.000Z
0056,2022-12-28,692346,3797000,-3104654,0,0,0,222000,182282,39718,168000,17192990,-17024990,-20089926,TWSE_T86_DAILY_INSTITUTIONAL_REPORT,2026-08-18T06:50:00.000Z
0056,2022-12-29,994492,6300,988192,0,0,0,191000,337484,-146484,419000,11966561,-11547561,-10705853,TWSE_T86_DAILY_INSTITUTIONAL_REPORT,2026-08-18T06:50:00.000Z
0056,2022-12-30,1401000,119100,1281900,0,0,0,2000,138793,-136793,221000,1448860,-1227860,-82753,TWSE_T86_DAILY_INSTITUTIONAL_REPORT,2026-08-18T06:50:00.000Z
0056,2023-01-03,1951449,511000,1440449,0,0,0,0,0,0,1109000,4935768,-3826768,-2386319,TWSE_T86_DAILY_INSTITUTIONAL_REPORT,2026-08-18T06:50:00.000Z
0056,2023-01-04,590504,439000,151504,160000,0,160000,53000,52156,844,1029000,5207497,-4178497,-3866149,TWSE_T86_DAILY_INSTITUTIONAL_REPORT,2026-08-18T06:50:00.000Z
0056,2023-01-05,1373361,299200,1074161,0,0,0,44000,425143,-381143,791000,4609208,-3818208,-3125190,TWSE_T86_DAILY_INSTITUTIONAL_REPORT,2026-08-18T06:50:00.000Z
0056,2023-01-06,3095858,264000,2831858,0,0,0,30000,0,30000,2085000,37000,2048000,4909858,TWSE_T86_DAILY_INSTITUTIONAL_REPORT,2026-08-18T06:50:00.000Z
0056,2023-01-09,15402130,863000,14539130,360000,0,360000,27000,37000,-10000,5072886,20092,5052794,19941924,TWSE_T86_DAILY_INSTITUTIONAL_REPORT,2026-08-18T06:50:00.000Z
0056,2023-01-10,5920507,523999,5396508,0,0,0,26000,50000,-24000,3955365,1286650,2668715,8041223,TWSE_T86_DAILY_INSTITUTIONAL_REPORT,2026-08-18T06:50:00.000Z
0056,2023-01-11,609315,106400,502915,190000,0,190000,7000,10000,-3000,2995000,1106772,1888228,2578143,TWSE_T86_DAILY_INSTITUTIONAL_REPORT,2026-08-18T06:50:00.000Z
0056,2023-01-12,362413,381200,-18787,0,0,0,0,10000,-10000,261000,2241125,-1980125,-2008912,TWSE_T86_DAILY_INSTITUTIONAL_REPORT,2026-08-18T06:50:00.000Z
0056,2023-01-13,2880162,1604000,1276162,0,0,0,13000,30000,-17000,1087000,1925554,-838554,420608,TWSE_T86_DAILY_INSTITUTIONAL_REPORT,2026-08-18T06:50:00.000Z
0056,2023-01-16,2354494,4155000,-1800506,120000,0,120000,10000,10000,0,379000,2571826,-2192826,-3873332,TWSE_T86_DAILY_INSTITUTIONAL_REPORT,2026-08-18T06:50:00.000Z
0056,2023-01-17,431000,901600,-470600,410000,0,410000,10000,0,10000,20000,22987,-2987,-53587,TWSE_T86_DAILY_INSTITUTIONAL_REPORT,2026-08-18T06:50:00.000Z
0056,2023-01-30,8536042,861500,7674542,190000,0,190000,10000,0,10000,2532000,398431,2133569,10008111,TWSE_T86_DAILY_INSTITUTIONAL_REPORT,2026-08-18T06:50:00.000Z
0056,2023-01-31,1817814,3971000,-2153186,480000,0,480000,3000,0,3000,4790000,1421744,3368256,1698070,TWSE_T86_DAILY_INSTITUTIONAL_REPORT,2026-08-18T06:50:00.000Z
0056,2023-02-01,1289224,3741000,-2451776,0,0,0,9000,0,9000,942000,413087,528913,-1913863,TWSE_T86_DAILY_INSTITUTIONAL_REPORT,2026-08-18T06:50:00.000Z
0056,2023-02-02,3683109,2562190,1120919,0,0,0,0,0,0,4867000,515994,4351006,5471925,TWSE_T86_DAILY_INSTITUTIONAL_REPORT,2026-08-18T06:50:00.000Z
0056,2023-02-03,1353624,2140000,-786376,0,0,0,0,10000,-10000,2283472,570154,1713318,916942,TWSE_T86_DAILY_INSTITUTIONAL_REPORT,2026-08-18T06:50:00.000Z
0056,2023-02-06,1595149,10284000,-8688851,0,0,0,0,10000,-10000,269000,6124774,-5855774,-14554625,TWSE_T86_DAILY_INSTITUTIONAL_REPORT,2026-08-18T06:50:00.000Z
0056,2023-02-07,2081730,1769000,312730,160000,0,160000,0,0,0,49000,761371,-712371,-239641,TWSE_T86_DAILY_INSTITUTIONAL_REPORT,2026-08-18T06:50:00.000Z
0056,2023-02-08,5370454,410000,4960454,0,0,0,20000,0,20000,821000,44000,777000,5757454,TWSE_T86_DAILY_INSTITUTIONAL_REPORT,2026-08-18T06:50:00.000Z
0056,2023-02-09,2450020,908000,1542020,0,0,0,5000,0,5000,64000,936986,-872986,674034,TWSE_T86_DAILY_INSTITUTIONAL_REPORT,2026-08-18T06:50:00.000Z
0056,2023-02-10,1845151,4908000,-3062849,0,0,0,9000,97000,-88000,311000,6716120,-6405120,-9555969,TWSE_T86_DAILY_INSTITUTIONAL_REPORT,2026-08-18T06:50:00.000Z
0056,2023-02-13,1206405,4294600,-3088195,260000,0,260000,6000,0,6000,240000,7791000,-7551000,-10373195,TWSE_T86_DAILY_INSTITUTIONAL_REPORT,2026-08-18T06:50:00.000Z
0056,2023-02-14,3517101,239000,3278101,62000,0,62000,0,10000,-10000,563000,7000,556000,3886101,TWSE_T86_DAILY_INSTITUTIONAL_REPORT,2026-08-18T06:50:00.000Z
0056,2023-02-15,2230750,3183100,-952350,0,0,0,29000,178000,-149000,342000,1854905,-1512905,-2614255,TWSE_T86_DAILY_INSTITUTIONAL_REPORT,2026-08-18T06:50:00.000Z
0056,2023-02-16,2695506,375200,2320306,220000,0,220000,410000,184000,226000,856034,12191031,-11334997,-8568691,TWSE_T86_DAILY_INSTITUTIONAL_REPORT,2026-08-18T06:50:00.000Z
0056,2023-02-17,1242127,1649000,-406873,0,0,0,149000,487782,-338782,1089000,5412698,-4323698,-5069353,TWSE_T86_DAILY_INSTITUTIONAL_REPORT,2026-08-18T06:50:00.000Z
0056,2023-02-20,1581110,434103,1147007,0,0,0,29000,3996,25004,2474000,6213704,-3739704,-2567693,TWSE_T86_DAILY_INSTITUTIONAL_REPORT,2026-08-18T06:50:00.000Z
0056,2023-02-21,2063050,1209070,853980,0,0,0,10647,0,10647,197000,14680000,-14483000,-13618373,TWSE_T86_DAILY_INSTITUTIONAL_REPORT,2026-08-18T06:50:00.000Z
0056,2023-02-22,2092941,5880000,-3787059,0,0,0,73000,563565,-490565,852000,9270012,-8418012,-12695636,TWSE_T86_DAILY_INSTITUTIONAL_REPORT,2026-08-18T06:50:00.000Z
0056,2023-02-23,2186865,683000,1503865,0,0,0,17330,12000,5330,1984000,15425000,-13441000,-11931805,TWSE_T86_DAILY_INSTITUTIONAL_REPORT,2026-08-18T06:50:00.000Z
0056,2023-02-24,2800317,377000,2423317,0,0,0,37000,35692,1308,570000,32065311,-31495311,-29070686,TWSE_T86_DAILY_INSTITUTIONAL_REPORT,2026-08-18T06:50:00.000Z
0056,2023-03-01,923354,2020000,-1096646,0,0,0,27000,27593,-593,287000,7405723,-7118723,-8215962,TWSE_T86_DAILY_INSTITUTIONAL_REPORT,2026-08-18T06:50:00.000Z
0056,2023-03-02,1060268,1171000,-110732,325000,0,325000,61000,39853,21147,1425000,2253763,-828763,-593348,TWSE_T86_DAILY_INSTITUTIONAL_REPORT,2026-08-18T06:50:00.000Z
0056,2023-03-03,2615343,266000,2349343,0,0,0,19000,0,19000,1650000,1050715,599285,2967628,TWSE_T86_DAILY_INSTITUTIONAL_REPORT,2026-08-18T06:50:00.000Z
0056,2023-03-06,2993050,296000,2697050,0,0,0,16370,16000,370,2119000,3869000,-1750000,947420,TWSE_T86_DAILY_INSTITUTIONAL_REPORT,2026-08-18T06:50:00.000Z
0056,2023-03-07,793741,917067,-123326,0,0,0,16000,816000,-800000,3666000,370000,3296000,2372674,TWSE_T86_DAILY_INSTITUTIONAL_REPORT,2026-08-18T06:50:00.000Z
0056,2023-03-08,3445456,3371000,74456,0,0,0,255000,137346,117654,90000,6517240,-6427240,-6235130,TWSE_T86_DAILY_INSTITUTIONAL_REPORT,2026-08-18T06:50:00.000Z
0056,2023-03-09,3223968,825787,2398181,0,0,0,48000,51881,-3881,72000,9470009,-9398009,-7003709,TWSE_T86_DAILY_INSTITUTIONAL_REPORT,2026-08-18T06:50:00.000Z
0056,2023-03-10,929900,2562000,-1632100,0,0,0,176000,147780,28220,567000,16927090,-16360090,-17963970,TWSE_T86_DAILY_INSTITUTIONAL_REPORT,2026-08-18T06:50:00.000Z
0056,2023-03-13,10302262,4520800,5781462,0,0,0,46726,77586,-30860,1533000,11905901,-10372901,-4622299,TWSE_T86_DAILY_INSTITUTIONAL_REPORT,2026-08-18T06:50:00.000Z
0056,2023-03-14,5959718,3177200,2782518,0,0,0,206000,126024,79976,90000,6243023,-6153023,-3290529,TWSE_T86_DAILY_INSTITUTIONAL_REPORT,2026-08-18T06:50:00.000Z
0056,2023-03-15,4209942,1309000,2900942,0,0,0,782000,183660,598340,239000,594701,-355701,3143581,TWSE_T86_DAILY_INSTITUTIONAL_REPORT,2026-08-18T06:50:00.000Z
0056,2023-03-16,4115404,5701000,-1585596,4505000,0,4505000,114036,73484,40552,1648000,5359301,-3711301,-751345,TWSE_T86_DAILY_INSTITUTIONAL_REPORT,2026-08-18T06:50:00.000Z
0056,2023-03-17,4794930,428000,4366930,5380000,0,5380000,134000,22913,111087,653000,741531,-88531,9769486,TWSE_T86_DAILY_INSTITUTIONAL_REPORT,2026-08-18T06:50:00.000Z
0056,2023-03-20,657689,1043000,-385311,5290000,0,5290000,52000,62093,-10093,2000,6692509,-6690509,-1795913,TWSE_T86_DAILY_INSTITUTIONAL_REPORT,2026-08-18T06:50:00.000Z
0056,2023-03-21,2073050,754000,1319050,255000,0,255000,1000,0,1000,707000,333000,374000,1949050,TWSE_T86_DAILY_INSTITUTIONAL_REPORT,2026-08-18T06:50:00.000Z
0056,2023-03-22,8820330,321200,8499130,0,0,0,210999,300000,-89001,1169299,34000,1135299,9545428,TWSE_T86_DAILY_INSTITUTIONAL_REPORT,2026-08-18T06:50:00.000Z
0056,2023-03-23,4954063,856100,4097963,0,0,0,93300,207457,-114157,3327000,318000,3009000,6992806,TWSE_T86_DAILY_INSTITUTIONAL_REPORT,2026-08-18T06:50:00.000Z
0056,2023-03-24,3704700,1810341,1894359,0,0,0,90166,27000,63166,12691118,256000,12435118,14392643,TWSE_T86_DAILY_INSTITUTIONAL_REPORT,2026-08-18T06:50:00.000Z
0056,2023-03-27,4696628,663035,4033593,860000,0,860000,42304,12222,30082,6597321,213325,6383996,11307671,TWSE_T86_DAILY_INSTITUTIONAL_REPORT,2026-08-18T06:50:00.000Z
0056,2023-03-28,788437,1719000,-930563,4865000,0,4865000,74000,94848,-20848,890000,792577,97423,4011012,TWSE_T86_DAILY_INSTITUTIONAL_REPORT,2026-08-18T06:50:00.000Z
0056,2023-03-29,147000,1457000,-1310000,4780000,0,4780000,36701,120213,-83512,561000,637428,-76428,3310060,TWSE_T86_DAILY_INSTITUTIONAL_REPORT,2026-08-18T06:50:00.000Z
0056,2023-03-30,826030,139102,686928,370000,0,370000,21733,1462,20271,13178999,857000,12321999,13399198,TWSE_T86_DAILY_INSTITUTIONAL_REPORT,2026-08-18T06:50:00.000Z
0056,2023-03-31,4380872,191000,4189872,1570000,0,1570000,699889,10000,689889,11395000,12104,11382896,17832657,TWSE_T86_DAILY_INSTITUTIONAL_REPORT,2026-08-18T06:50:00.000Z
0056,2023-04-06,477251,6235000,-5757749,1130000,0,1130000,27000,127750,-100750,657000,1450331,-793331,-5521830,TWSE_T86_DAILY_INSTITUTIONAL_REPORT,2026-08-18T06:50:00.000Z
0056,2023-04-07,347581,1091000,-743419,350000,0,350000,60000,169174,-109174,433000,328777,104223,-398370,TWSE_T86_DAILY_INSTITUTIONAL_REPORT,2026-08-18T06:50:00.000Z
0056,2023-04-10,1186717,1055100,131617,0,0,0,93000,33857,59143,1059000,383999,675001,865761,TWSE_T86_DAILY_INSTITUTIONAL_REPORT,2026-08-18T06:50:00.000Z
0056,2023-04-11,4089655,300000,3789655,175000,0,175000,36771,16000,20771,2850998,335987,2515011,6500437,TWSE_T86_DAILY_INSTITUTIONAL_REPORT,2026-08-18T06:50:00.000Z
0056,2023-04-12,231500,551000,-319500,0,0,0,10000,20000,-10000,1853000,870993,982007,652507,TWSE_T86_DAILY_INSTITUTIONAL_REPORT,2026-08-18T06:50:00.000Z
0056,2023-04-13,1362217,7583000,-6220783,0,0,0,16000,76407,-60407,115000,1396675,-1281675,-7562865,TWSE_T86_DAILY_INSTITUTIONAL_REPORT,2026-08-18T06:50:00.000Z
0056,2023-04-14,384634,2088750,-1704116,0,0,0,31000,26101,4899,128000,171426,-43426,-1742643,TWSE_T86_DAILY_INSTITUTIONAL_REPORT,2026-08-18T06:50:00.000Z
0056,2023-04-17,9004,3567508,-3558504,0,0,0,3000,12619,-9619,109000,1176971,-1067971,-4636094,TWSE_T86_DAILY_INSTITUTIONAL_REPORT,2026-08-18T06:50:00.000Z
0056,2023-04-18,365254,4722740,-4357486,0,0,0,54000,73861,-19861,38000,5581356,-5543356,-9920703,TWSE_T86_DAILY_INSTITUTIONAL_REPORT,2026-08-18T06:50:00.000Z
0056,2023-04-19,1125611,539000,586611,0,0,0,52000,411916,-359916,83000,2143581,-2060581,-1833886,TWSE_T86_DAILY_INSTITUTIONAL_REPORT,2026-08-18T06:50:00.000Z
0056,2023-04-20,1158350,1496000,-337650,0,0,0,108000,49646,58354,158000,2345394,-2187394,-2466690,TWSE_T86_DAILY_INSTITUTIONAL_REPORT,2026-08-18T06:50:00.000Z
0056,2023-04-21,432247,767000,-334753,0,0,0,885000,68551,816449,95000,12721349,-12626349,-12144653,TWSE_T86_DAILY_INSTITUTIONAL_REPORT,2026-08-18T06:50:00.000Z
0056,2023-04-24,768044,1262235,-494191,0,0,0,66000,20000,46000,76000,2264794,-2188794,-2636985,TWSE_T86_DAILY_INSTITUTIONAL_REPORT,2026-08-18T06:50:00.000Z
0056,2023-04-25,166679,2321139,-2154460,0,0,0,631000,20000,611000,1171000,45566474,-44395474,-45938934,TWSE_T86_DAILY_INSTITUTIONAL_REPORT,2026-08-18T06:50:00.000Z
0056,2023-04-26,1787062,1560000,227062,0,0,0,475000,107279,367721,579000,14248724,-13669724,-13074941,TWSE_T86_DAILY_INSTITUTIONAL_REPORT,2026-08-18T06:50:00.000Z
0056,2023-04-27,1310205,751000,559205,0,0,0,47000,476401,-429401,177000,2391094,-2214094,-2084290,TWSE_T86_DAILY_INSTITUTIONAL_REPORT,2026-08-18T06:50:00.000Z
0056,2023-04-28,244640,1172000,-927360,0,0,0,33000,20342,12658,160000,1726520,-1566520,-2481222,TWSE_T86_DAILY_INSTITUTIONAL_REPORT,2026-08-18T06:50:00.000Z
0056,2023-05-02,2701278,67000,2634278,400000,0,400000,20000,0,20000,48000,1050000,-1002000,2052278,TWSE_T86_DAILY_INSTITUTIONAL_REPORT,2026-08-18T06:50:00.000Z
0056,2023-05-03,161685,526000,-364315,110000,0,110000,41000,41229,-229,235000,4600454,-4365454,-4619998,TWSE_T86_DAILY_INSTITUTIONAL_REPORT,2026-08-18T06:50:00.000Z
0056,2023-05-04,522455,235000,287455,0,0,0,76000,35578,40422,402000,2027577,-1625577,-1297700,TWSE_T86_DAILY_INSTITUTIONAL_REPORT,2026-08-18T06:50:00.000Z
0056,2023-05-05,928179,205020,723159,0,0,0,175000,5099,169901,968000,203530,764470,1657530,TWSE_T86_DAILY_INSTITUTIONAL_REPORT,2026-08-18T06:50:00.000Z
0056,2023-05-08,1962209,251080,1711129,220000,0,220000,56000,5935,50065,685992,696992,-11000,1970194,TWSE_T86_DAILY_INSTITUTIONAL_REPORT,2026-08-18T06:50:00.000Z
0056,2023-05-09,809151,1463700,-654549,0,0,0,724000,39186,684814,776000,291367,484633,514898,TWSE_T86_DAILY_INSTITUTIONAL_REPORT,2026-08-18T06:50:00.000Z
0056,2023-05-10,796293,934000,-137707,0,0,0,50000,704522,-654522,717000,2063268,-1346268,-2138497,TWSE_T86_DAILY_INSTITUTIONAL_REPORT,2026-08-18T06:50:00.000Z
0056,2023-05-11,299248,1832000,-1532752,0,0,0,775000,115786,659214,235000,3098154,-2863154,-3736692,TWSE_T86_DAILY_INSTITUTIONAL_REPORT,2026-08-18T06:50:00.000Z
0056,2023-05-12,884477,675100,209377,0,0,0,56301,424701,-368400,572000,2454835,-1882835,-2041858,TWSE_T86_DAILY_INSTITUTIONAL_REPORT,2026-08-18T06:50:00.000Z
0056,2023-05-15,423576,545000,-121424,0,0,0,288000,85859,202141,224000,5991631,-5767631,-5686914,TWSE_T86_DAILY_INSTITUTIONAL_REPORT,2026-08-18T06:50:00.000Z
0056,2023-05-16,5098455,488900,4609555,200000,0,200000,943417,18000,925417,4409094,380000,4029094,9764066,TWSE_T86_DAILY_INSTITUTIONAL_REPORT,2026-08-18T06:50:00.000Z
0056,2023-05-17,6827404,21335,6806069,200000,0,200000,4096532,1768000,2328532,8095794,347000,7748794,17083395,TWSE_T86_DAILY_INSTITUTIONAL_REPORT,2026-08-18T06:50:00.000Z
0056,2023-05-18,9705054,625100,9079954,0,0,0,184166,413000,-228834,24386432,112000,24274432,33125552,TWSE_T86_DAILY_INSTITUTIONAL_REPORT,2026-08-18T06:50:00.000Z
0056,2023-05-19,9465017,491999,8973018,0,0,0,124231,291000,-166769,19804427,119000,19685427,28491676,TWSE_T86_DAILY_INSTITUTIONAL_REPORT,2026-08-18T06:50:00.000Z
0056,2023-05-22,3442250,793000,2649250,0,0,0,30000,816000,-786000,8294000,587000,7707000,9570250,TWSE_T86_DAILY_INSTITUTIONAL_REPORT,2026-08-18T06:50:00.000Z
0056,2023-05-23,1663943,648000,1015943,0,440000,-440000,67240,218000,-150760,7954080,533300,7420780,7845963,TWSE_T86_DAILY_INSTITUTIONAL_REPORT,2026-08-18T06:50:00.000Z
0056,2023-05-24,1416021,210000,1206021,0,0,0,682963,62109,620854,6555280,609695,5945585,7772460,TWSE_T86_DAILY_INSTITUTIONAL_REPORT,2026-08-18T06:50:00.000Z
0056,2023-05-25,2897334,543000,2354334,0,0,0,74410,83905,-9495,17306906,401289,16905617,19250456,TWSE_T86_DAILY_INSTITUTIONAL_REPORT,2026-08-18T06:50:00.000Z
0056,2023-05-26,12473803,1611000,10862803,0,0,0,156017,176000,-19983,22546264,33000,22513264,33356084,TWSE_T86_DAILY_INSTITUTIONAL_REPORT,2026-08-18T06:50:00.000Z
0056,2023-05-29,2331280,9313000,-6981720,0,250000,-250000,43000,153554,-110554,459000,10902547,-10443547,-17785821,TWSE_T86_DAILY_INSTITUTIONAL_REPORT,2026-08-18T06:50:00.000Z
0056,2023-05-30,4420110,6509500,-2089390,0,150000,-150000,159000,99189,59811,962000,2879251,-1917251,-4096830,TWSE_T86_DAILY_INSTITUTIONAL_REPORT,2026-08-18T06:50:00.000Z
0056,2023-05-31,1954539,4121000,-2166461,0,400000,-400000,39000,59355,-20355,1198955,455490,743465,-1843351,TWSE_T86_DAILY_INSTITUTIONAL_REPORT,2026-08-18T06:50:00.000Z
0056,2023-06-01,1144220,1458000,-313780,0,0,0,32000,22340,9660,1544000,680226,863774,559654,TWSE_T86_DAILY_INSTITUTIONAL_REPORT,2026-08-18T06:50:00.000Z
0056,2023-06-02,16073325,1465798,14607527,0,0,0,79289,159928,-80639,5116382,1606996,3509386,18036274,TWSE_T86_DAILY_INSTITUTIONAL_REPORT,2026-08-18T06:50:00.000Z
0056,2023-06-05,1218182,4188650,-2970468,0,0,0,409000,61252,347748,3596684,804891,2791793,169073,TWSE_T86_DAILY_INSTITUTIONAL_REPORT,2026-08-18T06:50:00.000Z
0056,2023-06-06,3444006,4553060,-1109054,0,330000,-330000,301170,151332,149838,779556,1209144,-429588,-1718804,TWSE_T86_DAILY_INSTITUTIONAL_REPORT,2026-08-18T06:50:00.000Z
0056,2023-06-07,2258014,372110,1885904,0,310000,-310000,442069,60000,382069,2640394,2009795,630599,2588572,TWSE_T86_DAILY_INSTITUTIONAL_REPORT,2026-08-18T06:50:00.000Z
0056,2023-06-08,988560,9914000,-8925440,0,190000,-190000,146000,97435,48565,589000,1780694,-1191694,-10258569,TWSE_T86_DAILY_INSTITUTIONAL_REPORT,2026-08-18T06:50:00.000Z
0056,2023-06-09,4053932,715652,3338280,0,640000,-640000,539998,17000,522998,15693046,2012993,13680053,16901331,TWSE_T86_DAILY_INSTITUTIONAL_REPORT,2026-08-18T06:50:00.000Z
0056,2023-06-12,7918887,3712500,4206387,0,0,0,304430,130690,173740,11041105,2777562,8263543,12643670,TWSE_T86_DAILY_INSTITUTIONAL_REPORT,2026-08-18T06:50:00.000Z
0056,2023-06-13,19576963,674020,18902943,0,0,0,451663,35406,416257,27393663,1000000,26393663,45712863,TWSE_T86_DAILY_INSTITUTIONAL_REPORT,2026-08-18T06:50:00.000Z
0056,2023-06-14,2869576,788310,2081266,0,300000,-300000,641000,10000,631000,19821337,766806,19054531,21466797,TWSE_T86_DAILY_INSTITUTIONAL_REPORT,2026-08-18T06:50:00.000Z
0056,2023-06-15,547708,1688641,-1140933,0,300000,-300000,30000,0,30000,27366003,454383,26911620,25500687,TWSE_T86_DAILY_INSTITUTIONAL_REPORT,2026-08-18T06:50:00.000Z
0056,2023-06-16,3492435,1602110,1890325,0,180000,-180000,209830,323000,-113170,9749797,1261577,8488220,10085375,TWSE_T86_DAILY_INSTITUTIONAL_REPORT,2026-08-18T06:50:00.000Z
0056,2023-06-19,3771340,3741550,29790,0,0,0,105000,14489,90511,2812075,470968,2341107,2461408,TWSE_T86_DAILY_INSTITUTIONAL_REPORT,2026-08-18T06:50:00.000Z
0056,2023-06-20,1427256,3754030,-2326774,0,100000,-100000,305000,92407,212593,11332000,1100992,10231008,8016827,TWSE_T86_DAILY_INSTITUTIONAL_REPORT,2026-08-18T06:50:00.000Z
0056,2023-06-21,10045089,705000,9340089,0,0,0,2037766,483000,1554766,5758581,1094530,4664051,15558906,TWSE_T86_DAILY_INSTITUTIONAL_REPORT,2026-08-18T06:50:00.000Z
0056,2023-06-26,2237614,5473957,-3236343,0,0,0,211000,78836,132164,378000,1377827,-999827,-4104006,TWSE_T86_DAILY_INSTITUTIONAL_REPORT,2026-08-18T06:50:00.000Z
0056,2023-06-27,4737445,10725000,-5987555,0,0,0,317000,1987571,-1670571,2753000,2553231,199769,-7458357,TWSE_T86_DAILY_INSTITUTIONAL_REPORT,2026-08-18T06:50:00.000Z
0056,2023-06-28,2075944,1989145,86799,0,100000,-100000,210000,48000,162000,1968720,466253,1502467,1651266,TWSE_T86_DAILY_INSTITUTIONAL_REPORT,2026-08-18T06:50:00.000Z
0056,2023-06-29,3944546,2380000,1564546,0,0,0,1056000,0,1056000,2164014,432157,1731857,4352403,TWSE_T86_DAILY_INSTITUTIONAL_REPORT,2026-08-18T06:50:00.000Z
0056,2023-06-30,2690207,1964048,726159,0,0,0,970452,0,970452,1137915,163816,974099,2670710,TWSE_T86_DAILY_INSTITUTIONAL_REPORT,2026-08-18T06:50:00.000Z
0056,2023-07-03,4097860,2985549,1112311,0,0,0,313352,748000,-434648,8863181,2315504,6547677,7225340,TWSE_T86_DAILY_INSTITUTIONAL_REPORT,2026-08-18T06:50:00.000Z
0056,2023-07-04,3733824,19374032,-15640208,0,0,0,1837254,1096384,740870,771208,12236027,-11464819,-26364157,TWSE_T86_DAILY_INSTITUTIONAL_REPORT,2026-08-18T06:50:00.000Z
0056,2023-07-05,2797656,19982000,-17184344,250000,0,250000,210000,600668,-390668,12000,12653141,-12641141,-29966153,TWSE_T86_DAILY_INSTITUTIONAL_REPORT,2026-08-18T06:50:00.000Z
0056,2023-07-06,2625929,18996112,-16370183,0,0,0,1343000,3974236,-2631236,120000,20715429,-20595429,-39596848,TWSE_T86_DAILY_INSTITUTIONAL_REPORT,2026-08-18T06:50:00.000Z
0056,2023-07-07,6109777,5176020,933757,0,0,0,846000,1478302,-632302,309346,23900646,-23591300,-23289845,TWSE_T86_DAILY_INSTITUTIONAL_REPORT,2026-08-18T06:50:00.000Z
0056,2023-07-10,4563218,6343003,-1779785,0,0,0,728000,181567,546433,121500,8623453,-8501953,-9735305,TWSE_T86_DAILY_INSTITUTIONAL_REPORT,2026-08-18T06:50:00.000Z
0056,2023-07-11,11927305,3348455,8578850,4000000,500000,3500000,1078309,68000,1010309,1191320,438881,752439,13841598,TWSE_T86_DAILY_INSTITUTIONAL_REPORT,2026-08-18T06:50:00.000Z
0056,2023-07-12,13901930,7253529,6648401,7000000,558000,6442000,1538254,26012,1512242,11882374,2114175,9768199,24370842,TWSE_T86_DAILY_INSTITUTIONAL_REPORT,2026-08-18T06:50:00.000Z
0056,2023-07-13,26534054,9642200,16891854,4199000,330000,3869000,2998508,1070789,1927719,38489948,3216489,35273459,57962032,TWSE_T86_DAILY_INSTITUTIONAL_REPORT,2026-08-18T06:50:00.000Z
0056,2023-07-14,22374156,8214010,14160146,5000000,700000,4300000,564586,454359,110227,36324029,663116,35660913,54231286,TWSE_T86_DAILY_INSTITUTIONAL_REPORT,2026-08-18T06:50:00.000Z
0056,2023-07-17,12028796,10159000,1869796,5000000,0,5000000,560221,180087,380134,22043005,1350720,20692285,27942215,TWSE_T86_DAILY_INSTITUTIONAL_REPORT,2026-08-18T06:50:00.000Z
0056,2023-07-18,15363958,10843250,4520708,0,380000,-380000,300683,1090763,-790080,17484271,6598406,10885865,14236493,TWSE_T86_DAILY_INSTITUTIONAL_REPORT,2026-08-18T06:50:00.000Z
0056,2023-07-19,13151388,9013250,4138138,0,750000,-750000,796724,1101263,-304539,27808327,585642,27222685,30306284,TWSE_T86_DAILY_INSTITUTIONAL_REPORT,2026-08-18T06:50:00.000Z
0056,2023-07-20,6337611,2949000,3388611,0,600000,-600000,136517,146267,-9750,13182362,268906,12913456,15692317,TWSE_T86_DAILY_INSTITUTIONAL_REPORT,2026-08-18T06:50:00.000Z
0056,2023-07-21,6121332,3047000,3074332,0,400000,-400000,613012,736305,-123293,42205223,610639,41594584,44145623,TWSE_T86_DAILY_INSTITUTIONAL_REPORT,2026-08-18T06:50:00.000Z
0056,2023-07-24,9585595,4494676,5090919,0,350000,-350000,396772,756957,-360185,117626495,1132175,116494320,120875054,TWSE_T86_DAILY_INSTITUTIONAL_REPORT,2026-08-18T06:50:00.000Z
0056,2023-07-25,26024366,5790800,20233566,0,550000,-550000,344952,1345126,-1000174,59150827,15643701,43507126,62190518,TWSE_T86_DAILY_INSTITUTIONAL_REPORT,2026-08-18T06:50:00.000Z
0056,2023-07-26,8362976,5184290,3178686,0,700000,-700000,181248,291034,-109786,27939575,1138266,26801309,29170209,TWSE_T86_DAILY_INSTITUTIONAL_REPORT,2026-08-18T06:50:00.000Z
0056,2023-07-27,18543136,4081900,14461236,0,150000,-150000,199751,120024,79727,12959484,2049491,10909993,25300956,TWSE_T86_DAILY_INSTITUTIONAL_REPORT,2026-08-18T06:50:00.000Z
0056,2023-07-28,6096222,5019000,1077222,0,330000,-330000,344314,243832,100482,57720777,667624,57053153,57900857,TWSE_T86_DAILY_INSTITUTIONAL_REPORT,2026-08-18T06:50:00.000Z
0056,2023-07-31,22682251,13391864,9290387,0,330000,-330000,563624,784106,-220482,23556713,4601507,18955206,27695111,TWSE_T86_DAILY_INSTITUTIONAL_REPORT,2026-08-18T06:50:00.000Z
0056,2023-08-01,16686185,12527000,4159185,0,600000,-600000,330179,105179,225000,20429185,696362,19732823,23517008,TWSE_T86_DAILY_INSTITUTIONAL_REPORT,2026-08-18T06:50:00.000Z
0056,2023-08-02,19944961,26913600,-6968639,0,180000,-180000,761663,1569661,-807998,10064379,4028477,6035902,-1920735,TWSE_T86_DAILY_INSTITUTIONAL_REPORT,2026-08-18T06:50:00.000Z
0056,2023-08-04,16936948,15054670,1882278,0,500000,-500000,694126,1529128,-835002,18206445,580367,17626078,18173354,TWSE_T86_DAILY_INSTITUTIONAL_REPORT,2026-08-18T06:50:00.000Z
0056,2023-08-07,4152993,4699510,-546517,0,0,0,494202,493851,351,13583858,447605,13136253,12590087,TWSE_T86_DAILY_INSTITUTIONAL_REPORT,2026-08-18T06:50:00.000Z
0056,2023-08-08,5085948,13283320,-8197372,0,0,0,160008,1520359,-1360351,12962614,1661775,11300839,1743116,TWSE_T86_DAILY_INSTITUTIONAL_REPORT,2026-08-18T06:50:00.000Z
0056,2023-08-09,7356431,6692000,664431,0,0,0,280396,220396,60000,3615274,564768,3050506,3774937,TWSE_T86_DAILY_INSTITUTIONAL_REPORT,2026-08-18T06:50:00.000Z
0056,2023-08-10,4765867,22581000,-17815133,0,0,0,455196,666196,-211000,329998,9344877,-9014879,-27041012,TWSE_T86_DAILY_INSTITUTIONAL_REPORT,2026-08-18T06:50:00.000Z
0056,2023-08-11,6506197,5418600,1087597,0,0,0,139748,496748,-357000,534109,100464,433645,1164242,TWSE_T86_DAILY_INSTITUTIONAL_REPORT,2026-08-18T06:50:00.000Z
0056,2023-08-14,7690825,8986040,-1295215,0,0,0,280000,279322,678,259000,2967204,-2708204,-4002741,TWSE_T86_DAILY_INSTITUTIONAL_REPORT,2026-08-18T06:50:00.000Z
0056,2023-08-15,11727989,1831200,9896789,300000,0,300000,211360,102038,109322,1459710,481573,978137,11284248,TWSE_T86_DAILY_INSTITUTIONAL_REPORT,2026-08-18T06:50:00.000Z
0056,2023-08-16,9993465,2172873,7820592,400000,0,400000,87876,1602876,-1515000,3399088,368497,3030591,9736183,TWSE_T86_DAILY_INSTITUTIONAL_REPORT,2026-08-18T06:50:00.000Z
0056,2023-08-17,4603375,5991000,-1387625,400000,0,400000,368342,381599,-13257,5806213,390702,5415511,4414629,TWSE_T86_DAILY_INSTITUTIONAL_REPORT,2026-08-18T06:50:00.000Z
0056,2023-08-18,5590743,12376648,-6785905,200000,0,200000,339067,269810,69257,2893266,9287535,-6394269,-12910917,TWSE_T86_DAILY_INSTITUTIONAL_REPORT,2026-08-18T06:50:00.000Z
0056,2023-08-21,5203784,3925380,1278404,0,0,0,225315,655315,-430000,466902,667551,-200649,647755,TWSE_T86_DAILY_INSTITUTIONAL_REPORT,2026-08-18T06:50:00.000Z
0056,2023-08-22,6497212,2568150,3929062,0,0,0,157210,72207,85003,6562406,802,6561604,10575669,TWSE_T86_DAILY_INSTITUTIONAL_REPORT,2026-08-18T06:50:00.000Z
0056,2023-08-23,1749260,1651000,98260,0,0,0,94257,144260,-50003,10540510,149565,10390945,10439202,TWSE_T86_DAILY_INSTITUTIONAL_REPORT,2026-08-18T06:50:00.000Z
0056,2023-08-24,13067419,5930840,7136579,0,0,0,123797,223797,-100000,27097526,423533,26673993,33710572,TWSE_T86_DAILY_INSTITUTIONAL_REPORT,2026-08-18T06:50:00.000Z
0056,2023-08-25,3038689,13642000,-10603311,0,0,0,10000,0,10000,306000,4810916,-4504916,-15098227,TWSE_T86_DAILY_INSTITUTIONAL_REPORT,2026-08-18T06:50:00.000Z
0056,2023-08-28,5134175,8696000,-3561825,0,0,0,100847,121187,-20340,1233526,5281149,-4047623,-7629788,TWSE_T86_DAILY_INSTITUTIONAL_REPORT,2026-08-18T06:50:00.000Z
0056,2023-08-29,1756603,2434000,-677397,0,0,0,113137,82788,30349,1204050,813960,390090,-256958,TWSE_T86_DAILY_INSTITUTIONAL_REPORT,2026-08-18T06:50:00.000Z
0056,2023-08-30,4931911,808100,4123811,0,0,0,95000,70000,25000,3543223,192999,3350224,7499035,TWSE_T86_DAILY_INSTITUTIONAL_REPORT,2026-08-18T06:50:00.000Z
0056,2023-08-31,1878833,2246160,-367327,0,0,0,44208,64208,-20000,646673,899332,-252659,-639986,TWSE_T86_DAILY_INSTITUTIONAL_REPORT,2026-08-18T06:50:00.000Z
0056,2023-09-01,1244811,3392000,-2147189,0,0,0,25000,35364,-10364,35000,2001933,-1966933,-4124486,TWSE_T86_DAILY_INSTITUTIONAL_REPORT,2026-08-18T06:50:00.000Z
0056,2023-09-04,4645080,2152025,2493055,0,0,0,31999,411000,-379001,238107,685107,-447000,1667054,TWSE_T86_DAILY_INSTITUTIONAL_REPORT,2026-08-18T06:50:00.000Z
0056,2023-09-05,5888170,898050,4990120,0,0,0,39493,39219,274,1729797,294638,1435159,6425553,TWSE_T86_DAILY_INSTITUTIONAL_REPORT,2026-08-18T06:50:00.000Z
0056,2023-09-06,1896786,1425620,471166,0,0,0,91000,126000,-35000,5977924,634677,5343247,5779413,TWSE_T86_DAILY_INSTITUTIONAL_REPORT,2026-08-18T06:50:00.000Z
0056,2023-09-07,929854,2876000,-1946146,0,0,0,90000,40000,50000,149148,1189137,-1039989,-2936135,TWSE_T86_DAILY_INSTITUTIONAL_REPORT,2026-08-18T06:50:00.000Z
0056,2023-09-08,827736,1903000,-1075264,0,0,0,10000,30000,-20000,755000,671321,83679,-1011585,TWSE_T86_DAILY_INSTITUTIONAL_REPORT,2026-08-18T06:50:00.000Z
0056,2023-09-11,3311818,15549350,-12237532,0,0,0,0,190000,-190000,380000,13204936,-12824936,-25252468,TWSE_T86_DAILY_INSTITUTIONAL_REPORT,2026-08-18T06:50:00.000Z
0056,2023-09-12,5279666,2067000,3212666,0,0,0,0,440000,-440000,895181,1790709,-895528,1877138,TWSE_T86_DAILY_INSTITUTIONAL_REPORT,2026-08-18T06:50:00.000Z
0056,2023-09-13,2010479,1898000,112479,0,0,0,30000,60000,-30000,414368,2241044,-1826676,-1744197,TWSE_T86_DAILY_INSTITUTIONAL_REPORT,2026-08-18T06:50:00.000Z
0056,2023-09-14,13019657,843000,12176657,0,0,0,80000,150000,-70000,2311228,160000,2151228,14257885,TWSE_T86_DAILY_INSTITUTIONAL_REPORT,2026-08-18T06:50:00.000Z
0056,2023-09-15,9067067,1082863,7984204,0,0,0,75814,10000,65814,9098925,287985,8810940,16860958,TWSE_T86_DAILY_INSTITUTIONAL_REPORT,2026-08-18T06:50:00.000Z
0056,2023-09-18,752072,12413000,-11660928,0,0,0,30000,0,30000,10000,2580085,-2570085,-14201013,TWSE_T86_DAILY_INSTITUTIONAL_REPORT,2026-08-18T06:50:00.000Z
0056,2023-09-19,289674,6841003,-6551329,0,0,0,30000,11000,19000,0,1359117,-1359117,-7891446,TWSE_T86_DAILY_INSTITUTIONAL_REPORT,2026-08-18T06:50:00.000Z
0056,2023-09-20,1260935,5488000,-4227065,0,0,0,110000,7000,103000,423042,2508284,-2085242,-6209307,TWSE_T86_DAILY_INSTITUTIONAL_REPORT,2026-08-18T06:50:00.000Z
0056,2023-09-21,2240622,14143000,-11902378,0,0,0,159000,209000,-50000,11000,14251218,-14240218,-26192596,TWSE_T86_DAILY_INSTITUTIONAL_REPORT,2026-08-18T06:50:00.000Z
0056,2023-09-22,1810792,1010105,800687,0,0,0,20000,110000,-90000,352000,3403865,-3051865,-2341178,TWSE_T86_DAILY_INSTITUTIONAL_REPORT,2026-08-18T06:50:00.000Z
0056,2023-09-25,1732333,1873000,-140667,0,0,0,0,50000,-50000,218964,1999087,-1780123,-1970790,TWSE_T86_DAILY_INSTITUTIONAL_REPORT,2026-08-18T06:50:00.000Z
0056,2023-09-26,365809,7966800,-7600991,0,0,0,0,1270000,-1270000,117000,4546340,-4429340,-13300331,TWSE_T86_DAILY_INSTITUTIONAL_REPORT,2026-08-18T06:50:00.000Z
0056,2023-09-27,2407789,911300,1496489,0,0,0,60000,1660000,-1600000,379429,1283942,-904513,-1008024,TWSE_T86_DAILY_INSTITUTIONAL_REPORT,2026-08-18T06:50:00.000Z
0056,2023-09-28,3629780,1340000,2289780,0,0,0,20000,90000,-70000,1488180,621870,866310,3086090,TWSE_T86_DAILY_INSTITUTIONAL_REPORT,2026-08-18T06:50:00.000Z
0056,2023-10-02,21424916,2412000,19012916,350000,0,350000,599000,29000,570000,2977756,627523,2350233,22283149,TWSE_T86_DAILY_INSTITUTIONAL_REPORT,2026-08-18T06:50:00.000Z
0056,2023-10-03,1193181,15688000,-14494819,0,0,0,2230779,68933,2161846,167000,39839463,-39672463,-52005436,TWSE_T86_DAILY_INSTITUTIONAL_REPORT,2026-08-18T06:50:00.000Z
0056,2023-10-04,351680,9147000,-8795320,0,0,0,421113,1238113,-817000,804000,26489680,-25685680,-35298000,TWSE_T86_DAILY_INSTITUTIONAL_REPORT,2026-08-18T06:50:00.000Z
0056,2023-10-05,1315000,425150,889850,1500000,0,1500000,105000,15000,90000,1205000,10216944,-9011944,-6532094,TWSE_T86_DAILY_INSTITUTIONAL_REPORT,2026-08-18T06:50:00.000Z
0056,2023-10-06,1099903,956000,143903,2000000,0,2000000,171309,25887,145422,342000,18215963,-17873963,-15584638,TWSE_T86_DAILY_INSTITUTIONAL_REPORT,2026-08-18T06:50:00.000Z
0056,2023-10-11,6164426,7008150,-843724,2281000,0,2281000,445000,1735000,-1290000,2024000,21537330,-19513330,-19366054,TWSE_T86_DAILY_INSTITUTIONAL_REPORT,2026-08-18T06:50:00.000Z
0056,2023-10-12,2837317,556354,2280963,809000,0,809000,68396,9397,58999,95794,6627990,-6532196,-3383234,TWSE_T86_DAILY_INSTITUTIONAL_REPORT,2026-08-18T06:50:00.000Z
0056,2023-10-13,37802,2322100,-2284298,1124000,0,1124000,87639,9639,78000,330000,49918687,-49588687,-50670985,TWSE_T86_DAILY_INSTITUTIONAL_REPORT,2026-08-18T06:50:00.000Z
0056,2023-10-16,485486,2231200,-1745714,972000,0,972000,3000,0,3000,438589,59495055,-59056466,-59827180,TWSE_T86_DAILY_INSTITUTIONAL_REPORT,2026-08-18T06:50:00.000Z
0056,2023-10-17,1727922,13622000,-11894078,2208000,0,2208000,38000,180000,-142000,563000,78248660,-77685660,-87513738,TWSE_T86_DAILY_INSTITUTIONAL_REPORT,2026-08-18T06:50:00.000Z
0056,2023-10-18,2875907,19451300,-16575393,2000000,0,2000000,318000,209999,108001,1235000,131664551,-130429551,-144896943,TWSE_T86_DAILY_INSTITUTIONAL_REPORT,2026-08-18T06:50:00.000Z
0056,2023-10-19,5080396,1998946,3081450,300000,0,300000,369000,0,369000,562000,98805395,-98243395,-94492945,TWSE_T86_DAILY_INSTITUTIONAL_REPORT,2026-08-18T06:50:00.000Z
0056,2023-10-20,1111650,14881000,-13769350,500000,0,500000,355522,309497,46025,250000,26495349,-26245349,-39468674,TWSE_T86_DAILY_INSTITUTIONAL_REPORT,2026-08-18T06:50:00.000Z
0056,2023-10-23,986434,8895100,-7908666,250000,0,250000,41152,158152,-117000,354000,18518935,-18164935,-25940601,TWSE_T86_DAILY_INSTITUTIONAL_REPORT,2026-08-18T06:50:00.000Z
0056,2023-10-24,2450215,4147200,-1696985,0,0,0,4000,80000,-76000,2156621,6270649,-4114028,-5887013,TWSE_T86_DAILY_INSTITUTIONAL_REPORT,2026-08-18T06:50:00.000Z
0056,2023-10-25,295600,1848100,-1552500,0,0,0,52669,2694,49975,115000,12470914,-12355914,-13858439,TWSE_T86_DAILY_INSTITUTIONAL_REPORT,2026-08-18T06:50:00.000Z
0056,2023-10-26,1484840,16424000,-14939160,400000,0,400000,68000,152000,-84000,30000,33010095,-32980095,-47603255,TWSE_T86_DAILY_INSTITUTIONAL_REPORT,2026-08-18T06:50:00.000Z
0056,2023-10-27,1615925,416710,1199215,150000,0,150000,12000,22000,-10000,786000,9403327,-8617327,-7278112,TWSE_T86_DAILY_INSTITUTIONAL_REPORT,2026-08-18T06:50:00.000Z
0056,2023-10-30,1188354,1220000,-31646,150000,0,150000,0,109539,-109539,0,5764130,-5764130,-5755315,TWSE_T86_DAILY_INSTITUTIONAL_REPORT,2026-08-18T06:50:00.000Z
0056,2023-10-31,259899,7806100,-7546201,0,0,0,1000,71000,-70000,143000,34617017,-34474017,-42090218,TWSE_T86_DAILY_INSTITUTIONAL_REPORT,2026-08-18T06:50:00.000Z
0056,2023-11-01,883964,817101,66863,0,0,0,0,40000,-40000,944000,7333998,-6389998,-6363135,TWSE_T86_DAILY_INSTITUTIONAL_REPORT,2026-08-18T06:50:00.000Z
0056,2023-11-02,7378750,547000,6831750,0,0,0,462936,32936,430000,1966558,1084108,882450,8144200,TWSE_T86_DAILY_INSTITUTIONAL_REPORT,2026-08-18T06:50:00.000Z
0056,2023-11-03,1409272,1191290,217982,0,0,0,110000,60000,50000,415000,1582098,-1167098,-899116,TWSE_T86_DAILY_INSTITUTIONAL_REPORT,2026-08-18T06:50:00.000Z
0056,2023-11-06,7629766,131254,7498512,0,2200000,-2200000,160000,10000,150000,1427674,408534,1019140,6467652,TWSE_T86_DAILY_INSTITUTIONAL_REPORT,2026-08-18T06:50:00.000Z
0056,2023-11-07,2617523,716100,1901423,0,1600000,-1600000,22000,50000,-28000,2108000,679617,1428383,1701806,TWSE_T86_DAILY_INSTITUTIONAL_REPORT,2026-08-18T06:50:00.000Z
0056,2023-11-08,7421998,1094600,6327398,0,0,0,210000,79000,131000,5521742,745462,4776280,11234678,TWSE_T86_DAILY_INSTITUTIONAL_REPORT,2026-08-18T06:50:00.000Z
0056,2023-11-09,4791333,617300,4174033,0,2650000,-2650000,31165,10165,21000,3588185,784071,2804114,4349147,TWSE_T86_DAILY_INSTITUTIONAL_REPORT,2026-08-18T06:50:00.000Z
0056,2023-11-10,630995,2251000,-1620005,0,3000000,-3000000,41000,61000,-20000,1979000,1547994,431006,-4208999,TWSE_T86_DAILY_INSTITUTIONAL_REPORT,2026-08-18T06:50:00.000Z
0056,2023-11-13,499836,1055151,-555315,0,0,0,0,80000,-80000,3984986,1306182,2678804,2043489,TWSE_T86_DAILY_INSTITUTIONAL_REPORT,2026-08-18T06:50:00.000Z
0056,2023-11-14,6134110,919000,5215110,0,2400000,-2400000,31005,1005,30000,8054753,302907,7751846,10596956,TWSE_T86_DAILY_INSTITUTIONAL_REPORT,2026-08-18T06:50:00.000Z
0056,2023-11-15,10631179,1388016,9243163,0,2800000,-2800000,70000,600000,-530000,12340105,307701,12032404,17945567,TWSE_T86_DAILY_INSTITUTIONAL_REPORT,2026-08-18T06:50:00.000Z
0056,2023-11-16,1824900,1014000,810900,0,5695000,-5695000,140589,589,140000,2336000,2023847,312153,-4431947,TWSE_T86_DAILY_INSTITUTIONAL_REPORT,2026-08-18T06:50:00.000Z
0056,2023-11-17,2696912,159950,2536962,0,5003000,-5003000,11999,41999,-30000,6311032,245374,6065658,3569620,TWSE_T86_DAILY_INSTITUTIONAL_REPORT,2026-08-18T06:50:00.000Z
0056,2023-11-20,1773677,1925704,-152027,0,2750000,-2750000,2000,2000,0,1970738,2026955,-56217,-2958244,TWSE_T86_DAILY_INSTITUTIONAL_REPORT,2026-08-18T06:50:00.000Z
0056,2023-11-21,16591373,437400,16153973,0,0,0,20000,30000,-10000,24358903,900000,23458903,39602876,TWSE_T86_DAILY_INSTITUTIONAL_REPORT,2026-08-18T06:50:00.000Z
0056,2023-11-22,238487,6416000,-6177513,0,0,0,1799,1799,0,608000,3379208,-2771208,-8948721,TWSE_T86_DAILY_INSTITUTIONAL_REPORT,2026-08-18T06:50:00.000Z
0056,2023-11-23,282695,4016500,-3733805,0,1200000,-1200000,375,139375,-139000,139000,1302923,-1163923,-6236728,TWSE_T86_DAILY_INSTITUTIONAL_REPORT,2026-08-18T06:50:00.000Z
0056,2023-11-24,224052,3125310,-2901258,0,0,0,0,10000,-10000,413000,748541,-335541,-3246799,TWSE_T86_DAILY_INSTITUTIONAL_REPORT,2026-08-18T06:50:00.000Z
0056,2023-11-27,294546,12397000,-12102454,0,0,0,0,310461,-310461,178000,2409969,-2231969,-14644884,TWSE_T86_DAILY_INSTITUTIONAL_REPORT,2026-08-18T06:50:00.000Z
0056,2023-11-28,685233,1329000,-643767,0,2031000,-2031000,205775,7128,198647,2670571,294665,2375906,-100214,TWSE_T86_DAILY_INSTITUTIONAL_REPORT,2026-08-18T06:50:00.000Z
0056,2023-11-29,3217254,296828,2920426,0,2040000,-2040000,84587,32000,52587,12569468,6090191,6479277,7412290,TWSE_T86_DAILY_INSTITUTIONAL_REPORT,2026-08-18T06:50:00.000Z
0056,2023-11-30,2172093,1815300,356793,0,2037000,-2037000,10000,100993,-90993,554582,681786,-127204,-1898404,TWSE_T86_DAILY_INSTITUTIONAL_REPORT,2026-08-18T06:50:00.000Z
0056,2023-12-01,2167223,628100,1539123,0,2025000,-2025000,12000,268000,-256000,6329635,575291,5754344,5012467,TWSE_T86_DAILY_INSTITUTIONAL_REPORT,2026-08-18T06:50:00.000Z
0056,2023-12-04,2382705,439500,1943205,0,2027000,-2027000,0,20000,-20000,2347000,334954,2012046,1908251,TWSE_T86_DAILY_INSTITUTIONAL_REPORT,2026-08-18T06:50:00.000Z
0056,2023-12-05,1267132,4536150,-3269018,0,1950000,-1950000,40000,351250,-311250,670000,3904832,-3234832,-8765100,TWSE_T86_DAILY_INSTITUTIONAL_REPORT,2026-08-18T06:50:00.000Z
0056,2023-12-06,8665994,108188,8557806,0,1950000,-1950000,0,10000,-10000,9099764,69626,9030138,15627944,TWSE_T86_DAILY_INSTITUTIONAL_REPORT,2026-08-18T06:50:00.000Z
0056,2023-12-07,1966886,599200,1367686,0,2040000,-2040000,510000,0,510000,4273729,848224,3425505,3263191,TWSE_T86_DAILY_INSTITUTIONAL_REPORT,2026-08-18T06:50:00.000Z
0056,2023-12-08,4531940,508472,4023468,0,2020000,-2020000,10000,0,10000,7020991,122636,6898355,8911823,TWSE_T86_DAILY_INSTITUTIONAL_REPORT,2026-08-18T06:50:00.000Z
0056,2023-12-11,239566,743200,-503634,230000,2020000,-1790000,581000,0,581000,2576000,408095,2167905,455271,TWSE_T86_DAILY_INSTITUTIONAL_REPORT,2026-08-18T06:50:00.000Z
0056,2023-12-12,1616514,145000,1471514,150000,2000000,-1850000,7000,0,7000,11892469,15000,11877469,11505983,TWSE_T86_DAILY_INSTITUTIONAL_REPORT,2026-08-18T06:50:00.000Z
0056,2023-12-13,10030550,359920,9670630,0,1800000,-1800000,340000,9000,331000,37227642,60000,37167642,45369272,TWSE_T86_DAILY_INSTITUTIONAL_REPORT,2026-08-18T06:50:00.000Z
0056,2023-12-14,9747658,894270,8853388,0,1600000,-1600000,250000,20000,230000,27747559,80000,27667559,35150947,TWSE_T86_DAILY_INSTITUTIONAL_REPORT,2026-08-18T06:50:00.000Z
0056,2023-12-15,2992904,2447029,545875,0,1600000,-1600000,8000,0,8000,4732000,564188,4167812,3121687,TWSE_T86_DAILY_INSTITUTIONAL_REPORT,2026-08-18T06:50:00.000Z
0056,2023-12-18,1184797,3591150,-2406353,300000,1500000,-1200000,23000,90000,-67000,1255436,2239626,-984190,-4657543,TWSE_T86_DAILY_INSTITUTIONAL_REPORT,2026-08-18T06:50:00.000Z
0056,2023-12-19,1420441,7924083,-6503642,0,0,0,195000,41000,154000,1445993,3702430,-2256437,-8606079,TWSE_T86_DAILY_INSTITUTIONAL_REPORT,2026-08-18T06:50:00.000Z
0056,2023-12-20,8026554,775180,7251374,0,1391000,-1391000,270009,612000,-341991,6512408,2283735,4228673,9747056,TWSE_T86_DAILY_INSTITUTIONAL_REPORT,2026-08-18T06:50:00.000Z
0056,2023-12-21,186304,4084000,-3897696,0,0,0,27000,491000,-464000,1023000,4089447,-3066447,-7428143,TWSE_T86_DAILY_INSTITUTIONAL_REPORT,2026-08-18T06:50:00.000Z
0056,2023-12-22,3100345,977000,2123345,0,0,0,200000,8000,192000,4836998,589556,4247442,6562787,TWSE_T86_DAILY_INSTITUTIONAL_REPORT,2026-08-18T06:50:00.000Z
0056,2023-12-25,9731041,453000,9278041,0,0,0,0,53000,-53000,5883142,165758,5717384,14942425,TWSE_T86_DAILY_INSTITUTIONAL_REPORT,2026-08-18T06:50:00.000Z
0056,2023-12-26,5550464,794705,4755759,0,0,0,0,33000,-33000,17540775,55000,17485775,22208534,TWSE_T86_DAILY_INSTITUTIONAL_REPORT,2026-08-18T06:50:00.000Z
0056,2023-12-27,5215603,733560,4482043,0,0,0,0,136000,-136000,27179268,2132000,25047268,29393311,TWSE_T86_DAILY_INSTITUTIONAL_REPORT,2026-08-18T06:50:00.000Z
0056,2023-12-28,3685827,1318025,2367802,0,73000,-73000,6000,246000,-240000,2894446,2001167,893279,2948081,TWSE_T86_DAILY_INSTITUTIONAL_REPORT,2026-08-18T06:50:00.000Z
0056,2023-12-29,1496977,1324749,172228,0,0,0,0,477784,-477784,3344481,1848761,1495720,1190164,TWSE_T86_DAILY_INSTITUTIONAL_REPORT,2026-08-18T06:50:00.000Z
0056,2024-01-02,205206,13841324,-13636118,0,0,0,737000,206751,530249,80000,5064954,-4984954,-18090823,TWSE_T86_DAILY_INSTITUTIONAL_REPORT,2026-08-18T06:50:00.000Z
0056,2024-01-03,1448174,19374170,-17925996,0,300000,-300000,989000,337983,651017,238000,39204655,-38966655,-56541634,TWSE_T86_DAILY_INSTITUTIONAL_REPORT,2026-08-18T06:50:00.000Z
0056,2024-01-04,736536,10527000,-9790464,0,0,0,30000,99332,-69332,301000,9273241,-8972241,-18832037,TWSE_T86_DAILY_INSTITUTIONAL_REPORT,2026-08-18T06:50:00.000Z
0056,2024-01-05,1307909,7499100,-6191191,0,0,0,152000,202489,-50489,30000,12160435,-12130435,-18372115,TWSE_T86_DAILY_INSTITUTIONAL_REPORT,2026-08-18T06:50:00.000Z
0056,2024-01-08,3442553,3467470,-24917,0,0,0,30000,760000,-730000,102000,22349194,-22247194,-23002111,TWSE_T86_DAILY_INSTITUTIONAL_REPORT,2026-08-18T06:50:00.000Z
0056,2024-01-09,1040490,2481200,-1440710,0,0,0,19000,695000,-676000,593604,17031876,-16438272,-18554982,TWSE_T86_DAILY_INSTITUTIONAL_REPORT,2026-08-18T06:50:00.000Z
0056,2024-01-10,1370172,3598000,-2227828,0,0,0,26000,700169,-674169,589000,23547962,-22958962,-25860959,TWSE_T86_DAILY_INSTITUTIONAL_REPORT,2026-08-18T06:50:00.000Z
0056,2024-01-11,1474989,1739250,-264261,0,0,0,30000,245000,-215000,230000,13290404,-13060404,-13539665,TWSE_T86_DAILY_INSTITUTIONAL_REPORT,2026-08-18T06:50:00.000Z
0056,2024-01-12,32985,2448000,-2415015,0,0,0,0,124000,-124000,172000,24977846,-24805846,-27344861,TWSE_T86_DAILY_INSTITUTIONAL_REPORT,2026-08-18T06:50:00.000Z
0056,2024-01-15,657649,5997300,-5339651,260000,0,260000,0,15000,-15000,434000,39575570,-39141570,-44236221,TWSE_T86_DAILY_INSTITUTIONAL_REPORT,2026-08-18T06:50:00.000Z
0056,2024-01-16,79519,3501200,-3421681,1790000,0,1790000,1186000,348861,837139,2228000,113263806,-111035806,-111830348,TWSE_T86_DAILY_INSTITUTIONAL_REPORT,2026-08-18T06:50:00.000Z
0056,2024-01-17,169457,76300,93157,0,0,0,408000,2680000,-2272000,981000,113811232,-112830232,-115009075,TWSE_T86_DAILY_INSTITUTIONAL_REPORT,2026-08-18T06:50:00.000Z
0056,2024-01-18,180032,253000,-72968,150000,0,150000,220000,120000,100000,323000,29488139,-29165139,-28988107,TWSE_T86_DAILY_INSTITUTIONAL_REPORT,2026-08-18T06:50:00.000Z
0056,2024-01-19,1747888,1719654,28234,200000,0,200000,82000,124000,-42000,97000,6925242,-6828242,-6642008,TWSE_T86_DAILY_INSTITUTIONAL_REPORT,2026-08-18T06:50:00.000Z
0056,2024-01-22,10370939,1234000,9136939,150000,0,150000,136000,630000,-494000,2408573,500434,1908139,10701078,TWSE_T86_DAILY_INSTITUTIONAL_REPORT,2026-08-18T06:50:00.000Z
0056,2024-01-23,6731500,180000,6551500,0,1270000,-1270000,117000,10000,107000,4031852,290465,3741387,9129887,TWSE_T86_DAILY_INSTITUTIONAL_REPORT,2026-08-18T06:50:00.000Z
0056,2024-01-24,3038994,5000,3033994,0,0,0,34000,0,34000,7834900,157725,7677175,10745169,TWSE_T86_DAILY_INSTITUTIONAL_REPORT,2026-08-18T06:50:00.000Z
0056,2024-01-25,5101950,536500,4565450,0,0,0,42000,418316,-376316,8390873,86740,8304133,12493267,TWSE_T86_DAILY_INSTITUTIONAL_REPORT,2026-08-18T06:50:00.000Z
0056,2024-01-26,523377,6198000,-5674623,0,0,0,66000,68000,-2000,93000,1256726,-1163726,-6840349,TWSE_T86_DAILY_INSTITUTIONAL_REPORT,2026-08-18T06:50:00.000Z
0056,2024-01-29,8429488,309000,8120488,100000,0,100000,5000,49000,-44000,3599900,4000,3595900,11772388,TWSE_T86_DAILY_INSTITUTIONAL_REPORT,2026-08-18T06:50:00.000Z
0056,2024-01-30,3673778,316125,3357653,0,0,0,82000,0,82000,11864587,28450,11836137,15275790,TWSE_T86_DAILY_INSTITUTIONAL_REPORT,2026-08-18T06:50:00.000Z
0056,2024-01-31,1468951,908000,560951,0,250000,-250000,69000,414000,-345000,1174994,660436,514558,480509,TWSE_T86_DAILY_INSTITUTIONAL_REPORT,2026-08-18T06:50:00.000Z
0056,2024-02-01,636510,496800,139710,0,0,0,0,94000,-94000,4523000,158820,4364180,4409890,TWSE_T86_DAILY_INSTITUTIONAL_REPORT,2026-08-18T06:50:00.000Z
0056,2024-02-02,7353722,192841,7160881,0,0,0,372000,5000,367000,11953972,44994,11908978,19436859,TWSE_T86_DAILY_INSTITUTIONAL_REPORT,2026-08-18T06:50:00.000Z
0056,2024-02-05,574248,3925935,-3351687,0,0,0,22000,0,22000,2000000,1182208,817792,-2511895,TWSE_T86_DAILY_INSTITUTIONAL_REPORT,2026-08-18T06:50:00.000Z
0056,2024-02-15,7409460,2704202,4705258,500000,0,500000,55000,194000,-139000,23982504,775723,23206781,28273039,TWSE_T86_DAILY_INSTITUTIONAL_REPORT,2026-08-18T06:50:00.000Z
0056,2024-02-16,5458786,612000,4846786,0,0,0,35000,185000,-150000,18475052,975660,17499392,22196178,TWSE_T86_DAILY_INSTITUTIONAL_REPORT,2026-08-18T06:50:00.000Z
0056,2024-02-19,1816837,2110357,-293520,530000,0,530000,142000,0,142000,9154964,503402,8651562,9030042,TWSE_T86_DAILY_INSTITUTIONAL_REPORT,2026-08-18T06:50:00.000Z
0056,2024-02-20,4214255,2961554,1252701,0,0,0,350000,130000,220000,21339318,884723,20454595,21927296,TWSE_T86_DAILY_INSTITUTIONAL_REPORT,2026-08-18T06:50:00.000Z
0056,2024-02-21,1247861,1140030,107831,0,0,0,219000,9000,210000,5043000,1871477,3171523,3489354,TWSE_T86_DAILY_INSTITUTIONAL_REPORT,2026-08-18T06:50:00.000Z
0056,2024-02-22,4439069,674400,3764669,0,0,0,115385,128000,-12615,22085531,146136,21939395,25691449,TWSE_T86_DAILY_INSTITUTIONAL_REPORT,2026-08-18T06:50:00.000Z
0056,2024-02-23,4391681,1224050,3167631,0,2650000,-2650000,499000,162000,337000,10019584,698361,9321223,10175854,TWSE_T86_DAILY_INSTITUTIONAL_REPORT,2026-08-18T06:50:00.000Z
0056,2024-02-26,2262454,479120,1783334,0,2900000,-2900000,529480,12000,517480,7552777,513521,7039256,6440070,TWSE_T86_DAILY_INSTITUTIONAL_REPORT,2026-08-18T06:50:00.000Z
0056,2024-02-27,2515449,1417200,1098249,0,1970000,-1970000,206975,289975,-83000,3284497,655842,2628655,1673904,TWSE_T86_DAILY_INSTITUTIONAL_REPORT,2026-08-18T06:50:00.000Z
0056,2024-02-29,1404419,357200,1047219,0,0,0,198000,36000,162000,4898607,484490,4414117,5623336,TWSE_T86_DAILY_INSTITUTIONAL_REPORT,2026-08-18T06:50:00.000Z
0056,2024-03-01,172588,1956350,-1783762,0,0,0,241000,0,241000,4091033,660183,3430850,1888088,TWSE_T86_DAILY_INSTITUTIONAL_REPORT,2026-08-18T06:50:00.000Z
0056,2024-03-04,5923163,1398800,4524363,0,0,0,164946,52946,112000,16840705,338681,16502024,21138387,TWSE_T86_DAILY_INSTITUTIONAL_REPORT,2026-08-18T06:50:00.000Z
0056,2024-03-05,3805115,2424200,1380915,0,0,0,35419,165419,-130000,10827710,770283,10057427,11308342,TWSE_T86_DAILY_INSTITUTIONAL_REPORT,2026-08-18T06:50:00.000Z
0056,2024-03-06,5097579,994152,4103427,0,0,0,16000,4000,12000,9272739,557311,8715428,12830855,TWSE_T86_DAILY_INSTITUTIONAL_REPORT,2026-08-18T06:50:00.000Z
0056,2024-03-07,3822423,3180603,641820,0,0,0,33863,492236,-458373,10587578,1680066,8907512,9090959,TWSE_T86_DAILY_INSTITUTIONAL_REPORT,2026-08-18T06:50:00.000Z
0056,2024-03-08,10528619,2609441,7919178,0,250000,-250000,319560,268560,51000,13507420,1922010,11585410,19305588,TWSE_T86_DAILY_INSTITUTIONAL_REPORT,2026-08-18T06:50:00.000Z
0056,2024-03-11,4480005,989500,3490505,0,150000,-150000,188275,132289,55986,8391500,623696,7767804,11164295,TWSE_T86_DAILY_INSTITUTIONAL_REPORT,2026-08-18T06:50:00.000Z
0056,2024-03-12,4789067,234000,4555067,0,275000,-275000,130000,31000,99000,10056850,21000,10035850,14414917,TWSE_T86_DAILY_INSTITUTIONAL_REPORT,2026-08-18T06:50:00.000Z
0056,2024-03-13,2708023,1547942,1160081,0,220000,-220000,100000,136000,-36000,6511369,2328959,4182410,5086491,TWSE_T86_DAILY_INSTITUTIONAL_REPORT,2026-08-18T06:50:00.000Z
0056,2024-03-14,1776511,4608210,-2831699,0,365000,-365000,154000,50000,104000,4373768,1547602,2826166,-266533,TWSE_T86_DAILY_INSTITUTIONAL_REPORT,2026-08-18T06:50:00.000Z
0056,2024-03-15,3821143,1398399,2422744,0,0,0,330529,216529,114000,12909710,1069039,11840671,14377415,TWSE_T86_DAILY_INSTITUTIONAL_REPORT,2026-08-18T06:50:00.000Z
0056,2024-03-18,915523,2997440,-2081917,0,0,0,15923,11000,4923,7941464,922000,7019464,4942470,TWSE_T86_DAILY_INSTITUTIONAL_REPORT,2026-08-18T06:50:00.000Z
0056,2024-03-19,1266945,4482176,-3215231,0,100000,-100000,104908,181908,-77000,4721701,1555865,3165836,-226395,TWSE_T86_DAILY_INSTITUTIONAL_REPORT,2026-08-18T06:50:00.000Z
0056,2024-03-20,942261,6714847,-5772586,0,0,0,250000,451000,-201000,5328243,4093758,1234485,-4739101,TWSE_T86_DAILY_INSTITUTIONAL_REPORT,2026-08-18T06:50:00.000Z
0056,2024-03-21,553810,1781000,-1227190,0,0,0,192000,50000,142000,2692503,439236,2253267,1168077,TWSE_T86_DAILY_INSTITUTIONAL_REPORT,2026-08-18T06:50:00.000Z
0056,2024-03-22,754379,6027950,-5273571,0,0,0,212000,12000,200000,9962806,1502692,8460114,3386543,TWSE_T86_DAILY_INSTITUTIONAL_REPORT,2026-08-18T06:50:00.000Z
0056,2024-03-25,1327546,4332813,-3005267,0,0,0,316018,4018,312000,1641000,964499,676501,-2016766,TWSE_T86_DAILY_INSTITUTIONAL_REPORT,2026-08-18T06:50:00.000Z
0056,2024-03-26,4580677,3431000,1149677,0,0,0,157430,172430,-15000,1397915,2725690,-1327775,-193098,TWSE_T86_DAILY_INSTITUTIONAL_REPORT,2026-08-18T06:50:00.000Z
0056,2024-03-27,1846426,721666,1124760,0,310000,-310000,67594,89594,-22000,2695564,114394,2581170,3373930,TWSE_T86_DAILY_INSTITUTIONAL_REPORT,2026-08-18T06:50:00.000Z
0056,2024-03-28,582144,2029208,-1447064,0,0,0,15696,29696,-14000,5150169,1349707,3800462,2339398,TWSE_T86_DAILY_INSTITUTIONAL_REPORT,2026-08-18T06:50:00.000Z
0056,2024-03-29,554609,2280130,-1725521,0,0,0,16494,46494,-30000,9499328,2149908,7349420,5593899,TWSE_T86_DAILY_INSTITUTIONAL_REPORT,2026-08-18T06:50:00.000Z
0056,2024-04-01,420500,10806049,-10385549,0,226000,-226000,2992000,1533050,1458950,714000,2144097,-1430097,-10582696,TWSE_T86_DAILY_INSTITUTIONAL_REPORT,2026-08-18T06:50:00.000Z
0056,2024-04-02,1072460,8935000,-7862540,0,0,0,820000,486,819514,943546,997576,-54030,-7097056,TWSE_T86_DAILY_INSTITUTIONAL_REPORT,2026-08-18T06:50:00.000Z
0056,2024-04-03,929480,8870001,-7940521,0,0,0,450595,223690,226905,849000,4556268,-3707268,-11420884,TWSE_T86_DAILY_INSTITUTIONAL_REPORT,2026-08-18T06:50:00.000Z
0056,2024-04-08,194061,7612688,-7418627,0,0,0,2000,32000,-30000,337000,7766588,-7429588,-14878215,TWSE_T86_DAILY_INSTITUTIONAL_REPORT,2026-08-18T06:50:00.000Z
0056,2024-04-09,1017705,3393300,-2375595,0,0,0,55000,0,55000,1007000,877974,129026,-2191569,TWSE_T86_DAILY_INSTITUTIONAL_REPORT,2026-08-18T06:50:00.000Z
0056,2024-04-10,3598961,2701817,897144,200000,0,200000,1330000,152000,1178000,742682,3427993,-2685311,-410167,TWSE_T86_DAILY_INSTITUTIONAL_REPORT,2026-08-18T06:50:00.000Z
0056,2024-04-11,317419,6776100,-6458681,0,0,0,53095,89000,-35905,145000,14102985,-13957985,-20452571,TWSE_T86_DAILY_INSTITUTIONAL_REPORT,2026-08-18T06:50:00.000Z
0056,2024-04-12,39734,4372200,-4332466,0,0,0,25000,20000,5000,390000,9216879,-8826879,-13154345,TWSE_T86_DAILY_INSTITUTIONAL_REPORT,2026-08-18T06:50:00.000Z
0056,2024-04-15,372186,3842600,-3470414,3541000,0,3541000,490000,40083,449917,158000,47075089,-46917089,-46396586,TWSE_T86_DAILY_INSTITUTIONAL_REPORT,2026-08-18T06:50:00.000Z
0056,2024-04-16,4990601,7638400,-2647799,3351000,0,3351000,335000,255000,80000,1060000,84284393,-83224393,-82441192,TWSE_T86_DAILY_INSTITUTIONAL_REPORT,2026-08-18T06:50:00.000Z
0056,2024-04-17,4978000,4100107,877893,3952000,0,3952000,361000,1110880,-749880,749000,75246261,-74497261,-70417248,TWSE_T86_DAILY_INSTITUTIONAL_REPORT,2026-08-18T06:50:00.000Z
0056,2024-04-18,2949595,905000,2044595,0,0,0,70000,1621689,-1551689,396000,46748048,-46352048,-45859142,TWSE_T86_DAILY_INSTITUTIONAL_REPORT,2026-08-18T06:50:00.000Z
0056,2024-04-19,6140511,11092320,-4951809,0,0,0,600000,719000,-119000,2578000,65834421,-63256421,-68327230,TWSE_T86_DAILY_INSTITUTIONAL_REPORT,2026-08-18T06:50:00.000Z
0056,2024-04-22,4443751,3635543,808208,468000,0,468000,171000,189904,-18904,2214422,20908919,-18694497,-17437193,TWSE_T86_DAILY_INSTITUTIONAL_REPORT,2026-08-18T06:50:00.000Z
0056,2024-04-23,641422,1328378,-686956,225000,0,225000,31000,0,31000,489000,8753940,-8264940,-8695896,TWSE_T86_DAILY_INSTITUTIONAL_REPORT,2026-08-18T06:50:00.000Z
0056,2024-04-24,1838207,686524,1151683,0,0,0,165000,13000,152000,598931,3723730,-3124799,-1821116,TWSE_T86_DAILY_INSTITUTIONAL_REPORT,2026-08-18T06:50:00.000Z
0056,2024-04-25,218520,5713000,-5494480,410000,0,410000,6000,199000,-193000,143213,6704944,-6561731,-11839211,TWSE_T86_DAILY_INSTITUTIONAL_REPORT,2026-08-18T06:50:00.000Z
0056,2024-04-26,364886,1520599,-1155713,300000,0,300000,21000,0,21000,160000,2945385,-2785385,-3620098,TWSE_T86_DAILY_INSTITUTIONAL_REPORT,2026-08-18T06:50:00.000Z
0056,2024-04-29,7350856,524000,6826856,468000,0,468000,15000,0,15000,1281280,610376,670904,7980760,TWSE_T86_DAILY_INSTITUTIONAL_REPORT,2026-08-18T06:50:00.000Z
0056,2024-04-30,904897,482000,422897,0,0,0,3000,0,3000,108632,353884,-245252,180645,TWSE_T86_DAILY_INSTITUTIONAL_REPORT,2026-08-18T06:50:00.000Z
0056,2024-05-02,1593554,1061310,532244,250000,0,250000,0,2985000,-2985000,1703000,1094122,608878,-1593878,TWSE_T86_DAILY_INSTITUTIONAL_REPORT,2026-08-18T06:50:00.000Z
0056,2024-05-03,3934826,252150,3682676,0,0,0,2000,19863,-17863,509000,851833,-342833,3321980,TWSE_T86_DAILY_INSTITUTIONAL_REPORT,2026-08-18T06:50:00.000Z
0056,2024-05-06,5614177,521150,5093027,0,0,0,5000,58000,-53000,3906312,1291467,2614845,7654872,TWSE_T86_DAILY_INSTITUTIONAL_REPORT,2026-08-18T06:50:00.000Z
0056,2024-05-07,5891143,1152256,4738887,0,0,0,954000,455000,499000,4989973,1839585,3150388,8388275,TWSE_T86_DAILY_INSTITUTIONAL_REPORT,2026-08-18T06:50:00.000Z
0056,2024-05-08,2731466,324400,2407066,0,0,0,540000,10000,530000,4016744,360922,3655822,6592888,TWSE_T86_DAILY_INSTITUTIONAL_REPORT,2026-08-18T06:50:00.000Z
0056,2024-05-09,2041899,1841166,200733,0,0,0,550000,110000,440000,838000,1028943,-190943,449790,TWSE_T86_DAILY_INSTITUTIONAL_REPORT,2026-08-18T06:50:00.000Z
0056,2024-05-10,3216756,552000,2664756,0,0,0,2000,88000,-86000,1206682,2737331,-1530649,1048107,TWSE_T86_DAILY_INSTITUTIONAL_REPORT,2026-08-18T06:50:00.000Z
0056,2024-05-13,5483072,1503550,3979522,315000,0,315000,267000,1558000,-1291000,1313000,1855534,-542534,2460988,TWSE_T86_DAILY_INSTITUTIONAL_REPORT,2026-08-18T06:50:00.000Z
0056,2024-05-14,7248540,1002000,6246540,0,0,0,2000,400000,-398000,4926076,259000,4667076,10515616,TWSE_T86_DAILY_INSTITUTIONAL_REPORT,2026-08-18T06:50:00.000Z
0056,2024-05-15,6765782,477217,6288565,0,0,0,1652000,1718000,-66000,5521916,876936,4644980,10867545,TWSE_T86_DAILY_INSTITUTIONAL_REPORT,2026-08-18T06:50:00.000Z
0056,2024-05-16,10122633,616310,9506323,0,0,0,626000,0,626000,4638748,238000,4400748,14533071,TWSE_T86_DAILY_INSTITUTIONAL_REPORT,2026-08-18T06:50:00.000Z
0056,2024-05-17,950566,3607812,-2657246,0,0,0,4041000,10000,4031000,2287490,742546,1544944,2918698,TWSE_T86_DAILY_INSTITUTIONAL_REPORT,2026-08-18T06:50:00.000Z
0056,2024-05-20,6644642,845000,5799642,0,0,0,25000,0,25000,3836390,1761486,2074904,7899546,TWSE_T86_DAILY_INSTITUTIONAL_REPORT,2026-08-18T06:50:00.000Z
0056,2024-05-21,1918169,1605000,313169,0,0,0,387000,0,387000,1088000,817582,270418,970587,TWSE_T86_DAILY_INSTITUTIONAL_REPORT,2026-08-18T06:50:00.000Z
0056,2024-05-22,16878307,244784,16633523,0,0,0,66000,153000,-87000,12940967,103000,12837967,29384490,TWSE_T86_DAILY_INSTITUTIONAL_REPORT,2026-08-18T06:50:00.000Z
0056,2024-05-23,1298366,2432747,-1134381,0,0,0,6000,30000,-24000,4447116,1055606,3391510,2233129,TWSE_T86_DAILY_INSTITUTIONAL_REPORT,2026-08-18T06:50:00.000Z
0056,2024-05-24,3135524,2894474,241050,0,0,0,204000,68000,136000,2370054,384027,1986027,2363077,TWSE_T86_DAILY_INSTITUTIONAL_REPORT,2026-08-18T06:50:00.000Z
0056,2024-05-27,6003678,5922444,81234,0,400000,-400000,309000,410000,-101000,6055840,2094466,3961374,3541608,TWSE_T86_DAILY_INSTITUTIONAL_REPORT,2026-08-18T06:50:00.000Z
0056,2024-05-28,803968,4203115,-3399147,0,0,0,74000,685000,-611000,810767,608214,202553,-3807594,TWSE_T86_DAILY_INSTITUTIONAL_REPORT,2026-08-18T06:50:00.000Z
0056,2024-05-29,398976,5732000,-5333024,0,100000,-100000,0,83000,-83000,96000,930227,-834227,-6350251,TWSE_T86_DAILY_INSTITUTIONAL_REPORT,2026-08-18T06:50:00.000Z
0056,2024-05-30,1623354,6097000,-4473646,0,0,0,15000,63000,-48000,345000,1728692,-1383692,-5905338,TWSE_T86_DAILY_INSTITUTIONAL_REPORT,2026-08-18T06:50:00.000Z
0056,2024-05-31,2135515,8417000,-6281485,0,0,0,104000,10000,94000,1834286,2195578,-361292,-6548777,TWSE_T86_DAILY_INSTITUTIONAL_REPORT,2026-08-18T06:50:00.000Z
0056,2024-06-03,2102502,2407000,-304498,100000,0,100000,332000,0,332000,2024632,243636,1780996,1908498,TWSE_T86_DAILY_INSTITUTIONAL_REPORT,2026-08-18T06:50:00.000Z
0056,2024-06-04,454086,7608300,-7154214,0,0,0,72000,447000,-375000,861000,817241,43759,-7485455,TWSE_T86_DAILY_INSTITUTIONAL_REPORT,2026-08-18T06:50:00.000Z
0056,2024-06-05,325212,10780000,-10454788,0,0,0,28000,18000,10000,422000,1423990,-1001990,-11446778,TWSE_T86_DAILY_INSTITUTIONAL_REPORT,2026-08-18T06:50:00.000Z
0056,2024-06-06,1585688,6804000,-5218312,0,0,0,39000,122000,-83000,430627,754190,-323563,-5624875,TWSE_T86_DAILY_INSTITUTIONAL_REPORT,2026-08-18T06:50:00.000Z
0056,2024-06-07,16730,4417302,-4400572,126000,0,126000,33000,1537000,-1504000,50000,753664,-703664,-6482236,TWSE_T86_DAILY_INSTITUTIONAL_REPORT,2026-08-18T06:50:00.000Z
0056,2024-06-11,1535282,6411290,-4876008,0,0,0,23000,108000,-85000,173000,4104210,-3931210,-8892218,TWSE_T86_DAILY_INSTITUTIONAL_REPORT,2026-08-18T06:50:00.000Z
0056,2024-06-12,893310,1492100,-598790,300000,0,300000,13000,130000,-117000,1649000,3511240,-1862240,-2278030,TWSE_T86_DAILY_INSTITUTIONAL_REPORT,2026-08-18T06:50:00.000Z
0056,2024-06-13,13124199,2190200,10933999,0,0,0,35000,11000,24000,2074017,877155,1196862,12154861,TWSE_T86_DAILY_INSTITUTIONAL_REPORT,2026-08-18T06:50:00.000Z
0056,2024-06-14,5604748,192610,5412138,0,0,0,45000,0,45000,2046975,103000,1943975,7401113,TWSE_T86_DAILY_INSTITUTIONAL_REPORT,2026-08-18T06:50:00.000Z
0056,2024-06-17,1709566,1873271,-163705,0,0,0,30000,55000,-25000,1343581,292639,1050942,862237,TWSE_T86_DAILY_INSTITUTIONAL_REPORT,2026-08-18T06:50:00.000Z
0056,2024-06-18,5129899,1437256,3692643,280000,0,280000,55000,40000,15000,1938502,9947,1928555,5916198,TWSE_T86_DAILY_INSTITUTIONAL_REPORT,2026-08-18T06:50:00.000Z
0056,2024-06-19,9929883,960290,8969593,0,0,0,478000,101000,377000,3409474,1000,3408474,12755067,TWSE_T86_DAILY_INSTITUTIONAL_REPORT,2026-08-18T06:50:00.000Z
0056,2024-06-20,7270393,775763,6494630,0,500000,-500000,180000,1000,179000,1210350,486430,723920,6897550,TWSE_T86_DAILY_INSTITUTIONAL_REPORT,2026-08-18T06:50:00.000Z
0056,2024-06-21,1092273,4755199,-3662926,0,0,0,10000,690000,-680000,212000,1384167,-1172167,-5515093,TWSE_T86_DAILY_INSTITUTIONAL_REPORT,2026-08-18T06:50:00.000Z
0056,2024-06-24,1111843,14460673,-13348830,0,0,0,522000,370000,152000,9811,726226,-716415,-13913245,TWSE_T86_DAILY_INSTITUTIONAL_REPORT,2026-08-18T06:50:00.000Z
0056,2024-06-25,3427938,6791459,-3363521,0,0,0,37000,52000,-15000,231397,6809822,-6578425,-9956946,TWSE_T86_DAILY_INSTITUTIONAL_REPORT,2026-08-18T06:50:00.000Z
0056,2024-06-26,9557699,5030423,4527276,0,0,0,74000,14000,60000,1145883,2498153,-1352270,3235006,TWSE_T86_DAILY_INSTITUTIONAL_REPORT,2026-08-18T06:50:00.000Z
0056,2024-06-27,1627428,5643000,-4015572,0,200000,-200000,42000,35000,7000,1027000,2878366,-1851366,-6059938,TWSE_T86_DAILY_INSTITUTIONAL_REPORT,2026-08-18T06:50:00.000Z
0056,2024-06-28,4333006,1031525,3301481,166000,0,166000,51000,0,51000,398939,3154442,-2755503,762978,TWSE_T86_DAILY_INSTITUTIONAL_REPORT,2026-08-18T06:50:00.000Z
0056,2024-07-01,84148,13276302,-13192154,110000,0,110000,376000,291000,85000,324000,48752692,-48428692,-61425846,TWSE_T86_DAILY_INSTITUTIONAL_REPORT,2026-08-18T06:50:00.000Z
0056,2024-07-02,254964,10586000,-10331036,0,200000,-200000,351000,3000,348000,348000,54154531,-53806531,-63989567,TWSE_T86_DAILY_INSTITUTIONAL_REPORT,2026-08-18T06:50:00.000Z
0056,2024-07-03,614846,1456100,-841254,0,0,0,14000,2724000,-2710000,48000,19944172,-19896172,-23447426,TWSE_T86_DAILY_INSTITUTIONAL_REPORT,2026-08-18T06:50:00.000Z
0056,2024-07-04,1914757,2124591,-209834,0,0,0,22000,176000,-154000,228676,13953053,-13724377,-14088211,TWSE_T86_DAILY_INSTITUTIONAL_REPORT,2026-08-18T06:50:00.000Z
0056,2024-07-05,353711,3408500,-3054789,0,0,0,22000,5570000,-5548000,30000,18439180,-18409180,-27011969,TWSE_T86_DAILY_INSTITUTIONAL_REPORT,2026-08-18T06:50:00.000Z
0056,2024-07-08,1653388,5948979,-4295591,0,0,0,0,142000,-142000,25000,15379681,-15354681,-19792272,TWSE_T86_DAILY_INSTITUTIONAL_REPORT,2026-08-18T06:50:00.000Z
0056,2024-07-09,1481048,3698840,-2217792,0,200000,-200000,110000,228000,-118000,249640,20832166,-20582526,-23118318,TWSE_T86_DAILY_INSTITUTIONAL_REPORT,2026-08-18T06:50:00.000Z
0056,2024-07-10,454767,4281180,-3826413,0,0,0,30000,246000,-216000,172037,4597867,-4425830,-8468243,TWSE_T86_DAILY_INSTITUTIONAL_REPORT,2026-08-18T06:50:00.000Z
0056,2024-07-11,2499255,8443139,-5943884,240000,0,240000,10000,326000,-316000,115104,3161014,-3045910,-9065794,TWSE_T86_DAILY_INSTITUTIONAL_REPORT,2026-08-18T06:50:00.000Z
0056,2024-07-12,1112448,3172000,-2059552,0,0,0,39000,33000,6000,168000,32792397,-32624397,-34677949,TWSE_T86_DAILY_INSTITUTIONAL_REPORT,2026-08-18T06:50:00.000Z
0056,2024-07-15,341585,12625200,-12283615,700000,0,700000,130000,1720000,-1590000,454000,41146064,-40692064,-53865679,TWSE_T86_DAILY_INSTITUTIONAL_REPORT,2026-08-18T06:50:00.000Z
0056,2024-07-16,1986733,11306600,-9319867,145000,0,145000,36000,75000,-39000,1157000,42082307,-40925307,-50139174,TWSE_T86_DAILY_INSTITUTIONAL_REPORT,2026-08-18T06:50:00.000Z
0056,2024-07-17,640319,8511100,-7870781,0,0,0,118000,58000,60000,1025000,34783304,-33758304,-41569085,TWSE_T86_DAILY_INSTITUTIONAL_REPORT,2026-08-18T06:50:00.000Z
0056,2024-07-18,5469896,7822778,-2352882,0,0,0,419000,5000,414000,414168,32321519,-31907351,-33846233,TWSE_T86_DAILY_INSTITUTIONAL_REPORT,2026-08-18T06:50:00.000Z
0056,2024-07-19,1561661,10124670,-8563009,0,0,0,114000,5000,109000,195000,31943347,-31748347,-40202356,TWSE_T86_DAILY_INSTITUTIONAL_REPORT,2026-08-18T06:50:00.000Z
0056,2024-07-22,8652919,18137448,-9484529,340000,0,340000,306000,192000,114000,933000,23941594,-23008594,-32039123,TWSE_T86_DAILY_INSTITUTIONAL_REPORT,2026-08-18T06:50:00.000Z
0056,2024-07-23,383098,5938400,-5555302,0,0,0,12000,41000,-29000,521,15705890,-15705369,-21289671,TWSE_T86_DAILY_INSTITUTIONAL_REPORT,2026-08-18T06:50:00.000Z
0056,2024-07-26,4800135,23220950,-18420815,200000,0,200000,60000,1620000,-1560000,57000,39709625,-39652625,-59433440,TWSE_T86_DAILY_INSTITUTIONAL_REPORT,2026-08-18T06:50:00.000Z
0056,2024-07-29,1298450,11064500,-9766050,470000,0,470000,170000,154000,16000,59000,27675992,-27616992,-36897042,TWSE_T86_DAILY_INSTITUTIONAL_REPORT,2026-08-18T06:50:00.000Z
0056,2024-07-30,3022424,5104800,-2082376,0,0,0,394000,140000,254000,1643000,17762802,-16119802,-17948178,TWSE_T86_DAILY_INSTITUTIONAL_REPORT,2026-08-18T06:50:00.000Z
0056,2024-07-31,6743890,7289000,-545110,0,0,0,38000,376000,-338000,1225193,1209297,15896,-867214,TWSE_T86_DAILY_INSTITUTIONAL_REPORT,2026-08-18T06:50:00.000Z
0056,2024-08-01,5602672,837446,4765226,0,0,0,53000,70000,-17000,651000,192860,458140,5206366,TWSE_T86_DAILY_INSTITUTIONAL_REPORT,2026-08-18T06:50:00.000Z
0056,2024-08-02,1153618,10100000,-8946382,0,0,0,132000,434000,-302000,1005000,32996895,-31991895,-41240277,TWSE_T86_DAILY_INSTITUTIONAL_REPORT,2026-08-18T06:50:00.000Z
0056,2024-08-05,5314646,23207650,-17893004,600000,0,600000,192000,1586000,-1394000,2248257,41537752,-39289495,-57976499,TWSE_T86_DAILY_INSTITUTIONAL_REPORT,2026-08-18T06:50:00.000Z
0056,2024-08-06,12722930,18463934,-5741004,0,0,0,250000,215000,35000,2913664,27807126,-24893462,-30599466,TWSE_T86_DAILY_INSTITUTIONAL_REPORT,2026-08-18T06:50:00.000Z
0056,2024-08-07,2315408,7072400,-4756992,0,0,0,15000,22000,-7000,81423,4655643,-4574220,-9338212,TWSE_T86_DAILY_INSTITUTIONAL_REPORT,2026-08-18T06:50:00.000Z
0056,2024-08-08,533062,4238000,-3704938,0,0,0,87000,89000,-2000,82879,12186689,-12103810,-15810748,TWSE_T86_DAILY_INSTITUTIONAL_REPORT,2026-08-18T06:50:00.000Z
0056,2024-08-09,2820189,3631200,-811011,0,0,0,25000,31000,-6000,626658,4080526,-3453868,-4270879,TWSE_T86_DAILY_INSTITUTIONAL_REPORT,2026-08-18T06:50:00.000Z
0056,2024-08-12,1171667,1292285,-120618,0,0,0,30000,31000,-1000,100971,4380586,-4279615,-4401233,TWSE_T86_DAILY_INSTITUTIONAL_REPORT,2026-08-18T06:50:00.000Z
0056,2024-08-13,744357,2304000,-1559643,0,0,0,102000,114000,-12000,416743,5330185,-4913442,-6485085,TWSE_T86_DAILY_INSTITUTIONAL_REPORT,2026-08-18T06:50:00.000Z
0056,2024-08-14,3659561,1101700,2557861,0,0,0,194000,208128,-14128,1071821,921730,150091,2693824,TWSE_T86_DAILY_INSTITUTIONAL_REPORT,2026-08-18T06:50:00.000Z
0056,2024-08-15,2286409,2100200,186209,0,0,0,207000,83105,123895,900000,2185075,-1285075,-974971,TWSE_T86_DAILY_INSTITUTIONAL_REPORT,2026-08-18T06:50:00.000Z
0056,2024-08-16,2727491,5222670,-2495179,420000,0,420000,172000,106000,66000,882887,9657254,-8774367,-10783546,TWSE_T86_DAILY_INSTITUTIONAL_REPORT,2026-08-18T06:50:00.000Z
0056,2024-08-19,1115169,3621000,-2505831,280000,0,280000,69000,90000,-21000,55805,7764188,-7708383,-9955214,TWSE_T86_DAILY_INSTITUTIONAL_REPORT,2026-08-18T06:50:00.000Z
0056,2024-08-20,1719335,460355,1258980,0,0,0,20000,26000,-6000,100000,906618,-806618,446362,TWSE_T86_DAILY_INSTITUTIONAL_REPORT,2026-08-18T06:50:00.000Z
0056,2024-08-21,603868,2665302,-2061434,0,0,0,208000,1055000,-847000,2333000,6045399,-3712399,-6620833,TWSE_T86_DAILY_INSTITUTIONAL_REPORT,2026-08-18T06:50:00.000Z
0056,2024-08-22,229910,2005000,-1775090,0,0,0,2000,12000,-10000,31000,1636094,-1605094,-3390184,TWSE_T86_DAILY_INSTITUTIONAL_REPORT,2026-08-18T06:50:00.000Z
0056,2024-08-23,4026030,1903000,2123030,0,0,0,42539,2000,40539,17698,6162855,-6145157,-3981588,TWSE_T86_DAILY_INSTITUTIONAL_REPORT,2026-08-18T06:50:00.000Z
0056,2024-08-26,4171355,2728619,1442736,0,0,0,24000,65000,-41000,301213,1062019,-760806,640930,TWSE_T86_DAILY_INSTITUTIONAL_REPORT,2026-08-18T06:50:00.000Z
0056,2024-08-27,382643,2711000,-2328357,0,0,0,68000,100000,-32000,48000,5080968,-5032968,-7393325,TWSE_T86_DAILY_INSTITUTIONAL_REPORT,2026-08-18T06:50:00.000Z
0056,2024-08-28,600501,1072000,-471499,0,0,0,31000,4000,27000,50000,1073713,-1023713,-1468212,TWSE_T86_DAILY_INSTITUTIONAL_REPORT,2026-08-18T06:50:00.000Z
0056,2024-08-29,1534341,1068100,466241,180000,0,180000,53000,53000,0,8464,3339339,-3330875,-2684634,TWSE_T86_DAILY_INSTITUTIONAL_REPORT,2026-08-18T06:50:00.000Z
0056,2024-08-30,517591,525000,-7409,0,0,0,0,1864000,-1864000,10000,603517,-593517,-2464926,TWSE_T86_DAILY_INSTITUTIONAL_REPORT,2026-08-18T06:50:00.000Z
0056,2024-09-02,562446,878000,-315554,0,0,0,10000,18000,-8000,0,1662690,-1662690,-1986244,TWSE_T86_DAILY_INSTITUTIONAL_REPORT,2026-08-18T06:50:00.000Z
0056,2024-09-03,22849,1836651,-1813802,0,0,0,31171,25000,6171,108000,4530382,-4422382,-6230013,TWSE_T86_DAILY_INSTITUTIONAL_REPORT,2026-08-18T06:50:00.000Z
0056,2024-09-04,2976340,12573100,-9596760,0,0,0,207000,332710,-125710,604000,53094719,-52490719,-62213189,TWSE_T86_DAILY_INSTITUTIONAL_REPORT,2026-08-18T06:50:00.000Z
0056,2024-09-05,485087,5509000,-5023913,0,0,0,22000,140455,-118455,20000,11622739,-11602739,-16745107,TWSE_T86_DAILY_INSTITUTIONAL_REPORT,2026-08-18T06:50:00.000Z
0056,2024-09-06,911467,5364016,-4452549,190000,0,190000,19000,40000,-21000,14034,6321231,-6307197,-10590746,TWSE_T86_DAILY_INSTITUTIONAL_REPORT,2026-08-18T06:50:00.000Z
0056,2024-09-09,1492853,5810000,-4317147,320000,0,320000,56000,94609,-38609,100000,21195359,-21095359,-25131115,TWSE_T86_DAILY_INSTITUTIONAL_REPORT,2026-08-18T06:50:00.000Z
0056,2024-09-10,126412,8170000,-8043588,0,0,0,97000,43113,53887,68000,23263619,-23195619,-31185320,TWSE_T86_DAILY_INSTITUTIONAL_REPORT,2026-08-18T06:50:00.000Z
0056,2024-09-11,378266,3072701,-2694435,250000,0,250000,25000,11000,14000,20000,9939444,-9919444,-12349879,TWSE_T86_DAILY_INSTITUTIONAL_REPORT,2026-08-18T06:50:00.000Z
0056,2024-09-12,3322195,1865020,1457175,110000,0,110000,155154,12000,143154,1700182,1978209,-278027,1432302,TWSE_T86_DAILY_INSTITUTIONAL_REPORT,2026-08-18T06:50:00.000Z
0056,2024-09-13,151691,3307000,-3155309,0,0,0,40000,2000,38000,10000,5735790,-5725790,-8843099,TWSE_T86_DAILY_INSTITUTIONAL_REPORT,2026-08-18T06:50:00.000Z
0056,2024-09-16,2297,3360600,-3358303,250000,0,250000,2000,79000,-77000,37000,6829000,-6792000,-9977303,TWSE_T86_DAILY_INSTITUTIONAL_REPORT,2026-08-18T06:50:00.000Z
0056,2024-09-18,80827,6937012,-6856185,390000,0,390000,36000,155068,-119068,37000,17203882,-17166882,-23752135,TWSE_T86_DAILY_INSTITUTIONAL_REPORT,2026-08-18T06:50:00.000Z
0056,2024-09-19,1046109,2434200,-1388091,0,0,0,84391,60000,24391,879807,3843988,-2964181,-4327881,TWSE_T86_DAILY_INSTITUTIONAL_REPORT,2026-08-18T06:50:00.000Z
0056,2024-09-20,1241107,1941295,-700188,0,0,0,137000,14000,123000,299916,2494980,-2195064,-2772252,TWSE_T86_DAILY_INSTITUTIONAL_REPORT,2026-08-18T06:50:00.000Z
0056,2024-09-23,360798,2003080,-1642282,0,0,0,10000,17000,-7000,93335,6607134,-6513799,-8163081,TWSE_T86_DAILY_INSTITUTIONAL_REPORT,2026-08-18T06:50:00.000Z
0056,2024-09-24,252485,2987289,-2734804,0,0,0,84000,30000,54000,380000,9039798,-8659798,-11340602,TWSE_T86_DAILY_INSTITUTIONAL_REPORT,2026-08-18T06:50:00.000Z
0056,2024-09-25,4691373,341890,4349483,0,0,0,22000,31000,-9000,510983,655851,-144868,4195615,TWSE_T86_DAILY_INSTITUTIONAL_REPORT,2026-08-18T06:50:00.000Z
0056,2024-09-26,479647,2249000,-1769353,0,0,0,159000,40000,119000,616434,8550000,-7933566,-9583919,TWSE_T86_DAILY_INSTITUTIONAL_REPORT,2026-08-18T06:50:00.000Z
0056,2024-09-27,3839678,20580,3819098,0,0,0,1814000,51000,1763000,324846,1553000,-1228154,4353944,TWSE_T86_DAILY_INSTITUTIONAL_REPORT,2026-08-18T06:50:00.000Z
0056,2024-09-30,2077484,8549202,-6471718,120000,0,120000,338000,366000,-28000,28000,20067974,-20039974,-26419692,TWSE_T86_DAILY_INSTITUTIONAL_REPORT,2026-08-18T06:50:00.000Z
0056,2024-10-01,65155,16367000,-16301845,0,0,0,5204000,60000,5144000,13000,44987855,-44974855,-56132700,TWSE_T86_DAILY_INSTITUTIONAL_REPORT,2026-08-18T06:50:00.000Z
0056,2024-10-04,3963173,8303000,-4339827,0,0,0,134000,19000,115000,64000,61325252,-61261252,-65486079,TWSE_T86_DAILY_INSTITUTIONAL_REPORT,2026-08-18T06:50:00.000Z
0056,2024-10-07,1361089,10744952,-9383863,120000,0,120000,40000,483168,-443168,660000,27787056,-27127056,-36834087,TWSE_T86_DAILY_INSTITUTIONAL_REPORT,2026-08-18T06:50:00.000Z
0056,2024-10-08,244197,6943400,-6699203,130000,0,130000,121000,79000,42000,33000,42692057,-42659057,-49186260,TWSE_T86_DAILY_INSTITUTIONAL_REPORT,2026-08-18T06:50:00.000Z
0056,2024-10-09,404004,6037000,-5632996,0,0,0,38000,56000,-18000,44000,17052805,-17008805,-22659801,TWSE_T86_DAILY_INSTITUTIONAL_REPORT,2026-08-18T06:50:00.000Z
0056,2024-10-11,1263894,7494501,-6230607,0,0,0,45000,30000,15000,41000,19640776,-19599776,-25815383,TWSE_T86_DAILY_INSTITUTIONAL_REPORT,2026-08-18T06:50:00.000Z
0056,2024-10-14,550959,7638400,-7087441,210000,0,210000,148000,249000,-101000,549486,29220927,-28671441,-35649882,TWSE_T86_DAILY_INSTITUTIONAL_REPORT,2026-08-18T06:50:00.000Z
0056,2024-10-15,3196159,1957530,1238629,0,0,0,100000,28992,71008,97807,11716490,-11618683,-10309046,TWSE_T86_DAILY_INSTITUTIONAL_REPORT,2026-08-18T06:50:00.000Z
0056,2024-10-16,114433,4499916,-4385483,1030000,0,1030000,428000,689000,-261000,1314000,81068672,-79754672,-83371155,TWSE_T86_DAILY_INSTITUTIONAL_REPORT,2026-08-18T06:50:00.000Z
0056,2024-10-17,1963038,6199000,-4235962,0,0,0,10000,159000,-149000,807000,49121353,-48314353,-52699315,TWSE_T86_DAILY_INSTITUTIONAL_REPORT,2026-08-18T06:50:00.000Z
0056,2024-10-18,8206082,4586060,3620022,290000,0,290000,224000,127000,97000,3060000,4648479,-1588479,2418543,TWSE_T86_DAILY_INSTITUTIONAL_REPORT,2026-08-18T06:50:00.000Z
0056,2024-10-21,2150485,2007000,143485,0,0,0,30000,5000,25000,114000,4450075,-4336075,-4167590,TWSE_T86_DAILY_INSTITUTIONAL_REPORT,2026-08-18T06:50:00.000Z
0056,2024-10-22,1503823,4524110,-3020287,0,0,0,1000,125000,-124000,245000,1422000,-1177000,-4321287,TWSE_T86_DAILY_INSTITUTIONAL_REPORT,2026-08-18T06:50:00.000Z
0056,2024-10-23,468374,4743335,-4274961,0,0,0,5000,2000,3000,0,22389555,-22389555,-26661516,TWSE_T86_DAILY_INSTITUTIONAL_REPORT,2026-08-18T06:50:00.000Z
0056,2024-10-24,61193,8592000,-8530807,0,0,0,117000,36000,81000,165000,43254956,-43089956,-51539763,TWSE_T86_DAILY_INSTITUTIONAL_REPORT,2026-08-18T06:50:00.000Z
0056,2024-10-25,342264,1211317,-869053,100000,0,100000,10000,53000,-43000,618000,7063384,-6445384,-7257437,TWSE_T86_DAILY_INSTITUTIONAL_REPORT,2026-08-18T06:50:00.000Z
0056,2024-10-28,1155829,2145580,-989751,260000,0,260000,40000,1311000,-1271000,80000,13915836,-13835836,-15836587,TWSE_T86_DAILY_INSTITUTIONAL_REPORT,2026-08-18T06:50:00.000Z
0056,2024-10-29,699455,8072500,-7373045,200000,0,200000,24000,90000,-66000,200000,57308611,-57108611,-64347656,TWSE_T86_DAILY_INSTITUTIONAL_REPORT,2026-08-18T06:50:00.000Z
0056,2024-10-30,357145,4821000,-4463855,150000,0,150000,177000,1000,176000,1096000,25059639,-23963639,-28101494,TWSE_T86_DAILY_INSTITUTIONAL_REPORT,2026-08-18T06:50:00.000Z
0056,2024-11-01,8076693,3557000,4519693,0,0,0,107000,3471000,-3364000,68000,38016371,-37948371,-36792678,TWSE_T86_DAILY_INSTITUTIONAL_REPORT,2026-08-18T06:50:00.000Z
0056,2024-11-04,1155689,6908300,-5752611,420000,0,420000,91000,1875000,-1784000,10000,6668236,-6658236,-13774847,TWSE_T86_DAILY_INSTITUTIONAL_REPORT,2026-08-18T06:50:00.000Z
0056,2024-11-05,570446,4664400,-4093954,0,0,0,45000,10000,35000,14171,9376960,-9362789,-13421743,TWSE_T86_DAILY_INSTITUTIONAL_REPORT,2026-08-18T06:50:00.000Z
0056,2024-11-06,1859609,1844240,15369,0,200000,-200000,199000,149000,50000,1721998,3884905,-2162907,-2297538,TWSE_T86_DAILY_INSTITUTIONAL_REPORT,2026-08-18T06:50:00.000Z
0056,2024-11-07,6732961,1730015,5002946,0,0,0,27000,63000,-36000,1346676,1919000,-572324,4394622,TWSE_T86_DAILY_INSTITUTIONAL_REPORT,2026-08-18T06:50:00.000Z
0056,2024-11-08,1952255,3071174,-1118919,0,0,0,42000,464000,-422000,1523000,1244384,278616,-1262303,TWSE_T86_DAILY_INSTITUTIONAL_REPORT,2026-08-18T06:50:00.000Z
0056,2024-11-11,306849,4507351,-4200502,230000,0,230000,90000,35000,55000,0,20042906,-20042906,-23958408,TWSE_T86_DAILY_INSTITUTIONAL_REPORT,2026-08-18T06:50:00.000Z
0056,2024-11-12,158020,7715000,-7556980,0,0,0,82000,132000,-50000,0,56332935,-56332935,-63939915,TWSE_T86_DAILY_INSTITUTIONAL_REPORT,2026-08-18T06:50:00.000Z
0056,2024-11-13,638013,4682000,-4043987,0,0,0,53000,153000,-100000,100000,28631664,-28531664,-32675651,TWSE_T86_DAILY_INSTITUTIONAL_REPORT,2026-08-18T06:50:00.000Z
0056,2024-11-14,676908,6614000,-5937092,0,500000,-500000,85000,162000,-77000,896000,56801677,-55905677,-62419769,TWSE_T86_DAILY_INSTITUTIONAL_REPORT,2026-08-18T06:50:00.000Z
0056,2024-11-15,684863,6719000,-6034137,210000,400000,-190000,44000,61000,-17000,541150,14615964,-14074814,-20315951,TWSE_T86_DAILY_INSTITUTIONAL_REPORT,2026-08-18T06:50:00.000Z
0056,2024-11-18,1315786,1850338,-534552,545000,500000,45000,60000,23000,37000,904000,45767976,-44863976,-45316528,TWSE_T86_DAILY_INSTITUTIONAL_REPORT,2026-08-18T06:50:00.000Z
0056,2024-11-19,886576,431001,455575,0,0,0,32000,105000,-73000,2096579,15242840,-13146261,-12763686,TWSE_T86_DAILY_INSTITUTIONAL_REPORT,2026-08-18T06:50:00.000Z
0056,2024-11-20,2052747,1347536,705211,0,90000,-90000,0,112000,-112000,704000,21204389,-20500389,-19997178,TWSE_T86_DAILY_INSTITUTIONAL_REPORT,2026-08-18T06:50:00.000Z
0056,2024-11-21,337122,2241000,-1903878,0,0,0,311000,293000,18000,666000,12259478,-11593478,-13479356,TWSE_T86_DAILY_INSTITUTIONAL_REPORT,2026-08-18T06:50:00.000Z
0056,2024-11-22,1002036,1712100,-710064,0,0,0,52000,103000,-51000,2164973,6102919,-3937946,-4699010,TWSE_T86_DAILY_INSTITUTIONAL_REPORT,2026-08-18T06:50:00.000Z
0056,2024-11-25,1649609,509200,1140409,300000,0,300000,80000,107000,-27000,850000,7915397,-7065397,-5651988,TWSE_T86_DAILY_INSTITUTIONAL_REPORT,2026-08-18T06:50:00.000Z
0056,2024-11-26,407108,5313125,-4906017,0,0,0,5000,163000,-158000,313000,12284658,-11971658,-17035675,TWSE_T86_DAILY_INSTITUTIONAL_REPORT,2026-08-18T06:50:00.000Z
0056,2024-11-27,466963,9038000,-8571037,145000,0,145000,80000,23140,56860,62000,78304687,-78242687,-86611864,TWSE_T86_DAILY_INSTITUTIONAL_REPORT,2026-08-18T06:50:00.000Z
0056,2024-11-28,1129964,4420000,-3290036,0,0,0,129000,72000,57000,66686,48019753,-47953067,-51186103,TWSE_T86_DAILY_INSTITUTIONAL_REPORT,2026-08-18T06:50:00.000Z
0056,2024-11-29,808759,4013000,-3204241,240000,0,240000,60000,19000,41000,281000,20574419,-20293419,-23216660,TWSE_T86_DAILY_INSTITUTIONAL_REPORT,2026-08-18T06:50:00.000Z
0056,2024-12-02,408066,456347,-48281,190000,0,190000,0,11000,-11000,2091000,6778338,-4687338,-4556619,TWSE_T86_DAILY_INSTITUTIONAL_REPORT,2026-08-18T06:50:00.000Z
0056,2024-12-03,1658649,2297512,-638863,0,0,0,32000,58548,-26548,64340,15467420,-15403080,-16068491,TWSE_T86_DAILY_INSTITUTIONAL_REPORT,2026-08-18T06:50:00.000Z
0056,2024-12-04,193821,50010,143811,0,0,0,1000,0,1000,83000,8568605,-8485605,-8340794,TWSE_T86_DAILY_INSTITUTIONAL_REPORT,2026-08-18T06:50:00.000Z
0056,2024-12-05,687517,2250000,-1562483,0,0,0,0,147000,-147000,0,3646471,-3646471,-5355954,TWSE_T86_DAILY_INSTITUTIONAL_REPORT,2026-08-18T06:50:00.000Z
0056,2024-12-06,1518938,3973000,-2454062,0,0,0,100000,118000,-18000,54000,9165297,-9111297,-11583359,TWSE_T86_DAILY_INSTITUTIONAL_REPORT,2026-08-18T06:50:00.000Z
0056,2024-12-09,3926074,2433496,1492578,180000,0,180000,12000,4000,8000,0,23596409,-23596409,-21915831,TWSE_T86_DAILY_INSTITUTIONAL_REPORT,2026-08-18T06:50:00.000Z
0056,2024-12-10,92675,4177900,-4085225,0,0,0,23000,26000,-3000,1000,21151316,-21150316,-25238541,TWSE_T86_DAILY_INSTITUTIONAL_REPORT,2026-08-18T06:50:00.000Z
0056,2024-12-11,790932,2482316,-1691384,0,100000,-100000,27000,59452,-32452,54000,23689277,-23635277,-25459113,TWSE_T86_DAILY_INSTITUTIONAL_REPORT,2026-08-18T06:50:00.000Z
0056,2024-12-12,768116,449010,319106,0,0,0,33000,20000,13000,839000,4142188,-3303188,-2971082,TWSE_T86_DAILY_INSTITUTIONAL_REPORT,2026-08-18T06:50:00.000Z
0056,2024-12-13,311245,3022547,-2711302,0,0,0,27000,50000,-23000,34000,35493105,-35459105,-38193407,TWSE_T86_DAILY_INSTITUTIONAL_REPORT,2026-08-18T06:50:00.000Z
0056,2024-12-16,145223,4586000,-4440777,210000,0,210000,53000,32000,21000,750,43753703,-43752953,-47962730,TWSE_T86_DAILY_INSTITUTIONAL_REPORT,2026-08-18T06:50:00.000Z
0056,2024-12-17,665768,5136080,-4470312,220000,0,220000,141000,0,141000,110000,27964945,-27854945,-31964257,TWSE_T86_DAILY_INSTITUTIONAL_REPORT,2026-08-18T06:50:00.000Z
0056,2024-12-18,871706,1643023,-771317,0,0,0,63049,387000,-323951,442000,7145393,-6703393,-7798661,TWSE_T86_DAILY_INSTITUTIONAL_REPORT,2026-08-18T06:50:00.000Z
0056,2024-12-19,520450,3189500,-2669050,0,0,0,0,197810,-197810,0,26260433,-26260433,-29127293,TWSE_T86_DAILY_INSTITUTIONAL_REPORT,2026-08-18T06:50:00.000Z
0056,2024-12-20,763754,5145100,-4381346,0,0,0,22000,182233,-160233,202000,24183017,-23981017,-28522596,TWSE_T86_DAILY_INSTITUTIONAL_REPORT,2026-08-18T06:50:00.000Z
0056,2024-12-23,2229646,1324250,905396,220000,0,220000,45000,18000,27000,1001000,1522289,-521289,631107,TWSE_T86_DAILY_INSTITUTIONAL_REPORT,2026-08-18T06:50:00.000Z
0056,2024-12-24,1192225,608800,583425,0,0,0,11000,3000,8000,154963,3560000,-3405037,-2813612,TWSE_T86_DAILY_INSTITUTIONAL_REPORT,2026-08-18T06:50:00.000Z
0056,2024-12-25,17654,2388010,-2370356,0,0,0,20000,11135,8865,81000,9996822,-9915822,-12277313,TWSE_T86_DAILY_INSTITUTIONAL_REPORT,2026-08-18T06:50:00.000Z
0056,2024-12-26,732051,261000,471051,110000,0,110000,0,6000,-6000,81000,5480979,-5399979,-4824928,TWSE_T86_DAILY_INSTITUTIONAL_REPORT,2026-08-18T06:50:00.000Z
0056,2024-12-27,4837,1357823,-1352986,0,0,0,10000,10000,0,175000,8103045,-7928045,-9281031,TWSE_T86_DAILY_INSTITUTIONAL_REPORT,2026-08-18T06:50:00.000Z
0056,2024-12-30,41875,2976000,-2934125,0,0,0,1000,31000,-30000,160000,24495048,-24335048,-27299173,TWSE_T86_DAILY_INSTITUTIONAL_REPORT,2026-08-18T06:50:00.000Z
0056,2024-12-31,269275,3725000,-3455725,0,0,0,44000,51000,-7000,186000,33803224,-33617224,-37079949,TWSE_T86_DAILY_INSTITUTIONAL_REPORT,2026-08-18T06:50:00.000Z
0056,2025-01-02,412780,4458000,-4045220,150000,0,150000,5012000,28000,4984000,301835,73078886,-72777051,-71688271,TWSE_T86_DAILY_INSTITUTIONAL_REPORT,2026-08-18T06:50:00.000Z
0056,2025-01-03,132855,9219000,-9086145,0,0,0,50000,5000,45000,506000,37675034,-37169034,-46210179,TWSE_T86_DAILY_INSTITUTIONAL_REPORT,2026-08-18T06:50:00.000Z
0056,2025-01-06,7038406,7931300,-892894,140000,0,140000,79000,24000,55000,2969106,24267293,-21298187,-21996081,TWSE_T86_DAILY_INSTITUTIONAL_REPORT,2026-08-18T06:50:00.000Z
0056,2025-01-07,2695602,8677910,-5982308,110000,0,110000,37000,48995,-11995,186000,16935001,-16749001,-22633304,TWSE_T86_DAILY_INSTITUTIONAL_REPORT,2026-08-18T06:50:00.000Z
0056,2025-01-08,309760,2358000,-2048240,0,0,0,2000,50000,-48000,627000,19162421,-18535421,-20631661,TWSE_T86_DAILY_INSTITUTIONAL_REPORT,2026-08-18T06:50:00.000Z
0056,2025-01-09,591801,26920510,-26328709,0,0,0,109000,211000,-102000,99000,77621013,-77522013,-103952722,TWSE_T86_DAILY_INSTITUTIONAL_REPORT,2026-08-18T06:50:00.000Z
0056,2025-01-10,133295,10961000,-10827705,0,0,0,111000,71176,39824,247000,82529949,-82282949,-93070830,TWSE_T86_DAILY_INSTITUTIONAL_REPORT,2026-08-18T06:50:00.000Z
0056,2025-01-13,2832567,31004262,-28171695,235000,0,235000,21000,22000,-1000,183034,130224197,-130041163,-157978858,TWSE_T86_DAILY_INSTITUTIONAL_REPORT,2026-08-18T06:50:00.000Z
0056,2025-01-14,165995,4073000,-3907005,160000,0,160000,10000,32000,-22000,1626000,35578434,-33952434,-37721439,TWSE_T86_DAILY_INSTITUTIONAL_REPORT,2026-08-18T06:50:00.000Z
0056,2025-01-15,225989,6974850,-6748861,0,0,0,211000,143000,68000,2214000,65076780,-62862780,-69543641,TWSE_T86_DAILY_INSTITUTIONAL_REPORT,2026-08-18T06:50:00.000Z
0056,2025-01-16,446630,10667403,-10220773,1100000,0,1100000,2000,972000,-970000,3260063,40787101,-37527038,-47617811,TWSE_T86_DAILY_INSTITUTIONAL_REPORT,2026-08-18T06:50:00.000Z
0056,2025-01-17,474825,13885000,-13410175,0,0,0,44000,8000,36000,893000,84799759,-83906759,-97280934,TWSE_T86_DAILY_INSTITUTIONAL_REPORT,2026-08-18T06:50:00.000Z
0056,2025-01-20,168550,505185,-336635,250000,0,250000,0,0,0,1261000,19054852,-17793852,-17880487,TWSE_T86_DAILY_INSTITUTIONAL_REPORT,2026-08-18T06:50:00.000Z
0056,2025-01-21,904204,1702494,-798290,0,0,0,2000,330000,-328000,469000,13587425,-13118425,-14244715,TWSE_T86_DAILY_INSTITUTIONAL_REPORT,2026-08-18T06:50:00.000Z
0056,2025-01-22,9619,464117,-454498,150000,0,150000,27000,557000,-530000,1402000,9601885,-8199885,-9034383,TWSE_T86_DAILY_INSTITUTIONAL_REPORT,2026-08-18T06:50:00.000Z
0056,2025-02-03,1143275,9731101,-8587826,1200000,0,1200000,22000,733700,-711700,2059566,78336607,-76277041,-84376567,TWSE_T86_DAILY_INSTITUTIONAL_REPORT,2026-08-18T06:50:00.000Z
0056,2025-02-04,790115,6782061,-5991946,0,0,0,586000,11000,575000,265000,52794502,-52529502,-57946448,TWSE_T86_DAILY_INSTITUTIONAL_REPORT,2026-08-18T06:50:00.000Z
0056,2025-02-05,2177570,1192247,985323,100000,0,100000,0,1253000,-1253000,2577000,4441183,-1864183,-2031860,TWSE_T86_DAILY_INSTITUTIONAL_REPORT,2026-08-18T06:50:00.000Z
0056,2025-02-06,778788,2306496,-1527708,0,0,0,98000,7445000,-7347000,10000,1908605,-1898605,-10773313,TWSE_T86_DAILY_INSTITUTIONAL_REPORT,2026-08-18T06:50:00.000Z
0056,2025-02-07,260138,225495,34643,0,0,0,0,173000,-173000,783000,255362,527638,389281,TWSE_T86_DAILY_INSTITUTIONAL_REPORT,2026-08-18T06:50:00.000Z
0056,2025-02-10,246394,3994000,-3747606,235000,0,235000,0,424000,-424000,100000,8007436,-7907436,-11844042,TWSE_T86_DAILY_INSTITUTIONAL_REPORT,2026-08-18T06:50:00.000Z
0056,2025-02-11,2124474,198081,1926393,0,0,0,11000,113000,-102000,689996,3495448,-2805452,-981059,TWSE_T86_DAILY_INSTITUTIONAL_REPORT,2026-08-18T06:50:00.000Z
0056,2025-02-12,1638430,2929000,-1290570,0,0,0,1000,25000,-24000,986000,1240588,-254588,-1569158,TWSE_T86_DAILY_INSTITUTIONAL_REPORT,2026-08-18T06:50:00.000Z
0056,2025-02-13,6958386,303200,6655186,0,0,0,60000,56000,4000,7343427,40000,7303427,13962613,TWSE_T86_DAILY_INSTITUTIONAL_REPORT,2026-08-18T06:50:00.000Z
0056,2025-02-14,145712,3477350,-3331638,0,0,0,1000,20305,-19305,1400000,2737007,-1337007,-4687950,TWSE_T86_DAILY_INSTITUTIONAL_REPORT,2026-08-18T06:50:00.000Z
0056,2025-02-17,4100822,1121047,2979775,220000,0,220000,140305,2000,138305,2295828,1642296,653532,3991612,TWSE_T86_DAILY_INSTITUTIONAL_REPORT,2026-08-18T06:50:00.000Z
0056,2025-02-18,2532089,1738000,794089,240000,0,240000,201000,20000,181000,1454000,756405,697595,1912684,TWSE_T86_DAILY_INSTITUTIONAL_REPORT,2026-08-18T06:50:00.000Z
0056,2025-02-19,1604314,3333230,-1728916,150000,0,150000,248000,79000,169000,1638120,785000,853120,-556796,TWSE_T86_DAILY_INSTITUTIONAL_REPORT,2026-08-18T06:50:00.000Z
0056,2025-02-20,308320,1973950,-1665630,0,0,0,0,32000,-32000,238000,5267376,-5029376,-6727006,TWSE_T86_DAILY_INSTITUTIONAL_REPORT,2026-08-18T06:50:00.000Z
0056,2025-02-21,8238349,238760,7999589,0,0,0,235000,1000,234000,1486000,200591,1285409,9518998,TWSE_T86_DAILY_INSTITUTIONAL_REPORT,2026-08-18T06:50:00.000Z
0056,2025-02-24,132727,4855950,-4723223,300000,0,300000,0,25000,-25000,36000,2338467,-2302467,-6750690,TWSE_T86_DAILY_INSTITUTIONAL_REPORT,2026-08-18T06:50:00.000Z
0056,2025-02-25,859998,6460000,-5600002,0,0,0,1000,174000,-173000,306000,7201747,-6895747,-12668749,TWSE_T86_DAILY_INSTITUTIONAL_REPORT,2026-08-18T06:50:00.000Z
0056,2025-02-26,6092228,1143610,4948618,0,0,0,10000,4000,6000,1084000,2306278,-1222278,3732340,TWSE_T86_DAILY_INSTITUTIONAL_REPORT,2026-08-18T06:50:00.000Z
0056,2025-02-27,614244,5682046,-5067802,0,0,0,2000,4000,-2000,489000,31710953,-31221953,-36291755,TWSE_T86_DAILY_INSTITUTIONAL_REPORT,2026-08-18T06:50:00.000Z
0056,2025-03-03,4491479,5919129,-1427650,220000,0,220000,38000,111000,-73000,524796,38796242,-38271446,-39552096,TWSE_T86_DAILY_INSTITUTIONAL_REPORT,2026-08-18T06:50:00.000Z
0056,2025-03-04,772561,3469605,-2697044,110000,0,110000,29000,42429,-13429,233000,31361819,-31128819,-33729292,TWSE_T86_DAILY_INSTITUTIONAL_REPORT,2026-08-18T06:50:00.000Z
0056,2025-03-05,1715754,2055000,-339246,0,0,0,203000,22000,181000,399000,2566606,-2167606,-2325852,TWSE_T86_DAILY_INSTITUTIONAL_REPORT,2026-08-18T06:50:00.000Z
0056,2025-03-06,1191083,1750136,-559053,140000,0,140000,24000,58000,-34000,312000,5759879,-5447879,-5900932,TWSE_T86_DAILY_INSTITUTIONAL_REPORT,2026-08-18T06:50:00.000Z
0056,2025-03-07,276127,2073400,-1797273,0,0,0,1000,234762,-233762,316000,12889445,-12573445,-14604480,TWSE_T86_DAILY_INSTITUTIONAL_REPORT,2026-08-18T06:50:00.000Z
0056,2025-03-10,2211122,6646612,-4435490,220000,0,220000,26000,37000,-11000,256000,25338208,-25082208,-29308698,TWSE_T86_DAILY_INSTITUTIONAL_REPORT,2026-08-18T06:50:00.000Z
0056,2025-03-11,3065698,7848704,-4783006,0,0,0,50000,26000,24000,213000,70611263,-70398263,-75157269,TWSE_T86_DAILY_INSTITUTIONAL_REPORT,2026-08-18T06:50:00.000Z
0056,2025-03-12,231209,2494000,-2262791,0,0,0,52000,13000,39000,131000,11400285,-11269285,-13493076,TWSE_T86_DAILY_INSTITUTIONAL_REPORT,2026-08-18T06:50:00.000Z
0056,2025-03-13,52625,4559000,-4506375,0,0,0,40000,181000,-141000,887000,31568136,-30681136,-35328511,TWSE_T86_DAILY_INSTITUTIONAL_REPORT,2026-08-18T06:50:00.000Z
0056,2025-03-14,573845,783000,-209155,0,0,0,11000,22000,-11000,173000,32718551,-32545551,-32765706,TWSE_T86_DAILY_INSTITUTIONAL_REPORT,2026-08-18T06:50:00.000Z
0056,2025-03-17,1498094,3221712,-1723618,190000,0,190000,50000,11000,39000,731253,10873172,-10141919,-11636537,TWSE_T86_DAILY_INSTITUTIONAL_REPORT,2026-08-18T06:50:00.000Z
0056,2025-03-18,1713117,1902556,-189439,0,0,0,182000,13000,169000,586000,3524204,-2938204,-2958643,TWSE_T86_DAILY_INSTITUTIONAL_REPORT,2026-08-18T06:50:00.000Z
0056,2025-03-19,798452,2450230,-1651778,0,0,0,481000,92238,388762,420000,18294110,-17874110,-19137126,TWSE_T86_DAILY_INSTITUTIONAL_REPORT,2026-08-18T06:50:00.000Z
0056,2025-03-20,1522168,1147000,375168,0,0,0,432414,7000,425414,762000,4093772,-3331772,-2531190,TWSE_T86_DAILY_INSTITUTIONAL_REPORT,2026-08-18T06:50:00.000Z
0056,2025-03-21,24198,1692150,-1667952,0,0,0,10000,100000,-90000,0,10752015,-10752015,-12509967,TWSE_T86_DAILY_INSTITUTIONAL_REPORT,2026-08-18T06:50:00.000Z
0056,2025-03-24,131290,5208270,-5076980,200000,0,200000,200000,0,200000,100000,26105376,-26005376,-30682356,TWSE_T86_DAILY_INSTITUTIONAL_REPORT,2026-08-18T06:50:00.000Z
0056,2025-03-25,365704,1111505,-745801,0,0,0,221000,2000,219000,127000,28205704,-28078704,-28605505,TWSE_T86_DAILY_INSTITUTIONAL_REPORT,2026-08-18T06:50:00.000Z
0056,2025-03-26,873626,735050,138576,0,0,0,0,1920000,-1920000,638000,8066974,-7428974,-9210398,TWSE_T86_DAILY_INSTITUTIONAL_REPORT,2026-08-18T06:50:00.000Z
0056,2025-03-27,44216,2166600,-2122384,390000,0,390000,7000,11000,-4000,682000,50189943,-49507943,-51244327,TWSE_T86_DAILY_INSTITUTIONAL_REPORT,2026-08-18T06:50:00.000Z
0056,2025-03-28,617656,6282695,-5665039,0,0,0,16000,4058000,-4042000,64000,124982224,-124918224,-134625263,TWSE_T86_DAILY_INSTITUTIONAL_REPORT,2026-08-18T06:50:00.000Z
0056,2025-03-31,9909787,12128979,-2219192,280000,0,280000,113000,264000,-151000,374144,214835699,-214461555,-216551747,TWSE_T86_DAILY_INSTITUTIONAL_REPORT,2026-08-18T06:50:00.000Z
0056,2025-04-01,1046923,6034600,-4987677,0,0,0,1663000,47000,1616000,566000,58662789,-58096789,-61468466,TWSE_T86_DAILY_INSTITUTIONAL_REPORT,2026-08-18T06:50:00.000Z
0056,2025-04-02,723923,10485033,-9761110,210000,0,210000,1450000,10000,1440000,257000,62162743,-61905743,-70016853,TWSE_T86_DAILY_INSTITUTIONAL_REPORT,2026-08-18T06:50:00.000Z
0056,2025-04-07,146329,470297,-323968,0,0,0,0,349090,-349090,86000,19473533,-19387533,-20060591,TWSE_T86_DAILY_INSTITUTIONAL_REPORT,2026-08-18T06:50:00.000Z
0056,2025-04-08,68549316,95147730,-26598414,0,1100000,-1100000,2005000,388000,1617000,1651000,223461808,-221810808,-247892222,TWSE_T86_DAILY_INSTITUTIONAL_REPORT,2026-08-18T06:50:00.000Z
0056,2025-04-09,14839812,39910756,-25070944,0,0,0,222000,414000,-192000,621245,314721856,-314100611,-339363555,TWSE_T86_DAILY_INSTITUTIONAL_REPORT,2026-08-18T06:50:00.000Z
0056,2025-04-10,1677957,26040,1651917,0,0,0,6000,0,6000,1998,1101000,-1099002,558915,TWSE_T86_DAILY_INSTITUTIONAL_REPORT,2026-08-18T06:50:00.000Z
0056,2025-04-11,46460773,39002686,7458087,2350000,0,2350000,61000,1522000,-1461000,1569081,55120379,-53551298,-45204211,TWSE_T86_DAILY_INSTITUTIONAL_REPORT,2026-08-18T06:50:00.000Z
0056,2025-04-14,12656488,39021767,-26365279,1630000,0,1630000,25000,0,25000,2504000,25296220,-22792220,-47502499,TWSE_T86_DAILY_INSTITUTIONAL_REPORT,2026-08-18T06:50:00.000Z
0056,2025-04-15,4987300,3156242,1831058,2720000,0,2720000,0,0,0,690000,37819785,-37129785,-32578727,TWSE_T86_DAILY_INSTITUTIONAL_REPORT,2026-08-18T06:50:00.000Z
0056,2025-04-16,2913563,9667211,-6753648,2400000,0,2400000,1000,154895,-153895,2231000,61110637,-58879637,-63387180,TWSE_T86_DAILY_INSTITUTIONAL_REPORT,2026-08-18T06:50:00.000Z
0056,2025-04-17,2472533,7480155,-5007622,320000,0,320000,162000,0,162000,662046,40356798,-39694752,-44220374,TWSE_T86_DAILY_INSTITUTIONAL_REPORT,2026-08-18T06:50:00.000Z
0056,2025-04-18,769782,1471000,-701218,0,0,0,1985000,95000,1890000,112000,37890110,-37778110,-36589328,TWSE_T86_DAILY_INSTITUTIONAL_REPORT,2026-08-18T06:50:00.000Z
0056,2025-04-21,1070032,11671100,-10601068,230000,0,230000,55000,20000,35000,384000,87378342,-86994342,-97330410,TWSE_T86_DAILY_INSTITUTIONAL_REPORT,2026-08-18T06:50:00.000Z
0056,2025-04-22,6101159,16409069,-10307910,1900000,0,1900000,57000,30000,27000,1267000,119345247,-118078247,-126459157,TWSE_T86_DAILY_INSTITUTIONAL_REPORT,2026-08-18T06:50:00.000Z
0056,2025-04-23,6295600,4350000,1945600,270000,0,270000,22000,33000,-11000,2154000,20527418,-18373418,-16168818,TWSE_T86_DAILY_INSTITUTIONAL_REPORT,2026-08-18T06:50:00.000Z
0056,2025-04-24,1676451,4254000,-2577549,220000,0,220000,0,45000,-45000,898000,20438891,-19540891,-21943440,TWSE_T86_DAILY_INSTITUTIONAL_REPORT,2026-08-18T06:50:00.000Z
0056,2025-04-25,14274419,2972700,11301719,0,0,0,12000,784000,-772000,3528505,347348,3181157,13710876,TWSE_T86_DAILY_INSTITUTIONAL_REPORT,2026-08-18T06:50:00.000Z
0056,2025-04-28,3927905,3113100,814805,260000,0,260000,1000,117000,-116000,1689000,1410684,278316,1237121,TWSE_T86_DAILY_INSTITUTIONAL_REPORT,2026-08-18T06:50:00.000Z
0056,2025-04-29,3851366,3094411,756955,0,0,0,15000,17000,-2000,3793624,391896,3401728,4156683,TWSE_T86_DAILY_INSTITUTIONAL_REPORT,2026-08-18T06:50:00.000Z
0056,2025-04-30,391870,8567118,-8175248,0,0,0,10000,53000,-43000,104000,1732417,-1628417,-9846665,TWSE_T86_DAILY_INSTITUTIONAL_REPORT,2026-08-18T06:50:00.000Z
0056,2025-05-02,11364741,3295100,8069641,0,0,0,12000,3000,9000,7501000,180565,7320435,15399076,TWSE_T86_DAILY_INSTITUTIONAL_REPORT,2026-08-18T06:50:00.000Z
0056,2025-05-05,10018336,17328000,-7309664,530000,0,530000,10000,24000,-14000,3028000,2556680,471320,-6322344,TWSE_T86_DAILY_INSTITUTIONAL_REPORT,2026-08-18T06:50:00.000Z
0056,2025-05-06,3448625,7740000,-4291375,210000,0,210000,0,464362,-464362,15619580,3744347,11875233,7329496,TWSE_T86_DAILY_INSTITUTIONAL_REPORT,2026-08-18T06:50:00.000Z
0056,2025-05-07,8102256,2908100,5194156,0,0,0,2000,530638,-528638,883000,5276624,-4393624,271894,TWSE_T86_DAILY_INSTITUTIONAL_REPORT,2026-08-18T06:50:00.000Z
0056,2025-05-08,5615035,2644000,2971035,0,0,0,61000,4018,56982,2398000,133282,2264718,5292735,TWSE_T86_DAILY_INSTITUTIONAL_REPORT,2026-08-18T06:50:00.000Z
0056,2025-05-09,9232597,3631800,5600797,100000,0,100000,0,19000,-19000,4012894,103446,3909448,9591245,TWSE_T86_DAILY_INSTITUTIONAL_REPORT,2026-08-18T06:50:00.000Z
0056,2025-05-12,2143820,7043420,-4899600,320000,0,320000,6000,53982,-47982,1095000,3016308,-1921308,-6548890,TWSE_T86_DAILY_INSTITUTIONAL_REPORT,2026-08-18T06:50:00.000Z
0056,2025-05-13,5884215,9425300,-3541085,0,0,0,79000,15000,64000,219000,658726,-439726,-3916811,TWSE_T86_DAILY_INSTITUTIONAL_REPORT,2026-08-18T06:50:00.000Z
0056,2025-05-14,14783358,4450673,10332685,0,0,0,32000,45000,-13000,5541000,214733,5326267,15645952,TWSE_T86_DAILY_INSTITUTIONAL_REPORT,2026-08-18T06:50:00.000Z
0056,2025-05-15,3882406,6617000,-2734594,0,0,0,11000,3436000,-3425000,662000,366570,295430,-5864164,TWSE_T86_DAILY_INSTITUTIONAL_REPORT,2026-08-18T06:50:00.000Z
0056,2025-05-16,7053220,9488125,-2434905,0,1400000,-1400000,18000,45295,-27295,735000,370684,364316,-3497884,TWSE_T86_DAILY_INSTITUTIONAL_REPORT,2026-08-18T06:50:00.000Z
0056,2025-05-19,993961,12231782,-11237821,0,1800000,-1800000,94000,2138392,-2044392,1657000,3021280,-1364280,-16446493,TWSE_T86_DAILY_INSTITUTIONAL_REPORT,2026-08-18T06:50:00.000Z
0056,2025-05-20,3100407,3781000,-680593,0,1700000,-1700000,17000,10000,7000,525000,1324740,-799740,-3173333,TWSE_T86_DAILY_INSTITUTIONAL_REPORT,2026-08-18T06:50:00.000Z
0056,2025-05-21,1966133,10058600,-8092467,0,1810000,-1810000,8000,2000,6000,4553000,6463575,-1910575,-11807042,TWSE_T86_DAILY_INSTITUTIONAL_REPORT,2026-08-18T06:50:00.000Z
0056,2025-05-22,1144013,4519250,-3375237,0,1580000,-1580000,11000,1666236,-1655236,77000,949637,-872637,-7483110,TWSE_T86_DAILY_INSTITUTIONAL_REPORT,2026-08-18T06:50:00.000Z
0056,2025-05-23,277648,12639691,-12362043,0,0,0,8000,1782162,-1774162,56000,3628901,-3572901,-17709106,TWSE_T86_DAILY_INSTITUTIONAL_REPORT,2026-08-18T06:50:00.000Z
0056,2025-05-26,2162511,10100202,-7937691,0,0,0,4000,2096492,-2092492,241000,4848321,-4607321,-14637504,TWSE_T86_DAILY_INSTITUTIONAL_REPORT,2026-08-18T06:50:00.000Z
0056,2025-05-27,4651754,9150210,-4498456,0,0,0,23000,154423,-131423,77000,15479018,-15402018,-20031897,TWSE_T86_DAILY_INSTITUTIONAL_REPORT,2026-08-18T06:50:00.000Z
0056,2025-05-28,2619282,6825600,-4206318,0,0,0,32000,6000,26000,112000,3724366,-3612366,-7792684,TWSE_T86_DAILY_INSTITUTIONAL_REPORT,2026-08-18T06:50:00.000Z
0056,2025-05-29,3935499,4170000,-234501,0,0,0,2000,6000,-4000,610343,530526,79817,-158684,TWSE_T86_DAILY_INSTITUTIONAL_REPORT,2026-08-18T06:50:00.000Z
0056,2025-06-02,1452179,13238000,-11785821,180000,0,180000,10000,13000,-3000,520074,42610371,-42090297,-53699118,TWSE_T86_DAILY_INSTITUTIONAL_REPORT,2026-08-18T06:50:00.000Z
0056,2025-06-03,3462097,5792735,-2330638,210000,0,210000,8000,2000,6000,30000,2328341,-2298341,-4412979,TWSE_T86_DAILY_INSTITUTIONAL_REPORT,2026-08-18T06:50:00.000Z
0056,2025-06-04,6228917,2315120,3913797,0,0,0,51000,0,51000,1109000,895726,213274,4178071,TWSE_T86_DAILY_INSTITUTIONAL_REPORT,2026-08-18T06:50:00.000Z
0056,2025-06-05,2114931,7388919,-5273988,0,0,0,835000,20000,815000,403000,8629912,-8226912,-12685900,TWSE_T86_DAILY_INSTITUTIONAL_REPORT,2026-08-18T06:50:00.000Z
0056,2025-06-06,814276,4520583,-3706307,120000,0,120000,30000,30000,0,380000,12663697,-12283697,-15870004,TWSE_T86_DAILY_INSTITUTIONAL_REPORT,2026-08-18T06:50:00.000Z
0056,2025-06-09,4460238,5996663,-1536425,360000,0,360000,1000,9000,-8000,30000,5745905,-5715905,-6900330,TWSE_T86_DAILY_INSTITUTIONAL_REPORT,2026-08-18T06:50:00.000Z
0056,2025-06-10,7367761,4245212,3122549,0,0,0,12000,3000,9000,5803416,6630230,-826814,2304735,TWSE_T86_DAILY_INSTITUTIONAL_REPORT,2026-08-18T06:50:00.000Z
0056,2025-06-11,1906019,9053271,-7147252,0,0,0,0,1000,-1000,669000,4716409,-4047409,-11195661,TWSE_T86_DAILY_INSTITUTIONAL_REPORT,2026-08-18T06:50:00.000Z
0056,2025-06-12,2974314,9016450,-6042136,0,0,0,0,49000,-49000,20000,2728458,-2708458,-8799594,TWSE_T86_DAILY_INSTITUTIONAL_REPORT,2026-08-18T06:50:00.000Z
0056,2025-06-13,2774316,9026200,-6251884,0,0,0,0,2081000,-2081000,230000,8723661,-8493661,-16826545,TWSE_T86_DAILY_INSTITUTIONAL_REPORT,2026-08-18T06:50:00.000Z
0056,2025-06-16,1315091,6903247,-5588156,170000,0,170000,0,64000,-64000,32000,13346592,-13314592,-18796748,TWSE_T86_DAILY_INSTITUTIONAL_REPORT,2026-08-18T06:50:00.000Z
0056,2025-06-17,1180886,9525433,-8344547,0,0,0,36000,682000,-646000,54355,7091841,-7037486,-16028033,TWSE_T86_DAILY_INSTITUTIONAL_REPORT,2026-08-18T06:50:00.000Z
0056,2025-06-18,2700231,322000,2378231,0,0,0,0,131000,-131000,498000,14786185,-14288185,-12040954,TWSE_T86_DAILY_INSTITUTIONAL_REPORT,2026-08-18T06:50:00.000Z
0056,2025-06-19,48099,8006527,-7958428,0,0,0,0,173000,-173000,23000,29592510,-29569510,-37700938,TWSE_T86_DAILY_INSTITUTIONAL_REPORT,2026-08-18T06:50:00.000Z
0056,2025-06-20,2127633,5878000,-3750367,0,0,0,9000,743000,-734000,56000,43037324,-42981324,-47465691,TWSE_T86_DAILY_INSTITUTIONAL_REPORT,2026-08-18T06:50:00.000Z
0056,2025-06-23,2428826,1820630,608196,200000,0,200000,0,487000,-487000,325000,55635111,-55310111,-54988915,TWSE_T86_DAILY_INSTITUTIONAL_REPORT,2026-08-18T06:50:00.000Z
0056,2025-06-24,4251233,1385321,2865912,0,0,0,0,280000,-280000,1116786,4149405,-3032619,-446707,TWSE_T86_DAILY_INSTITUTIONAL_REPORT,2026-08-18T06:50:00.000Z
0056,2025-06-25,15037230,3944060,11093170,0,0,0,21000,901000,-880000,10000,25514381,-25504381,-15291211,TWSE_T86_DAILY_INSTITUTIONAL_REPORT,2026-08-18T06:50:00.000Z
0056,2025-06-26,2425470,11363020,-8937550,0,0,0,0,59000,-59000,189000,85445262,-85256262,-94252812,TWSE_T86_DAILY_INSTITUTIONAL_REPORT,2026-08-18T06:50:00.000Z
0056,2025-06-27,36399917,1169767,35230150,0,0,0,0,40000,-40000,350000,43692005,-43342005,-8151855,TWSE_T86_DAILY_INSTITUTIONAL_REPORT,2026-08-18T06:50:00.000Z
0056,2025-06-30,1660998,5099610,-3438612,0,0,0,0,0,0,138000,19006952,-18868952,-22307564,TWSE_T86_DAILY_INSTITUTIONAL_REPORT,2026-08-18T06:50:00.000Z
0056,2025-07-01,3381543,2990100,391443,0,0,0,780000,0,780000,5797281,15010609,-9213328,-8041885,TWSE_T86_DAILY_INSTITUTIONAL_REPORT,2026-08-18T06:50:00.000Z
0056,2025-07-02,6781471,17377187,-10595716,0,0,0,0,66000,-66000,400000,373264,26736,-10634980,TWSE_T86_DAILY_INSTITUTIONAL_REPORT,2026-08-18T06:50:00.000Z
0056,2025-07-03,4586974,595104,3991870,0,0,0,10000,21000,-11000,856000,1490279,-634279,3346591,TWSE_T86_DAILY_INSTITUTIONAL_REPORT,2026-08-18T06:50:00.000Z
0056,2025-07-04,819672,8570569,-7750897,0,0,0,0,80000,-80000,138000,29070394,-28932394,-36763291,TWSE_T86_DAILY_INSTITUTIONAL_REPORT,2026-08-18T06:50:00.000Z
0056,2025-07-07,4012223,4048058,-35835,0,0,0,11000,14000,-3000,462000,40705541,-40243541,-40282376,TWSE_T86_DAILY_INSTITUTIONAL_REPORT,2026-08-18T06:50:00.000Z
0056,2025-07-08,2771794,2508300,263494,0,0,0,0,0,0,690786,31094656,-30403870,-30140376,TWSE_T86_DAILY_INSTITUTIONAL_REPORT,2026-08-18T06:50:00.000Z
0056,2025-07-09,1468711,2501271,-1032560,0,0,0,0,90000,-90000,111000,9111190,-9000190,-10122750,TWSE_T86_DAILY_INSTITUTIONAL_REPORT,2026-08-18T06:50:00.000Z
0056,2025-07-10,3696594,4988200,-1291606,0,0,0,0,131000,-131000,343000,12126499,-11783499,-13206105,TWSE_T86_DAILY_INSTITUTIONAL_REPORT,2026-08-18T06:50:00.000Z
0056,2025-07-11,1912441,1436650,475791,0,0,0,0,4000,-4000,974000,1997064,-1023064,-551273,TWSE_T86_DAILY_INSTITUTIONAL_REPORT,2026-08-18T06:50:00.000Z
0056,2025-07-14,7476864,4554486,2922378,0,0,0,0,10000,-10000,249000,46020585,-45771585,-42859207,TWSE_T86_DAILY_INSTITUTIONAL_REPORT,2026-08-18T06:50:00.000Z
0056,2025-07-15,11366309,2363003,9003306,0,0,0,0,10000,-10000,2133000,27423865,-25290865,-16297559,TWSE_T86_DAILY_INSTITUTIONAL_REPORT,2026-08-18T06:50:00.000Z
0056,2025-07-16,4625223,4102940,522283,0,0,0,758000,2000,756000,2611000,21268706,-18657706,-17379423,TWSE_T86_DAILY_INSTITUTIONAL_REPORT,2026-08-18T06:50:00.000Z
0056,2025-07-17,1348511,1896400,-547889,0,0,0,0,20000,-20000,196000,26800518,-26604518,-27172407,TWSE_T86_DAILY_INSTITUTIONAL_REPORT,2026-08-18T06:50:00.000Z
0056,2025-07-18,7345205,8530120,-1184915,1300000,0,1300000,0,0,0,1069000,47658462,-46589462,-46474377,TWSE_T86_DAILY_INSTITUTIONAL_REPORT,2026-08-18T06:50:00.000Z
0056,2025-07-21,1362027,12837000,-11474973,150000,0,150000,290000,0,290000,255000,31236719,-30981719,-42016692,TWSE_T86_DAILY_INSTITUTIONAL_REPORT,2026-08-18T06:50:00.000Z
0056,2025-07-22,4099641,5420568,-1320927,0,0,0,70000,0,70000,2642000,32603293,-29961293,-31212220,TWSE_T86_DAILY_INSTITUTIONAL_REPORT,2026-08-18T06:50:00.000Z
0056,2025-07-23,9623175,684673,8938502,200000,0,200000,140000,0,140000,2042375,5024893,-2982518,6295984,TWSE_T86_DAILY_INSTITUTIONAL_REPORT,2026-08-18T06:50:00.000Z
0056,2025-07-24,8780960,6116401,2664559,0,0,0,0,0,0,24868,572703,-547835,2116724,TWSE_T86_DAILY_INSTITUTIONAL_REPORT,2026-08-18T06:50:00.000Z
0056,2025-07-25,7283518,3088425,4195093,0,0,0,0,0,0,5000,1389192,-1384192,2810901,TWSE_T86_DAILY_INSTITUTIONAL_REPORT,2026-08-18T06:50:00.000Z
0056,2025-07-28,14059655,6862500,7197155,0,0,0,35000,0,35000,668114,450829,217285,7449440,TWSE_T86_DAILY_INSTITUTIONAL_REPORT,2026-08-18T06:50:00.000Z
0056,2025-07-29,10541076,7225120,3315956,0,0,0,200000,0,200000,678279,14645870,-13967591,-10451635,TWSE_T86_DAILY_INSTITUTIONAL_REPORT,2026-08-18T06:50:00.000Z
0056,2025-07-30,15800495,434640,15365855,0,0,0,95000,0,95000,1226000,10401350,-9175350,6285505,TWSE_T86_DAILY_INSTITUTIONAL_REPORT,2026-08-18T06:50:00.000Z
0056,2025-07-31,12038304,3858337,8179967,125000,0,125000,20000,0,20000,1356000,434774,921226,9246193,TWSE_T86_DAILY_INSTITUTIONAL_REPORT,2026-08-18T06:50:00.000Z
0056,2025-08-01,13199540,7289003,5910537,0,0,0,14000,0,14000,1434000,5211121,-3777121,2147416,TWSE_T86_DAILY_INSTITUTIONAL_REPORT,2026-08-18T06:50:00.000Z
0056,2025-08-04,10906834,2436400,8470434,0,0,0,7000,10000,-3000,76000,3713653,-3637653,4829781,TWSE_T86_DAILY_INSTITUTIONAL_REPORT,2026-08-18T06:50:00.000Z
0056,2025-08-05,18862599,6529765,12332834,0,0,0,70000,0,70000,13450453,315232,13135221,25538055,TWSE_T86_DAILY_INSTITUTIONAL_REPORT,2026-08-18T06:50:00.000Z
0056,2025-08-06,7126403,7423223,-296820,140000,0,140000,0,0,0,4864000,130217,4733783,4576963,TWSE_T86_DAILY_INSTITUTIONAL_REPORT,2026-08-18T06:50:00.000Z
0056,2025-08-07,20096083,916116,19179967,0,0,0,52000,0,52000,5494730,3033266,2461464,21693431,TWSE_T86_DAILY_INSTITUTIONAL_REPORT,2026-08-18T06:50:00.000Z
0056,2025-08-08,4893074,816800,4076274,340000,0,340000,0,0,0,1736000,53728,1682272,6098546,TWSE_T86_DAILY_INSTITUTIONAL_REPORT,2026-08-18T06:50:00.000Z
0056,2025-08-11,1747715,2305331,-557616,0,0,0,220000,0,220000,2926000,642869,2283131,1945515,TWSE_T86_DAILY_INSTITUTIONAL_REPORT,2026-08-18T06:50:00.000Z
0056,2025-08-12,2967197,4410000,-1442803,0,0,0,0,88130,-88130,1825000,1104503,720497,-810436,TWSE_T86_DAILY_INSTITUTIONAL_REPORT,2026-08-18T06:50:00.000Z
0056,2025-08-13,3670022,3474600,195422,0,100000,-100000,4000,0,4000,620000,3319333,-2699333,-2599911,TWSE_T86_DAILY_INSTITUTIONAL_REPORT,2026-08-18T06:50:00.000Z
0056,2025-08-14,1142922,2262600,-1119678,0,200000,-200000,0,0,0,2168000,168541,1999459,679781,TWSE_T86_DAILY_INSTITUTIONAL_REPORT,2026-08-18T06:50:00.000Z
0056,2025-08-15,5528,4090030,-4084502,485000,0,485000,0,14927,-14927,1122000,757705,364295,-3250134,TWSE_T86_DAILY_INSTITUTIONAL_REPORT,2026-08-18T06:50:00.000Z
0056,2025-08-18,3097932,1898690,1199242,0,0,0,0,0,0,2880003,165280,2714723,3913965,TWSE_T86_DAILY_INSTITUTIONAL_REPORT,2026-08-18T06:50:00.000Z
0056,2025-08-19,619115,3037500,-2418385,0,0,0,1000,830406,-829406,148000,3431816,-3283816,-6531607,TWSE_T86_DAILY_INSTITUTIONAL_REPORT,2026-08-18T06:50:00.000Z
0056,2025-08-20,1641760,21120005,-19478245,0,0,0,0,30000,-30000,330000,73710813,-73380813,-92889058,TWSE_T86_DAILY_INSTITUTIONAL_REPORT,2026-08-18T06:50:00.000Z
0056,2025-08-21,1444622,324048,1120574,0,0,0,2000,84537,-82537,207000,6532840,-6325840,-5287803,TWSE_T86_DAILY_INSTITUTIONAL_REPORT,2026-08-18T06:50:00.000Z
0056,2025-08-22,321690,5661000,-5339310,0,0,0,0,0,0,361000,7105195,-6744195,-12083505,TWSE_T86_DAILY_INSTITUTIONAL_REPORT,2026-08-18T06:50:00.000Z
0056,2025-08-25,9061344,2940840,6120504,0,0,0,50000,0,50000,381513,2189830,-1808317,4362187,TWSE_T86_DAILY_INSTITUTIONAL_REPORT,2026-08-18T06:50:00.000Z
0056,2025-08-26,167677,2462050,-2294373,0,0,0,0,0,0,0,1316011,-1316011,-3610384,TWSE_T86_DAILY_INSTITUTIONAL_REPORT,2026-08-18T06:50:00.000Z
0056,2025-08-27,9917106,263230,9653876,0,0,0,607000,9000,598000,7478496,21400,7457096,17708972,TWSE_T86_DAILY_INSTITUTIONAL_REPORT,2026-08-18T06:50:00.000Z
0056,2025-08-28,3379675,871042,2508633,0,0,0,497000,101000,396000,2507782,408788,2098994,5003627,TWSE_T86_DAILY_INSTITUTIONAL_REPORT,2026-08-18T06:50:00.000Z
0056,2025-08-29,1783976,968900,815076,0,0,0,0,872757,-872757,1698122,2365883,-667761,-725442,TWSE_T86_DAILY_INSTITUTIONAL_REPORT,2026-08-18T06:50:00.000Z
0056,2025-09-01,1636745,22076415,-20439670,0,0,0,198000,387185,-189185,250000,11837331,-11587331,-32216186,TWSE_T86_DAILY_INSTITUTIONAL_REPORT,2026-08-18T06:50:00.000Z
0056,2025-09-02,614013,2607000,-1992987,0,0,0,0,0,0,1019522,10944672,-9925150,-11918137,TWSE_T86_DAILY_INSTITUTIONAL_REPORT,2026-08-18T06:50:00.000Z
0056,2025-09-03,973922,1102000,-128078,0,0,0,0,0,0,120000,4152019,-4032019,-4160097,TWSE_T86_DAILY_INSTITUTIONAL_REPORT,2026-08-18T06:50:00.000Z
0056,2025-09-04,6692488,908100,5784388,0,0,0,30000,0,30000,5852579,63907,5788672,11603060,TWSE_T86_DAILY_INSTITUTIONAL_REPORT,2026-08-18T06:50:00.000Z
0056,2025-09-05,11423555,560535,10863020,0,0,0,0,0,0,4290466,941546,3348920,14211940,TWSE_T86_DAILY_INSTITUTIONAL_REPORT,2026-08-18T06:50:00.000Z
0056,2025-09-08,15875588,389637,15485951,140000,0,140000,0,0,0,16352823,118182,16234641,31860592,TWSE_T86_DAILY_INSTITUTIONAL_REPORT,2026-08-18T06:50:00.000Z
0056,2025-09-09,13819788,861272,12958516,0,0,0,0,0,0,26348562,858000,25490562,38449078,TWSE_T86_DAILY_INSTITUTIONAL_REPORT,2026-08-18T06:50:00.000Z
0056,2025-09-10,27791279,356404,27434875,0,0,0,7000,0,7000,50316135,1008040,49308095,76749970,TWSE_T86_DAILY_INSTITUTIONAL_REPORT,2026-08-18T06:50:00.000Z
0056,2025-09-11,2837487,3364016,-526529,0,0,0,554000,235000,319000,46381408,493061,45888347,45680818,TWSE_T86_DAILY_INSTITUTIONAL_REPORT,2026-08-18T06:50:00.000Z
0056,2025-09-12,989558,1175170,-185612,0,0,0,0,0,0,31563462,202281,31361181,31175569,TWSE_T86_DAILY_INSTITUTIONAL_REPORT,2026-08-18T06:50:00.000Z
0056,2025-09-15,1750016,1757902,-7886,300000,0,300000,327000,0,327000,13314555,529868,12784687,13403801,TWSE_T86_DAILY_INSTITUTIONAL_REPORT,2026-08-18T06:50:00.000Z
0056,2025-09-16,1013742,755100,258642,0,0,0,0,0,0,15462079,102000,15360079,15618721,TWSE_T86_DAILY_INSTITUTIONAL_REPORT,2026-08-18T06:50:00.000Z
0056,2025-09-17,818140,4027450,-3209310,0,0,0,0,1000,-1000,7366773,1864108,5502665,2292355,TWSE_T86_DAILY_INSTITUTIONAL_REPORT,2026-08-18T06:50:00.000Z
0056,2025-09-18,2697094,1400500,1296594,0,0,0,0,0,0,16451590,283959,16167631,17464225,TWSE_T86_DAILY_INSTITUTIONAL_REPORT,2026-08-18T06:50:00.000Z
0056,2025-09-19,1067657,353592,714065,0,0,0,0,0,0,15715881,207000,15508881,16222946,TWSE_T86_DAILY_INSTITUTIONAL_REPORT,2026-08-18T06:50:00.000Z
0056,2025-09-22,3881911,1027533,2854378,0,0,0,0,50373,-50373,12253207,544125,11709082,14513087,TWSE_T86_DAILY_INSTITUTIONAL_REPORT,2026-08-18T06:50:00.000Z
0056,2025-09-23,5163116,2290140,2872976,0,0,0,11000,0,11000,24328672,2170506,22158166,25042142,TWSE_T86_DAILY_INSTITUTIONAL_REPORT,2026-08-18T06:50:00.000Z
0056,2025-09-24,3014803,3301055,-286252,0,0,0,50000,20000,30000,10184479,2301292,7883187,7626935,TWSE_T86_DAILY_INSTITUTIONAL_REPORT,2026-08-18T06:50:00.000Z
0056,2025-09-25,2495289,7927431,-5432142,0,0,0,1059000,554000,505000,34778383,297709,34480674,29553532,TWSE_T86_DAILY_INSTITUTIONAL_REPORT,2026-08-18T06:50:00.000Z
0056,2025-09-26,6698343,40869640,-34171297,0,0,0,41000,26489,14511,1492000,5447995,-3955995,-38112781,TWSE_T86_DAILY_INSTITUTIONAL_REPORT,2026-08-18T06:50:00.000Z
0056,2025-09-30,16838945,6836893,10002052,0,0,0,137000,437145,-300145,4683576,155567,4528009,14229916,TWSE_T86_DAILY_INSTITUTIONAL_REPORT,2026-08-18T06:50:00.000Z
0056,2025-10-01,6583638,9673600,-3089962,0,0,0,0,955681,-955681,5815337,5330861,484476,-3561167,TWSE_T86_DAILY_INSTITUTIONAL_REPORT,2026-08-18T06:50:00.000Z
0056,2025-10-02,8721939,1430465,7291474,270000,0,270000,351000,20000,331000,3914000,588887,3325113,11217587,TWSE_T86_DAILY_INSTITUTIONAL_REPORT,2026-08-18T06:50:00.000Z
0056,2025-10-03,1013485,6854100,-5840615,0,0,0,0,402670,-402670,239000,209129,29871,-6213414,TWSE_T86_DAILY_INSTITUTIONAL_REPORT,2026-08-18T06:50:00.000Z
0056,2025-10-07,13212421,3666351,9546070,1000000,0,1000000,0,0,0,17140982,471356,16669626,27215696,TWSE_T86_DAILY_INSTITUTIONAL_REPORT,2026-08-18T06:50:00.000Z
0056,2025-10-08,2292936,7793740,-5500804,0,0,0,0,10000,-10000,1167000,625499,541501,-4969303,TWSE_T86_DAILY_INSTITUTIONAL_REPORT,2026-08-18T06:50:00.000Z
0056,2025-10-09,362924,14978375,-14615451,0,0,0,11000,120616,-109616,2233084,2781670,-548586,-15273653,TWSE_T86_DAILY_INSTITUTIONAL_REPORT,2026-08-18T06:50:00.000Z
0056,2025-10-13,2366506,28211062,-25844556,0,540000,-540000,0,45384,-45384,1107876,76199340,-75091464,-101521404,TWSE_T86_DAILY_INSTITUTIONAL_REPORT,2026-08-18T06:50:00.000Z
0056,2025-10-14,3201443,15567762,-12366319,5419000,0,5419000,0,0,0,1132522,66076514,-64943992,-71891311,TWSE_T86_DAILY_INSTITUTIONAL_REPORT,2026-08-18T06:50:00.000Z
0056,2025-10-15,912732,3196796,-2284064,5336000,0,5336000,80000,0,80000,2234000,49511838,-47277838,-44145902,TWSE_T86_DAILY_INSTITUTIONAL_REPORT,2026-08-18T06:50:00.000Z
0056,2025-10-16,15357376,3446778,11910598,1000000,0,1000000,0,0,0,3642000,172710,3469290,16379888,TWSE_T86_DAILY_INSTITUTIONAL_REPORT,2026-08-18T06:50:00.000Z
0056,2025-10-17,37021464,5196030,31825434,1000000,0,1000000,35000,0,35000,36584839,1672392,34912447,67772881,TWSE_T86_DAILY_INSTITUTIONAL_REPORT,2026-08-18T06:50:00.000Z
0056,2025-10-20,4547029,4449944,97085,2500000,0,2500000,85000,0,85000,2420000,1555803,864197,3546282,TWSE_T86_DAILY_INSTITUTIONAL_REPORT,2026-08-18T06:50:00.000Z
0056,2025-10-21,3129739,20997543,-17867804,660000,0,660000,2995000,2000,2993000,3097505,5239861,-2142356,-16357160,TWSE_T86_DAILY_INSTITUTIONAL_REPORT,2026-08-18T06:50:00.000Z
0056,2025-10-22,3518407,12279130,-8760723,700000,0,700000,459000,1214000,-755000,566261,28383647,-27817386,-36633109,TWSE_T86_DAILY_INSTITUTIONAL_REPORT,2026-08-18T06:50:00.000Z
0056,2025-10-23,4151402,10837000,-6685598,1300000,17402000,-16102000,18000,210000,-192000,692000,53377605,-52685605,-75665203,TWSE_T86_DAILY_INSTITUTIONAL_REPORT,2026-08-18T06:50:00.000Z
0056,2025-10-27,33034423,315326,32719097,300000,0,300000,100000,0,100000,19014891,243253,18771638,51890735,TWSE_T86_DAILY_INSTITUTIONAL_REPORT,2026-08-18T06:50:00.000Z
0056,2025-10-28,13260006,1954204,11305802,190000,0,190000,0,0,0,2356000,586927,1769073,13264875,TWSE_T86_DAILY_INSTITUTIONAL_REPORT,2026-08-18T06:50:00.000Z
0056,2025-10-29,24882787,1859497,23023290,0,0,0,30000,0,30000,49745336,214080,49531256,72584546,TWSE_T86_DAILY_INSTITUTIONAL_REPORT,2026-08-18T06:50:00.000Z
0056,2025-10-30,5992012,4319535,1672477,0,110000,-110000,2000,46327,-44327,17887313,1218614,16668699,18186849,TWSE_T86_DAILY_INSTITUTIONAL_REPORT,2026-08-18T06:50:00.000Z
0056,2025-10-31,15027761,432483,14595278,0,200000,-200000,400000,0,400000,32267401,158165,32109236,46904514,TWSE_T86_DAILY_INSTITUTIONAL_REPORT,2026-08-18T06:50:00.000Z
0056,2025-11-03,3477224,2780300,696924,0,0,0,40000,440000,-400000,12387000,1122890,11264110,11561034,TWSE_T86_DAILY_INSTITUTIONAL_REPORT,2026-08-18T06:50:00.000Z
0056,2025-11-04,5106991,20777100,-15670109,180000,0,180000,0,62834,-62834,7381000,3371428,4009572,-11543371,TWSE_T86_DAILY_INSTITUTIONAL_REPORT,2026-08-18T06:50:00.000Z
0056,2025-11-05,14953387,23205055,-8251668,0,0,0,410000,60000,350000,19262000,16382533,2879467,-5022201,TWSE_T86_DAILY_INSTITUTIONAL_REPORT,2026-08-18T06:50:00.000Z
0056,2025-11-06,15468852,1719852,13749000,0,0,0,120000,120000,0,9938014,261551,9676463,23425463,TWSE_T86_DAILY_INSTITUTIONAL_REPORT,2026-08-18T06:50:00.000Z
0056,2025-11-07,1443998,23904000,-22460002,0,0,0,0,22621,-22621,1412000,12231165,-10819165,-33301788,TWSE_T86_DAILY_INSTITUTIONAL_REPORT,2026-08-18T06:50:00.000Z
0056,2025-11-10,351272,10908597,-10557325,0,0,0,0,60000,-60000,794000,1739435,-945435,-11562760,TWSE_T86_DAILY_INSTITUTIONAL_REPORT,2026-08-18T06:50:00.000Z
0056,2025-11-11,843847,7196820,-6352973,320000,0,320000,0,349809,-349809,1409000,2876495,-1467495,-7850277,TWSE_T86_DAILY_INSTITUTIONAL_REPORT,2026-08-18T06:50:00.000Z
0056,2025-11-12,3386073,1861350,1524723,0,0,0,0,59725,-59725,233000,148298,84702,1549700,TWSE_T86_DAILY_INSTITUTIONAL_REPORT,2026-08-18T06:50:00.000Z
0056,2025-11-13,637182,3157152,-2519970,0,0,0,0,0,0,773000,587263,185737,-2334233,TWSE_T86_DAILY_INSTITUTIONAL_REPORT,2026-08-18T06:50:00.000Z
0056,2025-11-14,2579620,43432214,-40852594,0,0,0,2000,0,2000,723000,39215168,-38492168,-79342762,TWSE_T86_DAILY_INSTITUTIONAL_REPORT,2026-08-18T06:50:00.000Z
0056,2025-11-17,497375,29741260,-29243885,0,0,0,0,0,0,186000,63882394,-63696394,-92940279,TWSE_T86_DAILY_INSTITUTIONAL_REPORT,2026-08-18T06:50:00.000Z
0056,2025-11-18,1412974,27695094,-26282120,170000,0,170000,0,0,0,920999,119429897,-118508898,-144621018,TWSE_T86_DAILY_INSTITUTIONAL_REPORT,2026-08-18T06:50:00.000Z
0056,2025-11-19,2650271,30153200,-27502929,0,0,0,0,0,0,2231000,44258580,-42027580,-69530509,TWSE_T86_DAILY_INSTITUTIONAL_REPORT,2026-08-18T06:50:00.000Z
0056,2025-11-20,3304958,6743435,-3438477,0,0,0,0,2210000,-2210000,1360000,2162629,-802629,-6451106,TWSE_T86_DAILY_INSTITUTIONAL_REPORT,2026-08-18T06:50:00.000Z
0056,2025-11-21,2839673,18540210,-15700537,0,0,0,2000,840000,-838000,271000,45310060,-45039060,-61577597,TWSE_T86_DAILY_INSTITUTIONAL_REPORT,2026-08-18T06:50:00.000Z
0056,2025-11-24,931608,3883611,-2952003,280000,0,280000,0,0,0,1552000,8209169,-6657169,-9329172,TWSE_T86_DAILY_INSTITUTIONAL_REPORT,2026-08-18T06:50:00.000Z
0056,2025-11-25,287325,7096501,-6809176,0,0,0,2000,0,2000,1290000,9667716,-8377716,-15184892,TWSE_T86_DAILY_INSTITUTIONAL_REPORT,2026-08-18T06:50:00.000Z
0056,2025-11-26,7318794,2928787,4390007,170000,0,170000,0,0,0,2899515,115240,2784275,7344282,TWSE_T86_DAILY_INSTITUTIONAL_REPORT,2026-08-18T06:50:00.000Z
0056,2025-11-27,16485559,1838190,14647369,110000,0,110000,480570,0,480570,2842716,177738,2664978,17902917,TWSE_T86_DAILY_INSTITUTIONAL_REPORT,2026-08-18T06:50:00.000Z
0056,2025-11-28,4553944,5900556,-1346612,0,0,0,155000,0,155000,1588000,4724000,-3136000,-4327612,TWSE_T86_DAILY_INSTITUTIONAL_REPORT,2026-08-18T06:50:00.000Z
0056,2025-12-01,2700562,3763525,-1062963,200000,0,200000,200000,0,200000,752229,3753945,-3001716,-3664679,TWSE_T86_DAILY_INSTITUTIONAL_REPORT,2026-08-18T06:50:00.000Z
0056,2025-12-02,7241080,4201200,3039880,0,0,0,523000,0,523000,3030794,21417,3009377,6572257,TWSE_T86_DAILY_INSTITUTIONAL_REPORT,2026-08-18T06:50:00.000Z
0056,2025-12-03,4627953,2018120,2609833,0,0,0,0,0,0,3534050,83941,3450109,6059942,TWSE_T86_DAILY_INSTITUTIONAL_REPORT,2026-08-18T06:50:00.000Z
0056,2025-12-04,5414890,1095635,4319255,0,0,0,10000,0,10000,2784118,153000,2631118,6960373,TWSE_T86_DAILY_INSTITUTIONAL_REPORT,2026-08-18T06:50:00.000Z
0056,2025-12-05,9043722,315030,8728692,0,0,0,0,0,0,2493107,206278,2286829,11015521,TWSE_T86_DAILY_INSTITUTIONAL_REPORT,2026-08-18T06:50:00.000Z
0056,2025-12-08,5831919,5071403,760516,190000,0,190000,0,0,0,781000,1986954,-1205954,-255438,TWSE_T86_DAILY_INSTITUTIONAL_REPORT,2026-08-18T06:50:00.000Z
0056,2025-12-09,4238131,5572205,-1334074,0,0,0,0,1222817,-1222817,297583,226726,70857,-2486034,TWSE_T86_DAILY_INSTITUTIONAL_REPORT,2026-08-18T06:50:00.000Z
0056,2025-12-10,5243325,1505205,3738120,0,0,0,0,0,0,1360000,1224390,135610,3873730,TWSE_T86_DAILY_INSTITUTIONAL_REPORT,2026-08-18T06:50:00.000Z
0056,2025-12-11,1564351,10656840,-9092489,0,0,0,130000,0,130000,458000,5946007,-5488007,-14450496,TWSE_T86_DAILY_INSTITUTIONAL_REPORT,2026-08-18T06:50:00.000Z
0056,2025-12-12,3255406,4392086,-1136680,0,0,0,0,0,0,211000,313666,-102666,-1239346,TWSE_T86_DAILY_INSTITUTIONAL_REPORT,2026-08-18T06:50:00.000Z
0056,2025-12-15,2611410,18920264,-16308854,0,0,0,0,0,0,88000,7224844,-7136844,-23445698,TWSE_T86_DAILY_INSTITUTIONAL_REPORT,2026-08-18T06:50:00.000Z
0056,2025-12-16,3955672,14366000,-10410328,0,0,0,0,0,0,302999,49250569,-48947570,-59357898,TWSE_T86_DAILY_INSTITUTIONAL_REPORT,2026-08-18T06:50:00.000Z
0056,2025-12-17,2716324,4822145,-2105821,0,0,0,188390,0,188390,1255536,3196276,-1940740,-3858171,TWSE_T86_DAILY_INSTITUTIONAL_REPORT,2026-08-18T06:50:00.000Z
0056,2025-12-18,298859,8932000,-8633141,0,0,0,292000,0,292000,1000,22806753,-22805753,-31146894,TWSE_T86_DAILY_INSTITUTIONAL_REPORT,2026-08-18T06:50:00.000Z
0056,2025-12-19,2137543,955039,1182504,0,0,0,0,0,0,1588998,246995,1342003,2524507,TWSE_T86_DAILY_INSTITUTIONAL_REPORT,2026-08-18T06:50:00.000Z
0056,2025-12-22,12723973,629290,12094683,270000,0,270000,240000,0,240000,1689028,112001,1577027,14181710,TWSE_T86_DAILY_INSTITUTIONAL_REPORT,2026-08-18T06:50:00.000Z
0056,2025-12-23,1843045,5433000,-3589955,0,0,0,0,40373,-40373,410000,17442697,-17032697,-20663025,TWSE_T86_DAILY_INSTITUTIONAL_REPORT,2026-08-18T06:50:00.000Z
0056,2025-12-24,2123320,3689412,-1566092,0,0,0,3000,10000,-7000,85851,8954906,-8869055,-10442147,TWSE_T86_DAILY_INSTITUTIONAL_REPORT,2026-08-18T06:50:00.000Z
0056,2025-12-26,2299206,721200,1578006,0,0,0,0,6000,-6000,12000,13801722,-13789722,-12217716,TWSE_T86_DAILY_INSTITUTIONAL_REPORT,2026-08-18T06:50:00.000Z
0056,2025-12-29,7028307,382581,6645726,0,0,0,131000,0,131000,977037,1327579,-350542,6426184,TWSE_T86_DAILY_INSTITUTIONAL_REPORT,2026-08-18T06:50:00.000Z
0056,2025-12-30,169989,278286,-108297,0,0,0,60000,0,60000,102000,18361497,-18259497,-18307794,TWSE_T86_DAILY_INSTITUTIONAL_REPORT,2026-08-18T06:50:00.000Z
0056,2025-12-31,3399001,3151413,247588,0,0,0,1109391,10000,1099391,841000,3289655,-2448655,-1101676,TWSE_T86_DAILY_INSTITUTIONAL_REPORT,2026-08-18T06:50:00.000Z
0056,2026-01-02,9595947,2280577,7315370,0,0,0,195000,102255,92745,12836828,119385,12717443,20125558,TWSE_T86_DAILY_INSTITUTIONAL_REPORT,2026-08-18T06:50:00.000Z
0056,2026-01-05,12187306,16982592,-4795286,0,0,0,0,1149516,-1149516,4747130,2612727,2134403,-3810399,TWSE_T86_DAILY_INSTITUTIONAL_REPORT,2026-08-18T06:50:00.000Z
0056,2026-01-06,17256385,7014987,10241398,0,0,0,73261,0,73261,2264178,569050,1695128,12009787,TWSE_T86_DAILY_INSTITUTIONAL_REPORT,2026-08-18T06:50:00.000Z
0056,2026-01-07,15204626,3876326,11328300,0,0,0,0,0,0,34453473,21999,34431474,45759774,TWSE_T86_DAILY_INSTITUTIONAL_REPORT,2026-08-18T06:50:00.000Z
0056,2026-01-08,6952064,22940000,-15987936,0,185000,-185000,0,738261,-738261,1551000,7451599,-5900599,-22811796,TWSE_T86_DAILY_INSTITUTIONAL_REPORT,2026-08-18T06:50:00.000Z
0056,2026-01-09,6663679,7500670,-836991,0,0,0,0,0,0,998000,2277159,-1279159,-2116150,TWSE_T86_DAILY_INSTITUTIONAL_REPORT,2026-08-18T06:50:00.000Z
0056,2026-01-12,9741474,3580492,6160982,0,0,0,100000,100000,0,804483,322484,481999,6642981,TWSE_T86_DAILY_INSTITUTIONAL_REPORT,2026-08-18T06:50:00.000Z
0056,2026-01-13,17152727,9990861,7161866,0,0,0,0,500000,-500000,7800607,368018,7432589,14094455,TWSE_T86_DAILY_INSTITUTIONAL_REPORT,2026-08-18T06:50:00.000Z
0056,2026-01-14,14139992,4283700,9856292,0,0,0,42525,0,42525,5594634,67217,5527417,15426234,TWSE_T86_DAILY_INSTITUTIONAL_REPORT,2026-08-18T06:50:00.000Z
0056,2026-01-15,19565892,3824611,15741281,0,0,0,34000,107566,-73566,1045000,199324,845676,16513391,TWSE_T86_DAILY_INSTITUTIONAL_REPORT,2026-08-18T06:50:00.000Z
0056,2026-01-16,12520910,2964255,9556655,0,0,0,111000,100000,11000,7827000,568000,7259000,16826655,TWSE_T86_DAILY_INSTITUTIONAL_REPORT,2026-08-18T06:50:00.000Z
0056,2026-01-19,13795453,13129600,665853,2245000,0,2245000,50000,130000,-80000,2739377,3643335,-903958,1926895,TWSE_T86_DAILY_INSTITUTIONAL_REPORT,2026-08-18T06:50:00.000Z
0056,2026-01-20,9577663,20481680,-10904017,7160000,0,7160000,10000,0,10000,604000,6067599,-5463599,-9197616,TWSE_T86_DAILY_INSTITUTIONAL_REPORT,2026-08-18T06:50:00.000Z
0056,2026-01-21,7423749,25886820,-18463071,14518000,0,14518000,65000,0,65000,1761459,50754580,-48993121,-52873192,TWSE_T86_DAILY_INSTITUTIONAL_REPORT,2026-08-18T06:50:00.000Z
0056,2026-01-22,28833609,3054472,25779137,0,0,0,0,0,0,1833999,3643286,-1809287,23969850,TWSE_T86_DAILY_INSTITUTIONAL_REPORT,2026-08-18T06:50:00.000Z
0056,2026-01-23,36136374,1317546,34818828,0,24310000,-24310000,0,0,0,13932387,351770,13580617,24089445,TWSE_T86_DAILY_INSTITUTIONAL_REPORT,2026-08-18T06:50:00.000Z
0056,2026-01-26,11966435,520733,11445702,0,0,0,73680,0,73680,57705727,322846,57382881,68902263,TWSE_T86_DAILY_INSTITUTIONAL_REPORT,2026-08-18T06:50:00.000Z
0056,2026-01-27,20196396,1674158,18522238,0,0,0,0,0,0,50242777,359000,49883777,68406015,TWSE_T86_DAILY_INSTITUTIONAL_REPORT,2026-08-18T06:50:00.000Z
0056,2026-01-28,13551796,3838323,9713473,0,0,0,24000,49882,-25882,18140427,1025060,17115367,26802958,TWSE_T86_DAILY_INSTITUTIONAL_REPORT,2026-08-18T06:50:00.000Z
0056,2026-01-29,12733306,5251375,7481931,0,0,0,0,23798,-23798,7276108,1158295,6117813,13575946,TWSE_T86_DAILY_INSTITUTIONAL_REPORT,2026-08-18T06:50:00.000Z
0056,2026-01-30,6543195,25692576,-19149381,0,0,0,0,14959,-14959,3131354,10892808,-7761454,-26925794,TWSE_T86_DAILY_INSTITUTIONAL_REPORT,2026-08-18T06:50:00.000Z
0056,2026-02-02,11445406,29482670,-18037264,0,0,0,133000,133000,0,2687243,6309009,-3621766,-21659030,TWSE_T86_DAILY_INSTITUTIONAL_REPORT,2026-08-18T06:50:00.000Z
0056,2026-02-03,7979748,2765222,5214526,0,0,0,2204710,0,2204710,2869234,362722,2506512,9925748,TWSE_T86_DAILY_INSTITUTIONAL_REPORT,2026-08-18T06:50:00.000Z
0056,2026-02-04,10249958,977420,9272538,0,135000,-135000,885,0,885,3190602,164271,3026331,12164754,TWSE_T86_DAILY_INSTITUTIONAL_REPORT,2026-08-18T06:50:00.000Z
0056,2026-02-05,4930563,10474000,-5543437,0,0,0,0,1610669,-1610669,3853523,4667407,-813884,-7967990,TWSE_T86_DAILY_INSTITUTIONAL_REPORT,2026-08-18T06:50:00.000Z
0056,2026-02-06,6312044,8470253,-2158209,0,0,0,53000,4000,49000,1364795,3675363,-2310568,-4419777,TWSE_T86_DAILY_INSTITUTIONAL_REPORT,2026-08-18T06:50:00.000Z
0056,2026-02-09,15548153,4814596,10733557,0,0,0,228000,250000,-22000,31523855,147340,31376515,42088072,TWSE_T86_DAILY_INSTITUTIONAL_REPORT,2026-08-18T06:50:00.000Z
0056,2026-02-10,9250224,2303451,6946773,0,0,0,0,152000,-152000,49653990,182488,49471502,56266275,TWSE_T86_DAILY_INSTITUTIONAL_REPORT,2026-08-18T06:50:00.000Z
0056,2026-02-11,16455218,5868169,10587049,0,0,0,0,3000,-3000,83281318,674146,82607172,93191221,TWSE_T86_DAILY_INSTITUTIONAL_REPORT,2026-08-18T06:50:00.000Z
0056,2026-02-23,10473671,5293140,5180531,0,0,0,0,1774,-1774,49630871,714632,48916239,54094996,TWSE_T86_DAILY_INSTITUTIONAL_REPORT,2026-08-18T06:50:00.000Z
0056,2026-02-24,9609085,2249040,7360045,0,0,0,0,0,0,52760131,561862,52198269,59558314,TWSE_T86_DAILY_INSTITUTIONAL_REPORT,2026-08-18T06:50:00.000Z
0056,2026-02-25,7049355,1883189,5166166,0,0,0,8000,3000,5000,52384006,329617,52054389,57225555,TWSE_T86_DAILY_INSTITUTIONAL_REPORT,2026-08-18T06:50:00.000Z
0056,2026-02-26,12455893,2255015,10200878,0,0,0,0,4000,-4000,17851776,308875,17542901,27739779,TWSE_T86_DAILY_INSTITUTIONAL_REPORT,2026-08-18T06:50:00.000Z
0056,2026-03-02,12718908,15553413,-2834505,0,0,0,0,0,0,4710000,2043331,2666669,-167836,TWSE_T86_DAILY_INSTITUTIONAL_REPORT,2026-08-18T06:50:00.000Z
0056,2026-03-03,7910839,33815642,-25904803,0,0,0,5000,5000,0,9057003,4068876,4988127,-20916676,TWSE_T86_DAILY_INSTITUTIONAL_REPORT,2026-08-18T06:50:00.000Z
0056,2026-03-04,21484364,46104249,-24619885,0,0,0,10000,514105,-504105,6882169,35815090,-28932921,-54056911,TWSE_T86_DAILY_INSTITUTIONAL_REPORT,2026-08-18T06:50:00.000Z
0056,2026-03-05,7079551,13968608,-6889057,0,0,0,3000,2000,1000,392794,1154872,-762078,-7650135,TWSE_T86_DAILY_INSTITUTIONAL_REPORT,2026-08-18T06:50:00.000Z
0056,2026-03-06,7099345,3194000,3905345,0,0,0,0,1000,-1000,782334,5509569,-4727235,-822890,TWSE_T86_DAILY_INSTITUTIONAL_REPORT,2026-08-18T06:50:00.000Z
0056,2026-03-09,25982923,12836563,13146360,0,0,0,0,11387,-11387,2317256,93256591,-90939335,-77804362,TWSE_T86_DAILY_INSTITUTIONAL_REPORT,2026-08-18T06:50:00.000Z
0056,2026-03-10,7483671,12835352,-5351681,0,0,0,0,100102,-100102,499539,4813621,-4314082,-9765865,TWSE_T86_DAILY_INSTITUTIONAL_REPORT,2026-08-18T06:50:00.000Z
0056,2026-03-11,9251558,7126851,2124707,0,0,0,0,0,0,14541396,102121,14439275,16563982,TWSE_T86_DAILY_INSTITUTIONAL_REPORT,2026-08-18T06:50:00.000Z
0056,2026-03-12,2593575,7229224,-4635649,0,0,0,1000,31870,-30870,1955175,918165,1037010,-3629509,TWSE_T86_DAILY_INSTITUTIONAL_REPORT,2026-08-18T06:50:00.000Z
0056,2026-03-13,7506753,6947500,559253,0,0,0,583544,0,583544,1040165,542989,497176,1639973,TWSE_T86_DAILY_INSTITUTIONAL_REPORT,2026-08-18T06:50:00.000Z
0056,2026-03-16,7342611,4043191,3299420,200000,0,200000,2000,23353,-21353,7162709,900826,6261883,9739950,TWSE_T86_DAILY_INSTITUTIONAL_REPORT,2026-08-18T06:50:00.000Z
0056,2026-03-17,5955390,3737604,2217786,100000,0,100000,0,97495,-97495,3361508,1982407,1379101,3599392,TWSE_T86_DAILY_INSTITUTIONAL_REPORT,2026-08-18T06:50:00.000Z
0056,2026-03-18,4717715,980605,3737110,0,0,0,84000,60000,24000,5883493,20819,5862674,9623784,TWSE_T86_DAILY_INSTITUTIONAL_REPORT,2026-08-18T06:50:00.000Z
0056,2026-03-19,2796751,10792485,-7995734,0,0,0,27000,1007228,-980228,471601,18533089,-18061488,-27037450,TWSE_T86_DAILY_INSTITUTIONAL_REPORT,2026-08-18T06:50:00.000Z
0056,2026-03-20,2205439,12187600,-9982161,0,0,0,1000,0,1000,116511,7473110,-7356599,-17337760,TWSE_T86_DAILY_INSTITUTIONAL_REPORT,2026-08-18T06:50:00.000Z
0056,2026-03-23,3859892,16958150,-13098258,0,0,0,10000,4995,5005,894929,71006923,-70111994,-83205247,TWSE_T86_DAILY_INSTITUTIONAL_REPORT,2026-08-18T06:50:00.000Z
0056,2026-03-24,6768237,10485660,-3717423,0,0,0,10000,0,10000,1093623,21642425,-20548802,-24256225,TWSE_T86_DAILY_INSTITUTIONAL_REPORT,2026-08-18T06:50:00.000Z
0056,2026-03-25,4181015,6659282,-2478267,0,0,0,20000,10000,10000,3824462,4490903,-666441,-3134708,TWSE_T86_DAILY_INSTITUTIONAL_REPORT,2026-08-18T06:50:00.000Z
0056,2026-03-26,3979942,9240900,-5260958,0,0,0,0,10000,-10000,776343,3191462,-2415119,-7686077,TWSE_T86_DAILY_INSTITUTIONAL_REPORT,2026-08-18T06:50:00.000Z
0056,2026-03-27,6439639,5800800,638839,100000,0,100000,50000,0,50000,256209,32896974,-32640765,-31851926,TWSE_T86_DAILY_INSTITUTIONAL_REPORT,2026-08-18T06:50:00.000Z
0056,2026-03-30,3404173,5041002,-1636829,220000,0,220000,30000,12755,17245,1722000,77750161,-76028161,-77427745,TWSE_T86_DAILY_INSTITUTIONAL_REPORT,2026-08-18T06:50:00.000Z
0056,2026-03-31,6701682,14415000,-7713318,0,0,0,40000,0,40000,1916859,114063349,-112146490,-119819808,TWSE_T86_DAILY_INSTITUTIONAL_REPORT,2026-08-18T06:50:00.000Z
0056,2026-04-01,10898105,8990224,1907881,0,0,0,26759,0,26759,9701853,5387344,4314509,6249149,TWSE_T86_DAILY_INSTITUTIONAL_REPORT,2026-08-18T06:50:00.000Z
0056,2026-04-02,5668771,20982540,-15313769,250000,0,250000,3200000,26000,3174000,176000,107264231,-107088231,-118978000,TWSE_T86_DAILY_INSTITUTIONAL_REPORT,2026-08-18T06:50:00.000Z
0056,2026-04-07,6694383,9798000,-3103617,390000,0,390000,1440000,0,1440000,1260000,36344398,-35084398,-36358015,TWSE_T86_DAILY_INSTITUTIONAL_REPORT,2026-08-18T06:50:00.000Z
0056,2026-04-08,28134401,10611605,17522796,130000,0,130000,4223000,0,4223000,16432910,1504000,14928910,36804706,TWSE_T86_DAILY_INSTITUTIONAL_REPORT,2026-08-18T06:50:00.000Z
0056,2026-04-09,8308729,6001144,2307585,0,0,0,3000,53000,-50000,3999475,856015,3143460,5401045,TWSE_T86_DAILY_INSTITUTIONAL_REPORT,2026-08-18T06:50:00.000Z
0056,2026-04-10,7215063,6201396,1013667,0,0,0,166000,2632371,-2466371,6026936,671482,5355454,3902750,TWSE_T86_DAILY_INSTITUTIONAL_REPORT,2026-08-18T06:50:00.000Z
0056,2026-04-13,5661758,6742427,-1080669,0,0,0,131000,0,131000,2847832,679299,2168533,1218864,TWSE_T86_DAILY_INSTITUTIONAL_REPORT,2026-08-18T06:50:00.000Z
0056,2026-04-14,4272841,11021491,-6748650,1800000,0,1800000,364000,242648,121352,17814915,364237,17450678,12623380,TWSE_T86_DAILY_INSTITUTIONAL_REPORT,2026-08-18T06:50:00.000Z
0056,2026-04-15,3520623,16991131,-13470508,0,0,0,332000,716627,-384627,27159588,926965,26232623,12377488,TWSE_T86_DAILY_INSTITUTIONAL_REPORT,2026-08-18T06:50:00.000Z
0056,2026-04-16,7854372,2705089,5149283,0,0,0,522000,1000,521000,12848496,263386,12585110,18255393,TWSE_T86_DAILY_INSTITUTIONAL_REPORT,2026-08-18T06:50:00.000Z
0056,2026-04-17,9004080,10713882,-1709802,0,0,0,0,0,0,15158073,511762,14646311,12936509,TWSE_T86_DAILY_INSTITUTIONAL_REPORT,2026-08-18T06:50:00.000Z
0056,2026-04-20,5605180,14974928,-9369748,0,0,0,272000,160000,112000,4656365,4994601,-338236,-9595984,TWSE_T86_DAILY_INSTITUTIONAL_REPORT,2026-08-18T06:50:00.000Z
0056,2026-04-21,12595788,12762074,-166286,0,0,0,32000,24614,7386,1456774,3580419,-2123645,-2282545,TWSE_T86_DAILY_INSTITUTIONAL_REPORT,2026-08-18T06:50:00.000Z
0056,2026-04-22,8971343,42363327,-33391984,34725000,0,34725000,514000,435840,78160,552000,15816204,-15264204,-13853028,TWSE_T86_DAILY_INSTITUTIONAL_REPORT,2026-08-18T06:50:00.000Z
0056,2026-04-23,30127748,29636118,491630,750000,0,750000,55000,1312000,-1257000,2328337,34881832,-32553495,-32568865,TWSE_T86_DAILY_INSTITUTIONAL_REPORT,2026-08-18T06:50:00.000Z
0056,2026-04-24,15189424,7741038,7448386,0,0,0,30000,123000,-93000,17769635,1596555,16173080,23528466,TWSE_T86_DAILY_INSTITUTIONAL_REPORT,2026-08-18T06:50:00.000Z
0056,2026-04-27,38306814,21995789,16311025,0,33559000,-33559000,17000,150000,-133000,68206692,909564,67297128,49916153,TWSE_T86_DAILY_INSTITUTIONAL_REPORT,2026-08-18T06:50:00.000Z
0056,2026-04-28,15546002,9223307,6322695,0,0,0,455000,0,455000,45177770,219373,44958397,51736092,TWSE_T86_DAILY_INSTITUTIONAL_REPORT,2026-08-18T06:50:00.000Z
0056,2026-04-29,11498740,11326034,172706,0,226000,-226000,466000,60000,406000,4000000,587486,3412514,3765220,TWSE_T86_DAILY_INSTITUTIONAL_REPORT,2026-08-18T06:50:00.000Z
0056,2026-04-30,15967892,8532368,7435524,0,0,0,27000,0,27000,11459600,671886,10787714,18250238,TWSE_T86_DAILY_INSTITUTIONAL_REPORT,2026-08-18T06:50:00.000Z
0056,2026-05-04,66338021,7743759,58594262,175000,0,175000,134000,3160000,-3026000,20472630,193715,20278915,76022177,TWSE_T86_DAILY_INSTITUTIONAL_REPORT,2026-08-18T06:50:00.000Z
0056,2026-05-05,59170831,7212407,51958424,0,0,0,6000,0,6000,20219023,171419,20047604,72012028,TWSE_T86_DAILY_INSTITUTIONAL_REPORT,2026-08-18T06:50:00.000Z
0056,2026-05-06,60717834,21780235,38937599,0,0,0,14000,249000,-235000,18350374,454542,17895832,56598431,TWSE_T86_DAILY_INSTITUTIONAL_REPORT,2026-08-18T06:50:00.000Z
0056,2026-05-07,49582531,9184935,40397596,1030000,0,1030000,5000,118000,-113000,2876662,911389,1965273,43279869,TWSE_T86_DAILY_INSTITUTIONAL_REPORT,2026-08-18T06:50:00.000Z
0056,2026-05-08,57520685,11022686,46497999,0,0,0,172000,49000,123000,11850491,295008,11555483,58176482,TWSE_T86_DAILY_INSTITUTIONAL_REPORT,2026-08-18T06:50:00.000Z
0056,2026-05-11,13985249,10353557,3631692,1180000,0,1180000,13000,136000,-123000,28917690,223369,28694321,33383013,TWSE_T86_DAILY_INSTITUTIONAL_REPORT,2026-08-18T06:50:00.000Z
0056,2026-05-12,6003675,7005406,-1001731,0,200000,-200000,30000,158110,-128110,35344389,783288,34561101,33231260,TWSE_T86_DAILY_INSTITUTIONAL_REPORT,2026-08-18T06:50:00.000Z
0056,2026-05-13,14277247,8937373,5339874,0,0,0,214000,978890,-764890,22916830,1724992,21191838,25766822,TWSE_T86_DAILY_INSTITUTIONAL_REPORT,2026-08-18T06:50:00.000Z
0056,2026-05-14,2632333,6579753,-3947420,0,0,0,1000,231000,-230000,16285292,1443397,14841895,10664475,TWSE_T86_DAILY_INSTITUTIONAL_REPORT,2026-08-18T06:50:00.000Z
0056,2026-05-15,9383612,18083325,-8699713,1230000,0,1230000,62000,849000,-787000,11030697,1800165,9230532,973819,TWSE_T86_DAILY_INSTITUTIONAL_REPORT,2026-08-18T06:50:00.000Z
0056,2026-05-18,18513493,12885316,5628177,380000,0,380000,253000,6000,247000,3385595,3492799,-107204,6147973,TWSE_T86_DAILY_INSTITUTIONAL_REPORT,2026-08-18T06:50:00.000Z
0056,2026-05-19,19629072,23792465,-4163393,0,0,0,37000,82000,-45000,5221633,2076518,3145115,-1063278,TWSE_T86_DAILY_INSTITUTIONAL_REPORT,2026-08-18T06:50:00.000Z
0056,2026-05-20,11315193,4355681,6959512,0,100000,-100000,52000,263000,-211000,1980822,835959,1144863,7793375,TWSE_T86_DAILY_INSTITUTIONAL_REPORT,2026-08-18T06:50:00.000Z
0056,2026-05-21,15999246,5902157,10097089,0,0,0,28386,141000,-112614,21951831,79000,21872831,31857306,TWSE_T86_DAILY_INSTITUTIONAL_REPORT,2026-08-18T06:50:00.000Z
0056,2026-05-22,15812976,5405711,10407265,0,0,0,55000,145000,-90000,24935254,151901,24783353,35100618,TWSE_T86_DAILY_INSTITUTIONAL_REPORT,2026-08-18T06:50:00.000Z
0056,2026-05-25,31478779,5699834,25778945,0,0,0,24000,463000,-439000,8038979,992783,7046196,32386141,TWSE_T86_DAILY_INSTITUTIONAL_REPORT,2026-08-18T06:50:00.000Z
0056,2026-05-26,15312652,11278717,4033935,0,240000,-240000,0,102000,-102000,7177556,627376,6550180,10242115,TWSE_T86_DAILY_INSTITUTIONAL_REPORT,2026-08-18T06:50:00.000Z
0056,2026-05-27,26989526,13365866,13623660,2100000,0,2100000,7000,152000,-145000,10138215,292650,9845565,25424225,TWSE_T86_DAILY_INSTITUTIONAL_REPORT,2026-08-18T06:50:00.000Z
0056,2026-05-28,21322946,18474467,2848479,0,0,0,86000,97000,-11000,1716173,1272798,443375,3280854,TWSE_T86_DAILY_INSTITUTIONAL_REPORT,2026-08-18T06:50:00.000Z
0056,2026-05-29,25841380,5004916,20836464,100000,0,100000,144000,95386,48614,14791821,358634,14433187,35418265,TWSE_T86_DAILY_INSTITUTIONAL_REPORT,2026-08-18T06:50:00.000Z
0056,2026-06-01,16284845,9822728,6462117,130000,0,130000,0,120000,-120000,6750676,389278,6361398,12833515,TWSE_T86_DAILY_INSTITUTIONAL_REPORT,2026-08-18T06:50:00.000Z
0056,2026-06-02,34614822,14442670,20172152,0,0,0,4000,0,4000,5640775,418609,5222166,25398318,TWSE_T86_DAILY_INSTITUTIONAL_REPORT,2026-08-18T06:50:00.000Z
0056,2026-06-03,13343704,9544211,3799493,0,0,0,1000,0,1000,3961049,2134992,1826057,5626550,TWSE_T86_DAILY_INSTITUTIONAL_REPORT,2026-08-18T06:50:00.000Z
0056,2026-06-04,10975156,19369120,-8393964,0,0,0,800000,190000,610000,5094000,1936767,3157233,-4626731,TWSE_T86_DAILY_INSTITUTIONAL_REPORT,2026-08-18T06:50:00.000Z
0056,2026-06-05,17713037,17565001,148036,0,0,0,58000,206000,-148000,7179000,1946892,5232108,5232144,TWSE_T86_DAILY_INSTITUTIONAL_REPORT,2026-08-18T06:50:00.000Z
0056,2026-06-08,20882713,42441342,-21558629,500000,0,500000,1443000,355000,1088000,2866713,16852911,-13986198,-33956827,TWSE_T86_DAILY_INSTITUTIONAL_REPORT,2026-08-18T06:50:00.000Z
0056,2026-06-09,16223653,11268144,4955509,0,110000,-110000,1000,1000,0,9712617,1401647,8310970,13156479,TWSE_T86_DAILY_INSTITUTIONAL_REPORT,2026-08-18T06:50:00.000Z
0056,2026-06-10,11892810,24008000,-12115190,0,0,0,321000,15000,306000,6930000,21312897,-14382897,-26192087,TWSE_T86_DAILY_INSTITUTIONAL_REPORT,2026-08-18T06:50:00.000Z
0056,2026-06-11,19915795,21211388,-1295593,150000,0,150000,190000,7000,183000,1527732,8216991,-6689259,-7651852,TWSE_T86_DAILY_INSTITUTIONAL_REPORT,2026-08-18T06:50:00.000Z
0056,2026-06-12,19652528,6721625,12930903,80000,0,80000,400000,122000,278000,6066401,1064474,5001927,18290830,TWSE_T86_DAILY_INSTITUTIONAL_REPORT,2026-08-18T06:50:00.000Z
0056,2026-06-15,6668168,2895854,3772314,230000,0,230000,749000,88000,661000,3291306,163334,3127972,7791286,TWSE_T86_DAILY_INSTITUTIONAL_REPORT,2026-08-18T06:50:00.000Z
0056,2026-06-16,8604027,3857877,4746150,0,0,0,160000,236000,-76000,1772000,278273,1493727,6163877,TWSE_T86_DAILY_INSTITUTIONAL_REPORT,2026-08-18T06:50:00.000Z
0056,2026-06-17,4939454,6516069,-1576615,1290000,0,1290000,20000,25000,-5000,8325584,579635,7745949,7454334,TWSE_T86_DAILY_INSTITUTIONAL_REPORT,2026-08-18T06:50:00.000Z
0056,2026-06-18,10566985,2370134,8196851,0,0,0,0,35000,-35000,3090253,572007,2518246,10680097,TWSE_T86_DAILY_INSTITUTIONAL_REPORT,2026-08-18T06:50:00.000Z
0056,2026-06-22,15479485,7000118,8479367,0,0,0,155000,0,155000,2726517,1753000,973517,9607884,TWSE_T86_DAILY_INSTITUTIONAL_REPORT,2026-08-18T06:50:00.000Z
0056,2026-06-23,11864078,21388775,-9524697,0,0,0,2000,0,2000,3196121,2224466,971655,-8551042,TWSE_T86_DAILY_INSTITUTIONAL_REPORT,2026-08-18T06:50:00.000Z
0056,2026-06-24,8086033,20324400,-12238367,0,0,0,80000,10000,70000,695392,6154579,-5459187,-17627554,TWSE_T86_DAILY_INSTITUTIONAL_REPORT,2026-08-18T06:50:00.000Z
0056,2026-06-25,8769548,8003602,765946,0,0,0,0,442000,-442000,1464364,1645153,-180789,143157,TWSE_T86_DAILY_INSTITUTIONAL_REPORT,2026-08-18T06:50:00.000Z
0056,2026-06-26,6038799,24862110,-18823311,0,0,0,93000,18000,75000,931000,25272823,-24341823,-43090134,TWSE_T86_DAILY_INSTITUTIONAL_REPORT,2026-08-18T06:50:00.000Z
0056,2026-06-29,10608179,12328236,-1720057,0,0,0,41000,0,41000,1058432,2759991,-1701559,-3380616,TWSE_T86_DAILY_INSTITUTIONAL_REPORT,2026-08-18T06:50:00.000Z
0056,2026-06-30,21352111,10282341,11069770,0,0,0,20000,51000,-31000,390103,5340852,-4950749,6088021,TWSE_T86_DAILY_INSTITUTIONAL_REPORT,2026-08-18T06:50:00.000Z
0056,2026-07-01,9179932,16465478,-7285546,0,80000,-80000,170000,35000,135000,311000,15931178,-15620178,-22850724,TWSE_T86_DAILY_INSTITUTIONAL_REPORT,2026-08-18T06:50:00.000Z
0056,2026-07-02,4019640,10746282,-6726642,0,5700000,-5700000,120000,2000,118000,227000,27903670,-27676670,-39985312,TWSE_T86_DAILY_INSTITUTIONAL_REPORT,2026-08-18T06:50:00.000Z
0056,2026-07-03,5773606,5811144,-37538,0,0,0,18000,200000,-182000,269000,12603099,-12334099,-12553637,TWSE_T86_DAILY_INSTITUTIONAL_REPORT,2026-08-18T06:50:00.000Z
0056,2026-07-06,20197344,8381897,11815447,0,0,0,0,42000,-42000,378762,15190952,-14812190,-3038743,TWSE_T86_DAILY_INSTITUTIONAL_REPORT,2026-08-18T06:50:00.000Z
0056,2026-07-07,11859435,18219918,-6360483,0,0,0,25000,265000,-240000,276930,54667844,-54390914,-60991397,TWSE_T86_DAILY_INSTITUTIONAL_REPORT,2026-08-18T06:50:00.000Z
0056,2026-07-08,10729217,15732407,-5003190,2700000,0,2700000,41000,1000,40000,256000,18258130,-18002130,-20265320,TWSE_T86_DAILY_INSTITUTIONAL_REPORT,2026-08-18T06:50:00.000Z
0056,2026-07-09,6577831,5903468,674363,180000,0,180000,250000,34000,216000,257322,4702238,-4444916,-3374553,TWSE_T86_DAILY_INSTITUTIONAL_REPORT,2026-08-18T06:50:00.000Z
0056,2026-07-13,4523097,18592408,-14069311,210000,0,210000,240000,208127,31873,245000,12717397,-12472397,-26299835,TWSE_T86_DAILY_INSTITUTIONAL_REPORT,2026-08-18T06:50:00.000Z
0056,2026-07-14,10688625,14299225,-3610600,270000,0,270000,106000,1000,105000,877941,94710417,-93832476,-97068076,TWSE_T86_DAILY_INSTITUTIONAL_REPORT,2026-08-18T06:50:00.000Z
0056,2026-07-15,11536850,3304327,8232523,0,0,0,3000,124000,-121000,1345261,913191,432070,8543593,TWSE_T86_DAILY_INSTITUTIONAL_REPORT,2026-08-18T06:50:00.000Z
0056,2026-07-16,4304982,17442720,-13137738,0,0,0,0,12000,-12000,480000,16470398,-15990398,-29140136,TWSE_T86_DAILY_INSTITUTIONAL_REPORT,2026-08-18T06:50:00.000Z
0056,2026-07-17,3884240,15868068,-11983828,0,0,0,6000,250000,-244000,290994,148459658,-148168664,-160396492,TWSE_T86_DAILY_INSTITUTIONAL_REPORT,2026-08-18T06:50:00.000Z
0056,2026-07-20,21005564,44181200,-23175636,0,0,0,133000,316000,-183000,4163499,93579766,-89416267,-112774903,TWSE_T86_DAILY_INSTITUTIONAL_REPORT,2026-08-18T06:50:00.000Z
0056,2026-07-21,9579945,9411547,168398,0,0,0,36000,57000,-21000,387981,28206283,-27818302,-27670904,TWSE_T86_DAILY_INSTITUTIONAL_REPORT,2026-08-18T06:50:00.000Z
0056,2026-07-22,37149355,12088282,25061073,0,0,0,550000,6000,544000,12325773,2741999,9583774,35188847,TWSE_T86_DAILY_INSTITUTIONAL_REPORT,2026-08-18T06:50:00.000Z
0056,2026-07-23,6826490,8106049,-1279559,0,0,0,35000,0,35000,6472176,308791,6163385,4918826,TWSE_T86_DAILY_INSTITUTIONAL_REPORT,2026-08-18T06:50:00.000Z
0056,2026-07-24,7210968,8674520,-1463552,0,0,0,0,181925,-181925,2510072,3071741,-561669,-2207146,TWSE_T86_DAILY_INSTITUTIONAL_REPORT,2026-08-18T06:50:00.000Z
0056,2026-07-27,15819234,14482300,1336934,110000,200000,-90000,7000,705000,-698000,2481202,25441955,-22960753,-22411819,TWSE_T86_DAILY_INSTITUTIONAL_REPORT,2026-08-18T06:50:00.000Z
0056,2026-07-28,14305354,46163320,-31857966,353000,0,353000,21000,454075,-433075,761837,40159131,-39397294,-71335335,TWSE_T86_DAILY_INSTITUTIONAL_REPORT,2026-08-18T06:50:00.000Z
0056,2026-07-29,34758819,50642865,-15884046,0,0,0,190000,10000,180000,5194520,23424562,-18230042,-33934088,TWSE_T86_DAILY_INSTITUTIONAL_REPORT,2026-08-18T06:50:00.000Z
0056,2026-07-30,28537704,24952100,3585604,353000,100000,253000,1000,146000,-145000,837656,21543619,-20705963,-17012359,TWSE_T86_DAILY_INSTITUTIONAL_REPORT,2026-08-18T06:50:00.000Z
0056,2026-07-31,49652566,12987900,36664666,0,0,0,0,589000,-589000,15055449,32080861,-17025412,19050254,TWSE_T86_DAILY_INSTITUTIONAL_REPORT,2026-08-18T06:50:00.000Z
0056,2026-08-03,15639378,6329642,9309736,300000,0,300000,1000,13000,-12000,3019436,4989062,-1969626,7628110,TWSE_T86_DAILY_INSTITUTIONAL_REPORT,2026-08-18T06:50:00.000Z
0056,2026-08-04,17656421,6719956,10936465,0,200000,-200000,0,4000,-4000,8920432,1571714,7348718,18081183,TWSE_T86_DAILY_INSTITUTIONAL_REPORT,2026-08-18T06:50:00.000Z
0056,2026-08-05,21186685,6150508,15036177,80000,0,80000,0,1000,-1000,22105724,465182,21640542,36755719,TWSE_T86_DAILY_INSTITUTIONAL_REPORT,2026-08-18T06:50:00.000Z
0056,2026-08-06,6180088,6736702,-556614,850000,0,850000,0,0,0,1085450,486879,598571,891957,TWSE_T86_DAILY_INSTITUTIONAL_REPORT,2026-08-18T06:50:00.000Z
0056,2026-08-07,3638289,2959000,679289,230000,0,230000,0,0,0,853000,117895,735105,1644394,TWSE_T86_DAILY_INSTITUTIONAL_REPORT,2026-08-18T06:50:00.000Z
0056,2026-08-10,27697395,742347,26955048,840000,0,840000,0,125000,-125000,25152378,190620,24961758,52631806,TWSE_T86_DAILY_INSTITUTIONAL_REPORT,2026-08-18T06:50:00.000Z
0056,2026-08-11,5773952,5714342,59610,0,0,0,0,0,0,2306000,2147050,158950,218560,TWSE_T86_DAILY_INSTITUTIONAL_REPORT,2026-08-18T06:50:00.000Z
