tradeDate,symbol,securityName,marginPurchaseBalance,shortSaleBalance,marginPurchasePreviousDayBalance,shortSalePreviousDayBalance,sourceIdentity,sourceRetrievedAt
2020-01-02,0056,元大高股息,1648,227,1695,230,TWSE_MI_MARGN_DAILY_MARGIN_TRADING,2026-08-20T07:48:39.119Z
2020-01-03,0056,元大高股息,1612,212,1648,227,TWSE_MI_MARGN_DAILY_MARGIN_TRADING,2026-08-20T07:48:39.119Z
2020-01-06,0056,元大高股息,1619,211,1612,212,TWSE_MI_MARGN_DAILY_MARGIN_TRADING,2026-08-20T07:48:39.119Z
2020-01-07,0056,元大高股息,1564,214,1619,211,TWSE_MI_MARGN_DAILY_MARGIN_TRADING,2026-08-20T07:48:39.119Z
2020-01-08,0056,元大高股息,1594,208,1564,214,TWSE_MI_MARGN_DAILY_MARGIN_TRADING,2026-08-20T07:48:39.119Z
2020-01-09,0056,元大高股息,1522,207,1594,208,TWSE_MI_MARGN_DAILY_MARGIN_TRADING,2026-08-20T07:48:39.119Z
2020-01-10,0056,元大高股息,1512,207,1522,207,TWSE_MI_MARGN_DAILY_MARGIN_TRADING,2026-08-20T07:48:39.119Z
2020-01-13,0056,元大高股息,1516,208,1512,207,TWSE_MI_MARGN_DAILY_MARGIN_TRADING,2026-08-20T07:48:39.119Z
2020-01-14,0056,元大高股息,1718,207,1516,208,TWSE_MI_MARGN_DAILY_MARGIN_TRADING,2026-08-20T07:48:39.119Z
2020-01-15,0056,元大高股息,1714,163,1718,207,TWSE_MI_MARGN_DAILY_MARGIN_TRADING,2026-08-20T07:48:39.119Z
2020-01-16,0056,元大高股息,1340,163,1714,163,TWSE_MI_MARGN_DAILY_MARGIN_TRADING,2026-08-20T07:48:39.119Z
2020-01-17,0056,元大高股息,1283,164,1340,163,TWSE_MI_MARGN_DAILY_MARGIN_TRADING,2026-08-20T07:48:39.119Z
2020-01-20,0056,元大高股息,1291,164,1283,164,TWSE_MI_MARGN_DAILY_MARGIN_TRADING,2026-08-20T07:48:39.119Z
2020-01-30,0056,元大高股息,1954,137,1291,164,TWSE_MI_MARGN_DAILY_MARGIN_TRADING,2026-08-20T07:48:39.119Z
2020-01-31,0056,元大高股息,1824,212,1954,137,TWSE_MI_MARGN_DAILY_MARGIN_TRADING,2026-08-20T07:48:39.119Z
2020-02-03,0056,元大高股息,2118,269,1824,212,TWSE_MI_MARGN_DAILY_MARGIN_TRADING,2026-08-20T07:48:39.119Z
2020-02-04,0056,元大高股息,2131,280,2118,269,TWSE_MI_MARGN_DAILY_MARGIN_TRADING,2026-08-20T07:48:39.119Z
2020-02-05,0056,元大高股息,2078,294,2131,280,TWSE_MI_MARGN_DAILY_MARGIN_TRADING,2026-08-20T07:48:39.119Z
2020-02-06,0056,元大高股息,2311,316,2078,294,TWSE_MI_MARGN_DAILY_MARGIN_TRADING,2026-08-20T07:48:39.119Z
2020-02-07,0056,元大高股息,2315,317,2311,316,TWSE_MI_MARGN_DAILY_MARGIN_TRADING,2026-08-20T07:48:39.119Z
2020-02-10,0056,元大高股息,2214,313,2315,317,TWSE_MI_MARGN_DAILY_MARGIN_TRADING,2026-08-20T07:48:39.119Z
2020-02-11,0056,元大高股息,2137,308,2214,313,TWSE_MI_MARGN_DAILY_MARGIN_TRADING,2026-08-20T07:48:39.119Z
2020-02-12,0056,元大高股息,2067,308,2137,308,TWSE_MI_MARGN_DAILY_MARGIN_TRADING,2026-08-20T07:48:39.119Z
2020-02-13,0056,元大高股息,1965,314,2067,308,TWSE_MI_MARGN_DAILY_MARGIN_TRADING,2026-08-20T07:48:39.119Z
2020-02-14,0056,元大高股息,1883,314,1965,314,TWSE_MI_MARGN_DAILY_MARGIN_TRADING,2026-08-20T07:48:39.119Z
2020-02-17,0056,元大高股息,1743,306,1883,314,TWSE_MI_MARGN_DAILY_MARGIN_TRADING,2026-08-20T07:48:39.119Z
2020-02-18,0056,元大高股息,1655,309,1743,306,TWSE_MI_MARGN_DAILY_MARGIN_TRADING,2026-08-20T07:48:39.119Z
2020-02-19,0056,元大高股息,1657,312,1655,309,TWSE_MI_MARGN_DAILY_MARGIN_TRADING,2026-08-20T07:48:39.119Z
2020-02-20,0056,元大高股息,1621,300,1657,312,TWSE_MI_MARGN_DAILY_MARGIN_TRADING,2026-08-20T07:48:39.119Z
2020-02-21,0056,元大高股息,1759,302,1621,300,TWSE_MI_MARGN_DAILY_MARGIN_TRADING,2026-08-20T07:48:39.119Z
2020-02-24,0056,元大高股息,1712,308,1759,302,TWSE_MI_MARGN_DAILY_MARGIN_TRADING,2026-08-20T07:48:39.119Z
2020-02-25,0056,元大高股息,1454,289,1712,308,TWSE_MI_MARGN_DAILY_MARGIN_TRADING,2026-08-20T07:48:39.119Z
2020-02-26,0056,元大高股息,1703,287,1454,289,TWSE_MI_MARGN_DAILY_MARGIN_TRADING,2026-08-20T07:48:39.119Z
2020-02-27,0056,元大高股息,2117,281,1703,287,TWSE_MI_MARGN_DAILY_MARGIN_TRADING,2026-08-20T07:48:39.119Z
2020-03-02,0056,元大高股息,2384,246,2117,281,TWSE_MI_MARGN_DAILY_MARGIN_TRADING,2026-08-20T07:48:39.119Z
2020-03-03,0056,元大高股息,2488,251,2384,246,TWSE_MI_MARGN_DAILY_MARGIN_TRADING,2026-08-20T07:48:39.119Z
2020-03-04,0056,元大高股息,2482,248,2488,251,TWSE_MI_MARGN_DAILY_MARGIN_TRADING,2026-08-20T07:48:39.119Z
2020-03-05,0056,元大高股息,2684,254,2482,248,TWSE_MI_MARGN_DAILY_MARGIN_TRADING,2026-08-20T07:48:39.119Z
2020-03-06,0056,元大高股息,2607,255,2684,254,TWSE_MI_MARGN_DAILY_MARGIN_TRADING,2026-08-20T07:48:39.119Z
2020-03-09,0056,元大高股息,2993,213,2607,255,TWSE_MI_MARGN_DAILY_MARGIN_TRADING,2026-08-20T07:48:39.119Z
2020-03-10,0056,元大高股息,3292,242,2993,213,TWSE_MI_MARGN_DAILY_MARGIN_TRADING,2026-08-20T07:48:39.119Z
2020-03-11,0056,元大高股息,3281,292,3292,242,TWSE_MI_MARGN_DAILY_MARGIN_TRADING,2026-08-20T07:48:39.119Z
2020-03-12,0056,元大高股息,4680,367,3281,292,TWSE_MI_MARGN_DAILY_MARGIN_TRADING,2026-08-20T07:48:39.119Z
2020-03-13,0056,元大高股息,5616,283,4680,367,TWSE_MI_MARGN_DAILY_MARGIN_TRADING,2026-08-20T07:48:39.119Z
2020-03-16,0056,元大高股息,5811,380,5616,283,TWSE_MI_MARGN_DAILY_MARGIN_TRADING,2026-08-20T07:48:39.119Z
2020-03-17,0056,元大高股息,6743,406,5811,380,TWSE_MI_MARGN_DAILY_MARGIN_TRADING,2026-08-20T07:48:39.119Z
2020-03-18,0056,元大高股息,7326,531,6743,406,TWSE_MI_MARGN_DAILY_MARGIN_TRADING,2026-08-20T07:48:39.119Z
2020-03-19,0056,元大高股息,8541,765,7326,531,TWSE_MI_MARGN_DAILY_MARGIN_TRADING,2026-08-20T07:48:39.119Z
2020-03-20,0056,元大高股息,8684,811,8541,765,TWSE_MI_MARGN_DAILY_MARGIN_TRADING,2026-08-20T07:48:39.119Z
2020-03-23,0056,元大高股息,8812,916,8684,811,TWSE_MI_MARGN_DAILY_MARGIN_TRADING,2026-08-20T07:48:39.119Z
2020-03-24,0056,元大高股息,8569,856,8812,916,TWSE_MI_MARGN_DAILY_MARGIN_TRADING,2026-08-20T07:48:39.119Z
2020-03-25,0056,元大高股息,7353,828,8569,856,TWSE_MI_MARGN_DAILY_MARGIN_TRADING,2026-08-20T07:48:39.119Z
2020-03-26,0056,元大高股息,7007,901,7353,828,TWSE_MI_MARGN_DAILY_MARGIN_TRADING,2026-08-20T07:48:39.119Z
2020-03-27,0056,元大高股息,6235,946,7007,901,TWSE_MI_MARGN_DAILY_MARGIN_TRADING,2026-08-20T07:48:39.119Z
2020-03-30,0056,元大高股息,6249,1092,6235,946,TWSE_MI_MARGN_DAILY_MARGIN_TRADING,2026-08-20T07:48:39.119Z
2020-03-31,0056,元大高股息,6057,1096,6249,1092,TWSE_MI_MARGN_DAILY_MARGIN_TRADING,2026-08-20T07:48:39.119Z
2020-04-01,0056,元大高股息,5818,1312,6057,1096,TWSE_MI_MARGN_DAILY_MARGIN_TRADING,2026-08-20T07:48:39.119Z
2020-04-06,0056,元大高股息,5751,1219,5818,1312,TWSE_MI_MARGN_DAILY_MARGIN_TRADING,2026-08-20T07:48:39.119Z
2020-04-07,0056,元大高股息,5198,1248,5751,1219,TWSE_MI_MARGN_DAILY_MARGIN_TRADING,2026-08-20T07:48:39.119Z
2020-04-08,0056,元大高股息,5242,1390,5198,1248,TWSE_MI_MARGN_DAILY_MARGIN_TRADING,2026-08-20T07:48:39.119Z
2020-04-09,0056,元大高股息,5189,1205,5242,1390,TWSE_MI_MARGN_DAILY_MARGIN_TRADING,2026-08-20T07:48:39.119Z
2020-04-10,0056,元大高股息,5041,1243,5189,1205,TWSE_MI_MARGN_DAILY_MARGIN_TRADING,2026-08-20T07:48:39.119Z
2020-04-13,0056,元大高股息,4939,1321,5041,1243,TWSE_MI_MARGN_DAILY_MARGIN_TRADING,2026-08-20T07:48:39.119Z
2020-04-14,0056,元大高股息,4778,1377,4939,1321,TWSE_MI_MARGN_DAILY_MARGIN_TRADING,2026-08-20T07:48:39.119Z
2020-04-15,0056,元大高股息,4652,1571,4778,1377,TWSE_MI_MARGN_DAILY_MARGIN_TRADING,2026-08-20T07:48:39.119Z
2020-04-16,0056,元大高股息,4829,1525,4652,1571,TWSE_MI_MARGN_DAILY_MARGIN_TRADING,2026-08-20T07:48:39.119Z
2020-04-17,0056,元大高股息,4713,1503,4829,1525,TWSE_MI_MARGN_DAILY_MARGIN_TRADING,2026-08-20T07:48:39.119Z
2020-04-20,0056,元大高股息,4124,1506,4713,1503,TWSE_MI_MARGN_DAILY_MARGIN_TRADING,2026-08-20T07:48:39.119Z
2020-04-21,0056,元大高股息,3787,1549,4124,1506,TWSE_MI_MARGN_DAILY_MARGIN_TRADING,2026-08-20T07:48:39.119Z
2020-04-22,0056,元大高股息,3860,1484,3787,1549,TWSE_MI_MARGN_DAILY_MARGIN_TRADING,2026-08-20T07:48:39.119Z
2020-04-23,0056,元大高股息,3359,1488,3860,1484,TWSE_MI_MARGN_DAILY_MARGIN_TRADING,2026-08-20T07:48:39.119Z
2020-04-24,0056,元大高股息,3375,1508,3359,1488,TWSE_MI_MARGN_DAILY_MARGIN_TRADING,2026-08-20T07:48:39.119Z
2020-04-27,0056,元大高股息,3030,1430,3375,1508,TWSE_MI_MARGN_DAILY_MARGIN_TRADING,2026-08-20T07:48:39.119Z
2020-04-28,0056,元大高股息,2796,1356,3030,1430,TWSE_MI_MARGN_DAILY_MARGIN_TRADING,2026-08-20T07:48:39.119Z
2020-04-29,0056,元大高股息,2785,1331,2796,1356,TWSE_MI_MARGN_DAILY_MARGIN_TRADING,2026-08-20T07:48:39.119Z
2020-04-30,0056,元大高股息,2461,1278,2785,1331,TWSE_MI_MARGN_DAILY_MARGIN_TRADING,2026-08-20T07:48:39.119Z
2020-05-04,0056,元大高股息,2786,1266,2461,1278,TWSE_MI_MARGN_DAILY_MARGIN_TRADING,2026-08-20T07:48:39.119Z
2020-05-05,0056,元大高股息,2776,1266,2786,1266,TWSE_MI_MARGN_DAILY_MARGIN_TRADING,2026-08-20T07:48:39.119Z
2020-05-06,0056,元大高股息,2804,1284,2776,1266,TWSE_MI_MARGN_DAILY_MARGIN_TRADING,2026-08-20T07:48:39.119Z
2020-05-07,0056,元大高股息,2455,1256,2804,1284,TWSE_MI_MARGN_DAILY_MARGIN_TRADING,2026-08-20T07:48:39.119Z
2020-05-08,0056,元大高股息,2584,1257,2455,1256,TWSE_MI_MARGN_DAILY_MARGIN_TRADING,2026-08-20T07:48:39.119Z
2020-05-11,0056,元大高股息,2528,1246,2584,1257,TWSE_MI_MARGN_DAILY_MARGIN_TRADING,2026-08-20T07:48:39.119Z
2020-05-12,0056,元大高股息,2478,1237,2528,1246,TWSE_MI_MARGN_DAILY_MARGIN_TRADING,2026-08-20T07:48:39.119Z
2020-05-13,0056,元大高股息,2401,1228,2478,1237,TWSE_MI_MARGN_DAILY_MARGIN_TRADING,2026-08-20T07:48:39.119Z
2020-05-14,0056,元大高股息,2415,1230,2401,1228,TWSE_MI_MARGN_DAILY_MARGIN_TRADING,2026-08-20T07:48:39.119Z
2020-05-15,0056,元大高股息,2380,1231,2415,1230,TWSE_MI_MARGN_DAILY_MARGIN_TRADING,2026-08-20T07:48:39.119Z
2020-05-18,0056,元大高股息,2374,1216,2380,1231,TWSE_MI_MARGN_DAILY_MARGIN_TRADING,2026-08-20T07:48:39.119Z
2020-05-19,0056,元大高股息,2171,1216,2374,1216,TWSE_MI_MARGN_DAILY_MARGIN_TRADING,2026-08-20T07:48:39.119Z
2020-05-20,0056,元大高股息,2204,1212,2171,1216,TWSE_MI_MARGN_DAILY_MARGIN_TRADING,2026-08-20T07:48:39.119Z
2020-05-21,0056,元大高股息,2138,954,2204,1212,TWSE_MI_MARGN_DAILY_MARGIN_TRADING,2026-08-20T07:48:39.119Z
2020-05-22,0056,元大高股息,1972,960,2138,954,TWSE_MI_MARGN_DAILY_MARGIN_TRADING,2026-08-20T07:48:39.119Z
2020-05-25,0056,元大高股息,2009,946,1972,960,TWSE_MI_MARGN_DAILY_MARGIN_TRADING,2026-08-20T07:48:39.119Z
2020-05-26,0056,元大高股息,1884,947,2009,946,TWSE_MI_MARGN_DAILY_MARGIN_TRADING,2026-08-20T07:48:39.119Z
2020-05-27,0056,元大高股息,1872,940,1884,947,TWSE_MI_MARGN_DAILY_MARGIN_TRADING,2026-08-20T07:48:39.119Z
2020-05-28,0056,元大高股息,1789,930,1872,940,TWSE_MI_MARGN_DAILY_MARGIN_TRADING,2026-08-20T07:48:39.119Z
2020-05-29,0056,元大高股息,1777,923,1789,930,TWSE_MI_MARGN_DAILY_MARGIN_TRADING,2026-08-20T07:48:39.119Z
2020-06-01,0056,元大高股息,1721,921,1777,923,TWSE_MI_MARGN_DAILY_MARGIN_TRADING,2026-08-20T07:48:39.119Z
2020-06-02,0056,元大高股息,1713,916,1721,921,TWSE_MI_MARGN_DAILY_MARGIN_TRADING,2026-08-20T07:48:39.119Z
2020-06-03,0056,元大高股息,1761,890,1713,916,TWSE_MI_MARGN_DAILY_MARGIN_TRADING,2026-08-20T07:48:39.119Z
2020-06-04,0056,元大高股息,1779,875,1761,890,TWSE_MI_MARGN_DAILY_MARGIN_TRADING,2026-08-20T07:48:39.119Z
2020-06-05,0056,元大高股息,1747,878,1779,875,TWSE_MI_MARGN_DAILY_MARGIN_TRADING,2026-08-20T07:48:39.119Z
2020-06-08,0056,元大高股息,1739,858,1747,878,TWSE_MI_MARGN_DAILY_MARGIN_TRADING,2026-08-20T07:48:39.119Z
2020-06-09,0056,元大高股息,1801,852,1739,858,TWSE_MI_MARGN_DAILY_MARGIN_TRADING,2026-08-20T07:48:39.119Z
2020-06-10,0056,元大高股息,1672,849,1801,852,TWSE_MI_MARGN_DAILY_MARGIN_TRADING,2026-08-20T07:48:39.119Z
2020-06-11,0056,元大高股息,1546,850,1672,849,TWSE_MI_MARGN_DAILY_MARGIN_TRADING,2026-08-20T07:48:39.119Z
2020-06-12,0056,元大高股息,1640,849,1546,850,TWSE_MI_MARGN_DAILY_MARGIN_TRADING,2026-08-20T07:48:39.119Z
2020-06-15,0056,元大高股息,1555,847,1640,849,TWSE_MI_MARGN_DAILY_MARGIN_TRADING,2026-08-20T07:48:39.119Z
2020-06-16,0056,元大高股息,1535,840,1555,847,TWSE_MI_MARGN_DAILY_MARGIN_TRADING,2026-08-20T07:48:39.119Z
2020-06-17,0056,元大高股息,1532,836,1535,840,TWSE_MI_MARGN_DAILY_MARGIN_TRADING,2026-08-20T07:48:39.119Z
2020-06-18,0056,元大高股息,1534,837,1532,836,TWSE_MI_MARGN_DAILY_MARGIN_TRADING,2026-08-20T07:48:39.119Z
2020-06-19,0056,元大高股息,1568,835,1534,837,TWSE_MI_MARGN_DAILY_MARGIN_TRADING,2026-08-20T07:48:39.119Z
2020-06-22,0056,元大高股息,1438,836,1568,835,TWSE_MI_MARGN_DAILY_MARGIN_TRADING,2026-08-20T07:48:39.119Z
2020-06-23,0056,元大高股息,1412,832,1438,836,TWSE_MI_MARGN_DAILY_MARGIN_TRADING,2026-08-20T07:48:39.119Z
2020-06-24,0056,元大高股息,1399,832,1412,832,TWSE_MI_MARGN_DAILY_MARGIN_TRADING,2026-08-20T07:48:39.119Z
2020-06-29,0056,元大高股息,1370,827,1399,832,TWSE_MI_MARGN_DAILY_MARGIN_TRADING,2026-08-20T07:48:39.119Z
2020-06-30,0056,元大高股息,1394,819,1370,827,TWSE_MI_MARGN_DAILY_MARGIN_TRADING,2026-08-20T07:48:39.119Z
2020-07-01,0056,元大高股息,1365,800,1394,819,TWSE_MI_MARGN_DAILY_MARGIN_TRADING,2026-08-20T07:48:39.119Z
2020-07-02,0056,元大高股息,1276,761,1365,800,TWSE_MI_MARGN_DAILY_MARGIN_TRADING,2026-08-20T07:48:39.119Z
2020-07-03,0056,元大高股息,1191,756,1276,761,TWSE_MI_MARGN_DAILY_MARGIN_TRADING,2026-08-20T07:48:39.119Z
2020-07-06,0056,元大高股息,1205,722,1191,756,TWSE_MI_MARGN_DAILY_MARGIN_TRADING,2026-08-20T07:48:39.119Z
2020-07-07,0056,元大高股息,1239,719,1205,722,TWSE_MI_MARGN_DAILY_MARGIN_TRADING,2026-08-20T07:48:39.119Z
2020-07-08,0056,元大高股息,1177,718,1239,719,TWSE_MI_MARGN_DAILY_MARGIN_TRADING,2026-08-20T07:48:39.119Z
2020-07-09,0056,元大高股息,1445,719,1177,718,TWSE_MI_MARGN_DAILY_MARGIN_TRADING,2026-08-20T07:48:39.119Z
2020-07-10,0056,元大高股息,1150,730,1445,719,TWSE_MI_MARGN_DAILY_MARGIN_TRADING,2026-08-20T07:48:39.119Z
2020-07-13,0056,元大高股息,1325,714,1150,730,TWSE_MI_MARGN_DAILY_MARGIN_TRADING,2026-08-20T07:48:39.119Z
2020-07-14,0056,元大高股息,1210,696,1325,714,TWSE_MI_MARGN_DAILY_MARGIN_TRADING,2026-08-20T07:48:39.119Z
2020-07-15,0056,元大高股息,1202,679,1210,696,TWSE_MI_MARGN_DAILY_MARGIN_TRADING,2026-08-20T07:48:39.119Z
2020-07-16,0056,元大高股息,1166,677,1202,679,TWSE_MI_MARGN_DAILY_MARGIN_TRADING,2026-08-20T07:48:39.119Z
2020-07-17,0056,元大高股息,1165,676,1166,677,TWSE_MI_MARGN_DAILY_MARGIN_TRADING,2026-08-20T07:48:39.119Z
2020-07-20,0056,元大高股息,1316,674,1165,676,TWSE_MI_MARGN_DAILY_MARGIN_TRADING,2026-08-20T07:48:39.119Z
2020-07-21,0056,元大高股息,1216,668,1316,674,TWSE_MI_MARGN_DAILY_MARGIN_TRADING,2026-08-20T07:48:39.119Z
2020-07-22,0056,元大高股息,1219,672,1216,668,TWSE_MI_MARGN_DAILY_MARGIN_TRADING,2026-08-20T07:48:39.119Z
2020-07-23,0056,元大高股息,1169,667,1219,672,TWSE_MI_MARGN_DAILY_MARGIN_TRADING,2026-08-20T07:48:39.119Z
2020-07-24,0056,元大高股息,1144,660,1169,667,TWSE_MI_MARGN_DAILY_MARGIN_TRADING,2026-08-20T07:48:39.119Z
2020-07-27,0056,元大高股息,1169,654,1144,660,TWSE_MI_MARGN_DAILY_MARGIN_TRADING,2026-08-20T07:48:39.119Z
2020-07-28,0056,元大高股息,1231,644,1169,654,TWSE_MI_MARGN_DAILY_MARGIN_TRADING,2026-08-20T07:48:39.119Z
2020-07-29,0056,元大高股息,1229,647,1231,644,TWSE_MI_MARGN_DAILY_MARGIN_TRADING,2026-08-20T07:48:39.119Z
2020-07-30,0056,元大高股息,1169,648,1229,647,TWSE_MI_MARGN_DAILY_MARGIN_TRADING,2026-08-20T07:48:39.119Z
2020-07-31,0056,元大高股息,1098,660,1169,648,TWSE_MI_MARGN_DAILY_MARGIN_TRADING,2026-08-20T07:48:39.119Z
2020-08-03,0056,元大高股息,1130,658,1098,660,TWSE_MI_MARGN_DAILY_MARGIN_TRADING,2026-08-20T07:48:39.119Z
2020-08-04,0056,元大高股息,1107,656,1130,658,TWSE_MI_MARGN_DAILY_MARGIN_TRADING,2026-08-20T07:48:39.119Z
2020-08-05,0056,元大高股息,997,661,1107,656,TWSE_MI_MARGN_DAILY_MARGIN_TRADING,2026-08-20T07:48:39.119Z
2020-08-06,0056,元大高股息,1195,654,997,661,TWSE_MI_MARGN_DAILY_MARGIN_TRADING,2026-08-20T07:48:39.119Z
2020-08-07,0056,元大高股息,1195,649,1195,654,TWSE_MI_MARGN_DAILY_MARGIN_TRADING,2026-08-20T07:48:39.119Z
2020-08-10,0056,元大高股息,1184,647,1195,649,TWSE_MI_MARGN_DAILY_MARGIN_TRADING,2026-08-20T07:48:39.119Z
2020-08-11,0056,元大高股息,1155,641,1184,647,TWSE_MI_MARGN_DAILY_MARGIN_TRADING,2026-08-20T07:48:39.119Z
2020-08-12,0056,元大高股息,1133,628,1155,641,TWSE_MI_MARGN_DAILY_MARGIN_TRADING,2026-08-20T07:48:39.119Z
2020-08-13,0056,元大高股息,1134,627,1133,628,TWSE_MI_MARGN_DAILY_MARGIN_TRADING,2026-08-20T07:48:39.119Z
2020-08-14,0056,元大高股息,1136,622,1134,627,TWSE_MI_MARGN_DAILY_MARGIN_TRADING,2026-08-20T07:48:39.119Z
2020-08-17,0056,元大高股息,948,623,1136,622,TWSE_MI_MARGN_DAILY_MARGIN_TRADING,2026-08-20T07:48:39.119Z
2020-08-18,0056,元大高股息,977,623,948,623,TWSE_MI_MARGN_DAILY_MARGIN_TRADING,2026-08-20T07:48:39.119Z
2020-08-19,0056,元大高股息,1034,623,977,623,TWSE_MI_MARGN_DAILY_MARGIN_TRADING,2026-08-20T07:48:39.119Z
2020-08-20,0056,元大高股息,1676,571,1034,623,TWSE_MI_MARGN_DAILY_MARGIN_TRADING,2026-08-20T07:48:39.119Z
2020-08-21,0056,元大高股息,1845,576,1676,571,TWSE_MI_MARGN_DAILY_MARGIN_TRADING,2026-08-20T07:48:39.119Z
2020-08-24,0056,元大高股息,1918,585,1845,576,TWSE_MI_MARGN_DAILY_MARGIN_TRADING,2026-08-20T07:48:39.119Z
2020-08-25,0056,元大高股息,1912,611,1918,585,TWSE_MI_MARGN_DAILY_MARGIN_TRADING,2026-08-20T07:48:39.119Z
2020-08-26,0056,元大高股息,1993,601,1912,611,TWSE_MI_MARGN_DAILY_MARGIN_TRADING,2026-08-20T07:48:39.119Z
2020-08-27,0056,元大高股息,1703,584,1993,601,TWSE_MI_MARGN_DAILY_MARGIN_TRADING,2026-08-20T07:48:39.119Z
2020-08-28,0056,元大高股息,1624,584,1703,584,TWSE_MI_MARGN_DAILY_MARGIN_TRADING,2026-08-20T07:48:39.119Z
2020-08-31,0056,元大高股息,1645,596,1624,584,TWSE_MI_MARGN_DAILY_MARGIN_TRADING,2026-08-20T07:48:39.119Z
2020-09-01,0056,元大高股息,1696,595,1645,596,TWSE_MI_MARGN_DAILY_MARGIN_TRADING,2026-08-20T07:48:39.119Z
2020-09-02,0056,元大高股息,1583,592,1696,595,TWSE_MI_MARGN_DAILY_MARGIN_TRADING,2026-08-20T07:48:39.119Z
2020-09-03,0056,元大高股息,1533,594,1583,592,TWSE_MI_MARGN_DAILY_MARGIN_TRADING,2026-08-20T07:48:39.119Z
2020-09-04,0056,元大高股息,1601,597,1533,594,TWSE_MI_MARGN_DAILY_MARGIN_TRADING,2026-08-20T07:48:39.119Z
2020-09-07,0056,元大高股息,1649,597,1601,597,TWSE_MI_MARGN_DAILY_MARGIN_TRADING,2026-08-20T07:48:39.119Z
2020-09-08,0056,元大高股息,1706,596,1649,597,TWSE_MI_MARGN_DAILY_MARGIN_TRADING,2026-08-20T07:48:39.119Z
2020-09-09,0056,元大高股息,1748,597,1706,596,TWSE_MI_MARGN_DAILY_MARGIN_TRADING,2026-08-20T07:48:39.119Z
2020-09-10,0056,元大高股息,1699,602,1748,597,TWSE_MI_MARGN_DAILY_MARGIN_TRADING,2026-08-20T07:48:39.119Z
2020-09-11,0056,元大高股息,1680,593,1699,602,TWSE_MI_MARGN_DAILY_MARGIN_TRADING,2026-08-20T07:48:39.119Z
2020-09-14,0056,元大高股息,1631,629,1680,593,TWSE_MI_MARGN_DAILY_MARGIN_TRADING,2026-08-20T07:48:39.119Z
2020-09-15,0056,元大高股息,1607,632,1631,629,TWSE_MI_MARGN_DAILY_MARGIN_TRADING,2026-08-20T07:48:39.119Z
2020-09-16,0056,元大高股息,1237,645,1607,632,TWSE_MI_MARGN_DAILY_MARGIN_TRADING,2026-08-20T07:48:39.119Z
2020-09-17,0056,元大高股息,1238,641,1237,645,TWSE_MI_MARGN_DAILY_MARGIN_TRADING,2026-08-20T07:48:39.119Z
2020-09-18,0056,元大高股息,1310,631,1238,641,TWSE_MI_MARGN_DAILY_MARGIN_TRADING,2026-08-20T07:48:39.119Z
2020-09-21,0056,元大高股息,1315,632,1310,631,TWSE_MI_MARGN_DAILY_MARGIN_TRADING,2026-08-20T07:48:39.119Z
2020-09-22,0056,元大高股息,1304,618,1315,632,TWSE_MI_MARGN_DAILY_MARGIN_TRADING,2026-08-20T07:48:39.119Z
2020-09-23,0056,元大高股息,1353,615,1304,618,TWSE_MI_MARGN_DAILY_MARGIN_TRADING,2026-08-20T07:48:39.119Z
2020-09-24,0056,元大高股息,1464,587,1353,615,TWSE_MI_MARGN_DAILY_MARGIN_TRADING,2026-08-20T07:48:39.119Z
2020-09-25,0056,元大高股息,1551,574,1464,587,TWSE_MI_MARGN_DAILY_MARGIN_TRADING,2026-08-20T07:48:39.119Z
2020-09-28,0056,元大高股息,1556,566,1551,574,TWSE_MI_MARGN_DAILY_MARGIN_TRADING,2026-08-20T07:48:39.119Z
2020-09-29,0056,元大高股息,1505,566,1556,566,TWSE_MI_MARGN_DAILY_MARGIN_TRADING,2026-08-20T07:48:39.119Z
2020-09-30,0056,元大高股息,1467,568,1505,566,TWSE_MI_MARGN_DAILY_MARGIN_TRADING,2026-08-20T07:48:39.119Z
2020-10-05,0056,元大高股息,1492,568,1467,568,TWSE_MI_MARGN_DAILY_MARGIN_TRADING,2026-08-20T07:48:39.119Z
2020-10-06,0056,元大高股息,1713,568,1492,568,TWSE_MI_MARGN_DAILY_MARGIN_TRADING,2026-08-20T07:48:39.119Z
2020-10-07,0056,元大高股息,1532,548,1713,568,TWSE_MI_MARGN_DAILY_MARGIN_TRADING,2026-08-20T07:48:39.119Z
2020-10-08,0056,元大高股息,1546,546,1532,548,TWSE_MI_MARGN_DAILY_MARGIN_TRADING,2026-08-20T07:48:39.119Z
2020-10-12,0056,元大高股息,1700,532,1546,546,TWSE_MI_MARGN_DAILY_MARGIN_TRADING,2026-08-20T07:48:39.119Z
2020-10-13,0056,元大高股息,1722,528,1700,532,TWSE_MI_MARGN_DAILY_MARGIN_TRADING,2026-08-20T07:48:39.119Z
2020-10-14,0056,元大高股息,1738,528,1722,528,TWSE_MI_MARGN_DAILY_MARGIN_TRADING,2026-08-20T07:48:39.119Z
2020-10-15,0056,元大高股息,1718,506,1738,528,TWSE_MI_MARGN_DAILY_MARGIN_TRADING,2026-08-20T07:48:39.119Z
2020-10-16,0056,元大高股息,1775,466,1718,506,TWSE_MI_MARGN_DAILY_MARGIN_TRADING,2026-08-20T07:48:39.119Z
2020-10-19,0056,元大高股息,1767,429,1775,466,TWSE_MI_MARGN_DAILY_MARGIN_TRADING,2026-08-20T07:48:39.119Z
2020-10-20,0056,元大高股息,1763,393,1767,429,TWSE_MI_MARGN_DAILY_MARGIN_TRADING,2026-08-20T07:48:39.119Z
2020-10-21,0056,元大高股息,1829,316,1763,393,TWSE_MI_MARGN_DAILY_MARGIN_TRADING,2026-08-20T07:48:39.119Z
2020-10-22,0056,元大高股息,1863,46,1829,316,TWSE_MI_MARGN_DAILY_MARGIN_TRADING,2026-08-20T07:48:39.119Z
2020-10-23,0056,元大高股息,1931,0,1863,46,TWSE_MI_MARGN_DAILY_MARGIN_TRADING,2026-08-20T07:48:39.119Z
2020-10-26,0056,元大高股息,2239,0,1931,0,TWSE_MI_MARGN_DAILY_MARGIN_TRADING,2026-08-20T07:48:39.119Z
2020-10-27,0056,元大高股息,2661,0,2239,0,TWSE_MI_MARGN_DAILY_MARGIN_TRADING,2026-08-20T07:48:39.119Z
2020-10-28,0056,元大高股息,2378,672,2661,0,TWSE_MI_MARGN_DAILY_MARGIN_TRADING,2026-08-20T07:48:39.119Z
2020-10-29,0056,元大高股息,2651,710,2378,672,TWSE_MI_MARGN_DAILY_MARGIN_TRADING,2026-08-20T07:48:39.119Z
2020-10-30,0056,元大高股息,2684,756,2651,710,TWSE_MI_MARGN_DAILY_MARGIN_TRADING,2026-08-20T07:48:39.119Z
2020-11-02,0056,元大高股息,2686,666,2684,756,TWSE_MI_MARGN_DAILY_MARGIN_TRADING,2026-08-20T07:48:39.119Z
2020-11-03,0056,元大高股息,2575,640,2686,666,TWSE_MI_MARGN_DAILY_MARGIN_TRADING,2026-08-20T07:48:39.119Z
2020-11-04,0056,元大高股息,2505,656,2575,640,TWSE_MI_MARGN_DAILY_MARGIN_TRADING,2026-08-20T07:48:39.119Z
2020-11-05,0056,元大高股息,2420,658,2505,656,TWSE_MI_MARGN_DAILY_MARGIN_TRADING,2026-08-20T07:48:39.119Z
2020-11-06,0056,元大高股息,2316,609,2420,658,TWSE_MI_MARGN_DAILY_MARGIN_TRADING,2026-08-20T07:48:39.119Z
2020-11-09,0056,元大高股息,2249,622,2316,609,TWSE_MI_MARGN_DAILY_MARGIN_TRADING,2026-08-20T07:48:39.119Z
2020-11-10,0056,元大高股息,2460,627,2249,622,TWSE_MI_MARGN_DAILY_MARGIN_TRADING,2026-08-20T07:48:39.119Z
2020-11-11,0056,元大高股息,2440,648,2460,627,TWSE_MI_MARGN_DAILY_MARGIN_TRADING,2026-08-20T07:48:39.119Z
2020-11-12,0056,元大高股息,2398,659,2440,648,TWSE_MI_MARGN_DAILY_MARGIN_TRADING,2026-08-20T07:48:39.119Z
2020-11-13,0056,元大高股息,2421,663,2398,659,TWSE_MI_MARGN_DAILY_MARGIN_TRADING,2026-08-20T07:48:39.119Z
2020-11-16,0056,元大高股息,2316,686,2421,663,TWSE_MI_MARGN_DAILY_MARGIN_TRADING,2026-08-20T07:48:39.119Z
2020-11-17,0056,元大高股息,2189,686,2316,686,TWSE_MI_MARGN_DAILY_MARGIN_TRADING,2026-08-20T07:48:39.119Z
2020-11-18,0056,元大高股息,2107,695,2189,686,TWSE_MI_MARGN_DAILY_MARGIN_TRADING,2026-08-20T07:48:39.119Z
2020-11-19,0056,元大高股息,2021,695,2107,695,TWSE_MI_MARGN_DAILY_MARGIN_TRADING,2026-08-20T07:48:39.119Z
2020-11-20,0056,元大高股息,2007,236,2021,695,TWSE_MI_MARGN_DAILY_MARGIN_TRADING,2026-08-20T07:48:39.119Z
2020-11-23,0056,元大高股息,2007,261,2007,236,TWSE_MI_MARGN_DAILY_MARGIN_TRADING,2026-08-20T07:48:39.119Z
2020-11-24,0056,元大高股息,1925,259,2007,261,TWSE_MI_MARGN_DAILY_MARGIN_TRADING,2026-08-20T07:48:39.119Z
2020-11-25,0056,元大高股息,1798,250,1925,259,TWSE_MI_MARGN_DAILY_MARGIN_TRADING,2026-08-20T07:48:39.119Z
2020-11-26,0056,元大高股息,1827,254,1798,250,TWSE_MI_MARGN_DAILY_MARGIN_TRADING,2026-08-20T07:48:39.119Z
2020-11-27,0056,元大高股息,1780,258,1827,254,TWSE_MI_MARGN_DAILY_MARGIN_TRADING,2026-08-20T07:48:39.119Z
2020-11-30,0056,元大高股息,1737,265,1780,258,TWSE_MI_MARGN_DAILY_MARGIN_TRADING,2026-08-20T07:48:39.119Z
2020-12-01,0056,元大高股息,1802,258,1737,265,TWSE_MI_MARGN_DAILY_MARGIN_TRADING,2026-08-20T07:48:39.119Z
2020-12-02,0056,元大高股息,1793,259,1802,258,TWSE_MI_MARGN_DAILY_MARGIN_TRADING,2026-08-20T07:48:39.119Z
2020-12-03,0056,元大高股息,1727,271,1793,259,TWSE_MI_MARGN_DAILY_MARGIN_TRADING,2026-08-20T07:48:39.119Z
2020-12-04,0056,元大高股息,1551,286,1727,271,TWSE_MI_MARGN_DAILY_MARGIN_TRADING,2026-08-20T07:48:39.119Z
2020-12-07,0056,元大高股息,1386,286,1551,286,TWSE_MI_MARGN_DAILY_MARGIN_TRADING,2026-08-20T07:48:39.119Z
2020-12-08,0056,元大高股息,1250,288,1386,286,TWSE_MI_MARGN_DAILY_MARGIN_TRADING,2026-08-20T07:48:39.119Z
2020-12-09,0056,元大高股息,1207,294,1250,288,TWSE_MI_MARGN_DAILY_MARGIN_TRADING,2026-08-20T07:48:39.119Z
2020-12-10,0056,元大高股息,1155,298,1207,294,TWSE_MI_MARGN_DAILY_MARGIN_TRADING,2026-08-20T07:48:39.119Z
2020-12-11,0056,元大高股息,1177,209,1155,298,TWSE_MI_MARGN_DAILY_MARGIN_TRADING,2026-08-20T07:48:39.119Z
2020-12-14,0056,元大高股息,1127,209,1177,209,TWSE_MI_MARGN_DAILY_MARGIN_TRADING,2026-08-20T07:48:39.119Z
2020-12-15,0056,元大高股息,1092,247,1127,209,TWSE_MI_MARGN_DAILY_MARGIN_TRADING,2026-08-20T07:48:39.119Z
2020-12-16,0056,元大高股息,1099,202,1092,247,TWSE_MI_MARGN_DAILY_MARGIN_TRADING,2026-08-20T07:48:39.119Z
2020-12-17,0056,元大高股息,1102,194,1099,202,TWSE_MI_MARGN_DAILY_MARGIN_TRADING,2026-08-20T07:48:39.119Z
2020-12-18,0056,元大高股息,1156,194,1102,194,TWSE_MI_MARGN_DAILY_MARGIN_TRADING,2026-08-20T07:48:39.119Z
2020-12-21,0056,元大高股息,1122,190,1156,194,TWSE_MI_MARGN_DAILY_MARGIN_TRADING,2026-08-20T07:48:39.119Z
2020-12-22,0056,元大高股息,1112,195,1122,190,TWSE_MI_MARGN_DAILY_MARGIN_TRADING,2026-08-20T07:48:39.119Z
2020-12-23,0056,元大高股息,1112,192,1112,195,TWSE_MI_MARGN_DAILY_MARGIN_TRADING,2026-08-20T07:48:39.119Z
2020-12-24,0056,元大高股息,1199,186,1112,192,TWSE_MI_MARGN_DAILY_MARGIN_TRADING,2026-08-20T07:48:39.119Z
2020-12-25,0056,元大高股息,1228,186,1199,186,TWSE_MI_MARGN_DAILY_MARGIN_TRADING,2026-08-20T07:48:39.119Z
2020-12-28,0056,元大高股息,1260,191,1228,186,TWSE_MI_MARGN_DAILY_MARGIN_TRADING,2026-08-20T07:48:39.119Z
2020-12-29,0056,元大高股息,1186,188,1260,191,TWSE_MI_MARGN_DAILY_MARGIN_TRADING,2026-08-20T07:48:39.119Z
2020-12-30,0056,元大高股息,1176,249,1186,188,TWSE_MI_MARGN_DAILY_MARGIN_TRADING,2026-08-20T07:48:39.119Z
2020-12-31,0056,元大高股息,1127,253,1176,249,TWSE_MI_MARGN_DAILY_MARGIN_TRADING,2026-08-20T07:48:39.119Z
2021-01-04,0056,元大高股息,1139,253,1127,253,TWSE_MI_MARGN_DAILY_MARGIN_TRADING,2026-08-20T07:48:39.119Z
2021-01-05,0056,元大高股息,1095,253,1139,253,TWSE_MI_MARGN_DAILY_MARGIN_TRADING,2026-08-20T07:48:39.119Z
2021-01-06,0056,元大高股息,885,244,1095,253,TWSE_MI_MARGN_DAILY_MARGIN_TRADING,2026-08-20T07:48:39.119Z
2021-01-07,0056,元大高股息,789,247,885,244,TWSE_MI_MARGN_DAILY_MARGIN_TRADING,2026-08-20T07:48:39.119Z
2021-01-08,0056,元大高股息,796,255,789,247,TWSE_MI_MARGN_DAILY_MARGIN_TRADING,2026-08-20T07:48:39.119Z
2021-01-11,0056,元大高股息,754,250,796,255,TWSE_MI_MARGN_DAILY_MARGIN_TRADING,2026-08-20T07:48:39.119Z
2021-01-12,0056,元大高股息,761,250,754,250,TWSE_MI_MARGN_DAILY_MARGIN_TRADING,2026-08-20T07:48:39.119Z
2021-01-13,0056,元大高股息,750,131,761,250,TWSE_MI_MARGN_DAILY_MARGIN_TRADING,2026-08-20T07:48:39.119Z
2021-01-14,0056,元大高股息,716,156,750,131,TWSE_MI_MARGN_DAILY_MARGIN_TRADING,2026-08-20T07:48:39.119Z
2021-01-15,0056,元大高股息,671,156,716,156,TWSE_MI_MARGN_DAILY_MARGIN_TRADING,2026-08-20T07:48:39.119Z
2021-01-18,0056,元大高股息,626,155,671,156,TWSE_MI_MARGN_DAILY_MARGIN_TRADING,2026-08-20T07:48:39.119Z
2021-01-19,0056,元大高股息,626,162,626,155,TWSE_MI_MARGN_DAILY_MARGIN_TRADING,2026-08-20T07:48:39.119Z
2021-01-20,0056,元大高股息,640,143,626,162,TWSE_MI_MARGN_DAILY_MARGIN_TRADING,2026-08-20T07:48:39.119Z
2021-01-21,0056,元大高股息,676,127,640,143,TWSE_MI_MARGN_DAILY_MARGIN_TRADING,2026-08-20T07:48:39.119Z
2021-01-22,0056,元大高股息,639,130,676,127,TWSE_MI_MARGN_DAILY_MARGIN_TRADING,2026-08-20T07:48:39.119Z
2021-01-25,0056,元大高股息,593,130,639,130,TWSE_MI_MARGN_DAILY_MARGIN_TRADING,2026-08-20T07:48:39.119Z
2021-01-26,0056,元大高股息,645,133,593,130,TWSE_MI_MARGN_DAILY_MARGIN_TRADING,2026-08-20T07:48:39.119Z
2021-01-27,0056,元大高股息,513,135,645,133,TWSE_MI_MARGN_DAILY_MARGIN_TRADING,2026-08-20T07:48:39.119Z
2021-01-28,0056,元大高股息,529,135,513,135,TWSE_MI_MARGN_DAILY_MARGIN_TRADING,2026-08-20T07:48:39.119Z
2021-01-29,0056,元大高股息,634,135,529,135,TWSE_MI_MARGN_DAILY_MARGIN_TRADING,2026-08-20T07:48:39.119Z
2021-02-01,0056,元大高股息,556,133,634,135,TWSE_MI_MARGN_DAILY_MARGIN_TRADING,2026-08-20T07:48:39.119Z
2021-02-02,0056,元大高股息,541,131,556,133,TWSE_MI_MARGN_DAILY_MARGIN_TRADING,2026-08-20T07:48:39.119Z
2021-02-03,0056,元大高股息,532,129,541,131,TWSE_MI_MARGN_DAILY_MARGIN_TRADING,2026-08-20T07:48:39.119Z
2021-02-04,0056,元大高股息,525,129,532,129,TWSE_MI_MARGN_DAILY_MARGIN_TRADING,2026-08-20T07:48:39.119Z
2021-02-05,0056,元大高股息,493,129,525,129,TWSE_MI_MARGN_DAILY_MARGIN_TRADING,2026-08-20T07:48:39.119Z
2021-02-17,0056,元大高股息,508,69,493,129,TWSE_MI_MARGN_DAILY_MARGIN_TRADING,2026-08-20T07:48:39.119Z
2021-02-18,0056,元大高股息,557,69,508,69,TWSE_MI_MARGN_DAILY_MARGIN_TRADING,2026-08-20T07:48:39.119Z
2021-02-19,0056,元大高股息,556,69,557,69,TWSE_MI_MARGN_DAILY_MARGIN_TRADING,2026-08-20T07:48:39.119Z
2021-02-22,0056,元大高股息,538,69,556,69,TWSE_MI_MARGN_DAILY_MARGIN_TRADING,2026-08-20T07:48:39.119Z
2021-02-23,0056,元大高股息,597,68,538,69,TWSE_MI_MARGN_DAILY_MARGIN_TRADING,2026-08-20T07:48:39.119Z
2021-02-24,0056,元大高股息,606,67,597,68,TWSE_MI_MARGN_DAILY_MARGIN_TRADING,2026-08-20T07:48:39.119Z
2021-02-25,0056,元大高股息,607,67,606,67,TWSE_MI_MARGN_DAILY_MARGIN_TRADING,2026-08-20T07:48:39.119Z
2021-02-26,0056,元大高股息,506,66,607,67,TWSE_MI_MARGN_DAILY_MARGIN_TRADING,2026-08-20T07:48:39.119Z
2021-03-02,0056,元大高股息,514,73,506,66,TWSE_MI_MARGN_DAILY_MARGIN_TRADING,2026-08-20T07:48:39.119Z
2021-03-03,0056,元大高股息,510,74,514,73,TWSE_MI_MARGN_DAILY_MARGIN_TRADING,2026-08-20T07:48:39.119Z
2021-03-04,0056,元大高股息,515,73,510,74,TWSE_MI_MARGN_DAILY_MARGIN_TRADING,2026-08-20T07:48:39.119Z
2021-03-05,0056,元大高股息,498,73,515,73,TWSE_MI_MARGN_DAILY_MARGIN_TRADING,2026-08-20T07:48:39.119Z
2021-03-08,0056,元大高股息,518,77,498,73,TWSE_MI_MARGN_DAILY_MARGIN_TRADING,2026-08-20T07:48:39.119Z
2021-03-09,0056,元大高股息,521,77,518,77,TWSE_MI_MARGN_DAILY_MARGIN_TRADING,2026-08-20T07:48:39.119Z
2021-03-10,0056,元大高股息,495,76,521,77,TWSE_MI_MARGN_DAILY_MARGIN_TRADING,2026-08-20T07:48:39.119Z
2021-03-11,0056,元大高股息,518,76,495,76,TWSE_MI_MARGN_DAILY_MARGIN_TRADING,2026-08-20T07:48:39.119Z
2021-03-12,0056,元大高股息,514,78,518,76,TWSE_MI_MARGN_DAILY_MARGIN_TRADING,2026-08-20T07:48:39.119Z
2021-03-15,0056,元大高股息,506,94,514,78,TWSE_MI_MARGN_DAILY_MARGIN_TRADING,2026-08-20T07:48:39.119Z
2021-03-16,0056,元大高股息,603,92,506,94,TWSE_MI_MARGN_DAILY_MARGIN_TRADING,2026-08-20T07:48:39.119Z
2021-03-17,0056,元大高股息,607,94,603,92,TWSE_MI_MARGN_DAILY_MARGIN_TRADING,2026-08-20T07:48:39.119Z
2021-03-18,0056,元大高股息,733,95,607,94,TWSE_MI_MARGN_DAILY_MARGIN_TRADING,2026-08-20T07:48:39.119Z
2021-03-19,0056,元大高股息,737,95,733,95,TWSE_MI_MARGN_DAILY_MARGIN_TRADING,2026-08-20T07:48:39.119Z
2021-03-22,0056,元大高股息,747,95,737,95,TWSE_MI_MARGN_DAILY_MARGIN_TRADING,2026-08-20T07:48:39.119Z
2021-03-23,0056,元大高股息,726,94,747,95,TWSE_MI_MARGN_DAILY_MARGIN_TRADING,2026-08-20T07:48:39.119Z
2021-03-24,0056,元大高股息,719,99,726,94,TWSE_MI_MARGN_DAILY_MARGIN_TRADING,2026-08-20T07:48:39.119Z
2021-03-25,0056,元大高股息,717,99,719,99,TWSE_MI_MARGN_DAILY_MARGIN_TRADING,2026-08-20T07:48:39.119Z
2021-03-26,0056,元大高股息,742,100,717,99,TWSE_MI_MARGN_DAILY_MARGIN_TRADING,2026-08-20T07:48:39.119Z
2021-03-29,0056,元大高股息,788,101,742,100,TWSE_MI_MARGN_DAILY_MARGIN_TRADING,2026-08-20T07:48:39.119Z
2021-03-30,0056,元大高股息,799,101,788,101,TWSE_MI_MARGN_DAILY_MARGIN_TRADING,2026-08-20T07:48:39.119Z
2021-03-31,0056,元大高股息,851,102,799,101,TWSE_MI_MARGN_DAILY_MARGIN_TRADING,2026-08-20T07:48:39.119Z
2021-04-01,0056,元大高股息,736,102,851,102,TWSE_MI_MARGN_DAILY_MARGIN_TRADING,2026-08-20T07:48:39.119Z
2021-04-06,0056,元大高股息,769,93,736,102,TWSE_MI_MARGN_DAILY_MARGIN_TRADING,2026-08-20T07:48:39.119Z
2021-04-07,0056,元大高股息,715,117,769,93,TWSE_MI_MARGN_DAILY_MARGIN_TRADING,2026-08-20T07:48:39.119Z
2021-04-08,0056,元大高股息,697,117,715,117,TWSE_MI_MARGN_DAILY_MARGIN_TRADING,2026-08-20T07:48:39.119Z
2021-04-09,0056,元大高股息,684,117,697,117,TWSE_MI_MARGN_DAILY_MARGIN_TRADING,2026-08-20T07:48:39.119Z
2021-04-12,0056,元大高股息,641,119,684,117,TWSE_MI_MARGN_DAILY_MARGIN_TRADING,2026-08-20T07:48:39.119Z
2021-04-13,0056,元大高股息,586,119,641,119,TWSE_MI_MARGN_DAILY_MARGIN_TRADING,2026-08-20T07:48:39.119Z
2021-04-14,0056,元大高股息,692,119,586,119,TWSE_MI_MARGN_DAILY_MARGIN_TRADING,2026-08-20T07:48:39.119Z
2021-04-15,0056,元大高股息,705,119,692,119,TWSE_MI_MARGN_DAILY_MARGIN_TRADING,2026-08-20T07:48:39.119Z
2021-04-16,0056,元大高股息,724,117,705,119,TWSE_MI_MARGN_DAILY_MARGIN_TRADING,2026-08-20T07:48:39.119Z
2021-04-19,0056,元大高股息,762,117,724,117,TWSE_MI_MARGN_DAILY_MARGIN_TRADING,2026-08-20T07:48:39.119Z
2021-04-20,0056,元大高股息,760,117,762,117,TWSE_MI_MARGN_DAILY_MARGIN_TRADING,2026-08-20T07:48:39.119Z
2021-04-21,0056,元大高股息,753,127,760,117,TWSE_MI_MARGN_DAILY_MARGIN_TRADING,2026-08-20T07:48:39.119Z
2021-04-22,0056,元大高股息,738,126,753,127,TWSE_MI_MARGN_DAILY_MARGIN_TRADING,2026-08-20T07:48:39.119Z
2021-04-23,0056,元大高股息,749,117,738,126,TWSE_MI_MARGN_DAILY_MARGIN_TRADING,2026-08-20T07:48:39.119Z
2021-04-26,0056,元大高股息,817,117,749,117,TWSE_MI_MARGN_DAILY_MARGIN_TRADING,2026-08-20T07:48:39.119Z
2021-04-27,0056,元大高股息,787,128,817,117,TWSE_MI_MARGN_DAILY_MARGIN_TRADING,2026-08-20T07:48:39.119Z
2021-04-28,0056,元大高股息,788,141,787,128,TWSE_MI_MARGN_DAILY_MARGIN_TRADING,2026-08-20T07:48:39.119Z
2021-04-29,0056,元大高股息,800,147,788,141,TWSE_MI_MARGN_DAILY_MARGIN_TRADING,2026-08-20T07:48:39.119Z
2021-05-03,0056,元大高股息,798,149,800,147,TWSE_MI_MARGN_DAILY_MARGIN_TRADING,2026-08-20T07:48:39.119Z
2021-05-04,0056,元大高股息,765,122,798,149,TWSE_MI_MARGN_DAILY_MARGIN_TRADING,2026-08-20T07:48:39.119Z
2021-05-05,0056,元大高股息,767,129,765,122,TWSE_MI_MARGN_DAILY_MARGIN_TRADING,2026-08-20T07:48:39.119Z
2021-05-06,0056,元大高股息,756,132,767,129,TWSE_MI_MARGN_DAILY_MARGIN_TRADING,2026-08-20T07:48:39.119Z
2021-05-07,0056,元大高股息,798,145,756,132,TWSE_MI_MARGN_DAILY_MARGIN_TRADING,2026-08-20T07:48:39.119Z
2021-05-10,0056,元大高股息,807,144,798,145,TWSE_MI_MARGN_DAILY_MARGIN_TRADING,2026-08-20T07:48:39.119Z
2021-05-11,0056,元大高股息,777,122,807,144,TWSE_MI_MARGN_DAILY_MARGIN_TRADING,2026-08-20T07:48:39.119Z
2021-05-12,0056,元大高股息,835,97,777,122,TWSE_MI_MARGN_DAILY_MARGIN_TRADING,2026-08-20T07:48:39.119Z
2021-05-13,0056,元大高股息,937,118,835,97,TWSE_MI_MARGN_DAILY_MARGIN_TRADING,2026-08-20T07:48:39.119Z
2021-05-14,0056,元大高股息,943,114,937,118,TWSE_MI_MARGN_DAILY_MARGIN_TRADING,2026-08-20T07:48:39.119Z
2021-05-17,0056,元大高股息,1173,166,943,114,TWSE_MI_MARGN_DAILY_MARGIN_TRADING,2026-08-20T07:48:39.119Z
2021-05-18,0056,元大高股息,1240,162,1173,166,TWSE_MI_MARGN_DAILY_MARGIN_TRADING,2026-08-20T07:48:39.119Z
2021-05-19,0056,元大高股息,1192,138,1240,162,TWSE_MI_MARGN_DAILY_MARGIN_TRADING,2026-08-20T07:48:39.119Z
2021-05-20,0056,元大高股息,1140,139,1192,138,TWSE_MI_MARGN_DAILY_MARGIN_TRADING,2026-08-20T07:48:39.119Z
2021-05-21,0056,元大高股息,1369,138,1140,139,TWSE_MI_MARGN_DAILY_MARGIN_TRADING,2026-08-20T07:48:39.119Z
2021-05-24,0056,元大高股息,1162,132,1369,138,TWSE_MI_MARGN_DAILY_MARGIN_TRADING,2026-08-20T07:48:39.119Z
2021-05-25,0056,元大高股息,1093,120,1162,132,TWSE_MI_MARGN_DAILY_MARGIN_TRADING,2026-08-20T07:48:39.119Z
2021-05-26,0056,元大高股息,1094,117,1093,120,TWSE_MI_MARGN_DAILY_MARGIN_TRADING,2026-08-20T07:48:39.119Z
2021-05-27,0056,元大高股息,1100,120,1094,117,TWSE_MI_MARGN_DAILY_MARGIN_TRADING,2026-08-20T07:48:39.119Z
2021-05-28,0056,元大高股息,894,104,1100,120,TWSE_MI_MARGN_DAILY_MARGIN_TRADING,2026-08-20T07:48:39.119Z
2021-05-31,0056,元大高股息,889,105,894,104,TWSE_MI_MARGN_DAILY_MARGIN_TRADING,2026-08-20T07:48:39.119Z
2021-06-01,0056,元大高股息,893,112,889,105,TWSE_MI_MARGN_DAILY_MARGIN_TRADING,2026-08-20T07:48:39.119Z
2021-06-02,0056,元大高股息,901,110,893,112,TWSE_MI_MARGN_DAILY_MARGIN_TRADING,2026-08-20T07:48:39.119Z
2021-06-03,0056,元大高股息,906,110,901,110,TWSE_MI_MARGN_DAILY_MARGIN_TRADING,2026-08-20T07:48:39.119Z
2021-06-04,0056,元大高股息,888,107,906,110,TWSE_MI_MARGN_DAILY_MARGIN_TRADING,2026-08-20T07:48:39.119Z
2021-06-07,0056,元大高股息,847,103,888,107,TWSE_MI_MARGN_DAILY_MARGIN_TRADING,2026-08-20T07:48:39.119Z
2021-06-08,0056,元大高股息,844,104,847,103,TWSE_MI_MARGN_DAILY_MARGIN_TRADING,2026-08-20T07:48:39.119Z
2021-06-09,0056,元大高股息,844,117,844,104,TWSE_MI_MARGN_DAILY_MARGIN_TRADING,2026-08-20T07:48:39.119Z
2021-06-10,0056,元大高股息,850,117,844,117,TWSE_MI_MARGN_DAILY_MARGIN_TRADING,2026-08-20T07:48:39.119Z
2021-06-11,0056,元大高股息,861,115,850,117,TWSE_MI_MARGN_DAILY_MARGIN_TRADING,2026-08-20T07:48:39.119Z
2021-06-15,0056,元大高股息,863,105,861,115,TWSE_MI_MARGN_DAILY_MARGIN_TRADING,2026-08-20T07:48:39.119Z
2021-06-16,0056,元大高股息,857,107,863,105,TWSE_MI_MARGN_DAILY_MARGIN_TRADING,2026-08-20T07:48:39.119Z
2021-06-17,0056,元大高股息,864,114,857,107,TWSE_MI_MARGN_DAILY_MARGIN_TRADING,2026-08-20T07:48:39.119Z
2021-06-18,0056,元大高股息,855,114,864,114,TWSE_MI_MARGN_DAILY_MARGIN_TRADING,2026-08-20T07:48:39.119Z
2021-06-21,0056,元大高股息,834,104,855,114,TWSE_MI_MARGN_DAILY_MARGIN_TRADING,2026-08-20T07:48:39.119Z
2021-06-22,0056,元大高股息,831,104,834,104,TWSE_MI_MARGN_DAILY_MARGIN_TRADING,2026-08-20T07:48:39.119Z
2021-06-23,0056,元大高股息,841,98,831,104,TWSE_MI_MARGN_DAILY_MARGIN_TRADING,2026-08-20T07:48:39.119Z
2021-06-24,0056,元大高股息,829,92,841,98,TWSE_MI_MARGN_DAILY_MARGIN_TRADING,2026-08-20T07:48:39.119Z
2021-06-25,0056,元大高股息,844,93,829,92,TWSE_MI_MARGN_DAILY_MARGIN_TRADING,2026-08-20T07:48:39.119Z
2021-06-28,0056,元大高股息,859,92,844,93,TWSE_MI_MARGN_DAILY_MARGIN_TRADING,2026-08-20T07:48:39.119Z
2021-06-29,0056,元大高股息,876,93,859,92,TWSE_MI_MARGN_DAILY_MARGIN_TRADING,2026-08-20T07:48:39.119Z
2021-06-30,0056,元大高股息,864,87,876,93,TWSE_MI_MARGN_DAILY_MARGIN_TRADING,2026-08-20T07:48:39.119Z
2021-07-01,0056,元大高股息,1774,82,864,87,TWSE_MI_MARGN_DAILY_MARGIN_TRADING,2026-08-20T07:48:39.119Z
2021-07-02,0056,元大高股息,844,82,1774,82,TWSE_MI_MARGN_DAILY_MARGIN_TRADING,2026-08-20T07:48:39.119Z
2021-07-05,0056,元大高股息,850,84,844,82,TWSE_MI_MARGN_DAILY_MARGIN_TRADING,2026-08-20T07:48:39.119Z
2021-07-06,0056,元大高股息,837,84,850,84,TWSE_MI_MARGN_DAILY_MARGIN_TRADING,2026-08-20T07:48:39.119Z
2021-07-07,0056,元大高股息,827,82,837,84,TWSE_MI_MARGN_DAILY_MARGIN_TRADING,2026-08-20T07:48:39.119Z
2021-07-08,0056,元大高股息,820,81,827,82,TWSE_MI_MARGN_DAILY_MARGIN_TRADING,2026-08-20T07:48:39.119Z
2021-07-09,0056,元大高股息,804,82,820,81,TWSE_MI_MARGN_DAILY_MARGIN_TRADING,2026-08-20T07:48:39.119Z
2021-07-12,0056,元大高股息,815,90,804,82,TWSE_MI_MARGN_DAILY_MARGIN_TRADING,2026-08-20T07:48:39.119Z
2021-07-13,0056,元大高股息,837,93,815,90,TWSE_MI_MARGN_DAILY_MARGIN_TRADING,2026-08-20T07:48:39.119Z
2021-07-14,0056,元大高股息,915,102,837,93,TWSE_MI_MARGN_DAILY_MARGIN_TRADING,2026-08-20T07:48:39.119Z
2021-07-15,0056,元大高股息,960,109,915,102,TWSE_MI_MARGN_DAILY_MARGIN_TRADING,2026-08-20T07:48:39.119Z
2021-07-16,0056,元大高股息,1252,109,960,109,TWSE_MI_MARGN_DAILY_MARGIN_TRADING,2026-08-20T07:48:39.119Z
2021-07-19,0056,元大高股息,1061,132,1252,109,TWSE_MI_MARGN_DAILY_MARGIN_TRADING,2026-08-20T07:48:39.119Z
2021-07-20,0056,元大高股息,997,136,1061,132,TWSE_MI_MARGN_DAILY_MARGIN_TRADING,2026-08-20T07:48:39.119Z
2021-07-21,0056,元大高股息,1209,164,997,136,TWSE_MI_MARGN_DAILY_MARGIN_TRADING,2026-08-20T07:48:39.119Z
2021-07-22,0056,元大高股息,1227,196,1209,164,TWSE_MI_MARGN_DAILY_MARGIN_TRADING,2026-08-20T07:48:39.119Z
2021-07-23,0056,元大高股息,1238,202,1227,196,TWSE_MI_MARGN_DAILY_MARGIN_TRADING,2026-08-20T07:48:39.119Z
2021-07-26,0056,元大高股息,1214,231,1238,202,TWSE_MI_MARGN_DAILY_MARGIN_TRADING,2026-08-20T07:48:39.119Z
2021-07-27,0056,元大高股息,1260,247,1214,231,TWSE_MI_MARGN_DAILY_MARGIN_TRADING,2026-08-20T07:48:39.119Z
2021-07-28,0056,元大高股息,1419,248,1260,247,TWSE_MI_MARGN_DAILY_MARGIN_TRADING,2026-08-20T07:48:39.119Z
2021-07-29,0056,元大高股息,1488,251,1419,248,TWSE_MI_MARGN_DAILY_MARGIN_TRADING,2026-08-20T07:48:39.119Z
2021-07-30,0056,元大高股息,1423,267,1488,251,TWSE_MI_MARGN_DAILY_MARGIN_TRADING,2026-08-20T07:48:39.119Z
2021-08-02,0056,元大高股息,1618,286,1423,267,TWSE_MI_MARGN_DAILY_MARGIN_TRADING,2026-08-20T07:48:39.119Z
2021-08-03,0056,元大高股息,1592,317,1618,286,TWSE_MI_MARGN_DAILY_MARGIN_TRADING,2026-08-20T07:48:39.119Z
2021-08-04,0056,元大高股息,1557,361,1592,317,TWSE_MI_MARGN_DAILY_MARGIN_TRADING,2026-08-20T07:48:39.119Z
2021-08-05,0056,元大高股息,1573,361,1557,361,TWSE_MI_MARGN_DAILY_MARGIN_TRADING,2026-08-20T07:48:39.119Z
2021-08-06,0056,元大高股息,1420,361,1573,361,TWSE_MI_MARGN_DAILY_MARGIN_TRADING,2026-08-20T07:48:39.119Z
2021-08-09,0056,元大高股息,1482,363,1420,361,TWSE_MI_MARGN_DAILY_MARGIN_TRADING,2026-08-20T07:48:39.119Z
2021-08-10,0056,元大高股息,2446,363,1482,363,TWSE_MI_MARGN_DAILY_MARGIN_TRADING,2026-08-20T07:48:39.119Z
2021-08-11,0056,元大高股息,1374,366,2446,363,TWSE_MI_MARGN_DAILY_MARGIN_TRADING,2026-08-20T07:48:39.119Z
2021-08-12,0056,元大高股息,1389,366,1374,366,TWSE_MI_MARGN_DAILY_MARGIN_TRADING,2026-08-20T07:48:39.119Z
2021-08-13,0056,元大高股息,1419,366,1389,366,TWSE_MI_MARGN_DAILY_MARGIN_TRADING,2026-08-20T07:48:39.119Z
2021-08-16,0056,元大高股息,1652,360,1419,366,TWSE_MI_MARGN_DAILY_MARGIN_TRADING,2026-08-20T07:48:39.119Z
2021-08-17,0056,元大高股息,1648,425,1652,360,TWSE_MI_MARGN_DAILY_MARGIN_TRADING,2026-08-20T07:48:39.119Z
2021-08-18,0056,元大高股息,1741,430,1648,425,TWSE_MI_MARGN_DAILY_MARGIN_TRADING,2026-08-20T07:48:39.119Z
2021-08-19,0056,元大高股息,1873,453,1741,430,TWSE_MI_MARGN_DAILY_MARGIN_TRADING,2026-08-20T07:48:39.119Z
2021-08-20,0056,元大高股息,1987,452,1873,453,TWSE_MI_MARGN_DAILY_MARGIN_TRADING,2026-08-20T07:48:39.119Z
2021-08-23,0056,元大高股息,1957,447,1987,452,TWSE_MI_MARGN_DAILY_MARGIN_TRADING,2026-08-20T07:48:39.119Z
2021-08-24,0056,元大高股息,2078,425,1957,447,TWSE_MI_MARGN_DAILY_MARGIN_TRADING,2026-08-20T07:48:39.119Z
2021-08-25,0056,元大高股息,2025,426,2078,425,TWSE_MI_MARGN_DAILY_MARGIN_TRADING,2026-08-20T07:48:39.119Z
2021-08-26,0056,元大高股息,2011,430,2025,426,TWSE_MI_MARGN_DAILY_MARGIN_TRADING,2026-08-20T07:48:39.119Z
2021-08-27,0056,元大高股息,1952,431,2011,430,TWSE_MI_MARGN_DAILY_MARGIN_TRADING,2026-08-20T07:48:39.119Z
2021-08-30,0056,元大高股息,1897,434,1952,431,TWSE_MI_MARGN_DAILY_MARGIN_TRADING,2026-08-20T07:48:39.119Z
2021-08-31,0056,元大高股息,1837,457,1897,434,TWSE_MI_MARGN_DAILY_MARGIN_TRADING,2026-08-20T07:48:39.119Z
2021-09-01,0056,元大高股息,1804,458,1837,457,TWSE_MI_MARGN_DAILY_MARGIN_TRADING,2026-08-20T07:48:39.119Z
2021-09-02,0056,元大高股息,1701,460,1804,458,TWSE_MI_MARGN_DAILY_MARGIN_TRADING,2026-08-20T07:48:39.119Z
2021-09-03,0056,元大高股息,1640,461,1701,460,TWSE_MI_MARGN_DAILY_MARGIN_TRADING,2026-08-20T07:48:39.119Z
2021-09-06,0056,元大高股息,1643,163,1640,461,TWSE_MI_MARGN_DAILY_MARGIN_TRADING,2026-08-20T07:48:39.119Z
2021-09-07,0056,元大高股息,1612,162,1643,163,TWSE_MI_MARGN_DAILY_MARGIN_TRADING,2026-08-20T07:48:39.119Z
2021-09-08,0056,元大高股息,1445,162,1612,162,TWSE_MI_MARGN_DAILY_MARGIN_TRADING,2026-08-20T07:48:39.119Z
2021-09-09,0056,元大高股息,1435,95,1445,162,TWSE_MI_MARGN_DAILY_MARGIN_TRADING,2026-08-20T07:48:39.119Z
2021-09-10,0056,元大高股息,1448,97,1435,95,TWSE_MI_MARGN_DAILY_MARGIN_TRADING,2026-08-20T07:48:39.119Z
2021-09-13,0056,元大高股息,1532,95,1448,97,TWSE_MI_MARGN_DAILY_MARGIN_TRADING,2026-08-20T07:48:39.119Z
2021-09-14,0056,元大高股息,1585,95,1532,95,TWSE_MI_MARGN_DAILY_MARGIN_TRADING,2026-08-20T07:48:39.119Z
2021-09-15,0056,元大高股息,1549,96,1585,95,TWSE_MI_MARGN_DAILY_MARGIN_TRADING,2026-08-20T07:48:39.119Z
2021-09-16,0056,元大高股息,1530,97,1549,96,TWSE_MI_MARGN_DAILY_MARGIN_TRADING,2026-08-20T07:48:39.119Z
2021-09-17,0056,元大高股息,1583,99,1530,97,TWSE_MI_MARGN_DAILY_MARGIN_TRADING,2026-08-20T07:48:39.119Z
2021-09-22,0056,元大高股息,1674,95,1583,99,TWSE_MI_MARGN_DAILY_MARGIN_TRADING,2026-08-20T07:48:39.119Z
2021-09-23,0056,元大高股息,1687,98,1674,95,TWSE_MI_MARGN_DAILY_MARGIN_TRADING,2026-08-20T07:48:39.119Z
2021-09-24,0056,元大高股息,1698,98,1687,98,TWSE_MI_MARGN_DAILY_MARGIN_TRADING,2026-08-20T07:48:39.119Z
2021-09-27,0056,元大高股息,1705,94,1698,98,TWSE_MI_MARGN_DAILY_MARGIN_TRADING,2026-08-20T07:48:39.119Z
2021-09-28,0056,元大高股息,1800,86,1705,94,TWSE_MI_MARGN_DAILY_MARGIN_TRADING,2026-08-20T07:48:39.119Z
2021-09-29,0056,元大高股息,1891,71,1800,86,TWSE_MI_MARGN_DAILY_MARGIN_TRADING,2026-08-20T07:48:39.119Z
2021-09-30,0056,元大高股息,1873,70,1891,71,TWSE_MI_MARGN_DAILY_MARGIN_TRADING,2026-08-20T07:48:39.119Z
2021-10-01,0056,元大高股息,2066,105,1873,70,TWSE_MI_MARGN_DAILY_MARGIN_TRADING,2026-08-20T07:48:39.119Z
2021-10-04,0056,元大高股息,2294,111,2066,105,TWSE_MI_MARGN_DAILY_MARGIN_TRADING,2026-08-20T07:48:39.119Z
2021-10-05,0056,元大高股息,2438,102,2294,111,TWSE_MI_MARGN_DAILY_MARGIN_TRADING,2026-08-20T07:48:39.119Z
2021-10-06,0056,元大高股息,2497,114,2438,102,TWSE_MI_MARGN_DAILY_MARGIN_TRADING,2026-08-20T07:48:39.119Z
2021-10-07,0056,元大高股息,3436,67,2497,114,TWSE_MI_MARGN_DAILY_MARGIN_TRADING,2026-08-20T07:48:39.119Z
2021-10-08,0056,元大高股息,3185,63,3436,67,TWSE_MI_MARGN_DAILY_MARGIN_TRADING,2026-08-20T07:48:39.119Z
2021-10-12,0056,元大高股息,3568,45,3185,63,TWSE_MI_MARGN_DAILY_MARGIN_TRADING,2026-08-20T07:48:39.119Z
2021-10-13,0056,元大高股息,3674,41,3568,45,TWSE_MI_MARGN_DAILY_MARGIN_TRADING,2026-08-20T07:48:39.119Z
2021-10-14,0056,元大高股息,3788,46,3674,41,TWSE_MI_MARGN_DAILY_MARGIN_TRADING,2026-08-20T07:48:39.119Z
2021-10-15,0056,元大高股息,3652,34,3788,46,TWSE_MI_MARGN_DAILY_MARGIN_TRADING,2026-08-20T07:48:39.119Z
2021-10-18,0056,元大高股息,3666,5,3652,34,TWSE_MI_MARGN_DAILY_MARGIN_TRADING,2026-08-20T07:48:39.119Z
2021-10-19,0056,元大高股息,3777,0,3666,5,TWSE_MI_MARGN_DAILY_MARGIN_TRADING,2026-08-20T07:48:39.119Z
2021-10-20,0056,元大高股息,4392,0,3777,0,TWSE_MI_MARGN_DAILY_MARGIN_TRADING,2026-08-20T07:48:39.119Z
2021-10-21,0056,元大高股息,5623,0,4392,0,TWSE_MI_MARGN_DAILY_MARGIN_TRADING,2026-08-20T07:48:39.119Z
2021-10-22,0056,元大高股息,5028,160,5623,0,TWSE_MI_MARGN_DAILY_MARGIN_TRADING,2026-08-20T07:48:39.119Z
2021-10-25,0056,元大高股息,4811,239,5028,160,TWSE_MI_MARGN_DAILY_MARGIN_TRADING,2026-08-20T07:48:39.119Z
2021-10-26,0056,元大高股息,4517,277,4811,239,TWSE_MI_MARGN_DAILY_MARGIN_TRADING,2026-08-20T07:48:39.119Z
2021-10-27,0056,元大高股息,4178,355,4517,277,TWSE_MI_MARGN_DAILY_MARGIN_TRADING,2026-08-20T07:48:39.119Z
2021-10-28,0056,元大高股息,4132,439,4178,355,TWSE_MI_MARGN_DAILY_MARGIN_TRADING,2026-08-20T07:48:39.119Z
2021-10-29,0056,元大高股息,4317,442,4132,439,TWSE_MI_MARGN_DAILY_MARGIN_TRADING,2026-08-20T07:48:39.119Z
2021-11-01,0056,元大高股息,4042,464,4317,442,TWSE_MI_MARGN_DAILY_MARGIN_TRADING,2026-08-20T07:48:39.119Z
2021-11-02,0056,元大高股息,4069,515,4042,464,TWSE_MI_MARGN_DAILY_MARGIN_TRADING,2026-08-20T07:48:39.119Z
2021-11-03,0056,元大高股息,4180,631,4069,515,TWSE_MI_MARGN_DAILY_MARGIN_TRADING,2026-08-20T07:48:39.119Z
2021-11-04,0056,元大高股息,4109,731,4180,631,TWSE_MI_MARGN_DAILY_MARGIN_TRADING,2026-08-20T07:48:39.119Z
2021-11-05,0056,元大高股息,3972,906,4109,731,TWSE_MI_MARGN_DAILY_MARGIN_TRADING,2026-08-20T07:48:39.119Z
2021-11-08,0056,元大高股息,3899,1013,3972,906,TWSE_MI_MARGN_DAILY_MARGIN_TRADING,2026-08-20T07:48:39.119Z
2021-11-09,0056,元大高股息,3597,1014,3899,1013,TWSE_MI_MARGN_DAILY_MARGIN_TRADING,2026-08-20T07:48:39.119Z
2021-11-10,0056,元大高股息,3312,933,3597,1014,TWSE_MI_MARGN_DAILY_MARGIN_TRADING,2026-08-20T07:48:39.119Z
2021-11-11,0056,元大高股息,3147,927,3312,933,TWSE_MI_MARGN_DAILY_MARGIN_TRADING,2026-08-20T07:48:39.119Z
2021-11-12,0056,元大高股息,2929,922,3147,927,TWSE_MI_MARGN_DAILY_MARGIN_TRADING,2026-08-20T07:48:39.119Z
2021-11-15,0056,元大高股息,2859,925,2929,922,TWSE_MI_MARGN_DAILY_MARGIN_TRADING,2026-08-20T07:48:39.119Z
2021-11-16,0056,元大高股息,2694,948,2859,925,TWSE_MI_MARGN_DAILY_MARGIN_TRADING,2026-08-20T07:48:39.119Z
2021-11-17,0056,元大高股息,2504,948,2694,948,TWSE_MI_MARGN_DAILY_MARGIN_TRADING,2026-08-20T07:48:39.119Z
2021-11-18,0056,元大高股息,2257,935,2504,948,TWSE_MI_MARGN_DAILY_MARGIN_TRADING,2026-08-20T07:48:39.119Z
2021-11-19,0056,元大高股息,2076,896,2257,935,TWSE_MI_MARGN_DAILY_MARGIN_TRADING,2026-08-20T07:48:39.119Z
2021-11-22,0056,元大高股息,2081,909,2076,896,TWSE_MI_MARGN_DAILY_MARGIN_TRADING,2026-08-20T07:48:39.119Z
2021-11-23,0056,元大高股息,2096,905,2081,909,TWSE_MI_MARGN_DAILY_MARGIN_TRADING,2026-08-20T07:48:39.119Z
2021-11-24,0056,元大高股息,2003,902,2096,905,TWSE_MI_MARGN_DAILY_MARGIN_TRADING,2026-08-20T07:48:39.119Z
2021-11-25,0056,元大高股息,1997,896,2003,902,TWSE_MI_MARGN_DAILY_MARGIN_TRADING,2026-08-20T07:48:39.119Z
2021-11-26,0056,元大高股息,1872,866,1997,896,TWSE_MI_MARGN_DAILY_MARGIN_TRADING,2026-08-20T07:48:39.119Z
2021-11-29,0056,元大高股息,1822,855,1872,866,TWSE_MI_MARGN_DAILY_MARGIN_TRADING,2026-08-20T07:48:39.119Z
2021-11-30,0056,元大高股息,1979,851,1822,855,TWSE_MI_MARGN_DAILY_MARGIN_TRADING,2026-08-20T07:48:39.119Z
2021-12-01,0056,元大高股息,1929,851,1979,851,TWSE_MI_MARGN_DAILY_MARGIN_TRADING,2026-08-20T07:48:39.119Z
2021-12-02,0056,元大高股息,1897,851,1929,851,TWSE_MI_MARGN_DAILY_MARGIN_TRADING,2026-08-20T07:48:39.119Z
2021-12-03,0056,元大高股息,1845,857,1897,851,TWSE_MI_MARGN_DAILY_MARGIN_TRADING,2026-08-20T07:48:39.119Z
2021-12-06,0056,元大高股息,1779,863,1845,857,TWSE_MI_MARGN_DAILY_MARGIN_TRADING,2026-08-20T07:48:39.119Z
2021-12-07,0056,元大高股息,1715,870,1779,863,TWSE_MI_MARGN_DAILY_MARGIN_TRADING,2026-08-20T07:48:39.119Z
2021-12-08,0056,元大高股息,1642,887,1715,870,TWSE_MI_MARGN_DAILY_MARGIN_TRADING,2026-08-20T07:48:39.119Z
2021-12-09,0056,元大高股息,1615,887,1642,887,TWSE_MI_MARGN_DAILY_MARGIN_TRADING,2026-08-20T07:48:39.119Z
2021-12-10,0056,元大高股息,1653,888,1615,887,TWSE_MI_MARGN_DAILY_MARGIN_TRADING,2026-08-20T07:48:39.119Z
2021-12-13,0056,元大高股息,1573,893,1653,888,TWSE_MI_MARGN_DAILY_MARGIN_TRADING,2026-08-20T07:48:39.119Z
2021-12-14,0056,元大高股息,1443,893,1573,893,TWSE_MI_MARGN_DAILY_MARGIN_TRADING,2026-08-20T07:48:39.119Z
2021-12-15,0056,元大高股息,1448,877,1443,893,TWSE_MI_MARGN_DAILY_MARGIN_TRADING,2026-08-20T07:48:39.119Z
2021-12-16,0056,元大高股息,1506,885,1448,877,TWSE_MI_MARGN_DAILY_MARGIN_TRADING,2026-08-20T07:48:39.119Z
2021-12-17,0056,元大高股息,1488,887,1506,885,TWSE_MI_MARGN_DAILY_MARGIN_TRADING,2026-08-20T07:48:39.119Z
2021-12-20,0056,元大高股息,1536,888,1488,887,TWSE_MI_MARGN_DAILY_MARGIN_TRADING,2026-08-20T07:48:39.119Z
2021-12-21,0056,元大高股息,1521,873,1536,888,TWSE_MI_MARGN_DAILY_MARGIN_TRADING,2026-08-20T07:48:39.119Z
2021-12-22,0056,元大高股息,1533,874,1521,873,TWSE_MI_MARGN_DAILY_MARGIN_TRADING,2026-08-20T07:48:39.119Z
2021-12-23,0056,元大高股息,1497,875,1533,874,TWSE_MI_MARGN_DAILY_MARGIN_TRADING,2026-08-20T07:48:39.119Z
2021-12-24,0056,元大高股息,1488,876,1497,875,TWSE_MI_MARGN_DAILY_MARGIN_TRADING,2026-08-20T07:48:39.119Z
2021-12-27,0056,元大高股息,1459,870,1488,876,TWSE_MI_MARGN_DAILY_MARGIN_TRADING,2026-08-20T07:48:39.119Z
2021-12-28,0056,元大高股息,1435,872,1459,870,TWSE_MI_MARGN_DAILY_MARGIN_TRADING,2026-08-20T07:48:39.119Z
2021-12-29,0056,元大高股息,1456,873,1435,872,TWSE_MI_MARGN_DAILY_MARGIN_TRADING,2026-08-20T07:48:39.119Z
2021-12-30,0056,元大高股息,1407,872,1456,873,TWSE_MI_MARGN_DAILY_MARGIN_TRADING,2026-08-20T07:48:39.119Z
2022-01-03,0056,元大高股息,1375,872,1407,872,TWSE_MI_MARGN_DAILY_MARGIN_TRADING,2026-08-20T07:48:39.119Z
2022-01-04,0056,元大高股息,1322,873,1375,872,TWSE_MI_MARGN_DAILY_MARGIN_TRADING,2026-08-20T07:48:39.119Z
2022-01-05,0056,元大高股息,1324,873,1322,873,TWSE_MI_MARGN_DAILY_MARGIN_TRADING,2026-08-20T07:48:39.119Z
2022-01-06,0056,元大高股息,1310,874,1324,873,TWSE_MI_MARGN_DAILY_MARGIN_TRADING,2026-08-20T07:48:39.119Z
2022-01-07,0056,元大高股息,1320,873,1310,874,TWSE_MI_MARGN_DAILY_MARGIN_TRADING,2026-08-20T07:48:39.119Z
2022-01-10,0056,元大高股息,1329,873,1320,873,TWSE_MI_MARGN_DAILY_MARGIN_TRADING,2026-08-20T07:48:39.119Z
2022-01-11,0056,元大高股息,1369,874,1329,873,TWSE_MI_MARGN_DAILY_MARGIN_TRADING,2026-08-20T07:48:39.119Z
2022-01-12,0056,元大高股息,1352,861,1369,874,TWSE_MI_MARGN_DAILY_MARGIN_TRADING,2026-08-20T07:48:39.119Z
2022-01-13,0056,元大高股息,1336,855,1352,861,TWSE_MI_MARGN_DAILY_MARGIN_TRADING,2026-08-20T07:48:39.119Z
2022-01-14,0056,元大高股息,1370,853,1336,855,TWSE_MI_MARGN_DAILY_MARGIN_TRADING,2026-08-20T07:48:39.119Z
2022-01-17,0056,元大高股息,1400,853,1370,853,TWSE_MI_MARGN_DAILY_MARGIN_TRADING,2026-08-20T07:48:39.119Z
2022-01-18,0056,元大高股息,1421,853,1400,853,TWSE_MI_MARGN_DAILY_MARGIN_TRADING,2026-08-20T07:48:39.119Z
2022-01-19,0056,元大高股息,1414,852,1421,853,TWSE_MI_MARGN_DAILY_MARGIN_TRADING,2026-08-20T07:48:39.119Z
2022-01-20,0056,元大高股息,1372,852,1414,852,TWSE_MI_MARGN_DAILY_MARGIN_TRADING,2026-08-20T07:48:39.119Z
2022-01-21,0056,元大高股息,1388,848,1372,852,TWSE_MI_MARGN_DAILY_MARGIN_TRADING,2026-08-20T07:48:39.119Z
2022-01-24,0056,元大高股息,1435,853,1388,848,TWSE_MI_MARGN_DAILY_MARGIN_TRADING,2026-08-20T07:48:39.119Z
2022-01-25,0056,元大高股息,1449,862,1435,853,TWSE_MI_MARGN_DAILY_MARGIN_TRADING,2026-08-20T07:48:39.119Z
2022-01-26,0056,元大高股息,1435,862,1449,862,TWSE_MI_MARGN_DAILY_MARGIN_TRADING,2026-08-20T07:48:39.119Z
2022-02-07,0056,元大高股息,1656,866,1435,862,TWSE_MI_MARGN_DAILY_MARGIN_TRADING,2026-08-20T07:48:39.119Z
2022-02-08,0056,元大高股息,1603,856,1656,866,TWSE_MI_MARGN_DAILY_MARGIN_TRADING,2026-08-20T07:48:39.119Z
2022-02-09,0056,元大高股息,1577,852,1603,856,TWSE_MI_MARGN_DAILY_MARGIN_TRADING,2026-08-20T07:48:39.119Z
2022-02-10,0056,元大高股息,1563,852,1577,852,TWSE_MI_MARGN_DAILY_MARGIN_TRADING,2026-08-20T07:48:39.119Z
2022-02-11,0056,元大高股息,1338,852,1563,852,TWSE_MI_MARGN_DAILY_MARGIN_TRADING,2026-08-20T07:48:39.119Z
2022-02-14,0056,元大高股息,1342,858,1338,852,TWSE_MI_MARGN_DAILY_MARGIN_TRADING,2026-08-20T07:48:39.119Z
2022-02-15,0056,元大高股息,1345,863,1342,858,TWSE_MI_MARGN_DAILY_MARGIN_TRADING,2026-08-20T07:48:39.119Z
2022-02-16,0056,元大高股息,1367,859,1345,863,TWSE_MI_MARGN_DAILY_MARGIN_TRADING,2026-08-20T07:48:39.119Z
2022-02-17,0056,元大高股息,1344,859,1367,859,TWSE_MI_MARGN_DAILY_MARGIN_TRADING,2026-08-20T07:48:39.119Z
2022-02-18,0056,元大高股息,1355,860,1344,859,TWSE_MI_MARGN_DAILY_MARGIN_TRADING,2026-08-20T07:48:39.119Z
2022-02-21,0056,元大高股息,1302,861,1355,860,TWSE_MI_MARGN_DAILY_MARGIN_TRADING,2026-08-20T07:48:39.119Z
2022-02-22,0056,元大高股息,1332,862,1302,861,TWSE_MI_MARGN_DAILY_MARGIN_TRADING,2026-08-20T07:48:39.119Z
2022-02-23,0056,元大高股息,1341,861,1332,862,TWSE_MI_MARGN_DAILY_MARGIN_TRADING,2026-08-20T07:48:39.119Z
2022-02-24,0056,元大高股息,1322,862,1341,861,TWSE_MI_MARGN_DAILY_MARGIN_TRADING,2026-08-20T07:48:39.119Z
2022-02-25,0056,元大高股息,1279,864,1322,862,TWSE_MI_MARGN_DAILY_MARGIN_TRADING,2026-08-20T07:48:39.119Z
2022-03-01,0056,元大高股息,1207,850,1279,864,TWSE_MI_MARGN_DAILY_MARGIN_TRADING,2026-08-20T07:48:39.119Z
2022-03-02,0056,元大高股息,1167,850,1207,850,TWSE_MI_MARGN_DAILY_MARGIN_TRADING,2026-08-20T07:48:39.119Z
2022-03-03,0056,元大高股息,1003,841,1167,850,TWSE_MI_MARGN_DAILY_MARGIN_TRADING,2026-08-20T07:48:39.119Z
2022-03-04,0056,元大高股息,1078,843,1003,841,TWSE_MI_MARGN_DAILY_MARGIN_TRADING,2026-08-20T07:48:39.119Z
2022-03-07,0056,元大高股息,1206,844,1078,843,TWSE_MI_MARGN_DAILY_MARGIN_TRADING,2026-08-20T07:48:39.119Z
2022-03-08,0056,元大高股息,1281,846,1206,844,TWSE_MI_MARGN_DAILY_MARGIN_TRADING,2026-08-20T07:48:39.119Z
2022-03-09,0056,元大高股息,1298,846,1281,846,TWSE_MI_MARGN_DAILY_MARGIN_TRADING,2026-08-20T07:48:39.119Z
2022-03-10,0056,元大高股息,1245,800,1298,846,TWSE_MI_MARGN_DAILY_MARGIN_TRADING,2026-08-20T07:48:39.119Z
2022-03-11,0056,元大高股息,1211,796,1245,800,TWSE_MI_MARGN_DAILY_MARGIN_TRADING,2026-08-20T07:48:39.119Z
2022-03-14,0056,元大高股息,1211,797,1211,796,TWSE_MI_MARGN_DAILY_MARGIN_TRADING,2026-08-20T07:48:39.119Z
2022-03-15,0056,元大高股息,1363,799,1211,797,TWSE_MI_MARGN_DAILY_MARGIN_TRADING,2026-08-20T07:48:39.119Z
2022-03-16,0056,元大高股息,1372,799,1363,799,TWSE_MI_MARGN_DAILY_MARGIN_TRADING,2026-08-20T07:48:39.119Z
2022-03-17,0056,元大高股息,1321,797,1372,799,TWSE_MI_MARGN_DAILY_MARGIN_TRADING,2026-08-20T07:48:39.119Z
2022-03-18,0056,元大高股息,1340,797,1321,797,TWSE_MI_MARGN_DAILY_MARGIN_TRADING,2026-08-20T07:48:39.119Z
2022-03-21,0056,元大高股息,1315,798,1340,797,TWSE_MI_MARGN_DAILY_MARGIN_TRADING,2026-08-20T07:48:39.119Z
2022-03-22,0056,元大高股息,1255,799,1315,798,TWSE_MI_MARGN_DAILY_MARGIN_TRADING,2026-08-20T07:48:39.119Z
2022-03-23,0056,元大高股息,1250,799,1255,799,TWSE_MI_MARGN_DAILY_MARGIN_TRADING,2026-08-20T07:48:39.119Z
2022-03-24,0056,元大高股息,1185,799,1250,799,TWSE_MI_MARGN_DAILY_MARGIN_TRADING,2026-08-20T07:48:39.119Z
2022-03-25,0056,元大高股息,1183,799,1185,799,TWSE_MI_MARGN_DAILY_MARGIN_TRADING,2026-08-20T07:48:39.119Z
2022-03-28,0056,元大高股息,1224,800,1183,799,TWSE_MI_MARGN_DAILY_MARGIN_TRADING,2026-08-20T07:48:39.119Z
2022-03-29,0056,元大高股息,1188,800,1224,800,TWSE_MI_MARGN_DAILY_MARGIN_TRADING,2026-08-20T07:48:39.119Z
2022-03-30,0056,元大高股息,1199,800,1188,800,TWSE_MI_MARGN_DAILY_MARGIN_TRADING,2026-08-20T07:48:39.119Z
2022-03-31,0056,元大高股息,1183,800,1199,800,TWSE_MI_MARGN_DAILY_MARGIN_TRADING,2026-08-20T07:48:39.119Z
2022-04-01,0056,元大高股息,1222,780,1183,800,TWSE_MI_MARGN_DAILY_MARGIN_TRADING,2026-08-20T07:48:39.119Z
2022-04-06,0056,元大高股息,1249,780,1222,780,TWSE_MI_MARGN_DAILY_MARGIN_TRADING,2026-08-20T07:48:39.119Z
2022-04-07,0056,元大高股息,1400,776,1249,780,TWSE_MI_MARGN_DAILY_MARGIN_TRADING,2026-08-20T07:48:39.119Z
2022-04-08,0056,元大高股息,1419,780,1400,776,TWSE_MI_MARGN_DAILY_MARGIN_TRADING,2026-08-20T07:48:39.119Z
2022-04-11,0056,元大高股息,1457,774,1419,780,TWSE_MI_MARGN_DAILY_MARGIN_TRADING,2026-08-20T07:48:39.119Z
2022-04-12,0056,元大高股息,1528,777,1457,774,TWSE_MI_MARGN_DAILY_MARGIN_TRADING,2026-08-20T07:48:39.119Z
2022-04-13,0056,元大高股息,1557,776,1528,777,TWSE_MI_MARGN_DAILY_MARGIN_TRADING,2026-08-20T07:48:39.119Z
2022-04-14,0056,元大高股息,1529,776,1557,776,TWSE_MI_MARGN_DAILY_MARGIN_TRADING,2026-08-20T07:48:39.119Z
2022-04-15,0056,元大高股息,1557,775,1529,776,TWSE_MI_MARGN_DAILY_MARGIN_TRADING,2026-08-20T07:48:39.119Z
2022-04-18,0056,元大高股息,1532,774,1557,775,TWSE_MI_MARGN_DAILY_MARGIN_TRADING,2026-08-20T07:48:39.119Z
2022-04-19,0056,元大高股息,1492,774,1532,774,TWSE_MI_MARGN_DAILY_MARGIN_TRADING,2026-08-20T07:48:39.119Z
2022-04-20,0056,元大高股息,1484,774,1492,774,TWSE_MI_MARGN_DAILY_MARGIN_TRADING,2026-08-20T07:48:39.119Z
2022-04-21,0056,元大高股息,1442,774,1484,774,TWSE_MI_MARGN_DAILY_MARGIN_TRADING,2026-08-20T07:48:39.119Z
2022-04-22,0056,元大高股息,1475,774,1442,774,TWSE_MI_MARGN_DAILY_MARGIN_TRADING,2026-08-20T07:48:39.119Z
2022-04-25,0056,元大高股息,1570,759,1475,774,TWSE_MI_MARGN_DAILY_MARGIN_TRADING,2026-08-20T07:48:39.119Z
2022-04-26,0056,元大高股息,1619,762,1570,759,TWSE_MI_MARGN_DAILY_MARGIN_TRADING,2026-08-20T07:48:39.119Z
2022-04-27,0056,元大高股息,1842,762,1619,762,TWSE_MI_MARGN_DAILY_MARGIN_TRADING,2026-08-20T07:48:39.119Z
2022-04-28,0056,元大高股息,1853,766,1842,762,TWSE_MI_MARGN_DAILY_MARGIN_TRADING,2026-08-20T07:48:39.119Z
2022-04-29,0056,元大高股息,1811,760,1853,766,TWSE_MI_MARGN_DAILY_MARGIN_TRADING,2026-08-20T07:48:39.119Z
2022-05-03,0056,元大高股息,1817,758,1811,760,TWSE_MI_MARGN_DAILY_MARGIN_TRADING,2026-08-20T07:48:39.119Z
2022-05-04,0056,元大高股息,1758,765,1817,758,TWSE_MI_MARGN_DAILY_MARGIN_TRADING,2026-08-20T07:48:39.119Z
2022-05-05,0056,元大高股息,1625,767,1758,765,TWSE_MI_MARGN_DAILY_MARGIN_TRADING,2026-08-20T07:48:39.119Z
2022-05-06,0056,元大高股息,1570,766,1625,767,TWSE_MI_MARGN_DAILY_MARGIN_TRADING,2026-08-20T07:48:39.119Z
2022-05-09,0056,元大高股息,1635,590,1570,766,TWSE_MI_MARGN_DAILY_MARGIN_TRADING,2026-08-20T07:48:39.119Z
2022-05-10,0056,元大高股息,1641,572,1635,590,TWSE_MI_MARGN_DAILY_MARGIN_TRADING,2026-08-20T07:48:39.119Z
2022-05-11,0056,元大高股息,1710,502,1641,572,TWSE_MI_MARGN_DAILY_MARGIN_TRADING,2026-08-20T07:48:39.119Z
2022-05-12,0056,元大高股息,1653,505,1710,502,TWSE_MI_MARGN_DAILY_MARGIN_TRADING,2026-08-20T07:48:39.119Z
2022-05-13,0056,元大高股息,1698,438,1653,505,TWSE_MI_MARGN_DAILY_MARGIN_TRADING,2026-08-20T07:48:39.119Z
2022-05-16,0056,元大高股息,1730,441,1698,438,TWSE_MI_MARGN_DAILY_MARGIN_TRADING,2026-08-20T07:48:39.119Z
2022-05-17,0056,元大高股息,1905,413,1730,441,TWSE_MI_MARGN_DAILY_MARGIN_TRADING,2026-08-20T07:48:39.119Z
2022-05-18,0056,元大高股息,1915,398,1905,413,TWSE_MI_MARGN_DAILY_MARGIN_TRADING,2026-08-20T07:48:39.119Z
2022-05-19,0056,元大高股息,1819,393,1915,398,TWSE_MI_MARGN_DAILY_MARGIN_TRADING,2026-08-20T07:48:39.119Z
2022-05-20,0056,元大高股息,1800,359,1819,393,TWSE_MI_MARGN_DAILY_MARGIN_TRADING,2026-08-20T07:48:39.119Z
2022-05-23,0056,元大高股息,1826,220,1800,359,TWSE_MI_MARGN_DAILY_MARGIN_TRADING,2026-08-20T07:48:39.119Z
2022-05-24,0056,元大高股息,1842,225,1826,220,TWSE_MI_MARGN_DAILY_MARGIN_TRADING,2026-08-20T07:48:39.119Z
2022-05-25,0056,元大高股息,1837,228,1842,225,TWSE_MI_MARGN_DAILY_MARGIN_TRADING,2026-08-20T07:48:39.119Z
2022-05-26,0056,元大高股息,1799,226,1837,228,TWSE_MI_MARGN_DAILY_MARGIN_TRADING,2026-08-20T07:48:39.119Z
2022-05-27,0056,元大高股息,1762,174,1799,226,TWSE_MI_MARGN_DAILY_MARGIN_TRADING,2026-08-20T07:48:39.119Z
2022-05-30,0056,元大高股息,1642,68,1762,174,TWSE_MI_MARGN_DAILY_MARGIN_TRADING,2026-08-20T07:48:39.119Z
2022-05-31,0056,元大高股息,1640,72,1642,68,TWSE_MI_MARGN_DAILY_MARGIN_TRADING,2026-08-20T07:48:39.119Z
2022-06-01,0056,元大高股息,1605,84,1640,72,TWSE_MI_MARGN_DAILY_MARGIN_TRADING,2026-08-20T07:48:39.119Z
2022-06-02,0056,元大高股息,1567,90,1605,84,TWSE_MI_MARGN_DAILY_MARGIN_TRADING,2026-08-20T07:48:39.119Z
2022-06-06,0056,元大高股息,1537,93,1567,90,TWSE_MI_MARGN_DAILY_MARGIN_TRADING,2026-08-20T07:48:39.119Z
2022-06-07,0056,元大高股息,1651,94,1537,93,TWSE_MI_MARGN_DAILY_MARGIN_TRADING,2026-08-20T07:48:39.119Z
2022-06-08,0056,元大高股息,1661,92,1651,94,TWSE_MI_MARGN_DAILY_MARGIN_TRADING,2026-08-20T07:48:39.119Z
2022-06-09,0056,元大高股息,1752,93,1661,92,TWSE_MI_MARGN_DAILY_MARGIN_TRADING,2026-08-20T07:48:39.119Z
2022-06-10,0056,元大高股息,1871,94,1752,93,TWSE_MI_MARGN_DAILY_MARGIN_TRADING,2026-08-20T07:48:39.119Z
2022-06-13,0056,元大高股息,2238,71,1871,94,TWSE_MI_MARGN_DAILY_MARGIN_TRADING,2026-08-20T07:48:39.119Z
2022-06-14,0056,元大高股息,2219,77,2238,71,TWSE_MI_MARGN_DAILY_MARGIN_TRADING,2026-08-20T07:48:39.119Z
2022-06-15,0056,元大高股息,2248,75,2219,77,TWSE_MI_MARGN_DAILY_MARGIN_TRADING,2026-08-20T07:48:39.119Z
2022-06-16,0056,元大高股息,3378,63,2248,75,TWSE_MI_MARGN_DAILY_MARGIN_TRADING,2026-08-20T07:48:39.119Z
2022-06-17,0056,元大高股息,3496,94,3378,63,TWSE_MI_MARGN_DAILY_MARGIN_TRADING,2026-08-20T07:48:39.119Z
2022-06-20,0056,元大高股息,3848,104,3496,94,TWSE_MI_MARGN_DAILY_MARGIN_TRADING,2026-08-20T07:48:39.119Z
2022-06-21,0056,元大高股息,4005,180,3848,104,TWSE_MI_MARGN_DAILY_MARGIN_TRADING,2026-08-20T07:48:39.119Z
2022-06-22,0056,元大高股息,4099,84,4005,180,TWSE_MI_MARGN_DAILY_MARGIN_TRADING,2026-08-20T07:48:39.119Z
2022-06-23,0056,元大高股息,4506,80,4099,84,TWSE_MI_MARGN_DAILY_MARGIN_TRADING,2026-08-20T07:48:39.119Z
2022-06-24,0056,元大高股息,4585,96,4506,80,TWSE_MI_MARGN_DAILY_MARGIN_TRADING,2026-08-20T07:48:39.119Z
2022-06-27,0056,元大高股息,4395,115,4585,96,TWSE_MI_MARGN_DAILY_MARGIN_TRADING,2026-08-20T07:48:39.119Z
2022-06-28,0056,元大高股息,4533,124,4395,115,TWSE_MI_MARGN_DAILY_MARGIN_TRADING,2026-08-20T07:48:39.119Z
2022-06-29,0056,元大高股息,4705,131,4533,124,TWSE_MI_MARGN_DAILY_MARGIN_TRADING,2026-08-20T07:48:39.119Z
2022-06-30,0056,元大高股息,5002,185,4705,131,TWSE_MI_MARGN_DAILY_MARGIN_TRADING,2026-08-20T07:48:39.119Z
2022-07-01,0056,元大高股息,4675,147,5002,185,TWSE_MI_MARGN_DAILY_MARGIN_TRADING,2026-08-20T07:48:39.119Z
2022-07-04,0056,元大高股息,4986,126,4675,147,TWSE_MI_MARGN_DAILY_MARGIN_TRADING,2026-08-20T07:48:39.119Z
2022-07-05,0056,元大高股息,4970,134,4986,126,TWSE_MI_MARGN_DAILY_MARGIN_TRADING,2026-08-20T07:48:39.119Z
2022-07-06,0056,元大高股息,5136,187,4970,134,TWSE_MI_MARGN_DAILY_MARGIN_TRADING,2026-08-20T07:48:39.119Z
2022-07-07,0056,元大高股息,5413,220,5136,187,TWSE_MI_MARGN_DAILY_MARGIN_TRADING,2026-08-20T07:48:39.119Z
2022-07-08,0056,元大高股息,4942,211,5413,220,TWSE_MI_MARGN_DAILY_MARGIN_TRADING,2026-08-20T07:48:39.119Z
2022-07-11,0056,元大高股息,4908,247,4942,211,TWSE_MI_MARGN_DAILY_MARGIN_TRADING,2026-08-20T07:48:39.119Z
2022-07-12,0056,元大高股息,5210,358,4908,247,TWSE_MI_MARGN_DAILY_MARGIN_TRADING,2026-08-20T07:48:39.119Z
2022-07-13,0056,元大高股息,6133,352,5210,358,TWSE_MI_MARGN_DAILY_MARGIN_TRADING,2026-08-20T07:48:39.119Z
2022-07-14,0056,元大高股息,5997,320,6133,352,TWSE_MI_MARGN_DAILY_MARGIN_TRADING,2026-08-20T07:48:39.119Z
2022-07-15,0056,元大高股息,5455,257,5997,320,TWSE_MI_MARGN_DAILY_MARGIN_TRADING,2026-08-20T07:48:39.119Z
2022-07-18,0056,元大高股息,5222,304,5455,257,TWSE_MI_MARGN_DAILY_MARGIN_TRADING,2026-08-20T07:48:39.119Z
2022-07-19,0056,元大高股息,4770,318,5222,304,TWSE_MI_MARGN_DAILY_MARGIN_TRADING,2026-08-20T07:48:39.119Z
2022-07-20,0056,元大高股息,4392,275,4770,318,TWSE_MI_MARGN_DAILY_MARGIN_TRADING,2026-08-20T07:48:39.119Z
2022-07-21,0056,元大高股息,4289,285,4392,275,TWSE_MI_MARGN_DAILY_MARGIN_TRADING,2026-08-20T07:48:39.119Z
2022-07-22,0056,元大高股息,4264,267,4289,285,TWSE_MI_MARGN_DAILY_MARGIN_TRADING,2026-08-20T07:48:39.119Z
2022-07-25,0056,元大高股息,4263,311,4264,267,TWSE_MI_MARGN_DAILY_MARGIN_TRADING,2026-08-20T07:48:39.119Z
2022-07-26,0056,元大高股息,4271,329,4263,311,TWSE_MI_MARGN_DAILY_MARGIN_TRADING,2026-08-20T07:48:39.119Z
2022-07-27,0056,元大高股息,4235,302,4271,329,TWSE_MI_MARGN_DAILY_MARGIN_TRADING,2026-08-20T07:48:39.119Z
2022-07-28,0056,元大高股息,4331,295,4235,302,TWSE_MI_MARGN_DAILY_MARGIN_TRADING,2026-08-20T07:48:39.119Z
2022-07-29,0056,元大高股息,4185,296,4331,295,TWSE_MI_MARGN_DAILY_MARGIN_TRADING,2026-08-20T07:48:39.119Z
2022-08-01,0056,元大高股息,4124,299,4185,296,TWSE_MI_MARGN_DAILY_MARGIN_TRADING,2026-08-20T07:48:39.119Z
2022-08-02,0056,元大高股息,4257,625,4124,299,TWSE_MI_MARGN_DAILY_MARGIN_TRADING,2026-08-20T07:48:39.119Z
2022-08-03,0056,元大高股息,4197,657,4257,625,TWSE_MI_MARGN_DAILY_MARGIN_TRADING,2026-08-20T07:48:39.119Z
2022-08-04,0056,元大高股息,4439,682,4197,657,TWSE_MI_MARGN_DAILY_MARGIN_TRADING,2026-08-20T07:48:39.119Z
2022-08-05,0056,元大高股息,4347,692,4439,682,TWSE_MI_MARGN_DAILY_MARGIN_TRADING,2026-08-20T07:48:39.119Z
2022-08-08,0056,元大高股息,4285,689,4347,692,TWSE_MI_MARGN_DAILY_MARGIN_TRADING,2026-08-20T07:48:39.119Z
2022-08-09,0056,元大高股息,4213,704,4285,689,TWSE_MI_MARGN_DAILY_MARGIN_TRADING,2026-08-20T07:48:39.119Z
2022-08-10,0056,元大高股息,4269,724,4213,704,TWSE_MI_MARGN_DAILY_MARGIN_TRADING,2026-08-20T07:48:39.119Z
2022-08-11,0056,元大高股息,4176,719,4269,724,TWSE_MI_MARGN_DAILY_MARGIN_TRADING,2026-08-20T07:48:39.119Z
2022-08-12,0056,元大高股息,4191,717,4176,719,TWSE_MI_MARGN_DAILY_MARGIN_TRADING,2026-08-20T07:48:39.119Z
2022-08-15,0056,元大高股息,4762,713,4191,717,TWSE_MI_MARGN_DAILY_MARGIN_TRADING,2026-08-20T07:48:39.119Z
2022-08-16,0056,元大高股息,4433,719,4762,713,TWSE_MI_MARGN_DAILY_MARGIN_TRADING,2026-08-20T07:48:39.119Z
2022-08-17,0056,元大高股息,4398,639,4433,719,TWSE_MI_MARGN_DAILY_MARGIN_TRADING,2026-08-20T07:48:39.119Z
2022-08-18,0056,元大高股息,4186,639,4398,639,TWSE_MI_MARGN_DAILY_MARGIN_TRADING,2026-08-20T07:48:39.119Z
2022-08-19,0056,元大高股息,4141,242,4186,639,TWSE_MI_MARGN_DAILY_MARGIN_TRADING,2026-08-20T07:48:39.119Z
2022-08-22,0056,元大高股息,4047,264,4141,242,TWSE_MI_MARGN_DAILY_MARGIN_TRADING,2026-08-20T07:48:39.119Z
2022-08-23,0056,元大高股息,4179,268,4047,264,TWSE_MI_MARGN_DAILY_MARGIN_TRADING,2026-08-20T07:48:39.119Z
2022-08-24,0056,元大高股息,4132,264,4179,268,TWSE_MI_MARGN_DAILY_MARGIN_TRADING,2026-08-20T07:48:39.119Z
2022-08-25,0056,元大高股息,4123,257,4132,264,TWSE_MI_MARGN_DAILY_MARGIN_TRADING,2026-08-20T07:48:39.119Z
2022-08-26,0056,元大高股息,4117,259,4123,257,TWSE_MI_MARGN_DAILY_MARGIN_TRADING,2026-08-20T07:48:39.119Z
2022-08-29,0056,元大高股息,4284,239,4117,259,TWSE_MI_MARGN_DAILY_MARGIN_TRADING,2026-08-20T07:48:39.119Z
2022-08-30,0056,元大高股息,4361,220,4284,239,TWSE_MI_MARGN_DAILY_MARGIN_TRADING,2026-08-20T07:48:39.119Z
2022-08-31,0056,元大高股息,4206,223,4361,220,TWSE_MI_MARGN_DAILY_MARGIN_TRADING,2026-08-20T07:48:39.119Z
2022-09-01,0056,元大高股息,4294,271,4206,223,TWSE_MI_MARGN_DAILY_MARGIN_TRADING,2026-08-20T07:48:39.119Z
2022-09-02,0056,元大高股息,4505,235,4294,271,TWSE_MI_MARGN_DAILY_MARGIN_TRADING,2026-08-20T07:48:39.119Z
2022-09-05,0056,元大高股息,4482,248,4505,235,TWSE_MI_MARGN_DAILY_MARGIN_TRADING,2026-08-20T07:48:39.119Z
2022-09-06,0056,元大高股息,4469,306,4482,248,TWSE_MI_MARGN_DAILY_MARGIN_TRADING,2026-08-20T07:48:39.119Z
2022-09-07,0056,元大高股息,4488,364,4469,306,TWSE_MI_MARGN_DAILY_MARGIN_TRADING,2026-08-20T07:48:39.119Z
2022-09-08,0056,元大高股息,4462,356,4488,364,TWSE_MI_MARGN_DAILY_MARGIN_TRADING,2026-08-20T07:48:39.119Z
2022-09-12,0056,元大高股息,4327,239,4462,356,TWSE_MI_MARGN_DAILY_MARGIN_TRADING,2026-08-20T07:48:39.119Z
2022-09-13,0056,元大高股息,4279,259,4327,239,TWSE_MI_MARGN_DAILY_MARGIN_TRADING,2026-08-20T07:48:39.119Z
2022-09-14,0056,元大高股息,4354,263,4279,259,TWSE_MI_MARGN_DAILY_MARGIN_TRADING,2026-08-20T07:48:39.119Z
2022-09-15,0056,元大高股息,4510,305,4354,263,TWSE_MI_MARGN_DAILY_MARGIN_TRADING,2026-08-20T07:48:39.119Z
2022-09-16,0056,元大高股息,4625,291,4510,305,TWSE_MI_MARGN_DAILY_MARGIN_TRADING,2026-08-20T07:48:39.119Z
2022-09-19,0056,元大高股息,4741,301,4625,291,TWSE_MI_MARGN_DAILY_MARGIN_TRADING,2026-08-20T07:48:39.119Z
2022-09-20,0056,元大高股息,4931,223,4741,301,TWSE_MI_MARGN_DAILY_MARGIN_TRADING,2026-08-20T07:48:39.119Z
2022-09-21,0056,元大高股息,5193,226,4931,223,TWSE_MI_MARGN_DAILY_MARGIN_TRADING,2026-08-20T07:48:39.119Z
2022-09-22,0056,元大高股息,5440,215,5193,226,TWSE_MI_MARGN_DAILY_MARGIN_TRADING,2026-08-20T07:48:39.119Z
2022-09-23,0056,元大高股息,5432,210,5440,215,TWSE_MI_MARGN_DAILY_MARGIN_TRADING,2026-08-20T07:48:39.119Z
2022-09-26,0056,元大高股息,5547,213,5432,210,TWSE_MI_MARGN_DAILY_MARGIN_TRADING,2026-08-20T07:48:39.119Z
2022-09-27,0056,元大高股息,5877,174,5547,213,TWSE_MI_MARGN_DAILY_MARGIN_TRADING,2026-08-20T07:48:39.119Z
2022-09-28,0056,元大高股息,6339,231,5877,174,TWSE_MI_MARGN_DAILY_MARGIN_TRADING,2026-08-20T07:48:39.119Z
2022-09-29,0056,元大高股息,6846,195,6339,231,TWSE_MI_MARGN_DAILY_MARGIN_TRADING,2026-08-20T07:48:39.119Z
2022-09-30,0056,元大高股息,6954,211,6846,195,TWSE_MI_MARGN_DAILY_MARGIN_TRADING,2026-08-20T07:48:39.119Z
2022-10-03,0056,元大高股息,6918,169,6954,211,TWSE_MI_MARGN_DAILY_MARGIN_TRADING,2026-08-20T07:48:39.119Z
2022-10-04,0056,元大高股息,8991,139,6918,169,TWSE_MI_MARGN_DAILY_MARGIN_TRADING,2026-08-20T07:48:39.119Z
2022-10-05,0056,元大高股息,9601,134,8991,139,TWSE_MI_MARGN_DAILY_MARGIN_TRADING,2026-08-20T07:48:39.119Z
2022-10-06,0056,元大高股息,9939,118,9601,134,TWSE_MI_MARGN_DAILY_MARGIN_TRADING,2026-08-20T07:48:39.119Z
2022-10-07,0056,元大高股息,10739,67,9939,118,TWSE_MI_MARGN_DAILY_MARGIN_TRADING,2026-08-20T07:48:39.119Z
2022-10-11,0056,元大高股息,10900,88,10739,67,TWSE_MI_MARGN_DAILY_MARGIN_TRADING,2026-08-20T07:48:39.119Z
2022-10-12,0056,元大高股息,11418,59,10900,88,TWSE_MI_MARGN_DAILY_MARGIN_TRADING,2026-08-20T07:48:39.119Z
2022-10-13,0056,元大高股息,11038,0,11418,59,TWSE_MI_MARGN_DAILY_MARGIN_TRADING,2026-08-20T07:48:39.119Z
2022-10-14,0056,元大高股息,11285,0,11038,0,TWSE_MI_MARGN_DAILY_MARGIN_TRADING,2026-08-20T07:48:39.119Z
2022-10-17,0056,元大高股息,13392,0,11285,0,TWSE_MI_MARGN_DAILY_MARGIN_TRADING,2026-08-20T07:48:39.119Z
2022-10-18,0056,元大高股息,15514,0,13392,0,TWSE_MI_MARGN_DAILY_MARGIN_TRADING,2026-08-20T07:48:39.119Z
2022-10-19,0056,元大高股息,14999,709,15514,0,TWSE_MI_MARGN_DAILY_MARGIN_TRADING,2026-08-20T07:48:39.119Z
2022-10-20,0056,元大高股息,15051,971,14999,709,TWSE_MI_MARGN_DAILY_MARGIN_TRADING,2026-08-20T07:48:39.119Z
2022-10-21,0056,元大高股息,14870,1134,15051,971,TWSE_MI_MARGN_DAILY_MARGIN_TRADING,2026-08-20T07:48:39.119Z
2022-10-24,0056,元大高股息,14654,1210,14870,1134,TWSE_MI_MARGN_DAILY_MARGIN_TRADING,2026-08-20T07:48:39.119Z
2022-10-25,0056,元大高股息,14694,1535,14654,1210,TWSE_MI_MARGN_DAILY_MARGIN_TRADING,2026-08-20T07:48:39.119Z
2022-10-26,0056,元大高股息,14128,1656,14694,1535,TWSE_MI_MARGN_DAILY_MARGIN_TRADING,2026-08-20T07:48:39.119Z
2022-10-27,0056,元大高股息,13840,1628,14128,1656,TWSE_MI_MARGN_DAILY_MARGIN_TRADING,2026-08-20T07:48:39.119Z
2022-10-28,0056,元大高股息,14139,1617,13840,1628,TWSE_MI_MARGN_DAILY_MARGIN_TRADING,2026-08-20T07:48:39.119Z
2022-10-31,0056,元大高股息,13803,1566,14139,1617,TWSE_MI_MARGN_DAILY_MARGIN_TRADING,2026-08-20T07:48:39.119Z
2022-11-01,0056,元大高股息,13435,1564,13803,1566,TWSE_MI_MARGN_DAILY_MARGIN_TRADING,2026-08-20T07:48:39.119Z
2022-11-02,0056,元大高股息,13276,1568,13435,1564,TWSE_MI_MARGN_DAILY_MARGIN_TRADING,2026-08-20T07:48:39.119Z
2022-11-03,0056,元大高股息,13270,1555,13276,1568,TWSE_MI_MARGN_DAILY_MARGIN_TRADING,2026-08-20T07:48:39.119Z
2022-11-04,0056,元大高股息,13034,1551,13270,1555,TWSE_MI_MARGN_DAILY_MARGIN_TRADING,2026-08-20T07:48:39.119Z
2022-11-07,0056,元大高股息,12605,1602,13034,1551,TWSE_MI_MARGN_DAILY_MARGIN_TRADING,2026-08-20T07:48:39.119Z
2022-11-08,0056,元大高股息,12114,1353,12605,1602,TWSE_MI_MARGN_DAILY_MARGIN_TRADING,2026-08-20T07:48:39.119Z
2022-11-09,0056,元大高股息,11712,1183,12114,1353,TWSE_MI_MARGN_DAILY_MARGIN_TRADING,2026-08-20T07:48:39.119Z
2022-11-10,0056,元大高股息,11454,1124,11712,1183,TWSE_MI_MARGN_DAILY_MARGIN_TRADING,2026-08-20T07:48:39.119Z
2022-11-11,0056,元大高股息,10479,1005,11454,1124,TWSE_MI_MARGN_DAILY_MARGIN_TRADING,2026-08-20T07:48:39.119Z
2022-11-14,0056,元大高股息,9955,995,10479,1005,TWSE_MI_MARGN_DAILY_MARGIN_TRADING,2026-08-20T07:48:39.119Z
2022-11-15,0056,元大高股息,9116,937,9955,995,TWSE_MI_MARGN_DAILY_MARGIN_TRADING,2026-08-20T07:48:39.119Z
2022-11-16,0056,元大高股息,8756,952,9116,937,TWSE_MI_MARGN_DAILY_MARGIN_TRADING,2026-08-20T07:48:39.119Z
2022-11-17,0056,元大高股息,8536,940,8756,952,TWSE_MI_MARGN_DAILY_MARGIN_TRADING,2026-08-20T07:48:39.119Z
2022-11-18,0056,元大高股息,8431,937,8536,940,TWSE_MI_MARGN_DAILY_MARGIN_TRADING,2026-08-20T07:48:39.119Z
2022-11-21,0056,元大高股息,8551,922,8431,937,TWSE_MI_MARGN_DAILY_MARGIN_TRADING,2026-08-20T07:48:39.119Z
2022-11-22,0056,元大高股息,8578,917,8551,922,TWSE_MI_MARGN_DAILY_MARGIN_TRADING,2026-08-20T07:48:39.119Z
2022-11-23,0056,元大高股息,8566,917,8578,917,TWSE_MI_MARGN_DAILY_MARGIN_TRADING,2026-08-20T07:48:39.119Z
2022-11-24,0056,元大高股息,8481,828,8566,917,TWSE_MI_MARGN_DAILY_MARGIN_TRADING,2026-08-20T07:48:39.119Z
2022-11-25,0056,元大高股息,8330,835,8481,828,TWSE_MI_MARGN_DAILY_MARGIN_TRADING,2026-08-20T07:48:39.119Z
2022-11-28,0056,元大高股息,8239,837,8330,835,TWSE_MI_MARGN_DAILY_MARGIN_TRADING,2026-08-20T07:48:39.119Z
2022-11-29,0056,元大高股息,8341,832,8239,837,TWSE_MI_MARGN_DAILY_MARGIN_TRADING,2026-08-20T07:48:39.119Z
2022-11-30,0056,元大高股息,8282,839,8341,832,TWSE_MI_MARGN_DAILY_MARGIN_TRADING,2026-08-20T07:48:39.119Z
2022-12-01,0056,元大高股息,8014,744,8282,839,TWSE_MI_MARGN_DAILY_MARGIN_TRADING,2026-08-20T07:48:39.119Z
2022-12-02,0056,元大高股息,7999,776,8014,744,TWSE_MI_MARGN_DAILY_MARGIN_TRADING,2026-08-20T07:48:39.119Z
2022-12-05,0056,元大高股息,7849,1177,7999,776,TWSE_MI_MARGN_DAILY_MARGIN_TRADING,2026-08-20T07:48:39.119Z
2022-12-06,0056,元大高股息,7771,1155,7849,1177,TWSE_MI_MARGN_DAILY_MARGIN_TRADING,2026-08-20T07:48:39.119Z
2022-12-07,0056,元大高股息,7914,1148,7771,1155,TWSE_MI_MARGN_DAILY_MARGIN_TRADING,2026-08-20T07:48:39.119Z
2022-12-08,0056,元大高股息,8125,1139,7914,1148,TWSE_MI_MARGN_DAILY_MARGIN_TRADING,2026-08-20T07:48:39.119Z
2022-12-09,0056,元大高股息,8062,1161,8125,1139,TWSE_MI_MARGN_DAILY_MARGIN_TRADING,2026-08-20T07:48:39.119Z
2022-12-12,0056,元大高股息,8059,1160,8062,1161,TWSE_MI_MARGN_DAILY_MARGIN_TRADING,2026-08-20T07:48:39.119Z
2022-12-13,0056,元大高股息,7812,1180,8059,1160,TWSE_MI_MARGN_DAILY_MARGIN_TRADING,2026-08-20T07:48:39.119Z
2022-12-14,0056,元大高股息,7873,1180,7812,1180,TWSE_MI_MARGN_DAILY_MARGIN_TRADING,2026-08-20T07:48:39.119Z
2022-12-15,0056,元大高股息,7621,1178,7873,1180,TWSE_MI_MARGN_DAILY_MARGIN_TRADING,2026-08-20T07:48:39.119Z
2022-12-16,0056,元大高股息,7582,1177,7621,1178,TWSE_MI_MARGN_DAILY_MARGIN_TRADING,2026-08-20T07:48:39.119Z
2022-12-19,0056,元大高股息,7504,1178,7582,1177,TWSE_MI_MARGN_DAILY_MARGIN_TRADING,2026-08-20T07:48:39.119Z
2022-12-20,0056,元大高股息,7565,1167,7504,1178,TWSE_MI_MARGN_DAILY_MARGIN_TRADING,2026-08-20T07:48:39.119Z
2022-12-21,0056,元大高股息,7543,1161,7565,1167,TWSE_MI_MARGN_DAILY_MARGIN_TRADING,2026-08-20T07:48:39.119Z
2022-12-22,0056,元大高股息,7321,1166,7543,1161,TWSE_MI_MARGN_DAILY_MARGIN_TRADING,2026-08-20T07:48:39.119Z
2022-12-23,0056,元大高股息,7290,1113,7321,1166,TWSE_MI_MARGN_DAILY_MARGIN_TRADING,2026-08-20T07:48:39.119Z
2022-12-26,0056,元大高股息,7261,1113,7290,1113,TWSE_MI_MARGN_DAILY_MARGIN_TRADING,2026-08-20T07:48:39.119Z
2022-12-27,0056,元大高股息,7129,1115,7261,1113,TWSE_MI_MARGN_DAILY_MARGIN_TRADING,2026-08-20T07:48:39.119Z
2022-12-28,0056,元大高股息,7128,1081,7129,1115,TWSE_MI_MARGN_DAILY_MARGIN_TRADING,2026-08-20T07:48:39.119Z
2022-12-29,0056,元大高股息,7140,1085,7128,1081,TWSE_MI_MARGN_DAILY_MARGIN_TRADING,2026-08-20T07:48:39.119Z
2022-12-30,0056,元大高股息,7098,1088,7140,1085,TWSE_MI_MARGN_DAILY_MARGIN_TRADING,2026-08-20T07:48:39.119Z
2023-01-03,0056,元大高股息,7104,1064,7098,1088,TWSE_MI_MARGN_DAILY_MARGIN_TRADING,2026-08-20T07:48:39.119Z
2023-01-04,0056,元大高股息,7043,1060,7104,1064,TWSE_MI_MARGN_DAILY_MARGIN_TRADING,2026-08-20T07:48:39.119Z
2023-01-05,0056,元大高股息,7023,1060,7043,1060,TWSE_MI_MARGN_DAILY_MARGIN_TRADING,2026-08-20T07:48:39.119Z
2023-01-06,0056,元大高股息,6935,610,7023,1060,TWSE_MI_MARGN_DAILY_MARGIN_TRADING,2026-08-20T07:48:39.119Z
2023-01-09,0056,元大高股息,6639,608,6935,610,TWSE_MI_MARGN_DAILY_MARGIN_TRADING,2026-08-20T07:48:39.119Z
2023-01-10,0056,元大高股息,6680,610,6639,608,TWSE_MI_MARGN_DAILY_MARGIN_TRADING,2026-08-20T07:48:39.119Z
2023-01-11,0056,元大高股息,6494,657,6680,610,TWSE_MI_MARGN_DAILY_MARGIN_TRADING,2026-08-20T07:48:39.119Z
2023-01-12,0056,元大高股息,6450,645,6494,657,TWSE_MI_MARGN_DAILY_MARGIN_TRADING,2026-08-20T07:48:39.119Z
2023-01-13,0056,元大高股息,6232,645,6450,645,TWSE_MI_MARGN_DAILY_MARGIN_TRADING,2026-08-20T07:48:39.119Z
2023-01-16,0056,元大高股息,6008,585,6232,645,TWSE_MI_MARGN_DAILY_MARGIN_TRADING,2026-08-20T07:48:39.119Z
2023-01-17,0056,元大高股息,5947,485,6008,585,TWSE_MI_MARGN_DAILY_MARGIN_TRADING,2026-08-20T07:48:39.119Z
2023-01-30,0056,元大高股息,5651,488,5943,485,TWSE_MI_MARGN_DAILY_MARGIN_TRADING,2026-08-20T07:48:39.119Z
2023-01-31,0056,元大高股息,5566,493,5651,488,TWSE_MI_MARGN_DAILY_MARGIN_TRADING,2026-08-20T07:48:39.119Z
2023-02-01,0056,元大高股息,5546,506,5566,493,TWSE_MI_MARGN_DAILY_MARGIN_TRADING,2026-08-20T07:48:39.119Z
2023-02-02,0056,元大高股息,5352,515,5546,506,TWSE_MI_MARGN_DAILY_MARGIN_TRADING,2026-08-20T07:48:39.119Z
2023-02-03,0056,元大高股息,5339,576,5352,515,TWSE_MI_MARGN_DAILY_MARGIN_TRADING,2026-08-20T07:48:39.119Z
2023-02-06,0056,元大高股息,5051,506,5339,576,TWSE_MI_MARGN_DAILY_MARGIN_TRADING,2026-08-20T07:48:39.119Z
2023-02-07,0056,元大高股息,4961,511,5051,506,TWSE_MI_MARGN_DAILY_MARGIN_TRADING,2026-08-20T07:48:39.119Z
2023-02-08,0056,元大高股息,4891,798,4961,511,TWSE_MI_MARGN_DAILY_MARGIN_TRADING,2026-08-20T07:48:39.119Z
2023-02-09,0056,元大高股息,4919,800,4891,798,TWSE_MI_MARGN_DAILY_MARGIN_TRADING,2026-08-20T07:48:39.119Z
2023-02-10,0056,元大高股息,4918,812,4919,800,TWSE_MI_MARGN_DAILY_MARGIN_TRADING,2026-08-20T07:48:39.119Z
2023-02-13,0056,元大高股息,4843,826,4918,812,TWSE_MI_MARGN_DAILY_MARGIN_TRADING,2026-08-20T07:48:39.119Z
2023-02-14,0056,元大高股息,4796,842,4843,826,TWSE_MI_MARGN_DAILY_MARGIN_TRADING,2026-08-20T07:48:39.119Z
2023-02-15,0056,元大高股息,4759,846,4796,842,TWSE_MI_MARGN_DAILY_MARGIN_TRADING,2026-08-20T07:48:39.119Z
2023-02-16,0056,元大高股息,4824,863,4759,846,TWSE_MI_MARGN_DAILY_MARGIN_TRADING,2026-08-20T07:48:39.119Z
2023-02-17,0056,元大高股息,4796,860,4824,863,TWSE_MI_MARGN_DAILY_MARGIN_TRADING,2026-08-20T07:48:39.119Z
2023-02-20,0056,元大高股息,4837,860,4796,860,TWSE_MI_MARGN_DAILY_MARGIN_TRADING,2026-08-20T07:48:39.119Z
2023-02-21,0056,元大高股息,4872,860,4837,860,TWSE_MI_MARGN_DAILY_MARGIN_TRADING,2026-08-20T07:48:39.119Z
2023-02-22,0056,元大高股息,4759,903,4872,860,TWSE_MI_MARGN_DAILY_MARGIN_TRADING,2026-08-20T07:48:39.119Z
2023-02-23,0056,元大高股息,4817,904,4759,903,TWSE_MI_MARGN_DAILY_MARGIN_TRADING,2026-08-20T07:48:39.119Z
2023-02-24,0056,元大高股息,4718,931,4817,904,TWSE_MI_MARGN_DAILY_MARGIN_TRADING,2026-08-20T07:48:39.119Z
2023-03-01,0056,元大高股息,4506,929,4718,931,TWSE_MI_MARGN_DAILY_MARGIN_TRADING,2026-08-20T07:48:39.119Z
2023-03-02,0056,元大高股息,4591,928,4506,929,TWSE_MI_MARGN_DAILY_MARGIN_TRADING,2026-08-20T07:48:39.119Z
2023-03-03,0056,元大高股息,4613,872,4591,928,TWSE_MI_MARGN_DAILY_MARGIN_TRADING,2026-08-20T07:48:39.119Z
2023-03-06,0056,元大高股息,4541,860,4613,872,TWSE_MI_MARGN_DAILY_MARGIN_TRADING,2026-08-20T07:48:39.119Z
2023-03-07,0056,元大高股息,4584,869,4541,860,TWSE_MI_MARGN_DAILY_MARGIN_TRADING,2026-08-20T07:48:39.119Z
2023-03-08,0056,元大高股息,4606,875,4584,869,TWSE_MI_MARGN_DAILY_MARGIN_TRADING,2026-08-20T07:48:39.119Z
2023-03-09,0056,元大高股息,4661,869,4606,875,TWSE_MI_MARGN_DAILY_MARGIN_TRADING,2026-08-20T07:48:39.119Z
2023-03-10,0056,元大高股息,4548,1009,4661,869,TWSE_MI_MARGN_DAILY_MARGIN_TRADING,2026-08-20T07:48:39.119Z
2023-03-13,0056,元大高股息,4551,980,4548,1009,TWSE_MI_MARGN_DAILY_MARGIN_TRADING,2026-08-20T07:48:39.119Z
2023-03-14,0056,元大高股息,4659,950,4551,980,TWSE_MI_MARGN_DAILY_MARGIN_TRADING,2026-08-20T07:48:39.119Z
2023-03-15,0056,元大高股息,4654,958,4659,950,TWSE_MI_MARGN_DAILY_MARGIN_TRADING,2026-08-20T07:48:39.119Z
2023-03-16,0056,元大高股息,4610,972,4654,958,TWSE_MI_MARGN_DAILY_MARGIN_TRADING,2026-08-20T07:48:39.119Z
2023-03-17,0056,元大高股息,4761,919,4610,972,TWSE_MI_MARGN_DAILY_MARGIN_TRADING,2026-08-20T07:48:39.119Z
2023-03-20,0056,元大高股息,4754,966,4761,919,TWSE_MI_MARGN_DAILY_MARGIN_TRADING,2026-08-20T07:48:39.119Z
2023-03-21,0056,元大高股息,4720,979,4754,966,TWSE_MI_MARGN_DAILY_MARGIN_TRADING,2026-08-20T07:48:39.119Z
2023-03-22,0056,元大高股息,4735,991,4720,979,TWSE_MI_MARGN_DAILY_MARGIN_TRADING,2026-08-20T07:48:39.119Z
2023-03-23,0056,元大高股息,4291,999,4735,991,TWSE_MI_MARGN_DAILY_MARGIN_TRADING,2026-08-20T07:48:39.119Z
2023-03-24,0056,元大高股息,4321,984,4291,999,TWSE_MI_MARGN_DAILY_MARGIN_TRADING,2026-08-20T07:48:39.119Z
2023-03-27,0056,元大高股息,4255,1007,4321,984,TWSE_MI_MARGN_DAILY_MARGIN_TRADING,2026-08-20T07:48:39.119Z
2023-03-28,0056,元大高股息,4034,1042,4255,1007,TWSE_MI_MARGN_DAILY_MARGIN_TRADING,2026-08-20T07:48:39.119Z
2023-03-29,0056,元大高股息,4049,1022,4034,1042,TWSE_MI_MARGN_DAILY_MARGIN_TRADING,2026-08-20T07:48:39.119Z
2023-03-30,0056,元大高股息,3903,989,4049,1022,TWSE_MI_MARGN_DAILY_MARGIN_TRADING,2026-08-20T07:48:39.119Z
2023-03-31,0056,元大高股息,3860,993,3903,989,TWSE_MI_MARGN_DAILY_MARGIN_TRADING,2026-08-20T07:48:39.119Z
2023-04-06,0056,元大高股息,3810,1000,3860,993,TWSE_MI_MARGN_DAILY_MARGIN_TRADING,2026-08-20T07:48:39.119Z
2023-04-07,0056,元大高股息,3833,1000,3810,1000,TWSE_MI_MARGN_DAILY_MARGIN_TRADING,2026-08-20T07:48:39.119Z
2023-04-10,0056,元大高股息,3796,1008,3833,1000,TWSE_MI_MARGN_DAILY_MARGIN_TRADING,2026-08-20T07:48:39.119Z
2023-04-11,0056,元大高股息,3656,985,3796,1008,TWSE_MI_MARGN_DAILY_MARGIN_TRADING,2026-08-20T07:48:39.119Z
2023-04-12,0056,元大高股息,3673,1003,3656,985,TWSE_MI_MARGN_DAILY_MARGIN_TRADING,2026-08-20T07:48:39.119Z
2023-04-13,0056,元大高股息,3404,1003,3673,1003,TWSE_MI_MARGN_DAILY_MARGIN_TRADING,2026-08-20T07:48:39.119Z
2023-04-14,0056,元大高股息,3712,999,3404,1003,TWSE_MI_MARGN_DAILY_MARGIN_TRADING,2026-08-20T07:48:39.119Z
2023-04-17,0056,元大高股息,3739,1003,3712,999,TWSE_MI_MARGN_DAILY_MARGIN_TRADING,2026-08-20T07:48:39.119Z
2023-04-18,0056,元大高股息,3712,1003,3739,1003,TWSE_MI_MARGN_DAILY_MARGIN_TRADING,2026-08-20T07:48:39.119Z
2023-04-19,0056,元大高股息,3694,1003,3712,1003,TWSE_MI_MARGN_DAILY_MARGIN_TRADING,2026-08-20T07:48:39.119Z
2023-04-20,0056,元大高股息,3675,998,3694,1003,TWSE_MI_MARGN_DAILY_MARGIN_TRADING,2026-08-20T07:48:39.119Z
2023-04-21,0056,元大高股息,3692,985,3675,998,TWSE_MI_MARGN_DAILY_MARGIN_TRADING,2026-08-20T07:48:39.119Z
2023-04-24,0056,元大高股息,3701,986,3692,985,TWSE_MI_MARGN_DAILY_MARGIN_TRADING,2026-08-20T07:48:39.119Z
2023-04-25,0056,元大高股息,3752,886,3701,986,TWSE_MI_MARGN_DAILY_MARGIN_TRADING,2026-08-20T07:48:39.119Z
2023-04-26,0056,元大高股息,3816,900,3752,886,TWSE_MI_MARGN_DAILY_MARGIN_TRADING,2026-08-20T07:48:39.119Z
2023-04-27,0056,元大高股息,3789,903,3816,900,TWSE_MI_MARGN_DAILY_MARGIN_TRADING,2026-08-20T07:48:39.119Z
2023-04-28,0056,元大高股息,3765,917,3789,903,TWSE_MI_MARGN_DAILY_MARGIN_TRADING,2026-08-20T07:48:39.119Z
2023-05-02,0056,元大高股息,3751,943,3765,917,TWSE_MI_MARGN_DAILY_MARGIN_TRADING,2026-08-20T07:48:39.119Z
2023-05-03,0056,元大高股息,3759,943,3751,943,TWSE_MI_MARGN_DAILY_MARGIN_TRADING,2026-08-20T07:48:39.119Z
2023-05-04,0056,元大高股息,3550,945,3759,943,TWSE_MI_MARGN_DAILY_MARGIN_TRADING,2026-08-20T07:48:39.119Z
2023-05-05,0056,元大高股息,3537,948,3550,945,TWSE_MI_MARGN_DAILY_MARGIN_TRADING,2026-08-20T07:48:39.119Z
2023-05-08,0056,元大高股息,3360,958,3537,948,TWSE_MI_MARGN_DAILY_MARGIN_TRADING,2026-08-20T07:48:39.119Z
2023-05-09,0056,元大高股息,3307,958,3360,958,TWSE_MI_MARGN_DAILY_MARGIN_TRADING,2026-08-20T07:48:39.119Z
2023-05-10,0056,元大高股息,3265,959,3307,958,TWSE_MI_MARGN_DAILY_MARGIN_TRADING,2026-08-20T07:48:39.119Z
2023-05-11,0056,元大高股息,3259,948,3265,959,TWSE_MI_MARGN_DAILY_MARGIN_TRADING,2026-08-20T07:48:39.119Z
2023-05-12,0056,元大高股息,3263,923,3259,948,TWSE_MI_MARGN_DAILY_MARGIN_TRADING,2026-08-20T07:48:39.119Z
2023-05-15,0056,元大高股息,3260,959,3263,923,TWSE_MI_MARGN_DAILY_MARGIN_TRADING,2026-08-20T07:48:39.119Z
2023-05-16,0056,元大高股息,3185,977,3260,959,TWSE_MI_MARGN_DAILY_MARGIN_TRADING,2026-08-20T07:48:39.119Z
2023-05-17,0056,元大高股息,3117,996,3185,977,TWSE_MI_MARGN_DAILY_MARGIN_TRADING,2026-08-20T07:48:39.119Z
2023-05-18,0056,元大高股息,3001,1038,3117,996,TWSE_MI_MARGN_DAILY_MARGIN_TRADING,2026-08-20T07:48:39.119Z
2023-05-19,0056,元大高股息,2517,1057,3001,1038,TWSE_MI_MARGN_DAILY_MARGIN_TRADING,2026-08-20T07:48:39.119Z
2023-05-22,0056,元大高股息,2502,1061,2517,1057,TWSE_MI_MARGN_DAILY_MARGIN_TRADING,2026-08-20T07:48:39.119Z
2023-05-23,0056,元大高股息,2323,1062,2502,1061,TWSE_MI_MARGN_DAILY_MARGIN_TRADING,2026-08-20T07:48:39.119Z
2023-05-24,0056,元大高股息,2280,1060,2323,1062,TWSE_MI_MARGN_DAILY_MARGIN_TRADING,2026-08-20T07:48:39.119Z
2023-05-25,0056,元大高股息,2278,1066,2280,1060,TWSE_MI_MARGN_DAILY_MARGIN_TRADING,2026-08-20T07:48:39.119Z
2023-05-26,0056,元大高股息,2327,1079,2278,1066,TWSE_MI_MARGN_DAILY_MARGIN_TRADING,2026-08-20T07:48:39.119Z
2023-05-29,0056,元大高股息,2352,1075,2327,1079,TWSE_MI_MARGN_DAILY_MARGIN_TRADING,2026-08-20T07:48:39.119Z
2023-05-30,0056,元大高股息,2220,1071,2352,1075,TWSE_MI_MARGN_DAILY_MARGIN_TRADING,2026-08-20T07:48:39.119Z
2023-05-31,0056,元大高股息,2016,1072,2220,1071,TWSE_MI_MARGN_DAILY_MARGIN_TRADING,2026-08-20T07:48:39.119Z
2023-06-01,0056,元大高股息,1888,1077,2016,1072,TWSE_MI_MARGN_DAILY_MARGIN_TRADING,2026-08-20T07:48:39.119Z
2023-06-02,0056,元大高股息,2168,1009,1888,1077,TWSE_MI_MARGN_DAILY_MARGIN_TRADING,2026-08-20T07:48:39.119Z
2023-06-05,0056,元大高股息,2249,1003,2168,1009,TWSE_MI_MARGN_DAILY_MARGIN_TRADING,2026-08-20T07:48:39.119Z
2023-06-06,0056,元大高股息,2118,1011,2249,1003,TWSE_MI_MARGN_DAILY_MARGIN_TRADING,2026-08-20T07:48:39.119Z
2023-06-07,0056,元大高股息,2077,1006,2118,1011,TWSE_MI_MARGN_DAILY_MARGIN_TRADING,2026-08-20T07:48:39.119Z
2023-06-08,0056,元大高股息,2203,979,2077,1006,TWSE_MI_MARGN_DAILY_MARGIN_TRADING,2026-08-20T07:48:39.119Z
2023-06-09,0056,元大高股息,2259,966,2203,979,TWSE_MI_MARGN_DAILY_MARGIN_TRADING,2026-08-20T07:48:39.119Z
2023-06-12,0056,元大高股息,2125,963,2259,966,TWSE_MI_MARGN_DAILY_MARGIN_TRADING,2026-08-20T07:48:39.119Z
2023-06-13,0056,元大高股息,2247,964,2125,963,TWSE_MI_MARGN_DAILY_MARGIN_TRADING,2026-08-20T07:48:39.119Z
2023-06-14,0056,元大高股息,2253,962,2247,964,TWSE_MI_MARGN_DAILY_MARGIN_TRADING,2026-08-20T07:48:39.119Z
2023-06-15,0056,元大高股息,2403,965,2253,962,TWSE_MI_MARGN_DAILY_MARGIN_TRADING,2026-08-20T07:48:39.119Z
2023-06-16,0056,元大高股息,2697,943,2403,965,TWSE_MI_MARGN_DAILY_MARGIN_TRADING,2026-08-20T07:48:39.119Z
2023-06-19,0056,元大高股息,2717,939,2697,943,TWSE_MI_MARGN_DAILY_MARGIN_TRADING,2026-08-20T07:48:39.119Z
2023-06-20,0056,元大高股息,2588,937,2717,939,TWSE_MI_MARGN_DAILY_MARGIN_TRADING,2026-08-20T07:48:39.119Z
2023-06-21,0056,元大高股息,2513,1019,2588,937,TWSE_MI_MARGN_DAILY_MARGIN_TRADING,2026-08-20T07:48:39.119Z
2023-06-26,0056,元大高股息,2532,1018,2513,1019,TWSE_MI_MARGN_DAILY_MARGIN_TRADING,2026-08-20T07:48:39.119Z
2023-06-27,0056,元大高股息,2634,1013,2532,1018,TWSE_MI_MARGN_DAILY_MARGIN_TRADING,2026-08-20T07:48:39.119Z
2023-06-28,0056,元大高股息,2663,1002,2634,1013,TWSE_MI_MARGN_DAILY_MARGIN_TRADING,2026-08-20T07:48:39.119Z
2023-06-29,0056,元大高股息,2663,1005,2663,1002,TWSE_MI_MARGN_DAILY_MARGIN_TRADING,2026-08-20T07:48:39.119Z
2023-06-30,0056,元大高股息,2668,963,2663,1005,TWSE_MI_MARGN_DAILY_MARGIN_TRADING,2026-08-20T07:48:39.119Z
2023-07-03,0056,元大高股息,2665,954,2668,963,TWSE_MI_MARGN_DAILY_MARGIN_TRADING,2026-08-20T07:48:39.119Z
2023-07-04,0056,元大高股息,3506,949,2665,954,TWSE_MI_MARGN_DAILY_MARGIN_TRADING,2026-08-20T07:48:39.119Z
2023-07-05,0056,元大高股息,3740,945,3506,949,TWSE_MI_MARGN_DAILY_MARGIN_TRADING,2026-08-20T07:48:39.119Z
2023-07-06,0056,元大高股息,3994,820,3740,945,TWSE_MI_MARGN_DAILY_MARGIN_TRADING,2026-08-20T07:48:39.119Z
2023-07-07,0056,元大高股息,3984,805,3994,820,TWSE_MI_MARGN_DAILY_MARGIN_TRADING,2026-08-20T07:48:39.119Z
2023-07-10,0056,元大高股息,4075,517,3984,805,TWSE_MI_MARGN_DAILY_MARGIN_TRADING,2026-08-20T07:48:39.119Z
2023-07-11,0056,元大高股息,4627,193,4075,517,TWSE_MI_MARGN_DAILY_MARGIN_TRADING,2026-08-20T07:48:39.119Z
2023-07-12,0056,元大高股息,4057,4,4627,193,TWSE_MI_MARGN_DAILY_MARGIN_TRADING,2026-08-20T07:48:39.119Z
2023-07-13,0056,元大高股息,4312,0,4057,4,TWSE_MI_MARGN_DAILY_MARGIN_TRADING,2026-08-20T07:48:39.119Z
2023-07-14,0056,元大高股息,5681,0,4312,0,TWSE_MI_MARGN_DAILY_MARGIN_TRADING,2026-08-20T07:48:39.119Z
2023-07-17,0056,元大高股息,6731,0,5681,0,TWSE_MI_MARGN_DAILY_MARGIN_TRADING,2026-08-20T07:48:39.119Z
2023-07-18,0056,元大高股息,5684,47,6731,0,TWSE_MI_MARGN_DAILY_MARGIN_TRADING,2026-08-20T07:48:39.119Z
2023-07-19,0056,元大高股息,5322,88,5684,47,TWSE_MI_MARGN_DAILY_MARGIN_TRADING,2026-08-20T07:48:39.119Z
2023-07-20,0056,元大高股息,4973,129,5322,88,TWSE_MI_MARGN_DAILY_MARGIN_TRADING,2026-08-20T07:48:39.119Z
2023-07-21,0056,元大高股息,4913,134,4973,129,TWSE_MI_MARGN_DAILY_MARGIN_TRADING,2026-08-20T07:48:39.119Z
2023-07-24,0056,元大高股息,4646,189,4913,134,TWSE_MI_MARGN_DAILY_MARGIN_TRADING,2026-08-20T07:48:39.119Z
2023-07-25,0056,元大高股息,4654,206,4646,189,TWSE_MI_MARGN_DAILY_MARGIN_TRADING,2026-08-20T07:48:39.119Z
2023-07-26,0056,元大高股息,4448,212,4654,206,TWSE_MI_MARGN_DAILY_MARGIN_TRADING,2026-08-20T07:48:39.119Z
2023-07-27,0056,元大高股息,4491,219,4448,212,TWSE_MI_MARGN_DAILY_MARGIN_TRADING,2026-08-20T07:48:39.119Z
2023-07-28,0056,元大高股息,4202,252,4491,219,TWSE_MI_MARGN_DAILY_MARGIN_TRADING,2026-08-20T07:48:39.119Z
2023-07-31,0056,元大高股息,3874,250,4202,252,TWSE_MI_MARGN_DAILY_MARGIN_TRADING,2026-08-20T07:48:39.119Z
2023-08-01,0056,元大高股息,3876,204,3874,250,TWSE_MI_MARGN_DAILY_MARGIN_TRADING,2026-08-20T07:48:39.119Z
2023-08-02,0056,元大高股息,4231,204,3876,204,TWSE_MI_MARGN_DAILY_MARGIN_TRADING,2026-08-20T07:48:39.119Z
2023-08-04,0056,元大高股息,4323,228,4231,204,TWSE_MI_MARGN_DAILY_MARGIN_TRADING,2026-08-20T07:48:39.119Z
2023-08-07,0056,元大高股息,4113,267,4323,228,TWSE_MI_MARGN_DAILY_MARGIN_TRADING,2026-08-20T07:48:39.119Z
2023-08-08,0056,元大高股息,4018,269,4113,267,TWSE_MI_MARGN_DAILY_MARGIN_TRADING,2026-08-20T07:48:39.119Z
2023-08-09,0056,元大高股息,3974,259,4018,269,TWSE_MI_MARGN_DAILY_MARGIN_TRADING,2026-08-20T07:48:39.119Z
2023-08-10,0056,元大高股息,4234,271,3974,259,TWSE_MI_MARGN_DAILY_MARGIN_TRADING,2026-08-20T07:48:39.119Z
2023-08-11,0056,元大高股息,4055,284,4234,271,TWSE_MI_MARGN_DAILY_MARGIN_TRADING,2026-08-20T07:48:39.119Z
2023-08-14,0056,元大高股息,3725,289,4055,284,TWSE_MI_MARGN_DAILY_MARGIN_TRADING,2026-08-20T07:48:39.119Z
2023-08-15,0056,元大高股息,3649,291,3725,289,TWSE_MI_MARGN_DAILY_MARGIN_TRADING,2026-08-20T07:48:39.119Z
2023-08-16,0056,元大高股息,3725,315,3649,291,TWSE_MI_MARGN_DAILY_MARGIN_TRADING,2026-08-20T07:48:39.119Z
2023-08-17,0056,元大高股息,3858,290,3725,315,TWSE_MI_MARGN_DAILY_MARGIN_TRADING,2026-08-20T07:48:39.119Z
2023-08-18,0056,元大高股息,3792,263,3858,290,TWSE_MI_MARGN_DAILY_MARGIN_TRADING,2026-08-20T07:48:39.119Z
2023-08-21,0056,元大高股息,3800,260,3792,263,TWSE_MI_MARGN_DAILY_MARGIN_TRADING,2026-08-20T07:48:39.119Z
2023-08-22,0056,元大高股息,3792,271,3800,260,TWSE_MI_MARGN_DAILY_MARGIN_TRADING,2026-08-20T07:48:39.119Z
2023-08-23,0056,元大高股息,3781,282,3792,271,TWSE_MI_MARGN_DAILY_MARGIN_TRADING,2026-08-20T07:48:39.119Z
2023-08-24,0056,元大高股息,3618,295,3781,282,TWSE_MI_MARGN_DAILY_MARGIN_TRADING,2026-08-20T07:48:39.119Z
2023-08-25,0056,元大高股息,3791,281,3618,295,TWSE_MI_MARGN_DAILY_MARGIN_TRADING,2026-08-20T07:48:39.119Z
2023-08-28,0056,元大高股息,3761,274,3791,281,TWSE_MI_MARGN_DAILY_MARGIN_TRADING,2026-08-20T07:48:39.119Z
2023-08-29,0056,元大高股息,3774,271,3761,274,TWSE_MI_MARGN_DAILY_MARGIN_TRADING,2026-08-20T07:48:39.119Z
2023-08-30,0056,元大高股息,3640,268,3774,271,TWSE_MI_MARGN_DAILY_MARGIN_TRADING,2026-08-20T07:48:39.119Z
2023-08-31,0056,元大高股息,3647,263,3640,268,TWSE_MI_MARGN_DAILY_MARGIN_TRADING,2026-08-20T07:48:39.119Z
2023-09-01,0056,元大高股息,3579,250,3647,263,TWSE_MI_MARGN_DAILY_MARGIN_TRADING,2026-08-20T07:48:39.119Z
2023-09-04,0056,元大高股息,3539,268,3579,250,TWSE_MI_MARGN_DAILY_MARGIN_TRADING,2026-08-20T07:48:39.119Z
2023-09-05,0056,元大高股息,3559,287,3539,268,TWSE_MI_MARGN_DAILY_MARGIN_TRADING,2026-08-20T07:48:39.119Z
2023-09-06,0056,元大高股息,3434,317,3559,287,TWSE_MI_MARGN_DAILY_MARGIN_TRADING,2026-08-20T07:48:39.119Z
2023-09-07,0056,元大高股息,3401,321,3434,317,TWSE_MI_MARGN_DAILY_MARGIN_TRADING,2026-08-20T07:48:39.119Z
2023-09-08,0056,元大高股息,3373,262,3401,321,TWSE_MI_MARGN_DAILY_MARGIN_TRADING,2026-08-20T07:48:39.119Z
2023-09-11,0056,元大高股息,3444,233,3373,262,TWSE_MI_MARGN_DAILY_MARGIN_TRADING,2026-08-20T07:48:39.119Z
2023-09-12,0056,元大高股息,3400,228,3444,233,TWSE_MI_MARGN_DAILY_MARGIN_TRADING,2026-08-20T07:48:39.119Z
2023-09-13,0056,元大高股息,3327,230,3400,228,TWSE_MI_MARGN_DAILY_MARGIN_TRADING,2026-08-20T07:48:39.119Z
2023-09-14,0056,元大高股息,3207,238,3327,230,TWSE_MI_MARGN_DAILY_MARGIN_TRADING,2026-08-20T07:48:39.119Z
2023-09-15,0056,元大高股息,3225,249,3207,238,TWSE_MI_MARGN_DAILY_MARGIN_TRADING,2026-08-20T07:48:39.119Z
2023-09-18,0056,元大高股息,3305,249,3225,249,TWSE_MI_MARGN_DAILY_MARGIN_TRADING,2026-08-20T07:48:39.119Z
2023-09-19,0056,元大高股息,3279,214,3305,249,TWSE_MI_MARGN_DAILY_MARGIN_TRADING,2026-08-20T07:48:39.119Z
2023-09-20,0056,元大高股息,3492,231,3279,214,TWSE_MI_MARGN_DAILY_MARGIN_TRADING,2026-08-20T07:48:39.119Z
2023-09-21,0056,元大高股息,3742,219,3492,231,TWSE_MI_MARGN_DAILY_MARGIN_TRADING,2026-08-20T07:48:39.119Z
2023-09-22,0056,元大高股息,3613,229,3742,219,TWSE_MI_MARGN_DAILY_MARGIN_TRADING,2026-08-20T07:48:39.119Z
2023-09-25,0056,元大高股息,3557,246,3613,229,TWSE_MI_MARGN_DAILY_MARGIN_TRADING,2026-08-20T07:48:39.119Z
2023-09-26,0056,元大高股息,3558,232,3557,246,TWSE_MI_MARGN_DAILY_MARGIN_TRADING,2026-08-20T07:48:39.119Z
2023-09-27,0056,元大高股息,3619,221,3558,232,TWSE_MI_MARGN_DAILY_MARGIN_TRADING,2026-08-20T07:48:39.119Z
2023-09-28,0056,元大高股息,3699,233,3619,221,TWSE_MI_MARGN_DAILY_MARGIN_TRADING,2026-08-20T07:48:39.119Z
2023-10-02,0056,元大高股息,4174,255,3699,233,TWSE_MI_MARGN_DAILY_MARGIN_TRADING,2026-08-20T07:48:39.119Z
2023-10-03,0056,元大高股息,5212,300,4174,255,TWSE_MI_MARGN_DAILY_MARGIN_TRADING,2026-08-20T07:48:39.119Z
2023-10-04,0056,元大高股息,5497,214,5212,300,TWSE_MI_MARGN_DAILY_MARGIN_TRADING,2026-08-20T07:48:39.119Z
2023-10-05,0056,元大高股息,5376,204,5497,214,TWSE_MI_MARGN_DAILY_MARGIN_TRADING,2026-08-20T07:48:39.119Z
2023-10-06,0056,元大高股息,5375,198,5376,204,TWSE_MI_MARGN_DAILY_MARGIN_TRADING,2026-08-20T07:48:39.119Z
2023-10-11,0056,元大高股息,5399,175,5375,198,TWSE_MI_MARGN_DAILY_MARGIN_TRADING,2026-08-20T07:48:39.119Z
2023-10-12,0056,元大高股息,5468,93,5399,175,TWSE_MI_MARGN_DAILY_MARGIN_TRADING,2026-08-20T07:48:39.119Z
2023-10-13,0056,元大高股息,6260,5,5468,93,TWSE_MI_MARGN_DAILY_MARGIN_TRADING,2026-08-20T07:48:39.119Z
2023-10-16,0056,元大高股息,5647,0,6260,5,TWSE_MI_MARGN_DAILY_MARGIN_TRADING,2026-08-20T07:48:39.119Z
2023-10-17,0056,元大高股息,6003,0,5647,0,TWSE_MI_MARGN_DAILY_MARGIN_TRADING,2026-08-20T07:48:39.119Z
2023-10-18,0056,元大高股息,7391,0,6003,0,TWSE_MI_MARGN_DAILY_MARGIN_TRADING,2026-08-20T07:48:39.119Z
2023-10-19,0056,元大高股息,7754,21,7391,0,TWSE_MI_MARGN_DAILY_MARGIN_TRADING,2026-08-20T07:48:39.119Z
2023-10-20,0056,元大高股息,7870,35,7754,21,TWSE_MI_MARGN_DAILY_MARGIN_TRADING,2026-08-20T07:48:39.119Z
2023-10-23,0056,元大高股息,7850,88,7870,35,TWSE_MI_MARGN_DAILY_MARGIN_TRADING,2026-08-20T07:48:39.119Z
2023-10-24,0056,元大高股息,7513,108,7850,88,TWSE_MI_MARGN_DAILY_MARGIN_TRADING,2026-08-20T07:48:39.119Z
2023-10-25,0056,元大高股息,7398,87,7513,108,TWSE_MI_MARGN_DAILY_MARGIN_TRADING,2026-08-20T07:48:39.119Z
2023-10-26,0056,元大高股息,7364,152,7398,87,TWSE_MI_MARGN_DAILY_MARGIN_TRADING,2026-08-20T07:48:39.119Z
2023-10-27,0056,元大高股息,7346,110,7364,152,TWSE_MI_MARGN_DAILY_MARGIN_TRADING,2026-08-20T07:48:39.119Z
2023-10-30,0056,元大高股息,7217,144,7346,110,TWSE_MI_MARGN_DAILY_MARGIN_TRADING,2026-08-20T07:48:39.119Z
2023-10-31,0056,元大高股息,7253,107,7217,144,TWSE_MI_MARGN_DAILY_MARGIN_TRADING,2026-08-20T07:48:39.119Z
2023-11-01,0056,元大高股息,7230,114,7253,107,TWSE_MI_MARGN_DAILY_MARGIN_TRADING,2026-08-20T07:48:39.119Z
2023-11-02,0056,元大高股息,6560,112,7230,114,TWSE_MI_MARGN_DAILY_MARGIN_TRADING,2026-08-20T07:48:39.119Z
2023-11-03,0056,元大高股息,6279,107,6560,112,TWSE_MI_MARGN_DAILY_MARGIN_TRADING,2026-08-20T07:48:39.119Z
2023-11-06,0056,元大高股息,6146,131,6279,107,TWSE_MI_MARGN_DAILY_MARGIN_TRADING,2026-08-20T07:48:39.119Z
2023-11-07,0056,元大高股息,5917,599,6146,131,TWSE_MI_MARGN_DAILY_MARGIN_TRADING,2026-08-20T07:48:39.119Z
2023-11-08,0056,元大高股息,5721,627,5917,599,TWSE_MI_MARGN_DAILY_MARGIN_TRADING,2026-08-20T07:48:39.119Z
2023-11-09,0056,元大高股息,5745,648,5721,627,TWSE_MI_MARGN_DAILY_MARGIN_TRADING,2026-08-20T07:48:39.119Z
2023-11-10,0056,元大高股息,5679,637,5745,648,TWSE_MI_MARGN_DAILY_MARGIN_TRADING,2026-08-20T07:48:39.119Z
2023-11-13,0056,元大高股息,5629,673,5679,637,TWSE_MI_MARGN_DAILY_MARGIN_TRADING,2026-08-20T07:48:39.119Z
2023-11-14,0056,元大高股息,5610,685,5629,673,TWSE_MI_MARGN_DAILY_MARGIN_TRADING,2026-08-20T07:48:39.119Z
2023-11-15,0056,元大高股息,5225,693,5610,685,TWSE_MI_MARGN_DAILY_MARGIN_TRADING,2026-08-20T07:48:39.119Z
2023-11-16,0056,元大高股息,5133,703,5225,693,TWSE_MI_MARGN_DAILY_MARGIN_TRADING,2026-08-20T07:48:39.119Z
2023-11-17,0056,元大高股息,5163,724,5133,703,TWSE_MI_MARGN_DAILY_MARGIN_TRADING,2026-08-20T07:48:39.119Z
2023-11-20,0056,元大高股息,5127,736,5163,724,TWSE_MI_MARGN_DAILY_MARGIN_TRADING,2026-08-20T07:48:39.119Z
2023-11-21,0056,元大高股息,4998,770,5127,736,TWSE_MI_MARGN_DAILY_MARGIN_TRADING,2026-08-20T07:48:39.119Z
2023-11-22,0056,元大高股息,5022,760,4998,770,TWSE_MI_MARGN_DAILY_MARGIN_TRADING,2026-08-20T07:48:39.119Z
2023-11-23,0056,元大高股息,5012,752,5022,760,TWSE_MI_MARGN_DAILY_MARGIN_TRADING,2026-08-20T07:48:39.119Z
2023-11-24,0056,元大高股息,4852,753,5012,752,TWSE_MI_MARGN_DAILY_MARGIN_TRADING,2026-08-20T07:48:39.119Z
2023-11-27,0056,元大高股息,4748,755,4852,753,TWSE_MI_MARGN_DAILY_MARGIN_TRADING,2026-08-20T07:48:39.119Z
2023-11-28,0056,元大高股息,4761,746,4748,755,TWSE_MI_MARGN_DAILY_MARGIN_TRADING,2026-08-20T07:48:39.119Z
2023-11-29,0056,元大高股息,4658,749,4761,746,TWSE_MI_MARGN_DAILY_MARGIN_TRADING,2026-08-20T07:48:39.119Z
2023-11-30,0056,元大高股息,4878,847,4658,749,TWSE_MI_MARGN_DAILY_MARGIN_TRADING,2026-08-20T07:48:39.119Z
2023-12-01,0056,元大高股息,4764,845,4878,847,TWSE_MI_MARGN_DAILY_MARGIN_TRADING,2026-08-20T07:48:39.119Z
2023-12-04,0056,元大高股息,4612,865,4764,845,TWSE_MI_MARGN_DAILY_MARGIN_TRADING,2026-08-20T07:48:39.119Z
2023-12-05,0056,元大高股息,4625,848,4612,865,TWSE_MI_MARGN_DAILY_MARGIN_TRADING,2026-08-20T07:48:39.119Z
2023-12-06,0056,元大高股息,4687,851,4625,848,TWSE_MI_MARGN_DAILY_MARGIN_TRADING,2026-08-20T07:48:39.119Z
2023-12-07,0056,元大高股息,4406,850,4687,851,TWSE_MI_MARGN_DAILY_MARGIN_TRADING,2026-08-20T07:48:39.119Z
2023-12-08,0056,元大高股息,4309,847,4406,850,TWSE_MI_MARGN_DAILY_MARGIN_TRADING,2026-08-20T07:48:39.119Z
2023-12-11,0056,元大高股息,4211,845,4309,847,TWSE_MI_MARGN_DAILY_MARGIN_TRADING,2026-08-20T07:48:39.119Z
2023-12-12,0056,元大高股息,4156,839,4211,845,TWSE_MI_MARGN_DAILY_MARGIN_TRADING,2026-08-20T07:48:39.119Z
2023-12-13,0056,元大高股息,3488,859,4156,839,TWSE_MI_MARGN_DAILY_MARGIN_TRADING,2026-08-20T07:48:39.119Z
2023-12-14,0056,元大高股息,3660,851,3488,859,TWSE_MI_MARGN_DAILY_MARGIN_TRADING,2026-08-20T07:48:39.119Z
2023-12-15,0056,元大高股息,3679,857,3660,851,TWSE_MI_MARGN_DAILY_MARGIN_TRADING,2026-08-20T07:48:39.119Z
2023-12-18,0056,元大高股息,3589,867,3679,857,TWSE_MI_MARGN_DAILY_MARGIN_TRADING,2026-08-20T07:48:39.119Z
2023-12-19,0056,元大高股息,3628,855,3589,867,TWSE_MI_MARGN_DAILY_MARGIN_TRADING,2026-08-20T07:48:39.119Z
2023-12-20,0056,元大高股息,3607,865,3628,855,TWSE_MI_MARGN_DAILY_MARGIN_TRADING,2026-08-20T07:48:39.119Z
2023-12-21,0056,元大高股息,3703,871,3607,865,TWSE_MI_MARGN_DAILY_MARGIN_TRADING,2026-08-20T07:48:39.119Z
2023-12-22,0056,元大高股息,3852,871,3703,871,TWSE_MI_MARGN_DAILY_MARGIN_TRADING,2026-08-20T07:48:39.119Z
2023-12-25,0056,元大高股息,3978,880,3852,871,TWSE_MI_MARGN_DAILY_MARGIN_TRADING,2026-08-20T07:48:39.119Z
2023-12-26,0056,元大高股息,3645,888,3978,880,TWSE_MI_MARGN_DAILY_MARGIN_TRADING,2026-08-20T07:48:39.119Z
2023-12-27,0056,元大高股息,3626,894,3645,888,TWSE_MI_MARGN_DAILY_MARGIN_TRADING,2026-08-20T07:48:39.119Z
2023-12-28,0056,元大高股息,3630,894,3626,894,TWSE_MI_MARGN_DAILY_MARGIN_TRADING,2026-08-20T07:48:39.119Z
2023-12-29,0056,元大高股息,3642,900,3630,894,TWSE_MI_MARGN_DAILY_MARGIN_TRADING,2026-08-20T07:48:39.119Z
2024-01-02,0056,元大高股息,4143,901,3642,900,TWSE_MI_MARGN_DAILY_MARGIN_TRADING,2026-08-20T07:48:39.119Z
2024-01-03,0056,元大高股息,4288,877,4143,901,TWSE_MI_MARGN_DAILY_MARGIN_TRADING,2026-08-20T07:48:39.119Z
2024-01-04,0056,元大高股息,4527,766,4288,877,TWSE_MI_MARGN_DAILY_MARGIN_TRADING,2026-08-20T07:48:39.119Z
2024-01-05,0056,元大高股息,4439,739,4527,766,TWSE_MI_MARGN_DAILY_MARGIN_TRADING,2026-08-20T07:48:39.119Z
2024-01-08,0056,元大高股息,4543,724,4439,739,TWSE_MI_MARGN_DAILY_MARGIN_TRADING,2026-08-20T07:48:39.119Z
2024-01-09,0056,元大高股息,4630,706,4543,724,TWSE_MI_MARGN_DAILY_MARGIN_TRADING,2026-08-20T07:48:39.119Z
2024-01-10,0056,元大高股息,4560,649,4630,706,TWSE_MI_MARGN_DAILY_MARGIN_TRADING,2026-08-20T07:48:39.119Z
2024-01-11,0056,元大高股息,4948,0,4560,649,TWSE_MI_MARGN_DAILY_MARGIN_TRADING,2026-08-20T07:48:39.119Z
2024-01-12,0056,元大高股息,5163,0,4948,0,TWSE_MI_MARGN_DAILY_MARGIN_TRADING,2026-08-20T07:48:39.119Z
2024-01-15,0056,元大高股息,5310,0,5163,0,TWSE_MI_MARGN_DAILY_MARGIN_TRADING,2026-08-20T07:48:39.119Z
2024-01-16,0056,元大高股息,5627,0,5310,0,TWSE_MI_MARGN_DAILY_MARGIN_TRADING,2026-08-20T07:48:39.119Z
2024-01-17,0056,元大高股息,6097,13,5627,0,TWSE_MI_MARGN_DAILY_MARGIN_TRADING,2026-08-20T07:48:39.119Z
2024-01-18,0056,元大高股息,5992,35,6097,13,TWSE_MI_MARGN_DAILY_MARGIN_TRADING,2026-08-20T07:48:39.119Z
2024-01-19,0056,元大高股息,5927,49,5992,35,TWSE_MI_MARGN_DAILY_MARGIN_TRADING,2026-08-20T07:48:39.119Z
2024-01-22,0056,元大高股息,5480,69,5927,49,TWSE_MI_MARGN_DAILY_MARGIN_TRADING,2026-08-20T07:48:39.119Z
2024-01-23,0056,元大高股息,5424,73,5480,69,TWSE_MI_MARGN_DAILY_MARGIN_TRADING,2026-08-20T07:48:39.119Z
2024-01-24,0056,元大高股息,5328,74,5424,73,TWSE_MI_MARGN_DAILY_MARGIN_TRADING,2026-08-20T07:48:39.119Z
2024-01-25,0056,元大高股息,5071,69,5328,74,TWSE_MI_MARGN_DAILY_MARGIN_TRADING,2026-08-20T07:48:39.119Z
2024-01-26,0056,元大高股息,5013,74,5071,69,TWSE_MI_MARGN_DAILY_MARGIN_TRADING,2026-08-20T07:48:39.119Z
2024-01-29,0056,元大高股息,4797,80,5013,74,TWSE_MI_MARGN_DAILY_MARGIN_TRADING,2026-08-20T07:48:39.119Z
2024-01-30,0056,元大高股息,4462,83,4797,80,TWSE_MI_MARGN_DAILY_MARGIN_TRADING,2026-08-20T07:48:39.119Z
2024-01-31,0056,元大高股息,4388,83,4462,83,TWSE_MI_MARGN_DAILY_MARGIN_TRADING,2026-08-20T07:48:39.119Z
2024-02-01,0056,元大高股息,4273,86,4388,83,TWSE_MI_MARGN_DAILY_MARGIN_TRADING,2026-08-20T07:48:39.119Z
2024-02-02,0056,元大高股息,3977,88,4273,86,TWSE_MI_MARGN_DAILY_MARGIN_TRADING,2026-08-20T07:48:39.119Z
2024-02-05,0056,元大高股息,3855,92,3977,88,TWSE_MI_MARGN_DAILY_MARGIN_TRADING,2026-08-20T07:48:39.119Z
2024-02-15,0056,元大高股息,3732,99,3854,92,TWSE_MI_MARGN_DAILY_MARGIN_TRADING,2026-08-20T07:48:39.119Z
2024-02-16,0056,元大高股息,3284,335,3732,99,TWSE_MI_MARGN_DAILY_MARGIN_TRADING,2026-08-20T07:48:39.119Z
2024-02-19,0056,元大高股息,3131,336,3284,335,TWSE_MI_MARGN_DAILY_MARGIN_TRADING,2026-08-20T07:48:39.119Z
2024-02-20,0056,元大高股息,3423,408,3131,336,TWSE_MI_MARGN_DAILY_MARGIN_TRADING,2026-08-20T07:48:39.119Z
2024-02-21,0056,元大高股息,3415,417,3423,408,TWSE_MI_MARGN_DAILY_MARGIN_TRADING,2026-08-20T07:48:39.119Z
2024-02-22,0056,元大高股息,3038,424,3415,417,TWSE_MI_MARGN_DAILY_MARGIN_TRADING,2026-08-20T07:48:39.119Z
2024-02-23,0056,元大高股息,2787,443,3038,424,TWSE_MI_MARGN_DAILY_MARGIN_TRADING,2026-08-20T07:48:39.119Z
2024-02-26,0056,元大高股息,2647,593,2787,443,TWSE_MI_MARGN_DAILY_MARGIN_TRADING,2026-08-20T07:48:39.119Z
2024-02-27,0056,元大高股息,2714,600,2647,593,TWSE_MI_MARGN_DAILY_MARGIN_TRADING,2026-08-20T07:48:39.119Z
2024-02-29,0056,元大高股息,2579,589,2714,600,TWSE_MI_MARGN_DAILY_MARGIN_TRADING,2026-08-20T07:48:39.119Z
2024-03-01,0056,元大高股息,2530,580,2579,589,TWSE_MI_MARGN_DAILY_MARGIN_TRADING,2026-08-20T07:48:39.119Z
2024-03-04,0056,元大高股息,2846,545,2530,580,TWSE_MI_MARGN_DAILY_MARGIN_TRADING,2026-08-20T07:48:39.119Z
2024-03-05,0056,元大高股息,2758,557,2846,545,TWSE_MI_MARGN_DAILY_MARGIN_TRADING,2026-08-20T07:48:39.119Z
2024-03-06,0056,元大高股息,2698,620,2758,557,TWSE_MI_MARGN_DAILY_MARGIN_TRADING,2026-08-20T07:48:39.119Z
2024-03-07,0056,元大高股息,2430,642,2698,620,TWSE_MI_MARGN_DAILY_MARGIN_TRADING,2026-08-20T07:48:39.119Z
2024-03-08,0056,元大高股息,2162,587,2430,642,TWSE_MI_MARGN_DAILY_MARGIN_TRADING,2026-08-20T07:48:39.119Z
2024-03-11,0056,元大高股息,1992,551,2162,587,TWSE_MI_MARGN_DAILY_MARGIN_TRADING,2026-08-20T07:48:39.119Z
2024-03-12,0056,元大高股息,2028,556,1992,551,TWSE_MI_MARGN_DAILY_MARGIN_TRADING,2026-08-20T07:48:39.119Z
2024-03-13,0056,元大高股息,1831,559,2028,556,TWSE_MI_MARGN_DAILY_MARGIN_TRADING,2026-08-20T07:48:39.119Z
2024-03-14,0056,元大高股息,1848,569,1831,559,TWSE_MI_MARGN_DAILY_MARGIN_TRADING,2026-08-20T07:48:39.119Z
2024-03-15,0056,元大高股息,1794,577,1848,569,TWSE_MI_MARGN_DAILY_MARGIN_TRADING,2026-08-20T07:48:39.119Z
2024-03-18,0056,元大高股息,1728,580,1794,577,TWSE_MI_MARGN_DAILY_MARGIN_TRADING,2026-08-20T07:48:39.119Z
2024-03-19,0056,元大高股息,1732,580,1728,580,TWSE_MI_MARGN_DAILY_MARGIN_TRADING,2026-08-20T07:48:39.119Z
2024-03-20,0056,元大高股息,1820,581,1732,580,TWSE_MI_MARGN_DAILY_MARGIN_TRADING,2026-08-20T07:48:39.119Z
2024-03-21,0056,元大高股息,1879,585,1820,581,TWSE_MI_MARGN_DAILY_MARGIN_TRADING,2026-08-20T07:48:39.119Z
2024-03-22,0056,元大高股息,1892,588,1879,585,TWSE_MI_MARGN_DAILY_MARGIN_TRADING,2026-08-20T07:48:39.119Z
2024-03-25,0056,元大高股息,1908,577,1892,588,TWSE_MI_MARGN_DAILY_MARGIN_TRADING,2026-08-20T07:48:39.119Z
2024-03-26,0056,元大高股息,1957,578,1908,577,TWSE_MI_MARGN_DAILY_MARGIN_TRADING,2026-08-20T07:48:39.119Z
2024-03-27,0056,元大高股息,1907,583,1957,578,TWSE_MI_MARGN_DAILY_MARGIN_TRADING,2026-08-20T07:48:39.119Z
2024-03-28,0056,元大高股息,1864,591,1907,583,TWSE_MI_MARGN_DAILY_MARGIN_TRADING,2026-08-20T07:48:39.119Z
2024-03-29,0056,元大高股息,1900,592,1864,591,TWSE_MI_MARGN_DAILY_MARGIN_TRADING,2026-08-20T07:48:39.119Z
2024-04-01,0056,元大高股息,1951,592,1900,592,TWSE_MI_MARGN_DAILY_MARGIN_TRADING,2026-08-20T07:48:39.119Z
2024-04-02,0056,元大高股息,2057,588,1951,592,TWSE_MI_MARGN_DAILY_MARGIN_TRADING,2026-08-20T07:48:39.119Z
2024-04-03,0056,元大高股息,2101,582,2057,588,TWSE_MI_MARGN_DAILY_MARGIN_TRADING,2026-08-20T07:48:39.119Z
2024-04-08,0056,元大高股息,2180,563,2101,582,TWSE_MI_MARGN_DAILY_MARGIN_TRADING,2026-08-20T07:48:39.119Z
2024-04-09,0056,元大高股息,2148,554,2180,563,TWSE_MI_MARGN_DAILY_MARGIN_TRADING,2026-08-20T07:48:39.119Z
2024-04-10,0056,元大高股息,2110,526,2148,554,TWSE_MI_MARGN_DAILY_MARGIN_TRADING,2026-08-20T07:48:39.119Z
2024-04-11,0056,元大高股息,2244,87,2110,526,TWSE_MI_MARGN_DAILY_MARGIN_TRADING,2026-08-20T07:48:39.119Z
2024-04-12,0056,元大高股息,2321,0,2244,87,TWSE_MI_MARGN_DAILY_MARGIN_TRADING,2026-08-20T07:48:39.119Z
2024-04-15,0056,元大高股息,2368,0,2321,0,TWSE_MI_MARGN_DAILY_MARGIN_TRADING,2026-08-20T07:48:39.119Z
2024-04-16,0056,元大高股息,3135,0,2368,0,TWSE_MI_MARGN_DAILY_MARGIN_TRADING,2026-08-20T07:48:39.119Z
2024-04-17,0056,元大高股息,4170,0,3135,0,TWSE_MI_MARGN_DAILY_MARGIN_TRADING,2026-08-20T07:48:39.119Z
2024-04-18,0056,元大高股息,5488,390,4170,0,TWSE_MI_MARGN_DAILY_MARGIN_TRADING,2026-08-20T07:48:39.119Z
2024-04-19,0056,元大高股息,5492,20,5488,390,TWSE_MI_MARGN_DAILY_MARGIN_TRADING,2026-08-20T07:48:39.119Z
2024-04-22,0056,元大高股息,5371,38,5492,20,TWSE_MI_MARGN_DAILY_MARGIN_TRADING,2026-08-20T07:48:39.119Z
2024-04-23,0056,元大高股息,5439,42,5371,38,TWSE_MI_MARGN_DAILY_MARGIN_TRADING,2026-08-20T07:48:39.119Z
2024-04-24,0056,元大高股息,5167,326,5439,42,TWSE_MI_MARGN_DAILY_MARGIN_TRADING,2026-08-20T07:48:39.119Z
2024-04-25,0056,元大高股息,5213,317,5167,326,TWSE_MI_MARGN_DAILY_MARGIN_TRADING,2026-08-20T07:48:39.119Z
2024-04-26,0056,元大高股息,5186,332,5213,317,TWSE_MI_MARGN_DAILY_MARGIN_TRADING,2026-08-20T07:48:39.119Z
2024-04-29,0056,元大高股息,5108,348,5186,332,TWSE_MI_MARGN_DAILY_MARGIN_TRADING,2026-08-20T07:48:39.119Z
2024-04-30,0056,元大高股息,5058,348,5108,348,TWSE_MI_MARGN_DAILY_MARGIN_TRADING,2026-08-20T07:48:39.119Z
2024-05-02,0056,元大高股息,5009,335,5058,348,TWSE_MI_MARGN_DAILY_MARGIN_TRADING,2026-08-20T07:48:39.119Z
2024-05-03,0056,元大高股息,4882,338,5009,335,TWSE_MI_MARGN_DAILY_MARGIN_TRADING,2026-08-20T07:48:39.119Z
2024-05-06,0056,元大高股息,4466,345,4882,338,TWSE_MI_MARGN_DAILY_MARGIN_TRADING,2026-08-20T07:48:39.119Z
2024-05-07,0056,元大高股息,4323,367,4466,345,TWSE_MI_MARGN_DAILY_MARGIN_TRADING,2026-08-20T07:48:39.119Z
2024-05-08,0056,元大高股息,4229,369,4323,367,TWSE_MI_MARGN_DAILY_MARGIN_TRADING,2026-08-20T07:48:39.119Z
2024-05-09,0056,元大高股息,4117,381,4229,369,TWSE_MI_MARGN_DAILY_MARGIN_TRADING,2026-08-20T07:48:39.119Z
2024-05-10,0056,元大高股息,3856,383,4117,381,TWSE_MI_MARGN_DAILY_MARGIN_TRADING,2026-08-20T07:48:39.119Z
2024-05-13,0056,元大高股息,3824,391,3856,383,TWSE_MI_MARGN_DAILY_MARGIN_TRADING,2026-08-20T07:48:39.119Z
2024-05-14,0056,元大高股息,2874,376,3824,391,TWSE_MI_MARGN_DAILY_MARGIN_TRADING,2026-08-20T07:48:39.119Z
2024-05-15,0056,元大高股息,2294,403,2874,376,TWSE_MI_MARGN_DAILY_MARGIN_TRADING,2026-08-20T07:48:39.119Z
2024-05-16,0056,元大高股息,2237,389,2294,403,TWSE_MI_MARGN_DAILY_MARGIN_TRADING,2026-08-20T07:48:39.119Z
2024-05-17,0056,元大高股息,2237,390,2237,389,TWSE_MI_MARGN_DAILY_MARGIN_TRADING,2026-08-20T07:48:39.119Z
2024-05-20,0056,元大高股息,2479,440,2237,390,TWSE_MI_MARGN_DAILY_MARGIN_TRADING,2026-08-20T07:48:39.119Z
2024-05-21,0056,元大高股息,2566,440,2479,440,TWSE_MI_MARGN_DAILY_MARGIN_TRADING,2026-08-20T07:48:39.119Z
2024-05-22,0056,元大高股息,2351,424,2566,440,TWSE_MI_MARGN_DAILY_MARGIN_TRADING,2026-08-20T07:48:39.119Z
2024-05-23,0056,元大高股息,1901,429,2351,424,TWSE_MI_MARGN_DAILY_MARGIN_TRADING,2026-08-20T07:48:39.119Z
2024-05-24,0056,元大高股息,1875,436,1901,429,TWSE_MI_MARGN_DAILY_MARGIN_TRADING,2026-08-20T07:48:39.119Z
2024-05-27,0056,元大高股息,1796,445,1875,436,TWSE_MI_MARGN_DAILY_MARGIN_TRADING,2026-08-20T07:48:39.119Z
2024-05-28,0056,元大高股息,1770,444,1796,445,TWSE_MI_MARGN_DAILY_MARGIN_TRADING,2026-08-20T07:48:39.119Z
2024-05-29,0056,元大高股息,1741,434,1770,444,TWSE_MI_MARGN_DAILY_MARGIN_TRADING,2026-08-20T07:48:39.119Z
2024-05-30,0056,元大高股息,2085,411,1741,434,TWSE_MI_MARGN_DAILY_MARGIN_TRADING,2026-08-20T07:48:39.119Z
2024-05-31,0056,元大高股息,1979,417,2085,411,TWSE_MI_MARGN_DAILY_MARGIN_TRADING,2026-08-20T07:48:39.119Z
2024-06-03,0056,元大高股息,1940,423,1979,417,TWSE_MI_MARGN_DAILY_MARGIN_TRADING,2026-08-20T07:48:39.119Z
2024-06-04,0056,元大高股息,1948,420,1940,423,TWSE_MI_MARGN_DAILY_MARGIN_TRADING,2026-08-20T07:48:39.119Z
2024-06-05,0056,元大高股息,2009,418,1948,420,TWSE_MI_MARGN_DAILY_MARGIN_TRADING,2026-08-20T07:48:39.119Z
2024-06-06,0056,元大高股息,2002,411,2009,418,TWSE_MI_MARGN_DAILY_MARGIN_TRADING,2026-08-20T07:48:39.119Z
2024-06-07,0056,元大高股息,2003,406,2002,411,TWSE_MI_MARGN_DAILY_MARGIN_TRADING,2026-08-20T07:48:39.119Z
2024-06-11,0056,元大高股息,1927,406,2003,406,TWSE_MI_MARGN_DAILY_MARGIN_TRADING,2026-08-20T07:48:39.119Z
2024-06-12,0056,元大高股息,1859,406,1927,406,TWSE_MI_MARGN_DAILY_MARGIN_TRADING,2026-08-20T07:48:39.119Z
2024-06-13,0056,元大高股息,1710,405,1859,406,TWSE_MI_MARGN_DAILY_MARGIN_TRADING,2026-08-20T07:48:39.119Z
2024-06-14,0056,元大高股息,1637,407,1710,405,TWSE_MI_MARGN_DAILY_MARGIN_TRADING,2026-08-20T07:48:39.119Z
2024-06-17,0056,元大高股息,1651,397,1637,407,TWSE_MI_MARGN_DAILY_MARGIN_TRADING,2026-08-20T07:48:39.119Z
2024-06-18,0056,元大高股息,1698,374,1651,397,TWSE_MI_MARGN_DAILY_MARGIN_TRADING,2026-08-20T07:48:39.119Z
2024-06-19,0056,元大高股息,1696,385,1698,374,TWSE_MI_MARGN_DAILY_MARGIN_TRADING,2026-08-20T07:48:39.119Z
2024-06-20,0056,元大高股息,1724,397,1696,385,TWSE_MI_MARGN_DAILY_MARGIN_TRADING,2026-08-20T07:48:39.119Z
2024-06-21,0056,元大高股息,1773,401,1724,397,TWSE_MI_MARGN_DAILY_MARGIN_TRADING,2026-08-20T07:48:39.119Z
2024-06-24,0056,元大高股息,1909,401,1773,401,TWSE_MI_MARGN_DAILY_MARGIN_TRADING,2026-08-20T07:48:39.119Z
2024-06-25,0056,元大高股息,1972,393,1909,401,TWSE_MI_MARGN_DAILY_MARGIN_TRADING,2026-08-20T07:48:39.119Z
2024-06-26,0056,元大高股息,2100,395,1972,393,TWSE_MI_MARGN_DAILY_MARGIN_TRADING,2026-08-20T07:48:39.119Z
2024-06-27,0056,元大高股息,2202,379,2100,395,TWSE_MI_MARGN_DAILY_MARGIN_TRADING,2026-08-20T07:48:39.119Z
2024-06-28,0056,元大高股息,2205,376,2202,379,TWSE_MI_MARGN_DAILY_MARGIN_TRADING,2026-08-20T07:48:39.119Z
2024-07-01,0056,元大高股息,2795,375,2205,376,TWSE_MI_MARGN_DAILY_MARGIN_TRADING,2026-08-20T07:48:39.119Z
2024-07-02,0056,元大高股息,3158,372,2795,375,TWSE_MI_MARGN_DAILY_MARGIN_TRADING,2026-08-20T07:48:39.119Z
2024-07-03,0056,元大高股息,2948,374,3158,372,TWSE_MI_MARGN_DAILY_MARGIN_TRADING,2026-08-20T07:48:39.119Z
2024-07-04,0056,元大高股息,2849,378,2948,374,TWSE_MI_MARGN_DAILY_MARGIN_TRADING,2026-08-20T07:48:39.119Z
2024-07-05,0056,元大高股息,2865,378,2849,378,TWSE_MI_MARGN_DAILY_MARGIN_TRADING,2026-08-20T07:48:39.119Z
2024-07-08,0056,元大高股息,2802,372,2865,378,TWSE_MI_MARGN_DAILY_MARGIN_TRADING,2026-08-20T07:48:39.119Z
2024-07-09,0056,元大高股息,3018,348,2802,372,TWSE_MI_MARGN_DAILY_MARGIN_TRADING,2026-08-20T07:48:39.119Z
2024-07-10,0056,元大高股息,2774,1,3018,348,TWSE_MI_MARGN_DAILY_MARGIN_TRADING,2026-08-20T07:48:39.119Z
2024-07-11,0056,元大高股息,2774,0,2774,1,TWSE_MI_MARGN_DAILY_MARGIN_TRADING,2026-08-20T07:48:39.119Z
2024-07-12,0056,元大高股息,2906,0,2774,0,TWSE_MI_MARGN_DAILY_MARGIN_TRADING,2026-08-20T07:48:39.119Z
2024-07-15,0056,元大高股息,3475,0,2906,0,TWSE_MI_MARGN_DAILY_MARGIN_TRADING,2026-08-20T07:48:39.119Z
2024-07-16,0056,元大高股息,3395,3,3475,0,TWSE_MI_MARGN_DAILY_MARGIN_TRADING,2026-08-20T07:48:39.119Z
2024-07-17,0056,元大高股息,3399,2,3395,3,TWSE_MI_MARGN_DAILY_MARGIN_TRADING,2026-08-20T07:48:39.119Z
2024-07-18,0056,元大高股息,3420,12,3399,2,TWSE_MI_MARGN_DAILY_MARGIN_TRADING,2026-08-20T07:48:39.119Z
2024-07-19,0056,元大高股息,3408,42,3420,12,TWSE_MI_MARGN_DAILY_MARGIN_TRADING,2026-08-20T07:48:39.119Z
2024-07-22,0056,元大高股息,3497,54,3408,42,TWSE_MI_MARGN_DAILY_MARGIN_TRADING,2026-08-20T07:48:39.119Z
2024-07-23,0056,元大高股息,3670,35,3497,54,TWSE_MI_MARGN_DAILY_MARGIN_TRADING,2026-08-20T07:48:39.119Z
2024-07-26,0056,元大高股息,3645,31,3670,35,TWSE_MI_MARGN_DAILY_MARGIN_TRADING,2026-08-20T07:48:39.119Z
2024-07-29,0056,元大高股息,4385,32,3645,31,TWSE_MI_MARGN_DAILY_MARGIN_TRADING,2026-08-20T07:48:39.119Z
2024-07-30,0056,元大高股息,4439,37,4385,32,TWSE_MI_MARGN_DAILY_MARGIN_TRADING,2026-08-20T07:48:39.119Z
2024-07-31,0056,元大高股息,4556,82,4439,37,TWSE_MI_MARGN_DAILY_MARGIN_TRADING,2026-08-20T07:48:39.119Z
2024-08-01,0056,元大高股息,4336,83,4556,82,TWSE_MI_MARGN_DAILY_MARGIN_TRADING,2026-08-20T07:48:39.119Z
2024-08-02,0056,元大高股息,4517,98,4336,83,TWSE_MI_MARGN_DAILY_MARGIN_TRADING,2026-08-20T07:48:39.119Z
2024-08-05,0056,元大高股息,4919,127,4517,98,TWSE_MI_MARGN_DAILY_MARGIN_TRADING,2026-08-20T07:48:39.119Z
2024-08-06,0056,元大高股息,5376,71,4919,127,TWSE_MI_MARGN_DAILY_MARGIN_TRADING,2026-08-20T07:48:39.119Z
2024-08-07,0056,元大高股息,5316,84,5376,71,TWSE_MI_MARGN_DAILY_MARGIN_TRADING,2026-08-20T07:48:39.119Z
2024-08-08,0056,元大高股息,5114,139,5316,84,TWSE_MI_MARGN_DAILY_MARGIN_TRADING,2026-08-20T07:48:39.119Z
2024-08-09,0056,元大高股息,4930,142,5114,139,TWSE_MI_MARGN_DAILY_MARGIN_TRADING,2026-08-20T07:48:39.119Z
2024-08-12,0056,元大高股息,4758,156,4930,142,TWSE_MI_MARGN_DAILY_MARGIN_TRADING,2026-08-20T07:48:39.119Z
2024-08-13,0056,元大高股息,4695,151,4758,156,TWSE_MI_MARGN_DAILY_MARGIN_TRADING,2026-08-20T07:48:39.119Z
2024-08-14,0056,元大高股息,4765,167,4695,151,TWSE_MI_MARGN_DAILY_MARGIN_TRADING,2026-08-20T07:48:39.119Z
2024-08-15,0056,元大高股息,4547,166,4765,167,TWSE_MI_MARGN_DAILY_MARGIN_TRADING,2026-08-20T07:48:39.119Z
2024-08-16,0056,元大高股息,4456,193,4547,166,TWSE_MI_MARGN_DAILY_MARGIN_TRADING,2026-08-20T07:48:39.119Z
2024-08-19,0056,元大高股息,4485,187,4456,193,TWSE_MI_MARGN_DAILY_MARGIN_TRADING,2026-08-20T07:48:39.119Z
2024-08-20,0056,元大高股息,4433,187,4485,187,TWSE_MI_MARGN_DAILY_MARGIN_TRADING,2026-08-20T07:48:39.119Z
2024-08-21,0056,元大高股息,4455,179,4433,187,TWSE_MI_MARGN_DAILY_MARGIN_TRADING,2026-08-20T07:48:39.119Z
2024-08-22,0056,元大高股息,4326,181,4455,179,TWSE_MI_MARGN_DAILY_MARGIN_TRADING,2026-08-20T07:48:39.119Z
2024-08-23,0056,元大高股息,4369,187,4326,181,TWSE_MI_MARGN_DAILY_MARGIN_TRADING,2026-08-20T07:48:39.119Z
2024-08-26,0056,元大高股息,4388,191,4369,187,TWSE_MI_MARGN_DAILY_MARGIN_TRADING,2026-08-20T07:48:39.119Z
2024-08-27,0056,元大高股息,4407,180,4388,191,TWSE_MI_MARGN_DAILY_MARGIN_TRADING,2026-08-20T07:48:39.119Z
2024-08-28,0056,元大高股息,4370,183,4407,180,TWSE_MI_MARGN_DAILY_MARGIN_TRADING,2026-08-20T07:48:39.119Z
2024-08-29,0056,元大高股息,4359,183,4370,183,TWSE_MI_MARGN_DAILY_MARGIN_TRADING,2026-08-20T07:48:39.119Z
2024-08-30,0056,元大高股息,4365,182,4359,183,TWSE_MI_MARGN_DAILY_MARGIN_TRADING,2026-08-20T07:48:39.119Z
2024-09-02,0056,元大高股息,4355,181,4365,182,TWSE_MI_MARGN_DAILY_MARGIN_TRADING,2026-08-20T07:48:39.119Z
2024-09-03,0056,元大高股息,4377,182,4355,181,TWSE_MI_MARGN_DAILY_MARGIN_TRADING,2026-08-20T07:48:39.119Z
2024-09-04,0056,元大高股息,4517,218,4377,182,TWSE_MI_MARGN_DAILY_MARGIN_TRADING,2026-08-20T07:48:39.119Z
2024-09-05,0056,元大高股息,4550,231,4517,218,TWSE_MI_MARGN_DAILY_MARGIN_TRADING,2026-08-20T07:48:39.119Z
2024-09-06,0056,元大高股息,4541,244,4550,231,TWSE_MI_MARGN_DAILY_MARGIN_TRADING,2026-08-20T07:48:39.119Z
2024-09-09,0056,元大高股息,3612,219,4541,244,TWSE_MI_MARGN_DAILY_MARGIN_TRADING,2026-08-20T07:48:39.119Z
2024-09-10,0056,元大高股息,4311,237,3612,219,TWSE_MI_MARGN_DAILY_MARGIN_TRADING,2026-08-20T07:48:39.119Z
2024-09-11,0056,元大高股息,4334,245,4311,237,TWSE_MI_MARGN_DAILY_MARGIN_TRADING,2026-08-20T07:48:39.119Z
2024-09-12,0056,元大高股息,4281,260,4334,245,TWSE_MI_MARGN_DAILY_MARGIN_TRADING,2026-08-20T07:48:39.119Z
2024-09-13,0056,元大高股息,4242,265,4281,260,TWSE_MI_MARGN_DAILY_MARGIN_TRADING,2026-08-20T07:48:39.119Z
2024-09-16,0056,元大高股息,4206,265,4242,265,TWSE_MI_MARGN_DAILY_MARGIN_TRADING,2026-08-20T07:48:39.119Z
2024-09-18,0056,元大高股息,4261,265,4206,265,TWSE_MI_MARGN_DAILY_MARGIN_TRADING,2026-08-20T07:48:39.119Z
2024-09-19,0056,元大高股息,4205,266,4261,265,TWSE_MI_MARGN_DAILY_MARGIN_TRADING,2026-08-20T07:48:39.119Z
2024-09-20,0056,元大高股息,4172,264,4205,266,TWSE_MI_MARGN_DAILY_MARGIN_TRADING,2026-08-20T07:48:39.119Z
2024-09-23,0056,元大高股息,4283,244,4172,264,TWSE_MI_MARGN_DAILY_MARGIN_TRADING,2026-08-20T07:48:39.119Z
2024-09-24,0056,元大高股息,4337,244,4283,244,TWSE_MI_MARGN_DAILY_MARGIN_TRADING,2026-08-20T07:48:39.119Z
2024-09-25,0056,元大高股息,4390,220,4337,244,TWSE_MI_MARGN_DAILY_MARGIN_TRADING,2026-08-20T07:48:39.119Z
2024-09-26,0056,元大高股息,4433,280,4390,220,TWSE_MI_MARGN_DAILY_MARGIN_TRADING,2026-08-20T07:48:39.119Z
2024-09-27,0056,元大高股息,4460,281,4433,280,TWSE_MI_MARGN_DAILY_MARGIN_TRADING,2026-08-20T07:48:39.119Z
2024-09-30,0056,元大高股息,4598,370,4460,281,TWSE_MI_MARGN_DAILY_MARGIN_TRADING,2026-08-20T07:48:39.119Z
2024-10-01,0056,元大高股息,4762,254,4598,370,TWSE_MI_MARGN_DAILY_MARGIN_TRADING,2026-08-20T07:48:39.119Z
2024-10-04,0056,元大高股息,5203,232,4762,254,TWSE_MI_MARGN_DAILY_MARGIN_TRADING,2026-08-20T07:48:39.119Z
2024-10-07,0056,元大高股息,5717,209,5203,232,TWSE_MI_MARGN_DAILY_MARGIN_TRADING,2026-08-20T07:48:39.119Z
2024-10-08,0056,元大高股息,6021,181,5717,209,TWSE_MI_MARGN_DAILY_MARGIN_TRADING,2026-08-20T07:48:39.119Z
2024-10-09,0056,元大高股息,6293,56,6021,181,TWSE_MI_MARGN_DAILY_MARGIN_TRADING,2026-08-20T07:48:39.119Z
2024-10-11,0056,元大高股息,6482,2,6293,56,TWSE_MI_MARGN_DAILY_MARGIN_TRADING,2026-08-20T07:48:39.119Z
2024-10-14,0056,元大高股息,6839,0,6482,2,TWSE_MI_MARGN_DAILY_MARGIN_TRADING,2026-08-20T07:48:39.119Z
2024-10-15,0056,元大高股息,6683,0,6839,0,TWSE_MI_MARGN_DAILY_MARGIN_TRADING,2026-08-20T07:48:39.119Z
2024-10-16,0056,元大高股息,7363,0,6683,0,TWSE_MI_MARGN_DAILY_MARGIN_TRADING,2026-08-20T07:48:39.119Z
2024-10-17,0056,元大高股息,7321,3,7363,0,TWSE_MI_MARGN_DAILY_MARGIN_TRADING,2026-08-20T07:48:39.119Z
2024-10-18,0056,元大高股息,7086,4,7321,3,TWSE_MI_MARGN_DAILY_MARGIN_TRADING,2026-08-20T07:48:39.119Z
2024-10-21,0056,元大高股息,6901,4,7086,4,TWSE_MI_MARGN_DAILY_MARGIN_TRADING,2026-08-20T07:48:39.119Z
2024-10-22,0056,元大高股息,6786,5,6901,4,TWSE_MI_MARGN_DAILY_MARGIN_TRADING,2026-08-20T07:48:39.119Z
2024-10-23,0056,元大高股息,6760,4,6786,5,TWSE_MI_MARGN_DAILY_MARGIN_TRADING,2026-08-20T07:48:39.119Z
2024-10-24,0056,元大高股息,6804,6,6760,4,TWSE_MI_MARGN_DAILY_MARGIN_TRADING,2026-08-20T07:48:39.119Z
2024-10-25,0056,元大高股息,6787,13,6804,6,TWSE_MI_MARGN_DAILY_MARGIN_TRADING,2026-08-20T07:48:39.119Z
2024-10-28,0056,元大高股息,6482,18,6787,13,TWSE_MI_MARGN_DAILY_MARGIN_TRADING,2026-08-20T07:48:39.119Z
2024-10-29,0056,元大高股息,6619,19,6482,18,TWSE_MI_MARGN_DAILY_MARGIN_TRADING,2026-08-20T07:48:39.119Z
2024-10-30,0056,元大高股息,6668,83,6619,19,TWSE_MI_MARGN_DAILY_MARGIN_TRADING,2026-08-20T07:48:39.119Z
2024-11-01,0056,元大高股息,6742,84,6668,83,TWSE_MI_MARGN_DAILY_MARGIN_TRADING,2026-08-20T07:48:39.119Z
2024-11-04,0056,元大高股息,6685,93,6742,84,TWSE_MI_MARGN_DAILY_MARGIN_TRADING,2026-08-20T07:48:39.119Z
2024-11-05,0056,元大高股息,6665,94,6685,93,TWSE_MI_MARGN_DAILY_MARGIN_TRADING,2026-08-20T07:48:39.119Z
2024-11-06,0056,元大高股息,6408,91,6665,94,TWSE_MI_MARGN_DAILY_MARGIN_TRADING,2026-08-20T07:48:39.119Z
2024-11-07,0056,元大高股息,6410,97,6408,91,TWSE_MI_MARGN_DAILY_MARGIN_TRADING,2026-08-20T07:48:39.119Z
2024-11-08,0056,元大高股息,6344,95,6410,97,TWSE_MI_MARGN_DAILY_MARGIN_TRADING,2026-08-20T07:48:39.119Z
2024-11-11,0056,元大高股息,6310,97,6344,95,TWSE_MI_MARGN_DAILY_MARGIN_TRADING,2026-08-20T07:48:39.119Z
2024-11-12,0056,元大高股息,6483,100,6310,97,TWSE_MI_MARGN_DAILY_MARGIN_TRADING,2026-08-20T07:48:39.119Z
2024-11-13,0056,元大高股息,6563,69,6483,100,TWSE_MI_MARGN_DAILY_MARGIN_TRADING,2026-08-20T07:48:39.119Z
2024-11-14,0056,元大高股息,6715,73,6563,69,TWSE_MI_MARGN_DAILY_MARGIN_TRADING,2026-08-20T07:48:39.119Z
2024-11-15,0056,元大高股息,6189,77,6715,73,TWSE_MI_MARGN_DAILY_MARGIN_TRADING,2026-08-20T07:48:39.119Z
2024-11-18,0056,元大高股息,6210,90,6189,77,TWSE_MI_MARGN_DAILY_MARGIN_TRADING,2026-08-20T07:48:39.119Z
2024-11-19,0056,元大高股息,6122,53,6210,90,TWSE_MI_MARGN_DAILY_MARGIN_TRADING,2026-08-20T07:48:39.119Z
2024-11-20,0056,元大高股息,6161,52,6122,53,TWSE_MI_MARGN_DAILY_MARGIN_TRADING,2026-08-20T07:48:39.119Z
2024-11-21,0056,元大高股息,6184,48,6161,52,TWSE_MI_MARGN_DAILY_MARGIN_TRADING,2026-08-20T07:48:39.119Z
2024-11-22,0056,元大高股息,6108,49,6184,48,TWSE_MI_MARGN_DAILY_MARGIN_TRADING,2026-08-20T07:48:39.119Z
2024-11-25,0056,元大高股息,6014,42,6108,49,TWSE_MI_MARGN_DAILY_MARGIN_TRADING,2026-08-20T07:48:39.119Z
2024-11-26,0056,元大高股息,5974,42,6014,42,TWSE_MI_MARGN_DAILY_MARGIN_TRADING,2026-08-20T07:48:39.119Z
2024-11-27,0056,元大高股息,6170,44,5974,42,TWSE_MI_MARGN_DAILY_MARGIN_TRADING,2026-08-20T07:48:39.119Z
2024-11-28,0056,元大高股息,6395,40,6170,44,TWSE_MI_MARGN_DAILY_MARGIN_TRADING,2026-08-20T07:48:39.119Z
2024-11-29,0056,元大高股息,6320,37,6395,40,TWSE_MI_MARGN_DAILY_MARGIN_TRADING,2026-08-20T07:48:39.119Z
2024-12-02,0056,元大高股息,6277,54,6320,37,TWSE_MI_MARGN_DAILY_MARGIN_TRADING,2026-08-20T07:48:39.119Z
2024-12-03,0056,元大高股息,6197,49,6277,54,TWSE_MI_MARGN_DAILY_MARGIN_TRADING,2026-08-20T07:48:39.119Z
2024-12-04,0056,元大高股息,6036,43,6197,49,TWSE_MI_MARGN_DAILY_MARGIN_TRADING,2026-08-20T07:48:39.119Z
2024-12-05,0056,元大高股息,5915,35,6036,43,TWSE_MI_MARGN_DAILY_MARGIN_TRADING,2026-08-20T07:48:39.119Z
2024-12-06,0056,元大高股息,5837,38,5915,35,TWSE_MI_MARGN_DAILY_MARGIN_TRADING,2026-08-20T07:48:39.119Z
2024-12-09,0056,元大高股息,5845,43,5837,38,TWSE_MI_MARGN_DAILY_MARGIN_TRADING,2026-08-20T07:48:39.119Z
2024-12-10,0056,元大高股息,5815,42,5845,43,TWSE_MI_MARGN_DAILY_MARGIN_TRADING,2026-08-20T07:48:39.119Z
2024-12-11,0056,元大高股息,5774,39,5815,42,TWSE_MI_MARGN_DAILY_MARGIN_TRADING,2026-08-20T07:48:39.119Z
2024-12-12,0056,元大高股息,5757,39,5774,39,TWSE_MI_MARGN_DAILY_MARGIN_TRADING,2026-08-20T07:48:39.119Z
2024-12-13,0056,元大高股息,5834,37,5757,39,TWSE_MI_MARGN_DAILY_MARGIN_TRADING,2026-08-20T07:48:39.119Z
2024-12-16,0056,元大高股息,5856,42,5834,37,TWSE_MI_MARGN_DAILY_MARGIN_TRADING,2026-08-20T07:48:39.119Z
2024-12-17,0056,元大高股息,6271,44,5856,42,TWSE_MI_MARGN_DAILY_MARGIN_TRADING,2026-08-20T07:48:39.119Z
2024-12-18,0056,元大高股息,6169,51,6271,44,TWSE_MI_MARGN_DAILY_MARGIN_TRADING,2026-08-20T07:48:39.119Z
2024-12-19,0056,元大高股息,6257,53,6169,51,TWSE_MI_MARGN_DAILY_MARGIN_TRADING,2026-08-20T07:48:39.119Z
2024-12-20,0056,元大高股息,6252,88,6257,53,TWSE_MI_MARGN_DAILY_MARGIN_TRADING,2026-08-20T07:48:39.119Z
2024-12-23,0056,元大高股息,6157,54,6252,88,TWSE_MI_MARGN_DAILY_MARGIN_TRADING,2026-08-20T07:48:39.119Z
2024-12-24,0056,元大高股息,6191,51,6157,54,TWSE_MI_MARGN_DAILY_MARGIN_TRADING,2026-08-20T07:48:39.119Z
2024-12-25,0056,元大高股息,6217,50,6191,51,TWSE_MI_MARGN_DAILY_MARGIN_TRADING,2026-08-20T07:48:39.119Z
2024-12-26,0056,元大高股息,6256,56,6217,50,TWSE_MI_MARGN_DAILY_MARGIN_TRADING,2026-08-20T07:48:39.119Z
2024-12-27,0056,元大高股息,6270,56,6256,56,TWSE_MI_MARGN_DAILY_MARGIN_TRADING,2026-08-20T07:48:39.119Z
2024-12-30,0056,元大高股息,6455,49,6270,56,TWSE_MI_MARGN_DAILY_MARGIN_TRADING,2026-08-20T07:48:39.119Z
2024-12-31,0056,元大高股息,6588,38,6455,49,TWSE_MI_MARGN_DAILY_MARGIN_TRADING,2026-08-20T07:48:39.119Z
2025-01-02,0056,元大高股息,7089,38,6588,38,TWSE_MI_MARGN_DAILY_MARGIN_TRADING,2026-08-20T07:48:39.119Z
2025-01-03,0056,元大高股息,7019,50,7089,38,TWSE_MI_MARGN_DAILY_MARGIN_TRADING,2026-08-20T07:48:39.119Z
2025-01-06,0056,元大高股息,7101,33,7019,50,TWSE_MI_MARGN_DAILY_MARGIN_TRADING,2026-08-20T07:48:39.119Z
2025-01-07,0056,元大高股息,7116,30,7101,33,TWSE_MI_MARGN_DAILY_MARGIN_TRADING,2026-08-20T07:48:39.119Z
2025-01-08,0056,元大高股息,7131,22,7116,30,TWSE_MI_MARGN_DAILY_MARGIN_TRADING,2026-08-20T07:48:39.119Z
2025-01-09,0056,元大高股息,7423,26,7131,22,TWSE_MI_MARGN_DAILY_MARGIN_TRADING,2026-08-20T07:48:39.119Z
2025-01-10,0056,元大高股息,7787,22,7423,26,TWSE_MI_MARGN_DAILY_MARGIN_TRADING,2026-08-20T07:48:39.119Z
2025-01-13,0056,元大高股息,7987,0,7787,22,TWSE_MI_MARGN_DAILY_MARGIN_TRADING,2026-08-20T07:48:39.119Z
2025-01-14,0056,元大高股息,8335,0,7987,0,TWSE_MI_MARGN_DAILY_MARGIN_TRADING,2026-08-20T07:48:39.119Z
2025-01-15,0056,元大高股息,8777,0,8335,0,TWSE_MI_MARGN_DAILY_MARGIN_TRADING,2026-08-20T07:48:39.119Z
2025-01-16,0056,元大高股息,11063,0,8777,0,TWSE_MI_MARGN_DAILY_MARGIN_TRADING,2026-08-20T07:48:39.119Z
2025-01-17,0056,元大高股息,10398,13,11063,0,TWSE_MI_MARGN_DAILY_MARGIN_TRADING,2026-08-20T07:48:39.119Z
2025-01-20,0056,元大高股息,10151,24,10398,13,TWSE_MI_MARGN_DAILY_MARGIN_TRADING,2026-08-20T07:48:39.119Z
2025-01-21,0056,元大高股息,8773,38,10151,24,TWSE_MI_MARGN_DAILY_MARGIN_TRADING,2026-08-20T07:48:39.119Z
2025-01-22,0056,元大高股息,7763,26,8773,38,TWSE_MI_MARGN_DAILY_MARGIN_TRADING,2026-08-20T07:48:39.119Z
2025-02-03,0056,元大高股息,7566,24,7743,26,TWSE_MI_MARGN_DAILY_MARGIN_TRADING,2026-08-20T07:48:39.119Z
2025-02-04,0056,元大高股息,7986,27,7566,24,TWSE_MI_MARGN_DAILY_MARGIN_TRADING,2026-08-20T07:48:39.119Z
2025-02-05,0056,元大高股息,7757,31,7986,27,TWSE_MI_MARGN_DAILY_MARGIN_TRADING,2026-08-20T07:48:39.119Z
2025-02-06,0056,元大高股息,7429,35,7757,31,TWSE_MI_MARGN_DAILY_MARGIN_TRADING,2026-08-20T07:48:39.119Z
2025-02-07,0056,元大高股息,7280,42,7429,35,TWSE_MI_MARGN_DAILY_MARGIN_TRADING,2026-08-20T07:48:39.119Z
2025-02-10,0056,元大高股息,7167,47,7280,42,TWSE_MI_MARGN_DAILY_MARGIN_TRADING,2026-08-20T07:48:39.119Z
2025-02-11,0056,元大高股息,7029,51,7167,47,TWSE_MI_MARGN_DAILY_MARGIN_TRADING,2026-08-20T07:48:39.119Z
2025-02-12,0056,元大高股息,6966,58,7029,51,TWSE_MI_MARGN_DAILY_MARGIN_TRADING,2026-08-20T07:48:39.119Z
2025-02-13,0056,元大高股息,6947,62,6966,58,TWSE_MI_MARGN_DAILY_MARGIN_TRADING,2026-08-20T07:48:39.119Z
2025-02-14,0056,元大高股息,6950,63,6947,62,TWSE_MI_MARGN_DAILY_MARGIN_TRADING,2026-08-20T07:48:39.119Z
2025-02-17,0056,元大高股息,6739,58,6950,63,TWSE_MI_MARGN_DAILY_MARGIN_TRADING,2026-08-20T07:48:39.119Z
2025-02-18,0056,元大高股息,6649,64,6739,58,TWSE_MI_MARGN_DAILY_MARGIN_TRADING,2026-08-20T07:48:39.119Z
2025-02-19,0056,元大高股息,6489,56,6649,64,TWSE_MI_MARGN_DAILY_MARGIN_TRADING,2026-08-20T07:48:39.119Z
2025-02-20,0056,元大高股息,6425,58,6489,56,TWSE_MI_MARGN_DAILY_MARGIN_TRADING,2026-08-20T07:48:39.119Z
2025-02-21,0056,元大高股息,6217,55,6425,58,TWSE_MI_MARGN_DAILY_MARGIN_TRADING,2026-08-20T07:48:39.119Z
2025-02-24,0056,元大高股息,5205,55,6217,55,TWSE_MI_MARGN_DAILY_MARGIN_TRADING,2026-08-20T07:48:39.119Z
2025-02-25,0056,元大高股息,5237,43,5205,55,TWSE_MI_MARGN_DAILY_MARGIN_TRADING,2026-08-20T07:48:39.119Z
2025-02-26,0056,元大高股息,5079,53,5237,43,TWSE_MI_MARGN_DAILY_MARGIN_TRADING,2026-08-20T07:48:39.119Z
2025-02-27,0056,元大高股息,5137,50,5079,53,TWSE_MI_MARGN_DAILY_MARGIN_TRADING,2026-08-20T07:48:39.119Z
2025-03-03,0056,元大高股息,5271,43,5137,50,TWSE_MI_MARGN_DAILY_MARGIN_TRADING,2026-08-20T07:48:39.119Z
2025-03-04,0056,元大高股息,5388,23,5271,43,TWSE_MI_MARGN_DAILY_MARGIN_TRADING,2026-08-20T07:48:39.119Z
2025-03-05,0056,元大高股息,5297,34,5388,23,TWSE_MI_MARGN_DAILY_MARGIN_TRADING,2026-08-20T07:48:39.119Z
2025-03-06,0056,元大高股息,5239,38,5297,34,TWSE_MI_MARGN_DAILY_MARGIN_TRADING,2026-08-20T07:48:39.119Z
2025-03-07,0056,元大高股息,5274,37,5239,38,TWSE_MI_MARGN_DAILY_MARGIN_TRADING,2026-08-20T07:48:39.119Z
2025-03-10,0056,元大高股息,5373,41,5274,37,TWSE_MI_MARGN_DAILY_MARGIN_TRADING,2026-08-20T07:48:39.119Z
2025-03-11,0056,元大高股息,5559,31,5373,41,TWSE_MI_MARGN_DAILY_MARGIN_TRADING,2026-08-20T07:48:39.119Z
2025-03-12,0056,元大高股息,5538,34,5559,31,TWSE_MI_MARGN_DAILY_MARGIN_TRADING,2026-08-20T07:48:39.119Z
2025-03-13,0056,元大高股息,5526,40,5538,34,TWSE_MI_MARGN_DAILY_MARGIN_TRADING,2026-08-20T07:48:39.119Z
2025-03-14,0056,元大高股息,5598,38,5526,40,TWSE_MI_MARGN_DAILY_MARGIN_TRADING,2026-08-20T07:48:39.119Z
2025-03-17,0056,元大高股息,5534,41,5598,38,TWSE_MI_MARGN_DAILY_MARGIN_TRADING,2026-08-20T07:48:39.119Z
2025-03-18,0056,元大高股息,5931,46,5534,41,TWSE_MI_MARGN_DAILY_MARGIN_TRADING,2026-08-20T07:48:39.119Z
2025-03-19,0056,元大高股息,6136,52,5931,46,TWSE_MI_MARGN_DAILY_MARGIN_TRADING,2026-08-20T07:48:39.119Z
2025-03-20,0056,元大高股息,6153,53,6136,52,TWSE_MI_MARGN_DAILY_MARGIN_TRADING,2026-08-20T07:48:39.119Z
2025-03-21,0056,元大高股息,6204,54,6153,53,TWSE_MI_MARGN_DAILY_MARGIN_TRADING,2026-08-20T07:48:39.119Z
2025-03-24,0056,元大高股息,6356,54,6204,54,TWSE_MI_MARGN_DAILY_MARGIN_TRADING,2026-08-20T07:48:39.119Z
2025-03-25,0056,元大高股息,6433,55,6356,54,TWSE_MI_MARGN_DAILY_MARGIN_TRADING,2026-08-20T07:48:39.119Z
2025-03-26,0056,元大高股息,6420,55,6433,55,TWSE_MI_MARGN_DAILY_MARGIN_TRADING,2026-08-20T07:48:39.119Z
2025-03-27,0056,元大高股息,6788,47,6420,55,TWSE_MI_MARGN_DAILY_MARGIN_TRADING,2026-08-20T07:48:39.119Z
2025-03-28,0056,元大高股息,7419,37,6788,47,TWSE_MI_MARGN_DAILY_MARGIN_TRADING,2026-08-20T07:48:39.119Z
2025-03-31,0056,元大高股息,8283,80,7419,37,TWSE_MI_MARGN_DAILY_MARGIN_TRADING,2026-08-20T07:48:39.119Z
2025-04-01,0056,元大高股息,8524,119,8283,80,TWSE_MI_MARGN_DAILY_MARGIN_TRADING,2026-08-20T07:48:39.119Z
2025-04-02,0056,元大高股息,8791,120,8524,119,TWSE_MI_MARGN_DAILY_MARGIN_TRADING,2026-08-20T07:48:39.119Z
2025-04-07,0056,元大高股息,8626,1126,8791,120,TWSE_MI_MARGN_DAILY_MARGIN_TRADING,2026-08-20T07:48:39.119Z
2025-04-08,0056,元大高股息,11957,1070,8626,1126,TWSE_MI_MARGN_DAILY_MARGIN_TRADING,2026-08-20T07:48:39.119Z
2025-04-09,0056,元大高股息,14758,1080,11957,1070,TWSE_MI_MARGN_DAILY_MARGIN_TRADING,2026-08-20T07:48:39.119Z
2025-04-10,0056,元大高股息,14852,1073,14758,1080,TWSE_MI_MARGN_DAILY_MARGIN_TRADING,2026-08-20T07:48:39.119Z
2025-04-11,0056,元大高股息,11695,71,14852,1073,TWSE_MI_MARGN_DAILY_MARGIN_TRADING,2026-08-20T07:48:39.119Z
2025-04-14,0056,元大高股息,11622,86,11695,71,TWSE_MI_MARGN_DAILY_MARGIN_TRADING,2026-08-20T07:48:39.119Z
2025-04-15,0056,元大高股息,11581,96,11622,86,TWSE_MI_MARGN_DAILY_MARGIN_TRADING,2026-08-20T07:48:39.119Z
2025-04-16,0056,元大高股息,11971,72,11581,96,TWSE_MI_MARGN_DAILY_MARGIN_TRADING,2026-08-20T07:48:39.119Z
2025-04-17,0056,元大高股息,12200,3,11971,72,TWSE_MI_MARGN_DAILY_MARGIN_TRADING,2026-08-20T07:48:39.119Z
2025-04-18,0056,元大高股息,12275,0,12200,3,TWSE_MI_MARGN_DAILY_MARGIN_TRADING,2026-08-20T07:48:39.119Z
2025-04-21,0056,元大高股息,13262,0,12275,0,TWSE_MI_MARGN_DAILY_MARGIN_TRADING,2026-08-20T07:48:39.119Z
2025-04-22,0056,元大高股息,15377,0,13262,0,TWSE_MI_MARGN_DAILY_MARGIN_TRADING,2026-08-20T07:48:39.119Z
2025-04-23,0056,元大高股息,13483,41,15377,0,TWSE_MI_MARGN_DAILY_MARGIN_TRADING,2026-08-20T07:48:39.119Z
2025-04-24,0056,元大高股息,13009,57,13483,41,TWSE_MI_MARGN_DAILY_MARGIN_TRADING,2026-08-20T07:48:39.119Z
2025-04-25,0056,元大高股息,11208,73,13009,57,TWSE_MI_MARGN_DAILY_MARGIN_TRADING,2026-08-20T07:48:39.119Z
2025-04-28,0056,元大高股息,10252,83,11208,73,TWSE_MI_MARGN_DAILY_MARGIN_TRADING,2026-08-20T07:48:39.119Z
2025-04-29,0056,元大高股息,9841,85,10252,83,TWSE_MI_MARGN_DAILY_MARGIN_TRADING,2026-08-20T07:48:39.119Z
2025-04-30,0056,元大高股息,9757,81,9841,85,TWSE_MI_MARGN_DAILY_MARGIN_TRADING,2026-08-20T07:48:39.119Z
2025-05-02,0056,元大高股息,9211,99,9757,81,TWSE_MI_MARGN_DAILY_MARGIN_TRADING,2026-08-20T07:48:39.119Z
2025-05-05,0056,元大高股息,8846,116,9211,99,TWSE_MI_MARGN_DAILY_MARGIN_TRADING,2026-08-20T07:48:39.119Z
2025-05-06,0056,元大高股息,8660,121,8846,116,TWSE_MI_MARGN_DAILY_MARGIN_TRADING,2026-08-20T07:48:39.119Z
2025-05-07,0056,元大高股息,8498,121,8660,121,TWSE_MI_MARGN_DAILY_MARGIN_TRADING,2026-08-20T07:48:39.119Z
2025-05-08,0056,元大高股息,8327,182,8498,121,TWSE_MI_MARGN_DAILY_MARGIN_TRADING,2026-08-20T07:48:39.119Z
2025-05-09,0056,元大高股息,7974,258,8327,182,TWSE_MI_MARGN_DAILY_MARGIN_TRADING,2026-08-20T07:48:39.119Z
2025-05-12,0056,元大高股息,7776,262,7974,258,TWSE_MI_MARGN_DAILY_MARGIN_TRADING,2026-08-20T07:48:39.119Z
2025-05-13,0056,元大高股息,7359,305,7776,262,TWSE_MI_MARGN_DAILY_MARGIN_TRADING,2026-08-20T07:48:39.119Z
2025-05-14,0056,元大高股息,7124,381,7359,305,TWSE_MI_MARGN_DAILY_MARGIN_TRADING,2026-08-20T07:48:39.119Z
2025-05-15,0056,元大高股息,7010,363,7124,381,TWSE_MI_MARGN_DAILY_MARGIN_TRADING,2026-08-20T07:48:39.119Z
2025-05-16,0056,元大高股息,6991,358,7010,363,TWSE_MI_MARGN_DAILY_MARGIN_TRADING,2026-08-20T07:48:39.119Z
2025-05-19,0056,元大高股息,6928,360,6991,358,TWSE_MI_MARGN_DAILY_MARGIN_TRADING,2026-08-20T07:48:39.119Z
2025-05-20,0056,元大高股息,6965,363,6928,360,TWSE_MI_MARGN_DAILY_MARGIN_TRADING,2026-08-20T07:48:39.119Z
2025-05-21,0056,元大高股息,6806,425,6965,363,TWSE_MI_MARGN_DAILY_MARGIN_TRADING,2026-08-20T07:48:39.119Z
2025-05-22,0056,元大高股息,6650,411,6806,425,TWSE_MI_MARGN_DAILY_MARGIN_TRADING,2026-08-20T07:48:39.119Z
2025-05-23,0056,元大高股息,6635,412,6650,411,TWSE_MI_MARGN_DAILY_MARGIN_TRADING,2026-08-20T07:48:39.119Z
2025-05-26,0056,元大高股息,6532,339,6635,412,TWSE_MI_MARGN_DAILY_MARGIN_TRADING,2026-08-20T07:48:39.119Z
2025-05-27,0056,元大高股息,6547,291,6532,339,TWSE_MI_MARGN_DAILY_MARGIN_TRADING,2026-08-20T07:48:39.119Z
2025-05-28,0056,元大高股息,6592,246,6547,291,TWSE_MI_MARGN_DAILY_MARGIN_TRADING,2026-08-20T07:48:39.119Z
2025-05-29,0056,元大高股息,6740,223,6592,246,TWSE_MI_MARGN_DAILY_MARGIN_TRADING,2026-08-20T07:48:39.119Z
2025-06-02,0056,元大高股息,7061,150,6740,223,TWSE_MI_MARGN_DAILY_MARGIN_TRADING,2026-08-20T07:48:39.119Z
2025-06-03,0056,元大高股息,6957,157,7061,150,TWSE_MI_MARGN_DAILY_MARGIN_TRADING,2026-08-20T07:48:39.119Z
2025-06-04,0056,元大高股息,6773,157,6957,157,TWSE_MI_MARGN_DAILY_MARGIN_TRADING,2026-08-20T07:48:39.119Z
2025-06-05,0056,元大高股息,6656,137,6773,157,TWSE_MI_MARGN_DAILY_MARGIN_TRADING,2026-08-20T07:48:39.119Z
2025-06-06,0056,元大高股息,6652,138,6656,137,TWSE_MI_MARGN_DAILY_MARGIN_TRADING,2026-08-20T07:48:39.119Z
2025-06-09,0056,元大高股息,6596,139,6652,138,TWSE_MI_MARGN_DAILY_MARGIN_TRADING,2026-08-20T07:48:39.119Z
2025-06-10,0056,元大高股息,6417,148,6596,139,TWSE_MI_MARGN_DAILY_MARGIN_TRADING,2026-08-20T07:48:39.119Z
2025-06-11,0056,元大高股息,6249,153,6417,148,TWSE_MI_MARGN_DAILY_MARGIN_TRADING,2026-08-20T07:48:39.119Z
2025-06-12,0056,元大高股息,6050,173,6249,153,TWSE_MI_MARGN_DAILY_MARGIN_TRADING,2026-08-20T07:48:39.119Z
2025-06-13,0056,元大高股息,5974,201,6050,173,TWSE_MI_MARGN_DAILY_MARGIN_TRADING,2026-08-20T07:48:39.119Z
2025-06-16,0056,元大高股息,5954,196,5974,201,TWSE_MI_MARGN_DAILY_MARGIN_TRADING,2026-08-20T07:48:39.119Z
2025-06-17,0056,元大高股息,5891,188,5954,196,TWSE_MI_MARGN_DAILY_MARGIN_TRADING,2026-08-20T07:48:39.119Z
2025-06-18,0056,元大高股息,5822,188,5891,188,TWSE_MI_MARGN_DAILY_MARGIN_TRADING,2026-08-20T07:48:39.119Z
2025-06-19,0056,元大高股息,5861,160,5822,188,TWSE_MI_MARGN_DAILY_MARGIN_TRADING,2026-08-20T07:48:39.119Z
2025-06-20,0056,元大高股息,6482,131,5861,160,TWSE_MI_MARGN_DAILY_MARGIN_TRADING,2026-08-20T07:48:39.119Z
2025-06-23,0056,元大高股息,6733,118,6482,131,TWSE_MI_MARGN_DAILY_MARGIN_TRADING,2026-08-20T07:48:39.119Z
2025-06-24,0056,元大高股息,6471,168,6733,118,TWSE_MI_MARGN_DAILY_MARGIN_TRADING,2026-08-20T07:48:39.119Z
2025-06-25,0056,元大高股息,6806,164,6471,168,TWSE_MI_MARGN_DAILY_MARGIN_TRADING,2026-08-20T07:48:39.119Z
2025-06-26,0056,元大高股息,6615,164,6806,164,TWSE_MI_MARGN_DAILY_MARGIN_TRADING,2026-08-20T07:48:39.119Z
2025-06-27,0056,元大高股息,6692,189,6615,164,TWSE_MI_MARGN_DAILY_MARGIN_TRADING,2026-08-20T07:48:39.119Z
2025-06-30,0056,元大高股息,6832,176,6692,189,TWSE_MI_MARGN_DAILY_MARGIN_TRADING,2026-08-20T07:48:39.119Z
2025-07-01,0056,元大高股息,6808,166,6832,176,TWSE_MI_MARGN_DAILY_MARGIN_TRADING,2026-08-20T07:48:39.119Z
2025-07-02,0056,元大高股息,6904,165,6808,166,TWSE_MI_MARGN_DAILY_MARGIN_TRADING,2026-08-20T07:48:39.119Z
2025-07-03,0056,元大高股息,6873,173,6904,165,TWSE_MI_MARGN_DAILY_MARGIN_TRADING,2026-08-20T07:48:39.119Z
2025-07-04,0056,元大高股息,6667,177,6873,173,TWSE_MI_MARGN_DAILY_MARGIN_TRADING,2026-08-20T07:48:39.119Z
2025-07-07,0056,元大高股息,6785,173,6667,177,TWSE_MI_MARGN_DAILY_MARGIN_TRADING,2026-08-20T07:48:39.119Z
2025-07-08,0056,元大高股息,6884,163,6785,173,TWSE_MI_MARGN_DAILY_MARGIN_TRADING,2026-08-20T07:48:39.119Z
2025-07-09,0056,元大高股息,6753,139,6884,163,TWSE_MI_MARGN_DAILY_MARGIN_TRADING,2026-08-20T07:48:39.119Z
2025-07-10,0056,元大高股息,6737,84,6753,139,TWSE_MI_MARGN_DAILY_MARGIN_TRADING,2026-08-20T07:48:39.119Z
2025-07-11,0056,元大高股息,6768,84,6737,84,TWSE_MI_MARGN_DAILY_MARGIN_TRADING,2026-08-20T07:48:39.119Z
2025-07-14,0056,元大高股息,6277,79,6768,84,TWSE_MI_MARGN_DAILY_MARGIN_TRADING,2026-08-20T07:48:39.119Z
2025-07-15,0056,元大高股息,6344,0,6277,79,TWSE_MI_MARGN_DAILY_MARGIN_TRADING,2026-08-20T07:48:39.119Z
2025-07-16,0056,元大高股息,6432,0,6344,0,TWSE_MI_MARGN_DAILY_MARGIN_TRADING,2026-08-20T07:48:39.119Z
2025-07-17,0056,元大高股息,6620,0,6432,0,TWSE_MI_MARGN_DAILY_MARGIN_TRADING,2026-08-20T07:48:39.119Z
2025-07-18,0056,元大高股息,8003,0,6620,0,TWSE_MI_MARGN_DAILY_MARGIN_TRADING,2026-08-20T07:48:39.119Z
2025-07-21,0056,元大高股息,7523,22,8003,0,TWSE_MI_MARGN_DAILY_MARGIN_TRADING,2026-08-20T07:48:39.119Z
2025-07-22,0056,元大高股息,7589,284,7523,22,TWSE_MI_MARGN_DAILY_MARGIN_TRADING,2026-08-20T07:48:39.119Z
2025-07-23,0056,元大高股息,7370,106,7589,284,TWSE_MI_MARGN_DAILY_MARGIN_TRADING,2026-08-20T07:48:39.119Z
2025-07-24,0056,元大高股息,7234,132,7370,106,TWSE_MI_MARGN_DAILY_MARGIN_TRADING,2026-08-20T07:48:39.119Z
2025-07-25,0056,元大高股息,6985,139,7234,132,TWSE_MI_MARGN_DAILY_MARGIN_TRADING,2026-08-20T07:48:39.119Z
2025-07-28,0056,元大高股息,6820,139,6985,139,TWSE_MI_MARGN_DAILY_MARGIN_TRADING,2026-08-20T07:48:39.119Z
2025-07-29,0056,元大高股息,7160,140,6820,139,TWSE_MI_MARGN_DAILY_MARGIN_TRADING,2026-08-20T07:48:39.119Z
2025-07-30,0056,元大高股息,7219,172,7160,140,TWSE_MI_MARGN_DAILY_MARGIN_TRADING,2026-08-20T07:48:39.119Z
2025-07-31,0056,元大高股息,7072,231,7219,172,TWSE_MI_MARGN_DAILY_MARGIN_TRADING,2026-08-20T07:48:39.119Z
2025-08-01,0056,元大高股息,6833,230,7072,231,TWSE_MI_MARGN_DAILY_MARGIN_TRADING,2026-08-20T07:48:39.119Z
2025-08-04,0056,元大高股息,6764,243,6833,230,TWSE_MI_MARGN_DAILY_MARGIN_TRADING,2026-08-20T07:48:39.119Z
2025-08-05,0056,元大高股息,6475,255,6764,243,TWSE_MI_MARGN_DAILY_MARGIN_TRADING,2026-08-20T07:48:39.119Z
2025-08-06,0056,元大高股息,6383,267,6475,255,TWSE_MI_MARGN_DAILY_MARGIN_TRADING,2026-08-20T07:48:39.119Z
2025-08-07,0056,元大高股息,6203,292,6383,267,TWSE_MI_MARGN_DAILY_MARGIN_TRADING,2026-08-20T07:48:39.119Z
2025-08-08,0056,元大高股息,5909,287,6203,292,TWSE_MI_MARGN_DAILY_MARGIN_TRADING,2026-08-20T07:48:39.119Z
2025-08-11,0056,元大高股息,5851,293,5909,287,TWSE_MI_MARGN_DAILY_MARGIN_TRADING,2026-08-20T07:48:39.119Z
2025-08-12,0056,元大高股息,5733,293,5851,293,TWSE_MI_MARGN_DAILY_MARGIN_TRADING,2026-08-20T07:48:39.119Z
2025-08-13,0056,元大高股息,5726,255,5733,293,TWSE_MI_MARGN_DAILY_MARGIN_TRADING,2026-08-20T07:48:39.119Z
2025-08-14,0056,元大高股息,5291,235,5726,255,TWSE_MI_MARGN_DAILY_MARGIN_TRADING,2026-08-20T07:48:39.119Z
2025-08-15,0056,元大高股息,5242,242,5291,235,TWSE_MI_MARGN_DAILY_MARGIN_TRADING,2026-08-20T07:48:39.119Z
2025-08-18,0056,元大高股息,5212,243,5242,242,TWSE_MI_MARGN_DAILY_MARGIN_TRADING,2026-08-20T07:48:39.119Z
2025-08-19,0056,元大高股息,5295,227,5212,243,TWSE_MI_MARGN_DAILY_MARGIN_TRADING,2026-08-20T07:48:39.119Z
2025-08-20,0056,元大高股息,5433,177,5295,227,TWSE_MI_MARGN_DAILY_MARGIN_TRADING,2026-08-20T07:48:39.119Z
2025-08-21,0056,元大高股息,5363,165,5433,177,TWSE_MI_MARGN_DAILY_MARGIN_TRADING,2026-08-20T07:48:39.119Z
2025-08-22,0056,元大高股息,5382,330,5363,165,TWSE_MI_MARGN_DAILY_MARGIN_TRADING,2026-08-20T07:48:39.119Z
2025-08-25,0056,元大高股息,5303,284,5382,330,TWSE_MI_MARGN_DAILY_MARGIN_TRADING,2026-08-20T07:48:39.119Z
2025-08-26,0056,元大高股息,5264,284,5303,284,TWSE_MI_MARGN_DAILY_MARGIN_TRADING,2026-08-20T07:48:39.119Z
2025-08-27,0056,元大高股息,5180,262,5264,284,TWSE_MI_MARGN_DAILY_MARGIN_TRADING,2026-08-20T07:48:39.119Z
2025-08-28,0056,元大高股息,5189,160,5180,262,TWSE_MI_MARGN_DAILY_MARGIN_TRADING,2026-08-20T07:48:39.119Z
2025-08-29,0056,元大高股息,5133,201,5189,160,TWSE_MI_MARGN_DAILY_MARGIN_TRADING,2026-08-20T07:48:39.119Z
2025-09-01,0056,元大高股息,5294,223,5133,201,TWSE_MI_MARGN_DAILY_MARGIN_TRADING,2026-08-20T07:48:39.119Z
2025-09-02,0056,元大高股息,5222,221,5294,223,TWSE_MI_MARGN_DAILY_MARGIN_TRADING,2026-08-20T07:48:39.119Z
2025-09-03,0056,元大高股息,5107,225,5222,221,TWSE_MI_MARGN_DAILY_MARGIN_TRADING,2026-08-20T07:48:39.119Z
2025-09-04,0056,元大高股息,5140,224,5107,225,TWSE_MI_MARGN_DAILY_MARGIN_TRADING,2026-08-20T07:48:39.119Z
2025-09-05,0056,元大高股息,5016,225,5140,224,TWSE_MI_MARGN_DAILY_MARGIN_TRADING,2026-08-20T07:48:39.119Z
2025-09-08,0056,元大高股息,4696,212,5016,225,TWSE_MI_MARGN_DAILY_MARGIN_TRADING,2026-08-20T07:48:39.119Z
2025-09-09,0056,元大高股息,4180,215,4696,212,TWSE_MI_MARGN_DAILY_MARGIN_TRADING,2026-08-20T07:48:39.119Z
2025-09-10,0056,元大高股息,3773,239,4180,215,TWSE_MI_MARGN_DAILY_MARGIN_TRADING,2026-08-20T07:48:39.119Z
2025-09-11,0056,元大高股息,3405,274,3773,239,TWSE_MI_MARGN_DAILY_MARGIN_TRADING,2026-08-20T07:48:39.119Z
2025-09-12,0056,元大高股息,3399,299,3405,274,TWSE_MI_MARGN_DAILY_MARGIN_TRADING,2026-08-20T07:48:39.119Z
2025-09-15,0056,元大高股息,3361,288,3399,299,TWSE_MI_MARGN_DAILY_MARGIN_TRADING,2026-08-20T07:48:39.119Z
2025-09-16,0056,元大高股息,3853,308,3361,288,TWSE_MI_MARGN_DAILY_MARGIN_TRADING,2026-08-20T07:48:39.119Z
2025-09-17,0056,元大高股息,3992,313,3853,308,TWSE_MI_MARGN_DAILY_MARGIN_TRADING,2026-08-20T07:48:39.119Z
2025-09-18,0056,元大高股息,4080,297,3992,313,TWSE_MI_MARGN_DAILY_MARGIN_TRADING,2026-08-20T07:48:39.119Z
2025-09-19,0056,元大高股息,4080,329,4080,297,TWSE_MI_MARGN_DAILY_MARGIN_TRADING,2026-08-20T07:48:39.119Z
2025-09-22,0056,元大高股息,3950,325,4080,329,TWSE_MI_MARGN_DAILY_MARGIN_TRADING,2026-08-20T07:48:39.119Z
2025-09-23,0056,元大高股息,4076,339,3950,325,TWSE_MI_MARGN_DAILY_MARGIN_TRADING,2026-08-20T07:48:39.119Z
2025-09-24,0056,元大高股息,4147,342,4076,339,TWSE_MI_MARGN_DAILY_MARGIN_TRADING,2026-08-20T07:48:39.119Z
2025-09-25,0056,元大高股息,4100,370,4147,342,TWSE_MI_MARGN_DAILY_MARGIN_TRADING,2026-08-20T07:48:39.119Z
2025-09-26,0056,元大高股息,4425,245,4100,370,TWSE_MI_MARGN_DAILY_MARGIN_TRADING,2026-08-20T07:48:39.119Z
2025-09-30,0056,元大高股息,4408,303,4425,245,TWSE_MI_MARGN_DAILY_MARGIN_TRADING,2026-08-20T07:48:39.119Z
2025-10-01,0056,元大高股息,4130,304,4408,303,TWSE_MI_MARGN_DAILY_MARGIN_TRADING,2026-08-20T07:48:39.119Z
2025-10-02,0056,元大高股息,4302,235,4130,304,TWSE_MI_MARGN_DAILY_MARGIN_TRADING,2026-08-20T07:48:39.119Z
2025-10-03,0056,元大高股息,4421,210,4302,235,TWSE_MI_MARGN_DAILY_MARGIN_TRADING,2026-08-20T07:48:39.119Z
2025-10-07,0056,元大高股息,4501,199,4421,210,TWSE_MI_MARGN_DAILY_MARGIN_TRADING,2026-08-20T07:48:39.119Z
2025-10-08,0056,元大高股息,4252,200,4501,199,TWSE_MI_MARGN_DAILY_MARGIN_TRADING,2026-08-20T07:48:39.119Z
2025-10-09,0056,元大高股息,4519,181,4252,200,TWSE_MI_MARGN_DAILY_MARGIN_TRADING,2026-08-20T07:48:39.119Z
2025-10-13,0056,元大高股息,5265,85,4519,181,TWSE_MI_MARGN_DAILY_MARGIN_TRADING,2026-08-20T07:48:39.119Z
2025-10-14,0056,元大高股息,5530,62,5265,85,TWSE_MI_MARGN_DAILY_MARGIN_TRADING,2026-08-20T07:48:39.119Z
2025-10-15,0056,元大高股息,5928,53,5530,62,TWSE_MI_MARGN_DAILY_MARGIN_TRADING,2026-08-20T07:48:39.119Z
2025-10-16,0056,元大高股息,5893,31,5928,53,TWSE_MI_MARGN_DAILY_MARGIN_TRADING,2026-08-20T07:48:39.119Z
2025-10-17,0056,元大高股息,6494,3,5893,31,TWSE_MI_MARGN_DAILY_MARGIN_TRADING,2026-08-20T07:48:39.119Z
2025-10-20,0056,元大高股息,6263,0,6494,3,TWSE_MI_MARGN_DAILY_MARGIN_TRADING,2026-08-20T07:48:39.119Z
2025-10-21,0056,元大高股息,6335,0,6263,0,TWSE_MI_MARGN_DAILY_MARGIN_TRADING,2026-08-20T07:48:39.119Z
2025-10-22,0056,元大高股息,6816,0,6335,0,TWSE_MI_MARGN_DAILY_MARGIN_TRADING,2026-08-20T07:48:39.119Z
2025-10-23,0056,元大高股息,6451,1,6816,0,TWSE_MI_MARGN_DAILY_MARGIN_TRADING,2026-08-20T07:48:39.119Z
2025-10-27,0056,元大高股息,5792,61,6451,1,TWSE_MI_MARGN_DAILY_MARGIN_TRADING,2026-08-20T07:48:39.119Z
2025-10-28,0056,元大高股息,5561,70,5792,61,TWSE_MI_MARGN_DAILY_MARGIN_TRADING,2026-08-20T07:48:39.119Z
2025-10-29,0056,元大高股息,4894,95,5561,70,TWSE_MI_MARGN_DAILY_MARGIN_TRADING,2026-08-20T07:48:39.119Z
2025-10-30,0056,元大高股息,4871,91,4894,95,TWSE_MI_MARGN_DAILY_MARGIN_TRADING,2026-08-20T07:48:39.119Z
2025-10-31,0056,元大高股息,4706,91,4871,91,TWSE_MI_MARGN_DAILY_MARGIN_TRADING,2026-08-20T07:48:39.119Z
2025-11-03,0056,元大高股息,4431,90,4706,91,TWSE_MI_MARGN_DAILY_MARGIN_TRADING,2026-08-20T07:48:39.119Z
2025-11-04,0056,元大高股息,4422,57,4431,90,TWSE_MI_MARGN_DAILY_MARGIN_TRADING,2026-08-20T07:48:39.119Z
2025-11-05,0056,元大高股息,4719,27,4422,57,TWSE_MI_MARGN_DAILY_MARGIN_TRADING,2026-08-20T07:48:39.119Z
2025-11-06,0056,元大高股息,4724,66,4719,27,TWSE_MI_MARGN_DAILY_MARGIN_TRADING,2026-08-20T07:48:39.119Z
2025-11-07,0056,元大高股息,5270,56,4724,66,TWSE_MI_MARGN_DAILY_MARGIN_TRADING,2026-08-20T07:48:39.119Z
2025-11-10,0056,元大高股息,5331,58,5270,56,TWSE_MI_MARGN_DAILY_MARGIN_TRADING,2026-08-20T07:48:39.119Z
2025-11-11,0056,元大高股息,5183,57,5331,58,TWSE_MI_MARGN_DAILY_MARGIN_TRADING,2026-08-20T07:48:39.119Z
2025-11-12,0056,元大高股息,5229,64,5183,57,TWSE_MI_MARGN_DAILY_MARGIN_TRADING,2026-08-20T07:48:39.119Z
2025-11-13,0056,元大高股息,5155,25,5229,64,TWSE_MI_MARGN_DAILY_MARGIN_TRADING,2026-08-20T07:48:39.119Z
2025-11-14,0056,元大高股息,5444,29,5155,25,TWSE_MI_MARGN_DAILY_MARGIN_TRADING,2026-08-20T07:48:39.119Z
2025-11-17,0056,元大高股息,5677,87,5444,29,TWSE_MI_MARGN_DAILY_MARGIN_TRADING,2026-08-20T07:48:39.119Z
2025-11-18,0056,元大高股息,6156,86,5677,87,TWSE_MI_MARGN_DAILY_MARGIN_TRADING,2026-08-20T07:48:39.119Z
2025-11-19,0056,元大高股息,6337,233,6156,86,TWSE_MI_MARGN_DAILY_MARGIN_TRADING,2026-08-20T07:48:39.119Z
2025-11-20,0056,元大高股息,6246,262,6337,233,TWSE_MI_MARGN_DAILY_MARGIN_TRADING,2026-08-20T07:48:39.119Z
2025-11-21,0056,元大高股息,6345,360,6246,262,TWSE_MI_MARGN_DAILY_MARGIN_TRADING,2026-08-20T07:48:39.119Z
2025-11-24,0056,元大高股息,6224,359,6345,360,TWSE_MI_MARGN_DAILY_MARGIN_TRADING,2026-08-20T07:48:39.119Z
2025-11-25,0056,元大高股息,6291,361,6224,359,TWSE_MI_MARGN_DAILY_MARGIN_TRADING,2026-08-20T07:48:39.119Z
2025-11-26,0056,元大高股息,6099,367,6291,361,TWSE_MI_MARGN_DAILY_MARGIN_TRADING,2026-08-20T07:48:39.119Z
2025-11-27,0056,元大高股息,6053,319,6099,367,TWSE_MI_MARGN_DAILY_MARGIN_TRADING,2026-08-20T07:48:39.119Z
2025-11-28,0056,元大高股息,5989,327,6053,319,TWSE_MI_MARGN_DAILY_MARGIN_TRADING,2026-08-20T07:48:39.119Z
2025-12-01,0056,元大高股息,5887,333,5989,327,TWSE_MI_MARGN_DAILY_MARGIN_TRADING,2026-08-20T07:48:39.119Z
2025-12-02,0056,元大高股息,5880,335,5887,333,TWSE_MI_MARGN_DAILY_MARGIN_TRADING,2026-08-20T07:48:39.119Z
2025-12-03,0056,元大高股息,5800,302,5880,335,TWSE_MI_MARGN_DAILY_MARGIN_TRADING,2026-08-20T07:48:39.119Z
2025-12-04,0056,元大高股息,5771,304,5800,302,TWSE_MI_MARGN_DAILY_MARGIN_TRADING,2026-08-20T07:48:39.119Z
2025-12-05,0056,元大高股息,5562,315,5771,304,TWSE_MI_MARGN_DAILY_MARGIN_TRADING,2026-08-20T07:48:39.119Z
2025-12-08,0056,元大高股息,5476,327,5562,315,TWSE_MI_MARGN_DAILY_MARGIN_TRADING,2026-08-20T07:48:39.119Z
2025-12-09,0056,元大高股息,5468,317,5476,327,TWSE_MI_MARGN_DAILY_MARGIN_TRADING,2026-08-20T07:48:39.119Z
2025-12-10,0056,元大高股息,5473,320,5468,317,TWSE_MI_MARGN_DAILY_MARGIN_TRADING,2026-08-20T07:48:39.119Z
2025-12-11,0056,元大高股息,5565,310,5473,320,TWSE_MI_MARGN_DAILY_MARGIN_TRADING,2026-08-20T07:48:39.119Z
2025-12-12,0056,元大高股息,5469,330,5565,310,TWSE_MI_MARGN_DAILY_MARGIN_TRADING,2026-08-20T07:48:39.119Z
2025-12-15,0056,元大高股息,5620,310,5469,330,TWSE_MI_MARGN_DAILY_MARGIN_TRADING,2026-08-20T07:48:39.119Z
2025-12-16,0056,元大高股息,5739,343,5620,310,TWSE_MI_MARGN_DAILY_MARGIN_TRADING,2026-08-20T07:48:39.119Z
2025-12-17,0056,元大高股息,5827,346,5739,343,TWSE_MI_MARGN_DAILY_MARGIN_TRADING,2026-08-20T07:48:39.119Z
2025-12-18,0056,元大高股息,6062,340,5827,346,TWSE_MI_MARGN_DAILY_MARGIN_TRADING,2026-08-20T07:48:39.119Z
2025-12-19,0056,元大高股息,6112,338,6062,340,TWSE_MI_MARGN_DAILY_MARGIN_TRADING,2026-08-20T07:48:39.119Z
2025-12-22,0056,元大高股息,6050,342,6112,338,TWSE_MI_MARGN_DAILY_MARGIN_TRADING,2026-08-20T07:48:39.119Z
2025-12-23,0056,元大高股息,6238,346,6050,342,TWSE_MI_MARGN_DAILY_MARGIN_TRADING,2026-08-20T07:48:39.119Z
2025-12-24,0056,元大高股息,6283,339,6238,346,TWSE_MI_MARGN_DAILY_MARGIN_TRADING,2026-08-20T07:48:39.119Z
2025-12-26,0056,元大高股息,6737,340,6283,339,TWSE_MI_MARGN_DAILY_MARGIN_TRADING,2026-08-20T07:48:39.119Z
2025-12-29,0056,元大高股息,6709,355,6737,340,TWSE_MI_MARGN_DAILY_MARGIN_TRADING,2026-08-20T07:48:39.119Z
2025-12-30,0056,元大高股息,6965,372,6709,355,TWSE_MI_MARGN_DAILY_MARGIN_TRADING,2026-08-20T07:48:39.119Z
2025-12-31,0056,元大高股息,6553,372,6965,372,TWSE_MI_MARGN_DAILY_MARGIN_TRADING,2026-08-20T07:48:39.119Z
2026-01-02,0056,元大高股息,6249,347,6553,372,TWSE_MI_MARGN_DAILY_MARGIN_TRADING,2026-08-20T07:48:39.119Z
2026-01-05,0056,元大高股息,6266,348,6249,347,TWSE_MI_MARGN_DAILY_MARGIN_TRADING,2026-08-20T07:48:39.119Z
2026-01-06,0056,元大高股息,6291,356,6266,348,TWSE_MI_MARGN_DAILY_MARGIN_TRADING,2026-08-20T07:48:39.119Z
2026-01-07,0056,元大高股息,5713,70,6291,356,TWSE_MI_MARGN_DAILY_MARGIN_TRADING,2026-08-20T07:48:39.119Z
2026-01-08,0056,元大高股息,5831,61,5713,70,TWSE_MI_MARGN_DAILY_MARGIN_TRADING,2026-08-20T07:48:39.119Z
2026-01-09,0056,元大高股息,5720,60,5831,61,TWSE_MI_MARGN_DAILY_MARGIN_TRADING,2026-08-20T07:48:39.119Z
2026-01-12,0056,元大高股息,5712,70,5720,60,TWSE_MI_MARGN_DAILY_MARGIN_TRADING,2026-08-20T07:48:39.119Z
2026-01-13,0056,元大高股息,5355,59,5712,70,TWSE_MI_MARGN_DAILY_MARGIN_TRADING,2026-08-20T07:48:39.119Z
2026-01-14,0056,元大高股息,5245,54,5355,59,TWSE_MI_MARGN_DAILY_MARGIN_TRADING,2026-08-20T07:48:39.119Z
2026-01-15,0056,元大高股息,5149,55,5245,54,TWSE_MI_MARGN_DAILY_MARGIN_TRADING,2026-08-20T07:48:39.119Z
2026-01-16,0056,元大高股息,5361,0,5149,55,TWSE_MI_MARGN_DAILY_MARGIN_TRADING,2026-08-20T07:48:39.119Z
2026-01-19,0056,元大高股息,5856,0,5361,0,TWSE_MI_MARGN_DAILY_MARGIN_TRADING,2026-08-20T07:48:39.119Z
2026-01-20,0056,元大高股息,6808,0,5856,0,TWSE_MI_MARGN_DAILY_MARGIN_TRADING,2026-08-20T07:48:39.119Z
2026-01-21,0056,元大高股息,7854,0,6808,0,TWSE_MI_MARGN_DAILY_MARGIN_TRADING,2026-08-20T07:48:39.119Z
2026-01-22,0056,元大高股息,6573,33,7854,0,TWSE_MI_MARGN_DAILY_MARGIN_TRADING,2026-08-20T07:48:39.119Z
2026-01-23,0056,元大高股息,6289,41,6573,33,TWSE_MI_MARGN_DAILY_MARGIN_TRADING,2026-08-20T07:48:39.119Z
2026-01-26,0056,元大高股息,5354,66,6289,41,TWSE_MI_MARGN_DAILY_MARGIN_TRADING,2026-08-20T07:48:39.119Z
2026-01-27,0056,元大高股息,4622,41,5354,66,TWSE_MI_MARGN_DAILY_MARGIN_TRADING,2026-08-20T07:48:39.119Z
2026-01-28,0056,元大高股息,4501,43,4622,41,TWSE_MI_MARGN_DAILY_MARGIN_TRADING,2026-08-20T07:48:39.119Z
2026-01-29,0056,元大高股息,4324,31,4501,43,TWSE_MI_MARGN_DAILY_MARGIN_TRADING,2026-08-20T07:48:39.119Z
2026-01-30,0056,元大高股息,4605,30,4324,31,TWSE_MI_MARGN_DAILY_MARGIN_TRADING,2026-08-20T07:48:39.119Z
2026-02-02,0056,元大高股息,4771,24,4605,30,TWSE_MI_MARGN_DAILY_MARGIN_TRADING,2026-08-20T07:48:39.119Z
2026-02-03,0056,元大高股息,4602,26,4771,24,TWSE_MI_MARGN_DAILY_MARGIN_TRADING,2026-08-20T07:48:39.119Z
2026-02-04,0056,元大高股息,4450,66,4602,26,TWSE_MI_MARGN_DAILY_MARGIN_TRADING,2026-08-20T07:48:39.119Z
2026-02-05,0056,元大高股息,4434,77,4450,66,TWSE_MI_MARGN_DAILY_MARGIN_TRADING,2026-08-20T07:48:39.119Z
2026-02-06,0056,元大高股息,4360,74,4434,77,TWSE_MI_MARGN_DAILY_MARGIN_TRADING,2026-08-20T07:48:39.119Z
2026-02-09,0056,元大高股息,4227,86,4360,74,TWSE_MI_MARGN_DAILY_MARGIN_TRADING,2026-08-20T07:48:39.119Z
2026-02-10,0056,元大高股息,4030,147,4227,86,TWSE_MI_MARGN_DAILY_MARGIN_TRADING,2026-08-20T07:48:39.119Z
2026-02-11,0056,元大高股息,3625,244,4030,147,TWSE_MI_MARGN_DAILY_MARGIN_TRADING,2026-08-20T07:48:39.119Z
2026-02-23,0056,元大高股息,3414,282,3625,244,TWSE_MI_MARGN_DAILY_MARGIN_TRADING,2026-08-20T07:48:39.119Z
2026-02-24,0056,元大高股息,3186,289,3414,282,TWSE_MI_MARGN_DAILY_MARGIN_TRADING,2026-08-20T07:48:39.119Z
2026-02-25,0056,元大高股息,3062,297,3186,289,TWSE_MI_MARGN_DAILY_MARGIN_TRADING,2026-08-20T07:48:39.119Z
2026-02-26,0056,元大高股息,3176,300,3062,297,TWSE_MI_MARGN_DAILY_MARGIN_TRADING,2026-08-20T07:48:39.119Z
2026-03-02,0056,元大高股息,3278,237,3176,300,TWSE_MI_MARGN_DAILY_MARGIN_TRADING,2026-08-20T07:48:39.119Z
2026-03-03,0056,元大高股息,3234,366,3278,237,TWSE_MI_MARGN_DAILY_MARGIN_TRADING,2026-08-20T07:48:39.119Z
2026-03-04,0056,元大高股息,3512,180,3234,366,TWSE_MI_MARGN_DAILY_MARGIN_TRADING,2026-08-20T07:48:39.119Z
2026-03-05,0056,元大高股息,3407,217,3512,180,TWSE_MI_MARGN_DAILY_MARGIN_TRADING,2026-08-20T07:48:39.119Z
2026-03-06,0056,元大高股息,3420,208,3407,217,TWSE_MI_MARGN_DAILY_MARGIN_TRADING,2026-08-20T07:48:39.119Z
2026-03-09,0056,元大高股息,3903,118,3420,208,TWSE_MI_MARGN_DAILY_MARGIN_TRADING,2026-08-20T07:48:39.119Z
2026-03-10,0056,元大高股息,3948,97,3903,118,TWSE_MI_MARGN_DAILY_MARGIN_TRADING,2026-08-20T07:48:39.119Z
2026-03-11,0056,元大高股息,3777,42,3948,97,TWSE_MI_MARGN_DAILY_MARGIN_TRADING,2026-08-20T07:48:39.119Z
2026-03-12,0056,元大高股息,3876,72,3777,42,TWSE_MI_MARGN_DAILY_MARGIN_TRADING,2026-08-20T07:48:39.119Z
2026-03-13,0056,元大高股息,3807,174,3876,72,TWSE_MI_MARGN_DAILY_MARGIN_TRADING,2026-08-20T07:48:39.119Z
2026-03-16,0056,元大高股息,3795,183,3807,174,TWSE_MI_MARGN_DAILY_MARGIN_TRADING,2026-08-20T07:48:39.119Z
2026-03-17,0056,元大高股息,3669,184,3795,183,TWSE_MI_MARGN_DAILY_MARGIN_TRADING,2026-08-20T07:48:39.119Z
2026-03-18,0056,元大高股息,3705,196,3669,184,TWSE_MI_MARGN_DAILY_MARGIN_TRADING,2026-08-20T07:48:39.119Z
2026-03-19,0056,元大高股息,3861,124,3705,196,TWSE_MI_MARGN_DAILY_MARGIN_TRADING,2026-08-20T07:48:39.119Z
2026-03-20,0056,元大高股息,3982,125,3861,124,TWSE_MI_MARGN_DAILY_MARGIN_TRADING,2026-08-20T07:48:39.119Z
2026-03-23,0056,元大高股息,4126,115,3982,125,TWSE_MI_MARGN_DAILY_MARGIN_TRADING,2026-08-20T07:48:39.119Z
2026-03-24,0056,元大高股息,4228,157,4126,115,TWSE_MI_MARGN_DAILY_MARGIN_TRADING,2026-08-20T07:48:39.119Z
2026-03-25,0056,元大高股息,4180,167,4228,157,TWSE_MI_MARGN_DAILY_MARGIN_TRADING,2026-08-20T07:48:39.119Z
2026-03-26,0056,元大高股息,4157,171,4180,167,TWSE_MI_MARGN_DAILY_MARGIN_TRADING,2026-08-20T07:48:39.119Z
2026-03-27,0056,元大高股息,4432,125,4157,171,TWSE_MI_MARGN_DAILY_MARGIN_TRADING,2026-08-20T07:48:39.119Z
2026-03-30,0056,元大高股息,4775,305,4432,125,TWSE_MI_MARGN_DAILY_MARGIN_TRADING,2026-08-20T07:48:39.119Z
2026-03-31,0056,元大高股息,4934,362,4775,305,TWSE_MI_MARGN_DAILY_MARGIN_TRADING,2026-08-20T07:48:39.119Z
2026-04-01,0056,元大高股息,4547,116,4934,362,TWSE_MI_MARGN_DAILY_MARGIN_TRADING,2026-08-20T07:48:39.119Z
2026-04-02,0056,元大高股息,4935,114,4547,116,TWSE_MI_MARGN_DAILY_MARGIN_TRADING,2026-08-20T07:48:39.119Z
2026-04-07,0056,元大高股息,5283,111,4935,114,TWSE_MI_MARGN_DAILY_MARGIN_TRADING,2026-08-20T07:48:39.119Z
2026-04-08,0056,元大高股息,5016,107,5283,111,TWSE_MI_MARGN_DAILY_MARGIN_TRADING,2026-08-20T07:48:39.119Z
2026-04-09,0056,元大高股息,4791,108,5085,107,TWSE_MI_MARGN_DAILY_MARGIN_TRADING,2026-08-20T07:48:39.119Z
2026-04-10,0056,元大高股息,6194,117,4791,108,TWSE_MI_MARGN_DAILY_MARGIN_TRADING,2026-08-20T07:48:39.119Z
2026-04-13,0056,元大高股息,5925,118,6194,117,TWSE_MI_MARGN_DAILY_MARGIN_TRADING,2026-08-20T07:48:39.119Z
2026-04-14,0056,元大高股息,6007,118,5925,118,TWSE_MI_MARGN_DAILY_MARGIN_TRADING,2026-08-20T07:48:39.119Z
2026-04-15,0056,元大高股息,5933,72,6007,118,TWSE_MI_MARGN_DAILY_MARGIN_TRADING,2026-08-20T07:48:39.119Z
2026-04-16,0056,元大高股息,4942,70,5933,72,TWSE_MI_MARGN_DAILY_MARGIN_TRADING,2026-08-20T07:48:39.119Z
2026-04-17,0056,元大高股息,4764,0,4942,70,TWSE_MI_MARGN_DAILY_MARGIN_TRADING,2026-08-20T07:48:39.119Z
2026-04-20,0056,元大高股息,5221,0,4764,0,TWSE_MI_MARGN_DAILY_MARGIN_TRADING,2026-08-20T07:48:39.119Z
2026-04-21,0056,元大高股息,6075,0,5221,0,TWSE_MI_MARGN_DAILY_MARGIN_TRADING,2026-08-20T07:48:39.119Z
2026-04-22,0056,元大高股息,6758,0,6075,0,TWSE_MI_MARGN_DAILY_MARGIN_TRADING,2026-08-20T07:48:39.119Z
2026-04-23,0056,元大高股息,5685,38,6758,0,TWSE_MI_MARGN_DAILY_MARGIN_TRADING,2026-08-20T07:48:39.119Z
2026-04-24,0056,元大高股息,5639,60,5685,38,TWSE_MI_MARGN_DAILY_MARGIN_TRADING,2026-08-20T07:48:39.119Z
2026-04-27,0056,元大高股息,5323,74,5639,60,TWSE_MI_MARGN_DAILY_MARGIN_TRADING,2026-08-20T07:48:39.119Z
2026-04-28,0056,元大高股息,5329,85,5323,74,TWSE_MI_MARGN_DAILY_MARGIN_TRADING,2026-08-20T07:48:39.119Z
2026-04-29,0056,元大高股息,5031,82,5329,85,TWSE_MI_MARGN_DAILY_MARGIN_TRADING,2026-08-20T07:48:39.119Z
2026-04-30,0056,元大高股息,4820,93,5031,82,TWSE_MI_MARGN_DAILY_MARGIN_TRADING,2026-08-20T07:48:39.119Z
2026-05-04,0056,元大高股息,4284,124,4820,93,TWSE_MI_MARGN_DAILY_MARGIN_TRADING,2026-08-20T07:48:39.119Z
2026-05-05,0056,元大高股息,3377,153,4284,124,TWSE_MI_MARGN_DAILY_MARGIN_TRADING,2026-08-20T07:48:39.119Z
2026-05-06,0056,元大高股息,3263,141,3377,153,TWSE_MI_MARGN_DAILY_MARGIN_TRADING,2026-08-20T07:48:39.119Z
2026-05-07,0056,元大高股息,2663,205,3263,141,TWSE_MI_MARGN_DAILY_MARGIN_TRADING,2026-08-20T07:48:39.119Z
2026-05-08,0056,元大高股息,2672,207,2663,205,TWSE_MI_MARGN_DAILY_MARGIN_TRADING,2026-08-20T07:48:39.119Z
2026-05-11,0056,元大高股息,2869,230,2672,207,TWSE_MI_MARGN_DAILY_MARGIN_TRADING,2026-08-20T07:48:39.119Z
2026-05-12,0056,元大高股息,2820,262,2869,230,TWSE_MI_MARGN_DAILY_MARGIN_TRADING,2026-08-20T07:48:39.119Z
2026-05-13,0056,元大高股息,2663,280,2820,262,TWSE_MI_MARGN_DAILY_MARGIN_TRADING,2026-08-20T07:48:39.119Z
2026-05-14,0056,元大高股息,2653,220,2663,280,TWSE_MI_MARGN_DAILY_MARGIN_TRADING,2026-08-20T07:48:39.119Z
2026-05-15,0056,元大高股息,2654,206,2653,220,TWSE_MI_MARGN_DAILY_MARGIN_TRADING,2026-08-20T07:48:39.119Z
2026-05-18,0056,元大高股息,2920,110,2654,206,TWSE_MI_MARGN_DAILY_MARGIN_TRADING,2026-08-20T07:48:39.119Z
2026-05-19,0056,元大高股息,2507,96,2920,110,TWSE_MI_MARGN_DAILY_MARGIN_TRADING,2026-08-20T07:48:39.119Z
2026-05-20,0056,元大高股息,2569,99,2507,96,TWSE_MI_MARGN_DAILY_MARGIN_TRADING,2026-08-20T07:48:39.119Z
2026-05-21,0056,元大高股息,2886,111,2569,99,TWSE_MI_MARGN_DAILY_MARGIN_TRADING,2026-08-20T07:48:39.119Z
2026-05-22,0056,元大高股息,2782,168,2886,111,TWSE_MI_MARGN_DAILY_MARGIN_TRADING,2026-08-20T07:48:39.119Z
2026-05-25,0056,元大高股息,3243,271,2782,168,TWSE_MI_MARGN_DAILY_MARGIN_TRADING,2026-08-20T07:48:39.119Z
2026-05-26,0056,元大高股息,3101,272,3243,271,TWSE_MI_MARGN_DAILY_MARGIN_TRADING,2026-08-20T07:48:39.119Z
2026-05-27,0056,元大高股息,3240,298,3101,272,TWSE_MI_MARGN_DAILY_MARGIN_TRADING,2026-08-20T07:48:39.119Z
2026-05-28,0056,元大高股息,2884,280,3240,298,TWSE_MI_MARGN_DAILY_MARGIN_TRADING,2026-08-20T07:48:39.119Z
2026-05-29,0056,元大高股息,3213,340,2884,280,TWSE_MI_MARGN_DAILY_MARGIN_TRADING,2026-08-20T07:48:39.119Z
2026-06-01,0056,元大高股息,3738,356,3213,340,TWSE_MI_MARGN_DAILY_MARGIN_TRADING,2026-08-20T07:48:39.119Z
2026-06-02,0056,元大高股息,3453,356,3738,356,TWSE_MI_MARGN_DAILY_MARGIN_TRADING,2026-08-20T07:48:39.119Z
2026-06-03,0056,元大高股息,3446,369,3453,356,TWSE_MI_MARGN_DAILY_MARGIN_TRADING,2026-08-20T07:48:39.119Z
2026-06-04,0056,元大高股息,3657,347,3446,369,TWSE_MI_MARGN_DAILY_MARGIN_TRADING,2026-08-20T07:48:39.119Z
2026-06-05,0056,元大高股息,3690,338,3657,347,TWSE_MI_MARGN_DAILY_MARGIN_TRADING,2026-08-20T07:48:39.119Z
2026-06-08,0056,元大高股息,4479,196,3690,338,TWSE_MI_MARGN_DAILY_MARGIN_TRADING,2026-08-20T07:48:39.119Z
2026-06-09,0056,元大高股息,4049,200,4479,196,TWSE_MI_MARGN_DAILY_MARGIN_TRADING,2026-08-20T07:48:39.119Z
2026-06-10,0056,元大高股息,4275,215,4049,200,TWSE_MI_MARGN_DAILY_MARGIN_TRADING,2026-08-20T07:48:39.119Z
2026-06-11,0056,元大高股息,4466,206,4275,215,TWSE_MI_MARGN_DAILY_MARGIN_TRADING,2026-08-20T07:48:39.119Z
2026-06-12,0056,元大高股息,4478,208,4466,206,TWSE_MI_MARGN_DAILY_MARGIN_TRADING,2026-08-20T07:48:39.119Z
2026-06-15,0056,元大高股息,4401,244,4478,208,TWSE_MI_MARGN_DAILY_MARGIN_TRADING,2026-08-20T07:48:39.119Z
2026-06-16,0056,元大高股息,4385,244,4401,244,TWSE_MI_MARGN_DAILY_MARGIN_TRADING,2026-08-20T07:48:39.119Z
2026-06-17,0056,元大高股息,4345,245,4385,244,TWSE_MI_MARGN_DAILY_MARGIN_TRADING,2026-08-20T07:48:39.119Z
2026-06-18,0056,元大高股息,4384,248,4345,245,TWSE_MI_MARGN_DAILY_MARGIN_TRADING,2026-08-20T07:48:39.119Z
2026-06-22,0056,元大高股息,4416,258,4384,248,TWSE_MI_MARGN_DAILY_MARGIN_TRADING,2026-08-20T07:48:39.119Z
2026-06-23,0056,元大高股息,4560,207,4416,258,TWSE_MI_MARGN_DAILY_MARGIN_TRADING,2026-08-20T07:48:39.119Z
2026-06-24,0056,元大高股息,4947,117,4560,207,TWSE_MI_MARGN_DAILY_MARGIN_TRADING,2026-08-20T07:48:39.119Z
2026-06-25,0056,元大高股息,4984,119,4947,117,TWSE_MI_MARGN_DAILY_MARGIN_TRADING,2026-08-20T07:48:39.119Z
2026-06-26,0056,元大高股息,4988,113,4984,119,TWSE_MI_MARGN_DAILY_MARGIN_TRADING,2026-08-20T07:48:39.119Z
2026-06-29,0056,元大高股息,5172,129,4988,113,TWSE_MI_MARGN_DAILY_MARGIN_TRADING,2026-08-20T07:48:39.119Z
2026-06-30,0056,元大高股息,5399,110,5172,129,TWSE_MI_MARGN_DAILY_MARGIN_TRADING,2026-08-20T07:48:39.119Z
2026-07-01,0056,元大高股息,5958,113,5399,110,TWSE_MI_MARGN_DAILY_MARGIN_TRADING,2026-08-20T07:48:39.119Z
2026-07-02,0056,元大高股息,6614,81,5958,113,TWSE_MI_MARGN_DAILY_MARGIN_TRADING,2026-08-20T07:48:39.119Z
2026-07-03,0056,元大高股息,7691,94,6614,81,TWSE_MI_MARGN_DAILY_MARGIN_TRADING,2026-08-20T07:48:39.119Z
2026-07-06,0056,元大高股息,7595,95,7691,94,TWSE_MI_MARGN_DAILY_MARGIN_TRADING,2026-08-20T07:48:39.119Z
2026-07-07,0056,元大高股息,7449,53,7595,95,TWSE_MI_MARGN_DAILY_MARGIN_TRADING,2026-08-20T07:48:39.119Z
2026-07-08,0056,元大高股息,7701,48,7449,53,TWSE_MI_MARGN_DAILY_MARGIN_TRADING,2026-08-20T07:48:39.119Z
2026-07-09,0056,元大高股息,7865,45,7701,48,TWSE_MI_MARGN_DAILY_MARGIN_TRADING,2026-08-20T07:48:39.119Z
2026-07-13,0056,元大高股息,7860,26,7865,45,TWSE_MI_MARGN_DAILY_MARGIN_TRADING,2026-08-20T07:48:39.119Z
2026-07-14,0056,元大高股息,8452,3,7860,26,TWSE_MI_MARGN_DAILY_MARGIN_TRADING,2026-08-20T07:48:39.119Z
2026-07-15,0056,元大高股息,7918,0,8452,3,TWSE_MI_MARGN_DAILY_MARGIN_TRADING,2026-08-20T07:48:39.119Z
2026-07-16,0056,元大高股息,8320,0,7918,0,TWSE_MI_MARGN_DAILY_MARGIN_TRADING,2026-08-20T07:48:39.119Z
2026-07-17,0056,元大高股息,9667,0,8320,0,TWSE_MI_MARGN_DAILY_MARGIN_TRADING,2026-08-20T07:48:39.119Z
2026-07-20,0056,元大高股息,10604,0,9667,0,TWSE_MI_MARGN_DAILY_MARGIN_TRADING,2026-08-20T07:48:39.119Z
2026-07-21,0056,元大高股息,10531,14,10604,0,TWSE_MI_MARGN_DAILY_MARGIN_TRADING,2026-08-20T07:48:39.119Z
2026-07-22,0056,元大高股息,8853,19,10531,14,TWSE_MI_MARGN_DAILY_MARGIN_TRADING,2026-08-20T07:48:39.119Z
2026-07-23,0056,元大高股息,8589,20,8853,19,TWSE_MI_MARGN_DAILY_MARGIN_TRADING,2026-08-20T07:48:39.119Z
2026-07-24,0056,元大高股息,8665,23,8589,20,TWSE_MI_MARGN_DAILY_MARGIN_TRADING,2026-08-20T07:48:39.119Z
2026-07-27,0056,元大高股息,8833,23,8665,23,TWSE_MI_MARGN_DAILY_MARGIN_TRADING,2026-08-20T07:48:39.119Z
2026-07-28,0056,元大高股息,8979,65,8833,23,TWSE_MI_MARGN_DAILY_MARGIN_TRADING,2026-08-20T07:48:39.119Z
2026-07-29,0056,元大高股息,9357,73,8979,65,TWSE_MI_MARGN_DAILY_MARGIN_TRADING,2026-08-20T07:48:39.119Z
2026-07-30,0056,元大高股息,9655,84,9357,73,TWSE_MI_MARGN_DAILY_MARGIN_TRADING,2026-08-20T07:48:39.119Z
2026-07-31,0056,元大高股息,9264,173,9655,84,TWSE_MI_MARGN_DAILY_MARGIN_TRADING,2026-08-20T07:48:39.119Z
2026-08-03,0056,元大高股息,8377,128,9264,173,TWSE_MI_MARGN_DAILY_MARGIN_TRADING,2026-08-20T07:48:39.119Z
2026-08-04,0056,元大高股息,8635,184,8377,128,TWSE_MI_MARGN_DAILY_MARGIN_TRADING,2026-08-20T07:48:39.119Z
2026-08-05,0056,元大高股息,7970,209,8635,184,TWSE_MI_MARGN_DAILY_MARGIN_TRADING,2026-08-20T07:48:39.119Z
2026-08-06,0056,元大高股息,8162,156,7970,209,TWSE_MI_MARGN_DAILY_MARGIN_TRADING,2026-08-20T07:48:39.119Z
2026-08-07,0056,元大高股息,8177,153,8162,156,TWSE_MI_MARGN_DAILY_MARGIN_TRADING,2026-08-20T07:48:39.119Z
2026-08-10,0056,元大高股息,6905,186,8177,153,TWSE_MI_MARGN_DAILY_MARGIN_TRADING,2026-08-20T07:48:39.119Z
2026-08-11,0056,元大高股息,6898,157,6905,186,TWSE_MI_MARGN_DAILY_MARGIN_TRADING,2026-08-20T07:48:39.119Z
