tradeDate,symbol,securityName,issuedShares,foreignHeldShares,foreignHoldingRatio,foreignRemainingInvestableShares,foreignRemainingInvestableRatio,statutoryInvestmentLimitRatio,sourceIdentity,sourceRetrievedAt
2020-01-02,0056,元大高股息,1075034000,4112628,0.38,1070921372,99.61,100,TWSE_MI_QFIIS_DAILY_FOREIGN_INVESTMENT,2026-08-20T13:54:35.121Z
2020-01-03,0056,元大高股息,1066034000,4116808,0.38,1061917192,99.61,100,TWSE_MI_QFIIS_DAILY_FOREIGN_INVESTMENT,2026-08-20T13:54:35.121Z
2020-01-06,0056,元大高股息,1067034000,4117876,0.38,1062916124,99.61,100,TWSE_MI_QFIIS_DAILY_FOREIGN_INVESTMENT,2026-08-20T13:54:35.121Z
2020-01-07,0056,元大高股息,1080534000,4125876,0.38,1076408124,99.61,100,TWSE_MI_QFIIS_DAILY_FOREIGN_INVESTMENT,2026-08-20T13:54:35.121Z
2020-01-08,0056,元大高股息,1089034000,4093876,0.37,1084940124,99.62,100,TWSE_MI_QFIIS_DAILY_FOREIGN_INVESTMENT,2026-08-20T13:54:35.121Z
2020-01-09,0056,元大高股息,1091534000,4097201,0.37,1087436799,99.62,100,TWSE_MI_QFIIS_DAILY_FOREIGN_INVESTMENT,2026-08-20T13:54:35.121Z
2020-01-10,0056,元大高股息,1093034000,4100201,0.37,1088933799,99.62,100,TWSE_MI_QFIIS_DAILY_FOREIGN_INVESTMENT,2026-08-20T13:54:35.121Z
2020-01-13,0056,元大高股息,1093034000,4104201,0.37,1088929799,99.62,100,TWSE_MI_QFIIS_DAILY_FOREIGN_INVESTMENT,2026-08-20T13:54:35.121Z
2020-01-14,0056,元大高股息,1093034000,4144201,0.37,1088889799,99.62,100,TWSE_MI_QFIIS_DAILY_FOREIGN_INVESTMENT,2026-08-20T13:54:35.121Z
2020-01-15,0056,元大高股息,1094034000,4186201,0.38,1089847799,99.61,100,TWSE_MI_QFIIS_DAILY_FOREIGN_INVESTMENT,2026-08-20T13:54:35.121Z
2020-01-16,0056,元大高股息,1096034000,4185201,0.38,1091848799,99.61,100,TWSE_MI_QFIIS_DAILY_FOREIGN_INVESTMENT,2026-08-20T13:54:35.121Z
2020-01-17,0056,元大高股息,1100534000,4193201,0.38,1096340799,99.61,100,TWSE_MI_QFIIS_DAILY_FOREIGN_INVESTMENT,2026-08-20T13:54:35.121Z
2020-01-20,0056,元大高股息,1101034000,4193201,0.38,1096840799,99.61,100,TWSE_MI_QFIIS_DAILY_FOREIGN_INVESTMENT,2026-08-20T13:54:35.121Z
2020-01-21,0056,元大高股息,1101034000,4193201,0.38,1096840799,99.61,100,TWSE_MI_QFIIS_DAILY_FOREIGN_INVESTMENT,2026-08-20T13:54:35.121Z
2020-01-22,0056,元大高股息,1101034000,4193201,0.38,1096840799,99.61,100,TWSE_MI_QFIIS_DAILY_FOREIGN_INVESTMENT,2026-08-20T13:54:35.121Z
2020-01-30,0056,元大高股息,1205534000,4273381,0.35,1201260619,99.64,100,TWSE_MI_QFIIS_DAILY_FOREIGN_INVESTMENT,2026-08-20T13:54:35.121Z
2020-01-31,0056,元大高股息,1235534000,4303381,0.34,1231230619,99.65,100,TWSE_MI_QFIIS_DAILY_FOREIGN_INVESTMENT,2026-08-20T13:54:35.121Z
2020-02-03,0056,元大高股息,1269034000,4321381,0.34,1264712619,99.65,100,TWSE_MI_QFIIS_DAILY_FOREIGN_INVESTMENT,2026-08-20T13:54:35.121Z
2020-02-04,0056,元大高股息,1272034000,4321381,0.33,1267712619,99.66,100,TWSE_MI_QFIIS_DAILY_FOREIGN_INVESTMENT,2026-08-20T13:54:35.121Z
2020-02-05,0056,元大高股息,1274034000,4326381,0.33,1269707619,99.66,100,TWSE_MI_QFIIS_DAILY_FOREIGN_INVESTMENT,2026-08-20T13:54:35.121Z
2020-02-06,0056,元大高股息,1272034000,4330381,0.34,1267703619,99.65,100,TWSE_MI_QFIIS_DAILY_FOREIGN_INVESTMENT,2026-08-20T13:54:35.121Z
2020-02-07,0056,元大高股息,1275034000,4332381,0.33,1270701619,99.66,100,TWSE_MI_QFIIS_DAILY_FOREIGN_INVESTMENT,2026-08-20T13:54:35.121Z
2020-02-10,0056,元大高股息,1282534000,4336381,0.33,1278197619,99.66,100,TWSE_MI_QFIIS_DAILY_FOREIGN_INVESTMENT,2026-08-20T13:54:35.121Z
2020-02-11,0056,元大高股息,1282534000,4336381,0.33,1278197619,99.66,100,TWSE_MI_QFIIS_DAILY_FOREIGN_INVESTMENT,2026-08-20T13:54:35.121Z
2020-02-12,0056,元大高股息,1278034000,4340450,0.33,1273693550,99.66,100,TWSE_MI_QFIIS_DAILY_FOREIGN_INVESTMENT,2026-08-20T13:54:35.121Z
2020-02-13,0056,元大高股息,1272034000,4350500,0.34,1267683500,99.65,100,TWSE_MI_QFIIS_DAILY_FOREIGN_INVESTMENT,2026-08-20T13:54:35.121Z
2020-02-14,0056,元大高股息,1268534000,4355500,0.34,1264178500,99.65,100,TWSE_MI_QFIIS_DAILY_FOREIGN_INVESTMENT,2026-08-20T13:54:35.121Z
2020-02-17,0056,元大高股息,1264034000,4356500,0.34,1259677500,99.65,100,TWSE_MI_QFIIS_DAILY_FOREIGN_INVESTMENT,2026-08-20T13:54:35.121Z
2020-02-18,0056,元大高股息,1261534000,4358500,0.34,1257175500,99.65,100,TWSE_MI_QFIIS_DAILY_FOREIGN_INVESTMENT,2026-08-20T13:54:35.121Z
2020-02-19,0056,元大高股息,1258534000,4358500,0.34,1254175500,99.65,100,TWSE_MI_QFIIS_DAILY_FOREIGN_INVESTMENT,2026-08-20T13:54:35.121Z
2020-02-20,0056,元大高股息,1256034000,4364500,0.34,1251669500,99.65,100,TWSE_MI_QFIIS_DAILY_FOREIGN_INVESTMENT,2026-08-20T13:54:35.121Z
2020-02-21,0056,元大高股息,1255534000,4362500,0.34,1251171500,99.65,100,TWSE_MI_QFIIS_DAILY_FOREIGN_INVESTMENT,2026-08-20T13:54:35.121Z
2020-02-24,0056,元大高股息,1261034000,4362500,0.34,1256671500,99.65,100,TWSE_MI_QFIIS_DAILY_FOREIGN_INVESTMENT,2026-08-20T13:54:35.121Z
2020-02-25,0056,元大高股息,1261534000,4362500,0.34,1257171500,99.65,100,TWSE_MI_QFIIS_DAILY_FOREIGN_INVESTMENT,2026-08-20T13:54:35.121Z
2020-02-26,0056,元大高股息,1289034000,4401500,0.34,1284632500,99.65,100,TWSE_MI_QFIIS_DAILY_FOREIGN_INVESTMENT,2026-08-20T13:54:35.121Z
2020-02-27,0056,元大高股息,1339034000,4456500,0.33,1334577500,99.66,100,TWSE_MI_QFIIS_DAILY_FOREIGN_INVESTMENT,2026-08-20T13:54:35.121Z
2020-03-02,0056,元大高股息,1375534000,4464500,0.32,1371069500,99.67,100,TWSE_MI_QFIIS_DAILY_FOREIGN_INVESTMENT,2026-08-20T13:54:35.121Z
2020-03-03,0056,元大高股息,1396034000,4483500,0.32,1391550500,99.67,100,TWSE_MI_QFIIS_DAILY_FOREIGN_INVESTMENT,2026-08-20T13:54:35.121Z
2020-03-04,0056,元大高股息,1414534000,4491500,0.31,1410042500,99.68,100,TWSE_MI_QFIIS_DAILY_FOREIGN_INVESTMENT,2026-08-20T13:54:35.121Z
2020-03-05,0056,元大高股息,1419034000,4497500,0.31,1414536500,99.68,100,TWSE_MI_QFIIS_DAILY_FOREIGN_INVESTMENT,2026-08-20T13:54:35.121Z
2020-03-06,0056,元大高股息,1441034000,4501500,0.31,1436532500,99.68,100,TWSE_MI_QFIIS_DAILY_FOREIGN_INVESTMENT,2026-08-20T13:54:35.121Z
2020-03-09,0056,元大高股息,1530534000,4544530,0.29,1525989470,99.7,100,TWSE_MI_QFIIS_DAILY_FOREIGN_INVESTMENT,2026-08-20T13:54:35.121Z
2020-03-10,0056,元大高股息,1587534000,4530530,0.28,1583003470,99.71,100,TWSE_MI_QFIIS_DAILY_FOREIGN_INVESTMENT,2026-08-20T13:54:35.121Z
2020-03-11,0056,元大高股息,1616534000,4558830,0.28,1611975170,99.71,100,TWSE_MI_QFIIS_DAILY_FOREIGN_INVESTMENT,2026-08-20T13:54:35.121Z
2020-03-12,0056,元大高股息,1754534000,4632860,0.26,1749901140,99.73,100,TWSE_MI_QFIIS_DAILY_FOREIGN_INVESTMENT,2026-08-20T13:54:35.121Z
2020-03-13,0056,元大高股息,1877034000,4686938,0.24,1872347062,99.75,100,TWSE_MI_QFIIS_DAILY_FOREIGN_INVESTMENT,2026-08-20T13:54:35.121Z
2020-03-16,0056,元大高股息,1946034000,4734938,0.24,1941299062,99.75,100,TWSE_MI_QFIIS_DAILY_FOREIGN_INVESTMENT,2026-08-20T13:54:35.121Z
2020-03-17,0056,元大高股息,2022534000,4774938,0.23,2017759062,99.76,100,TWSE_MI_QFIIS_DAILY_FOREIGN_INVESTMENT,2026-08-20T13:54:35.121Z
2020-03-18,0056,元大高股息,2084534000,4799963,0.23,2079734037,99.76,100,TWSE_MI_QFIIS_DAILY_FOREIGN_INVESTMENT,2026-08-20T13:54:35.121Z
2020-03-19,0056,元大高股息,2183534000,4827008,0.22,2178706992,99.77,100,TWSE_MI_QFIIS_DAILY_FOREIGN_INVESTMENT,2026-08-20T13:54:35.121Z
2020-03-20,0056,元大高股息,2220034000,4862008,0.21,2215171992,99.78,100,TWSE_MI_QFIIS_DAILY_FOREIGN_INVESTMENT,2026-08-20T13:54:35.121Z
2020-03-23,0056,元大高股息,2255034000,4885008,0.21,2250148992,99.78,100,TWSE_MI_QFIIS_DAILY_FOREIGN_INVESTMENT,2026-08-20T13:54:35.121Z
2020-03-24,0056,元大高股息,2255034000,4874458,0.21,2250159542,99.78,100,TWSE_MI_QFIIS_DAILY_FOREIGN_INVESTMENT,2026-08-20T13:54:35.121Z
2020-03-25,0056,元大高股息,2257034000,4885708,0.21,2252148292,99.78,100,TWSE_MI_QFIIS_DAILY_FOREIGN_INVESTMENT,2026-08-20T13:54:35.121Z
2020-03-26,0056,元大高股息,2254034000,4937958,0.21,2249096042,99.78,100,TWSE_MI_QFIIS_DAILY_FOREIGN_INVESTMENT,2026-08-20T13:54:35.121Z
2020-03-27,0056,元大高股息,2247034000,4996058,0.22,2242037942,99.77,100,TWSE_MI_QFIIS_DAILY_FOREIGN_INVESTMENT,2026-08-20T13:54:35.121Z
2020-03-30,0056,元大高股息,2249534000,5008058,0.22,2244525942,99.77,100,TWSE_MI_QFIIS_DAILY_FOREIGN_INVESTMENT,2026-08-20T13:54:35.121Z
2020-03-31,0056,元大高股息,2249534000,5007058,0.22,2244526942,99.77,100,TWSE_MI_QFIIS_DAILY_FOREIGN_INVESTMENT,2026-08-20T13:54:35.121Z
2020-04-01,0056,元大高股息,2252034000,4985058,0.22,2247048942,99.77,100,TWSE_MI_QFIIS_DAILY_FOREIGN_INVESTMENT,2026-08-20T13:54:35.121Z
2020-04-06,0056,元大高股息,2252534000,5003058,0.22,2247530942,99.77,100,TWSE_MI_QFIIS_DAILY_FOREIGN_INVESTMENT,2026-08-20T13:54:35.121Z
2020-04-07,0056,元大高股息,2252034000,5000058,0.22,2247033942,99.77,100,TWSE_MI_QFIIS_DAILY_FOREIGN_INVESTMENT,2026-08-20T13:54:35.121Z
2020-04-08,0056,元大高股息,2252034000,5610058,0.24,2246423942,99.75,100,TWSE_MI_QFIIS_DAILY_FOREIGN_INVESTMENT,2026-08-20T13:54:35.121Z
2020-04-09,0056,元大高股息,2249034000,5717058,0.25,2243316942,99.74,100,TWSE_MI_QFIIS_DAILY_FOREIGN_INVESTMENT,2026-08-20T13:54:35.121Z
2020-04-10,0056,元大高股息,2249034000,5777058,0.25,2243256942,99.74,100,TWSE_MI_QFIIS_DAILY_FOREIGN_INVESTMENT,2026-08-20T13:54:35.121Z
2020-04-13,0056,元大高股息,2250034000,6161058,0.27,2243872942,99.72,100,TWSE_MI_QFIIS_DAILY_FOREIGN_INVESTMENT,2026-08-20T13:54:35.121Z
2020-04-14,0056,元大高股息,2246534000,6172134,0.27,2240361866,99.72,100,TWSE_MI_QFIIS_DAILY_FOREIGN_INVESTMENT,2026-08-20T13:54:35.121Z
2020-04-15,0056,元大高股息,2236534000,5867134,0.26,2230666866,99.73,100,TWSE_MI_QFIIS_DAILY_FOREIGN_INVESTMENT,2026-08-20T13:54:35.121Z
2020-04-16,0056,元大高股息,2236534000,5868234,0.26,2230665766,99.73,100,TWSE_MI_QFIIS_DAILY_FOREIGN_INVESTMENT,2026-08-20T13:54:35.121Z
2020-04-17,0056,元大高股息,2240534000,5883234,0.26,2234650766,99.73,100,TWSE_MI_QFIIS_DAILY_FOREIGN_INVESTMENT,2026-08-20T13:54:35.121Z
2020-04-20,0056,元大高股息,2237034000,5680234,0.25,2231353766,99.74,100,TWSE_MI_QFIIS_DAILY_FOREIGN_INVESTMENT,2026-08-20T13:54:35.121Z
2020-04-21,0056,元大高股息,2238534000,5274234,0.23,2233259766,99.76,100,TWSE_MI_QFIIS_DAILY_FOREIGN_INVESTMENT,2026-08-20T13:54:35.121Z
2020-04-22,0056,元大高股息,2237034000,5269234,0.23,2231764766,99.76,100,TWSE_MI_QFIIS_DAILY_FOREIGN_INVESTMENT,2026-08-20T13:54:35.121Z
2020-04-23,0056,元大高股息,2233534000,5269234,0.23,2228264766,99.76,100,TWSE_MI_QFIIS_DAILY_FOREIGN_INVESTMENT,2026-08-20T13:54:35.121Z
2020-04-24,0056,元大高股息,2233534000,5269234,0.23,2228264766,99.76,100,TWSE_MI_QFIIS_DAILY_FOREIGN_INVESTMENT,2026-08-20T13:54:35.121Z
2020-04-27,0056,元大高股息,2224034000,5263234,0.23,2218770766,99.76,100,TWSE_MI_QFIIS_DAILY_FOREIGN_INVESTMENT,2026-08-20T13:54:35.121Z
2020-04-28,0056,元大高股息,2219034000,5217234,0.23,2213816766,99.76,100,TWSE_MI_QFIIS_DAILY_FOREIGN_INVESTMENT,2026-08-20T13:54:35.121Z
2020-04-29,0056,元大高股息,2211034000,5240234,0.23,2205793766,99.76,100,TWSE_MI_QFIIS_DAILY_FOREIGN_INVESTMENT,2026-08-20T13:54:35.121Z
2020-04-30,0056,元大高股息,2193534000,5256234,0.23,2188277766,99.76,100,TWSE_MI_QFIIS_DAILY_FOREIGN_INVESTMENT,2026-08-20T13:54:35.121Z
2020-05-04,0056,元大高股息,2189034000,5265234,0.24,2183768766,99.75,100,TWSE_MI_QFIIS_DAILY_FOREIGN_INVESTMENT,2026-08-20T13:54:35.121Z
2020-05-05,0056,元大高股息,2183534000,5266234,0.24,2178267766,99.75,100,TWSE_MI_QFIIS_DAILY_FOREIGN_INVESTMENT,2026-08-20T13:54:35.121Z
2020-05-06,0056,元大高股息,2184034000,5268234,0.24,2178765766,99.75,100,TWSE_MI_QFIIS_DAILY_FOREIGN_INVESTMENT,2026-08-20T13:54:35.121Z
2020-05-07,0056,元大高股息,2176034000,5271234,0.24,2170762766,99.75,100,TWSE_MI_QFIIS_DAILY_FOREIGN_INVESTMENT,2026-08-20T13:54:35.121Z
2020-05-08,0056,元大高股息,2172034000,5277334,0.24,2166756666,99.75,100,TWSE_MI_QFIIS_DAILY_FOREIGN_INVESTMENT,2026-08-20T13:54:35.121Z
2020-05-11,0056,元大高股息,2170534000,5279374,0.24,2165254626,99.75,100,TWSE_MI_QFIIS_DAILY_FOREIGN_INVESTMENT,2026-08-20T13:54:35.121Z
2020-05-12,0056,元大高股息,2170034000,4732374,0.21,2165301626,99.78,100,TWSE_MI_QFIIS_DAILY_FOREIGN_INVESTMENT,2026-08-20T13:54:35.121Z
2020-05-13,0056,元大高股息,2162534000,4719446,0.21,2157814554,99.78,100,TWSE_MI_QFIIS_DAILY_FOREIGN_INVESTMENT,2026-08-20T13:54:35.121Z
2020-05-14,0056,元大高股息,2163034000,4619446,0.21,2158414554,99.78,100,TWSE_MI_QFIIS_DAILY_FOREIGN_INVESTMENT,2026-08-20T13:54:35.121Z
2020-05-15,0056,元大高股息,2162034000,4632446,0.21,2157401554,99.78,100,TWSE_MI_QFIIS_DAILY_FOREIGN_INVESTMENT,2026-08-20T13:54:35.121Z
2020-05-18,0056,元大高股息,2168534000,4153446,0.19,2164380554,99.8,100,TWSE_MI_QFIIS_DAILY_FOREIGN_INVESTMENT,2026-08-20T13:54:35.121Z
2020-05-19,0056,元大高股息,2168534000,4155446,0.19,2164378554,99.8,100,TWSE_MI_QFIIS_DAILY_FOREIGN_INVESTMENT,2026-08-20T13:54:35.121Z
2020-05-20,0056,元大高股息,2168034000,4159446,0.19,2163874554,99.8,100,TWSE_MI_QFIIS_DAILY_FOREIGN_INVESTMENT,2026-08-20T13:54:35.121Z
2020-05-21,0056,元大高股息,2159534000,4166446,0.19,2155367554,99.8,100,TWSE_MI_QFIIS_DAILY_FOREIGN_INVESTMENT,2026-08-20T13:54:35.121Z
2020-05-22,0056,元大高股息,2167034000,4179446,0.19,2162854554,99.8,100,TWSE_MI_QFIIS_DAILY_FOREIGN_INVESTMENT,2026-08-20T13:54:35.121Z
2020-05-25,0056,元大高股息,2173534000,4175546,0.19,2169358454,99.8,100,TWSE_MI_QFIIS_DAILY_FOREIGN_INVESTMENT,2026-08-20T13:54:35.121Z
2020-05-26,0056,元大高股息,2159034000,4175546,0.19,2154858454,99.8,100,TWSE_MI_QFIIS_DAILY_FOREIGN_INVESTMENT,2026-08-20T13:54:35.121Z
2020-05-27,0056,元大高股息,2158034000,4165546,0.19,2153868454,99.8,100,TWSE_MI_QFIIS_DAILY_FOREIGN_INVESTMENT,2026-08-20T13:54:35.121Z
2020-05-28,0056,元大高股息,2155034000,4153546,0.19,2150880454,99.8,100,TWSE_MI_QFIIS_DAILY_FOREIGN_INVESTMENT,2026-08-20T13:54:35.121Z
2020-05-29,0056,元大高股息,2157534000,4151546,0.19,2153382454,99.8,100,TWSE_MI_QFIIS_DAILY_FOREIGN_INVESTMENT,2026-08-20T13:54:35.121Z
2020-06-01,0056,元大高股息,2150034000,4142140,0.19,2145891860,99.8,100,TWSE_MI_QFIIS_DAILY_FOREIGN_INVESTMENT,2026-08-20T13:54:35.121Z
2020-06-02,0056,元大高股息,2148034000,4138140,0.19,2143895860,99.8,100,TWSE_MI_QFIIS_DAILY_FOREIGN_INVESTMENT,2026-08-20T13:54:35.121Z
2020-06-03,0056,元大高股息,2129534000,4132245,0.19,2125401755,99.8,100,TWSE_MI_QFIIS_DAILY_FOREIGN_INVESTMENT,2026-08-20T13:54:35.121Z
2020-06-04,0056,元大高股息,2120034000,4245345,0.2,2115788655,99.79,100,TWSE_MI_QFIIS_DAILY_FOREIGN_INVESTMENT,2026-08-20T13:54:35.121Z
2020-06-05,0056,元大高股息,2106534000,4241345,0.2,2102292655,99.79,100,TWSE_MI_QFIIS_DAILY_FOREIGN_INVESTMENT,2026-08-20T13:54:35.121Z
2020-06-08,0056,元大高股息,2104534000,4251345,0.2,2100282655,99.79,100,TWSE_MI_QFIIS_DAILY_FOREIGN_INVESTMENT,2026-08-20T13:54:35.121Z
2020-06-09,0056,元大高股息,2103534000,4253448,0.2,2099280552,99.79,100,TWSE_MI_QFIIS_DAILY_FOREIGN_INVESTMENT,2026-08-20T13:54:35.121Z
2020-06-10,0056,元大高股息,2098534000,4172698,0.19,2094361302,99.8,100,TWSE_MI_QFIIS_DAILY_FOREIGN_INVESTMENT,2026-08-20T13:54:35.121Z
2020-06-11,0056,元大高股息,2095034000,4128698,0.19,2090905302,99.8,100,TWSE_MI_QFIIS_DAILY_FOREIGN_INVESTMENT,2026-08-20T13:54:35.121Z
2020-06-12,0056,元大高股息,2089034000,4127798,0.19,2084906202,99.8,100,TWSE_MI_QFIIS_DAILY_FOREIGN_INVESTMENT,2026-08-20T13:54:35.121Z
2020-06-15,0056,元大高股息,2083534000,4116848,0.19,2079417152,99.8,100,TWSE_MI_QFIIS_DAILY_FOREIGN_INVESTMENT,2026-08-20T13:54:35.121Z
2020-06-16,0056,元大高股息,2078534000,4134848,0.19,2074399152,99.8,100,TWSE_MI_QFIIS_DAILY_FOREIGN_INVESTMENT,2026-08-20T13:54:35.121Z
2020-06-17,0056,元大高股息,2074034000,4139953,0.19,2069894047,99.8,100,TWSE_MI_QFIIS_DAILY_FOREIGN_INVESTMENT,2026-08-20T13:54:35.121Z
2020-06-18,0056,元大高股息,2065034000,4150066,0.2,2060883934,99.79,100,TWSE_MI_QFIIS_DAILY_FOREIGN_INVESTMENT,2026-08-20T13:54:35.121Z
2020-06-19,0056,元大高股息,2055034000,4650266,0.22,2050383734,99.77,100,TWSE_MI_QFIIS_DAILY_FOREIGN_INVESTMENT,2026-08-20T13:54:35.121Z
2020-06-22,0056,元大高股息,2055034000,4639336,0.22,2050394664,99.77,100,TWSE_MI_QFIIS_DAILY_FOREIGN_INVESTMENT,2026-08-20T13:54:35.121Z
2020-06-23,0056,元大高股息,2055034000,4606336,0.22,2050427664,99.77,100,TWSE_MI_QFIIS_DAILY_FOREIGN_INVESTMENT,2026-08-20T13:54:35.121Z
2020-06-24,0056,元大高股息,2055034000,4583336,0.22,2050450664,99.77,100,TWSE_MI_QFIIS_DAILY_FOREIGN_INVESTMENT,2026-08-20T13:54:35.121Z
2020-06-29,0056,元大高股息,2056034000,4488136,0.21,2051545864,99.78,100,TWSE_MI_QFIIS_DAILY_FOREIGN_INVESTMENT,2026-08-20T13:54:35.121Z
2020-06-30,0056,元大高股息,2057034000,4536136,0.22,2052497864,99.77,100,TWSE_MI_QFIIS_DAILY_FOREIGN_INVESTMENT,2026-08-20T13:54:35.121Z
2020-07-01,0056,元大高股息,2057034000,4537136,0.22,2052496864,99.77,100,TWSE_MI_QFIIS_DAILY_FOREIGN_INVESTMENT,2026-08-20T13:54:35.121Z
2020-07-02,0056,元大高股息,2048034000,4422036,0.21,2043611964,99.78,100,TWSE_MI_QFIIS_DAILY_FOREIGN_INVESTMENT,2026-08-20T13:54:35.121Z
2020-07-03,0056,元大高股息,2036034000,5137036,0.25,2030896964,99.74,100,TWSE_MI_QFIIS_DAILY_FOREIGN_INVESTMENT,2026-08-20T13:54:35.121Z
2020-07-06,0056,元大高股息,2016534000,5136036,0.25,2011397964,99.74,100,TWSE_MI_QFIIS_DAILY_FOREIGN_INVESTMENT,2026-08-20T13:54:35.121Z
2020-07-07,0056,元大高股息,2016034000,5124736,0.25,2010909264,99.74,100,TWSE_MI_QFIIS_DAILY_FOREIGN_INVESTMENT,2026-08-20T13:54:35.121Z
2020-07-08,0056,元大高股息,2026534000,5076906,0.25,2021457094,99.74,100,TWSE_MI_QFIIS_DAILY_FOREIGN_INVESTMENT,2026-08-20T13:54:35.121Z
2020-07-09,0056,元大高股息,2024534000,5120906,0.25,2019413094,99.74,100,TWSE_MI_QFIIS_DAILY_FOREIGN_INVESTMENT,2026-08-20T13:54:35.121Z
2020-07-10,0056,元大高股息,2025034000,5074906,0.25,2019959094,99.74,100,TWSE_MI_QFIIS_DAILY_FOREIGN_INVESTMENT,2026-08-20T13:54:35.121Z
2020-07-13,0056,元大高股息,2021534000,5073906,0.25,2016460094,99.74,100,TWSE_MI_QFIIS_DAILY_FOREIGN_INVESTMENT,2026-08-20T13:54:35.121Z
2020-07-14,0056,元大高股息,2019534000,5077106,0.25,2014456894,99.74,100,TWSE_MI_QFIIS_DAILY_FOREIGN_INVESTMENT,2026-08-20T13:54:35.121Z
2020-07-15,0056,元大高股息,2018034000,5125106,0.25,2012908894,99.74,100,TWSE_MI_QFIIS_DAILY_FOREIGN_INVESTMENT,2026-08-20T13:54:35.121Z
2020-07-16,0056,元大高股息,2015034000,5122275,0.25,2009911725,99.74,100,TWSE_MI_QFIIS_DAILY_FOREIGN_INVESTMENT,2026-08-20T13:54:35.121Z
2020-07-17,0056,元大高股息,2013034000,5152275,0.25,2007881725,99.74,100,TWSE_MI_QFIIS_DAILY_FOREIGN_INVESTMENT,2026-08-20T13:54:35.121Z
2020-07-20,0056,元大高股息,2005534000,5126375,0.25,2000407625,99.74,100,TWSE_MI_QFIIS_DAILY_FOREIGN_INVESTMENT,2026-08-20T13:54:35.121Z
2020-07-21,0056,元大高股息,1987534000,5489275,0.27,1982044725,99.72,100,TWSE_MI_QFIIS_DAILY_FOREIGN_INVESTMENT,2026-08-20T13:54:35.121Z
2020-07-22,0056,元大高股息,1964534000,5458305,0.27,1959075695,99.72,100,TWSE_MI_QFIIS_DAILY_FOREIGN_INVESTMENT,2026-08-20T13:54:35.121Z
2020-07-23,0056,元大高股息,1930534000,5459305,0.28,1925074695,99.71,100,TWSE_MI_QFIIS_DAILY_FOREIGN_INVESTMENT,2026-08-20T13:54:35.121Z
2020-07-24,0056,元大高股息,1926534000,5481305,0.28,1921052695,99.71,100,TWSE_MI_QFIIS_DAILY_FOREIGN_INVESTMENT,2026-08-20T13:54:35.121Z
2020-07-27,0056,元大高股息,1926534000,4712305,0.24,1921821695,99.75,100,TWSE_MI_QFIIS_DAILY_FOREIGN_INVESTMENT,2026-08-20T13:54:35.121Z
2020-07-28,0056,元大高股息,1925534000,4779305,0.24,1920754695,99.75,100,TWSE_MI_QFIIS_DAILY_FOREIGN_INVESTMENT,2026-08-20T13:54:35.121Z
2020-07-29,0056,元大高股息,1922034000,4096305,0.21,1917937695,99.78,100,TWSE_MI_QFIIS_DAILY_FOREIGN_INVESTMENT,2026-08-20T13:54:35.121Z
2020-07-30,0056,元大高股息,1914534000,4096305,0.21,1910437695,99.78,100,TWSE_MI_QFIIS_DAILY_FOREIGN_INVESTMENT,2026-08-20T13:54:35.121Z
2020-07-31,0056,元大高股息,1897034000,4078305,0.21,1892955695,99.78,100,TWSE_MI_QFIIS_DAILY_FOREIGN_INVESTMENT,2026-08-20T13:54:35.121Z
2020-08-03,0056,元大高股息,1896534000,4079305,0.21,1892454695,99.78,100,TWSE_MI_QFIIS_DAILY_FOREIGN_INVESTMENT,2026-08-20T13:54:35.121Z
2020-08-04,0056,元大高股息,1893034000,4118455,0.21,1888915545,99.78,100,TWSE_MI_QFIIS_DAILY_FOREIGN_INVESTMENT,2026-08-20T13:54:35.121Z
2020-08-05,0056,元大高股息,1879534000,4100455,0.21,1875433545,99.78,100,TWSE_MI_QFIIS_DAILY_FOREIGN_INVESTMENT,2026-08-20T13:54:35.121Z
2020-08-06,0056,元大高股息,1879034000,4062705,0.21,1874971295,99.78,100,TWSE_MI_QFIIS_DAILY_FOREIGN_INVESTMENT,2026-08-20T13:54:35.121Z
2020-08-07,0056,元大高股息,1880034000,4097705,0.21,1875936295,99.78,100,TWSE_MI_QFIIS_DAILY_FOREIGN_INVESTMENT,2026-08-20T13:54:35.121Z
2020-08-10,0056,元大高股息,1883034000,4099705,0.21,1878934295,99.78,100,TWSE_MI_QFIIS_DAILY_FOREIGN_INVESTMENT,2026-08-20T13:54:35.121Z
2020-08-11,0056,元大高股息,1886034000,4100005,0.21,1881933995,99.78,100,TWSE_MI_QFIIS_DAILY_FOREIGN_INVESTMENT,2026-08-20T13:54:35.121Z
2020-08-12,0056,元大高股息,1887534000,4100105,0.21,1883433895,99.78,100,TWSE_MI_QFIIS_DAILY_FOREIGN_INVESTMENT,2026-08-20T13:54:35.121Z
2020-08-13,0056,元大高股息,1887534000,4104105,0.21,1883429895,99.78,100,TWSE_MI_QFIIS_DAILY_FOREIGN_INVESTMENT,2026-08-20T13:54:35.121Z
2020-08-14,0056,元大高股息,1882034000,4105105,0.21,1877928895,99.78,100,TWSE_MI_QFIIS_DAILY_FOREIGN_INVESTMENT,2026-08-20T13:54:35.121Z
2020-08-17,0056,元大高股息,1874534000,4030265,0.21,1870503735,99.78,100,TWSE_MI_QFIIS_DAILY_FOREIGN_INVESTMENT,2026-08-20T13:54:35.121Z
2020-08-18,0056,元大高股息,1873534000,4091265,0.21,1869442735,99.78,100,TWSE_MI_QFIIS_DAILY_FOREIGN_INVESTMENT,2026-08-20T13:54:35.121Z
2020-08-19,0056,元大高股息,1873534000,4095265,0.21,1869438735,99.78,100,TWSE_MI_QFIIS_DAILY_FOREIGN_INVESTMENT,2026-08-20T13:54:35.121Z
2020-08-20,0056,元大高股息,1914034000,4119365,0.21,1909914635,99.78,100,TWSE_MI_QFIIS_DAILY_FOREIGN_INVESTMENT,2026-08-20T13:54:35.121Z
2020-08-21,0056,元大高股息,1908034000,4326365,0.22,1903707635,99.77,100,TWSE_MI_QFIIS_DAILY_FOREIGN_INVESTMENT,2026-08-20T13:54:35.121Z
2020-08-24,0056,元大高股息,1901034000,4320365,0.22,1896713635,99.77,100,TWSE_MI_QFIIS_DAILY_FOREIGN_INVESTMENT,2026-08-20T13:54:35.121Z
2020-08-25,0056,元大高股息,1886534000,4322365,0.22,1882211635,99.77,100,TWSE_MI_QFIIS_DAILY_FOREIGN_INVESTMENT,2026-08-20T13:54:35.121Z
2020-08-26,0056,元大高股息,1881534000,4312365,0.22,1877221635,99.77,100,TWSE_MI_QFIIS_DAILY_FOREIGN_INVESTMENT,2026-08-20T13:54:35.121Z
2020-08-27,0056,元大高股息,1879534000,4369365,0.23,1875164635,99.76,100,TWSE_MI_QFIIS_DAILY_FOREIGN_INVESTMENT,2026-08-20T13:54:35.121Z
2020-08-28,0056,元大高股息,1879534000,4371365,0.23,1875162635,99.76,100,TWSE_MI_QFIIS_DAILY_FOREIGN_INVESTMENT,2026-08-20T13:54:35.121Z
2020-08-31,0056,元大高股息,1880534000,4381365,0.23,1876152635,99.76,100,TWSE_MI_QFIIS_DAILY_FOREIGN_INVESTMENT,2026-08-20T13:54:35.121Z
2020-09-01,0056,元大高股息,1884034000,4384365,0.23,1879649635,99.76,100,TWSE_MI_QFIIS_DAILY_FOREIGN_INVESTMENT,2026-08-20T13:54:35.121Z
2020-09-02,0056,元大高股息,1884034000,4411365,0.23,1879622635,99.76,100,TWSE_MI_QFIIS_DAILY_FOREIGN_INVESTMENT,2026-08-20T13:54:35.121Z
2020-09-03,0056,元大高股息,1874034000,4426705,0.23,1869607295,99.76,100,TWSE_MI_QFIIS_DAILY_FOREIGN_INVESTMENT,2026-08-20T13:54:35.121Z
2020-09-04,0056,元大高股息,1883534000,4440705,0.23,1879093295,99.76,100,TWSE_MI_QFIIS_DAILY_FOREIGN_INVESTMENT,2026-08-20T13:54:35.121Z
2020-09-07,0056,元大高股息,1892534000,4445705,0.23,1888088295,99.76,100,TWSE_MI_QFIIS_DAILY_FOREIGN_INVESTMENT,2026-08-20T13:54:35.121Z
2020-09-08,0056,元大高股息,1906034000,4477705,0.23,1901556295,99.76,100,TWSE_MI_QFIIS_DAILY_FOREIGN_INVESTMENT,2026-08-20T13:54:35.121Z
2020-09-09,0056,元大高股息,1921534000,4477772,0.23,1917056228,99.76,100,TWSE_MI_QFIIS_DAILY_FOREIGN_INVESTMENT,2026-08-20T13:54:35.121Z
2020-09-10,0056,元大高股息,1921534000,4484772,0.23,1917049228,99.76,100,TWSE_MI_QFIIS_DAILY_FOREIGN_INVESTMENT,2026-08-20T13:54:35.121Z
2020-09-11,0056,元大高股息,1924034000,4489772,0.23,1919544228,99.76,100,TWSE_MI_QFIIS_DAILY_FOREIGN_INVESTMENT,2026-08-20T13:54:35.121Z
2020-09-14,0056,元大高股息,1918534000,4576772,0.23,1913957228,99.76,100,TWSE_MI_QFIIS_DAILY_FOREIGN_INVESTMENT,2026-08-20T13:54:35.121Z
2020-09-15,0056,元大高股息,1916534000,4576872,0.23,1911957128,99.76,100,TWSE_MI_QFIIS_DAILY_FOREIGN_INVESTMENT,2026-08-20T13:54:35.121Z
2020-09-16,0056,元大高股息,1913034000,4572872,0.23,1908461128,99.76,100,TWSE_MI_QFIIS_DAILY_FOREIGN_INVESTMENT,2026-08-20T13:54:35.121Z
2020-09-17,0056,元大高股息,1908034000,4567872,0.23,1903466128,99.76,100,TWSE_MI_QFIIS_DAILY_FOREIGN_INVESTMENT,2026-08-20T13:54:35.121Z
2020-09-18,0056,元大高股息,1908034000,4568872,0.23,1903465128,99.76,100,TWSE_MI_QFIIS_DAILY_FOREIGN_INVESTMENT,2026-08-20T13:54:35.121Z
2020-09-21,0056,元大高股息,1907534000,4571872,0.23,1902962128,99.76,100,TWSE_MI_QFIIS_DAILY_FOREIGN_INVESTMENT,2026-08-20T13:54:35.121Z
2020-09-22,0056,元大高股息,1922034000,4595872,0.23,1917438128,99.76,100,TWSE_MI_QFIIS_DAILY_FOREIGN_INVESTMENT,2026-08-20T13:54:35.121Z
2020-09-23,0056,元大高股息,1933034000,4613872,0.23,1928420128,99.76,100,TWSE_MI_QFIIS_DAILY_FOREIGN_INVESTMENT,2026-08-20T13:54:35.121Z
2020-09-24,0056,元大高股息,1973034000,5250872,0.26,1967783128,99.73,100,TWSE_MI_QFIIS_DAILY_FOREIGN_INVESTMENT,2026-08-20T13:54:35.121Z
2020-09-25,0056,元大高股息,2001034000,5292972,0.26,1995741028,99.73,100,TWSE_MI_QFIIS_DAILY_FOREIGN_INVESTMENT,2026-08-20T13:54:35.121Z
2020-09-28,0056,元大高股息,2001534000,5297972,0.26,1996236028,99.73,100,TWSE_MI_QFIIS_DAILY_FOREIGN_INVESTMENT,2026-08-20T13:54:35.121Z
2020-09-29,0056,元大高股息,2007034000,5300982,0.26,2001733018,99.73,100,TWSE_MI_QFIIS_DAILY_FOREIGN_INVESTMENT,2026-08-20T13:54:35.121Z
2020-09-30,0056,元大高股息,2008034000,5300982,0.26,2002733018,99.73,100,TWSE_MI_QFIIS_DAILY_FOREIGN_INVESTMENT,2026-08-20T13:54:35.121Z
2020-10-05,0056,元大高股息,2014034000,5307982,0.26,2008726018,99.73,100,TWSE_MI_QFIIS_DAILY_FOREIGN_INVESTMENT,2026-08-20T13:54:35.121Z
2020-10-06,0056,元大高股息,2019034000,5310982,0.26,2013723018,99.73,100,TWSE_MI_QFIIS_DAILY_FOREIGN_INVESTMENT,2026-08-20T13:54:35.121Z
2020-10-07,0056,元大高股息,2024034000,5331982,0.26,2018702018,99.73,100,TWSE_MI_QFIIS_DAILY_FOREIGN_INVESTMENT,2026-08-20T13:54:35.121Z
2020-10-08,0056,元大高股息,2028534000,5332082,0.26,2023201918,99.73,100,TWSE_MI_QFIIS_DAILY_FOREIGN_INVESTMENT,2026-08-20T13:54:35.121Z
2020-10-12,0056,元大高股息,2049534000,5343082,0.26,2044190918,99.73,100,TWSE_MI_QFIIS_DAILY_FOREIGN_INVESTMENT,2026-08-20T13:54:35.121Z
2020-10-13,0056,元大高股息,2058034000,5443082,0.26,2052590918,99.73,100,TWSE_MI_QFIIS_DAILY_FOREIGN_INVESTMENT,2026-08-20T13:54:35.121Z
2020-10-14,0056,元大高股息,2062534000,5445082,0.26,2057088918,99.73,100,TWSE_MI_QFIIS_DAILY_FOREIGN_INVESTMENT,2026-08-20T13:54:35.121Z
2020-10-15,0056,元大高股息,2081534000,5173082,0.24,2076360918,99.75,100,TWSE_MI_QFIIS_DAILY_FOREIGN_INVESTMENT,2026-08-20T13:54:35.121Z
2020-10-16,0056,元大高股息,2098034000,5181197,0.24,2092852803,99.75,100,TWSE_MI_QFIIS_DAILY_FOREIGN_INVESTMENT,2026-08-20T13:54:35.121Z
2020-10-19,0056,元大高股息,2108034000,5180197,0.24,2102853803,99.75,100,TWSE_MI_QFIIS_DAILY_FOREIGN_INVESTMENT,2026-08-20T13:54:35.121Z
2020-10-20,0056,元大高股息,2118534000,5179197,0.24,2113354803,99.75,100,TWSE_MI_QFIIS_DAILY_FOREIGN_INVESTMENT,2026-08-20T13:54:35.121Z
2020-10-21,0056,元大高股息,2135534000,5211197,0.24,2130322803,99.75,100,TWSE_MI_QFIIS_DAILY_FOREIGN_INVESTMENT,2026-08-20T13:54:35.121Z
2020-10-22,0056,元大高股息,2150534000,5202497,0.24,2145331503,99.75,100,TWSE_MI_QFIIS_DAILY_FOREIGN_INVESTMENT,2026-08-20T13:54:35.121Z
2020-10-23,0056,元大高股息,2154534000,5211665,0.24,2149322335,99.75,100,TWSE_MI_QFIIS_DAILY_FOREIGN_INVESTMENT,2026-08-20T13:54:35.121Z
2020-10-26,0056,元大高股息,2167534000,5204995,0.24,2162329005,99.75,100,TWSE_MI_QFIIS_DAILY_FOREIGN_INVESTMENT,2026-08-20T13:54:35.121Z
2020-10-27,0056,元大高股息,2183534000,5211096,0.23,2178322904,99.76,100,TWSE_MI_QFIIS_DAILY_FOREIGN_INVESTMENT,2026-08-20T13:54:35.121Z
2020-10-28,0056,元大高股息,2274534000,5326706,0.23,2269207294,99.76,100,TWSE_MI_QFIIS_DAILY_FOREIGN_INVESTMENT,2026-08-20T13:54:35.121Z
2020-10-29,0056,元大高股息,2317034000,5271061,0.22,2311762939,99.77,100,TWSE_MI_QFIIS_DAILY_FOREIGN_INVESTMENT,2026-08-20T13:54:35.121Z
2020-10-30,0056,元大高股息,2347534000,5289261,0.22,2342244739,99.77,100,TWSE_MI_QFIIS_DAILY_FOREIGN_INVESTMENT,2026-08-20T13:54:35.121Z
2020-11-02,0056,元大高股息,2372534000,5304261,0.22,2367229739,99.77,100,TWSE_MI_QFIIS_DAILY_FOREIGN_INVESTMENT,2026-08-20T13:54:35.121Z
2020-11-03,0056,元大高股息,2379534000,5413661,0.22,2374120339,99.77,100,TWSE_MI_QFIIS_DAILY_FOREIGN_INVESTMENT,2026-08-20T13:54:35.121Z
2020-11-04,0056,元大高股息,2390034000,5456714,0.22,2384577286,99.77,100,TWSE_MI_QFIIS_DAILY_FOREIGN_INVESTMENT,2026-08-20T13:54:35.121Z
2020-11-05,0056,元大高股息,2392034000,5460014,0.22,2386573986,99.77,100,TWSE_MI_QFIIS_DAILY_FOREIGN_INVESTMENT,2026-08-20T13:54:35.121Z
2020-11-06,0056,元大高股息,2401034000,5474824,0.22,2395559176,99.77,100,TWSE_MI_QFIIS_DAILY_FOREIGN_INVESTMENT,2026-08-20T13:54:35.121Z
2020-11-09,0056,元大高股息,2410034000,5167924,0.21,2404866076,99.78,100,TWSE_MI_QFIIS_DAILY_FOREIGN_INVESTMENT,2026-08-20T13:54:35.121Z
2020-11-10,0056,元大高股息,2426034000,5165214,0.21,2420868786,99.78,100,TWSE_MI_QFIIS_DAILY_FOREIGN_INVESTMENT,2026-08-20T13:54:35.121Z
2020-11-11,0056,元大高股息,2426534000,4762214,0.19,2421771786,99.8,100,TWSE_MI_QFIIS_DAILY_FOREIGN_INVESTMENT,2026-08-20T13:54:35.121Z
2020-11-12,0056,元大高股息,2435534000,4771234,0.19,2430762766,99.8,100,TWSE_MI_QFIIS_DAILY_FOREIGN_INVESTMENT,2026-08-20T13:54:35.121Z
2020-11-13,0056,元大高股息,2437034000,4772134,0.19,2432261866,99.8,100,TWSE_MI_QFIIS_DAILY_FOREIGN_INVESTMENT,2026-08-20T13:54:35.121Z
2020-11-16,0056,元大高股息,2443534000,4646822,0.19,2438887178,99.8,100,TWSE_MI_QFIIS_DAILY_FOREIGN_INVESTMENT,2026-08-20T13:54:35.121Z
2020-11-17,0056,元大高股息,2445534000,4697872,0.19,2440836128,99.8,100,TWSE_MI_QFIIS_DAILY_FOREIGN_INVESTMENT,2026-08-20T13:54:35.121Z
2020-11-18,0056,元大高股息,2445534000,4704872,0.19,2440829128,99.8,100,TWSE_MI_QFIIS_DAILY_FOREIGN_INVESTMENT,2026-08-20T13:54:35.121Z
2020-11-19,0056,元大高股息,2445534000,4706873,0.19,2440827127,99.8,100,TWSE_MI_QFIIS_DAILY_FOREIGN_INVESTMENT,2026-08-20T13:54:35.121Z
2020-11-20,0056,元大高股息,2445534000,4708883,0.19,2440825117,99.8,100,TWSE_MI_QFIIS_DAILY_FOREIGN_INVESTMENT,2026-08-20T13:54:35.121Z
2020-11-23,0056,元大高股息,2444034000,4709054,0.19,2439324946,99.8,100,TWSE_MI_QFIIS_DAILY_FOREIGN_INVESTMENT,2026-08-20T13:54:35.121Z
2020-11-24,0056,元大高股息,2446034000,4727354,0.19,2441306646,99.8,100,TWSE_MI_QFIIS_DAILY_FOREIGN_INVESTMENT,2026-08-20T13:54:35.121Z
2020-11-25,0056,元大高股息,2448534000,4736754,0.19,2443797246,99.8,100,TWSE_MI_QFIIS_DAILY_FOREIGN_INVESTMENT,2026-08-20T13:54:35.121Z
2020-11-26,0056,元大高股息,2448534000,4722879,0.19,2443811121,99.8,100,TWSE_MI_QFIIS_DAILY_FOREIGN_INVESTMENT,2026-08-20T13:54:35.121Z
2020-11-27,0056,元大高股息,2442034000,4678379,0.19,2437355621,99.8,100,TWSE_MI_QFIIS_DAILY_FOREIGN_INVESTMENT,2026-08-20T13:54:35.121Z
2020-11-30,0056,元大高股息,2439534000,4270479,0.17,2435263521,99.82,100,TWSE_MI_QFIIS_DAILY_FOREIGN_INVESTMENT,2026-08-20T13:54:35.121Z
2020-12-01,0056,元大高股息,2439534000,4252519,0.17,2435281481,99.82,100,TWSE_MI_QFIIS_DAILY_FOREIGN_INVESTMENT,2026-08-20T13:54:35.121Z
2020-12-02,0056,元大高股息,2430534000,4254519,0.17,2426279481,99.82,100,TWSE_MI_QFIIS_DAILY_FOREIGN_INVESTMENT,2026-08-20T13:54:35.121Z
2020-12-03,0056,元大高股息,2423534000,4257704,0.17,2419276296,99.82,100,TWSE_MI_QFIIS_DAILY_FOREIGN_INVESTMENT,2026-08-20T13:54:35.121Z
2020-12-04,0056,元大高股息,2406034000,4256704,0.17,2401777296,99.82,100,TWSE_MI_QFIIS_DAILY_FOREIGN_INVESTMENT,2026-08-20T13:54:35.121Z
2020-12-07,0056,元大高股息,2389534000,4261737,0.17,2385272263,99.82,100,TWSE_MI_QFIIS_DAILY_FOREIGN_INVESTMENT,2026-08-20T13:54:35.121Z
2020-12-08,0056,元大高股息,2376534000,4261737,0.17,2372272263,99.82,100,TWSE_MI_QFIIS_DAILY_FOREIGN_INVESTMENT,2026-08-20T13:54:35.121Z
2020-12-09,0056,元大高股息,2353034000,4261837,0.18,2348772163,99.81,100,TWSE_MI_QFIIS_DAILY_FOREIGN_INVESTMENT,2026-08-20T13:54:35.121Z
2020-12-10,0056,元大高股息,2344534000,4232387,0.18,2340301613,99.81,100,TWSE_MI_QFIIS_DAILY_FOREIGN_INVESTMENT,2026-08-20T13:54:35.121Z
2020-12-11,0056,元大高股息,2343534000,4229487,0.18,2339304513,99.81,100,TWSE_MI_QFIIS_DAILY_FOREIGN_INVESTMENT,2026-08-20T13:54:35.121Z
2020-12-14,0056,元大高股息,2340534000,4230565,0.18,2336303435,99.81,100,TWSE_MI_QFIIS_DAILY_FOREIGN_INVESTMENT,2026-08-20T13:54:35.121Z
2020-12-15,0056,元大高股息,2349034000,4210653,0.17,2344823347,99.82,100,TWSE_MI_QFIIS_DAILY_FOREIGN_INVESTMENT,2026-08-20T13:54:35.121Z
2020-12-16,0056,元大高股息,2347034000,4237653,0.18,2342796347,99.81,100,TWSE_MI_QFIIS_DAILY_FOREIGN_INVESTMENT,2026-08-20T13:54:35.121Z
2020-12-17,0056,元大高股息,2346534000,4246683,0.18,2342287317,99.81,100,TWSE_MI_QFIIS_DAILY_FOREIGN_INVESTMENT,2026-08-20T13:54:35.121Z
2020-12-18,0056,元大高股息,2345534000,4249783,0.18,2341284217,99.81,100,TWSE_MI_QFIIS_DAILY_FOREIGN_INVESTMENT,2026-08-20T13:54:35.121Z
2020-12-21,0056,元大高股息,2343534000,4256883,0.18,2339277117,99.81,100,TWSE_MI_QFIIS_DAILY_FOREIGN_INVESTMENT,2026-08-20T13:54:35.121Z
2020-12-22,0056,元大高股息,2343534000,4259893,0.18,2339274107,99.81,100,TWSE_MI_QFIIS_DAILY_FOREIGN_INVESTMENT,2026-08-20T13:54:35.121Z
2020-12-23,0056,元大高股息,2344034000,4269062,0.18,2339764938,99.81,100,TWSE_MI_QFIIS_DAILY_FOREIGN_INVESTMENT,2026-08-20T13:54:35.121Z
2020-12-24,0056,元大高股息,2344034000,4281562,0.18,2339752438,99.81,100,TWSE_MI_QFIIS_DAILY_FOREIGN_INVESTMENT,2026-08-20T13:54:35.121Z
2020-12-25,0056,元大高股息,2338034000,4288562,0.18,2333745438,99.81,100,TWSE_MI_QFIIS_DAILY_FOREIGN_INVESTMENT,2026-08-20T13:54:35.121Z
2020-12-28,0056,元大高股息,2333034000,4287751,0.18,2328746249,99.81,100,TWSE_MI_QFIIS_DAILY_FOREIGN_INVESTMENT,2026-08-20T13:54:35.121Z
2020-12-29,0056,元大高股息,2329034000,4292751,0.18,2324741249,99.81,100,TWSE_MI_QFIIS_DAILY_FOREIGN_INVESTMENT,2026-08-20T13:54:35.121Z
2020-12-30,0056,元大高股息,2323534000,4295751,0.18,2319238249,99.81,100,TWSE_MI_QFIIS_DAILY_FOREIGN_INVESTMENT,2026-08-20T13:54:35.121Z
2020-12-31,0056,元大高股息,2317534000,4273006,0.18,2313260994,99.81,100,TWSE_MI_QFIIS_DAILY_FOREIGN_INVESTMENT,2026-08-20T13:54:35.121Z
2021-01-04,0056,元大高股息,2315034000,4286156,0.18,2310747844,99.81,100,TWSE_MI_QFIIS_DAILY_FOREIGN_INVESTMENT,2026-08-20T13:54:35.121Z
2021-01-05,0056,元大高股息,2289034000,4256394,0.18,2284777606,99.81,100,TWSE_MI_QFIIS_DAILY_FOREIGN_INVESTMENT,2026-08-20T13:54:35.121Z
2021-01-06,0056,元大高股息,2279034000,4078694,0.17,2274955306,99.82,100,TWSE_MI_QFIIS_DAILY_FOREIGN_INVESTMENT,2026-08-20T13:54:35.121Z
2021-01-07,0056,元大高股息,2252034000,4197493,0.18,2247836507,99.81,100,TWSE_MI_QFIIS_DAILY_FOREIGN_INVESTMENT,2026-08-20T13:54:35.121Z
2021-01-08,0056,元大高股息,2231534000,4191693,0.18,2227342307,99.81,100,TWSE_MI_QFIIS_DAILY_FOREIGN_INVESTMENT,2026-08-20T13:54:35.121Z
2021-01-11,0056,元大高股息,2213534000,4179230,0.18,2209354770,99.81,100,TWSE_MI_QFIIS_DAILY_FOREIGN_INVESTMENT,2026-08-20T13:54:35.121Z
2021-01-12,0056,元大高股息,2207034000,4163530,0.18,2202870470,99.81,100,TWSE_MI_QFIIS_DAILY_FOREIGN_INVESTMENT,2026-08-20T13:54:35.121Z
2021-01-13,0056,元大高股息,2185534000,4214070,0.19,2181319930,99.8,100,TWSE_MI_QFIIS_DAILY_FOREIGN_INVESTMENT,2026-08-20T13:54:35.121Z
2021-01-14,0056,元大高股息,2160534000,4157100,0.19,2156376900,99.8,100,TWSE_MI_QFIIS_DAILY_FOREIGN_INVESTMENT,2026-08-20T13:54:35.121Z
2021-01-15,0056,元大高股息,2146034000,4134196,0.19,2141899804,99.8,100,TWSE_MI_QFIIS_DAILY_FOREIGN_INVESTMENT,2026-08-20T13:54:35.121Z
2021-01-18,0056,元大高股息,2140534000,4129646,0.19,2136404354,99.8,100,TWSE_MI_QFIIS_DAILY_FOREIGN_INVESTMENT,2026-08-20T13:54:35.121Z
2021-01-19,0056,元大高股息,2132034000,4104973,0.19,2127929027,99.8,100,TWSE_MI_QFIIS_DAILY_FOREIGN_INVESTMENT,2026-08-20T13:54:35.121Z
2021-01-20,0056,元大高股息,2139034000,4105957,0.19,2134928043,99.8,100,TWSE_MI_QFIIS_DAILY_FOREIGN_INVESTMENT,2026-08-20T13:54:35.121Z
2021-01-21,0056,元大高股息,2136034000,4110531,0.19,2131923469,99.8,100,TWSE_MI_QFIIS_DAILY_FOREIGN_INVESTMENT,2026-08-20T13:54:35.121Z
2021-01-22,0056,元大高股息,2127534000,4074731,0.19,2123459269,99.8,100,TWSE_MI_QFIIS_DAILY_FOREIGN_INVESTMENT,2026-08-20T13:54:35.121Z
2021-01-25,0056,元大高股息,2115034000,4082219,0.19,2110951781,99.8,100,TWSE_MI_QFIIS_DAILY_FOREIGN_INVESTMENT,2026-08-20T13:54:35.121Z
2021-01-26,0056,元大高股息,2112534000,4087425,0.19,2108446575,99.8,100,TWSE_MI_QFIIS_DAILY_FOREIGN_INVESTMENT,2026-08-20T13:54:35.121Z
2021-01-27,0056,元大高股息,2096534000,4088425,0.19,2092445575,99.8,100,TWSE_MI_QFIIS_DAILY_FOREIGN_INVESTMENT,2026-08-20T13:54:35.121Z
2021-01-28,0056,元大高股息,2088534000,4072587,0.19,2084461413,99.8,100,TWSE_MI_QFIIS_DAILY_FOREIGN_INVESTMENT,2026-08-20T13:54:35.121Z
2021-01-29,0056,元大高股息,2089034000,4060592,0.19,2084973408,99.8,100,TWSE_MI_QFIIS_DAILY_FOREIGN_INVESTMENT,2026-08-20T13:54:35.121Z
2021-02-01,0056,元大高股息,2088534000,3394732,0.16,2085139268,99.83,100,TWSE_MI_QFIIS_DAILY_FOREIGN_INVESTMENT,2026-08-20T13:54:35.121Z
2021-02-02,0056,元大高股息,2087034000,3366732,0.16,2083667268,99.83,100,TWSE_MI_QFIIS_DAILY_FOREIGN_INVESTMENT,2026-08-20T13:54:35.121Z
2021-02-03,0056,元大高股息,2086534000,3360757,0.16,2083173243,99.83,100,TWSE_MI_QFIIS_DAILY_FOREIGN_INVESTMENT,2026-08-20T13:54:35.121Z
2021-02-04,0056,元大高股息,2085034000,3341537,0.16,2081692463,99.83,100,TWSE_MI_QFIIS_DAILY_FOREIGN_INVESTMENT,2026-08-20T13:54:35.121Z
2021-02-05,0056,元大高股息,2084034000,3334523,0.16,2080699477,99.83,100,TWSE_MI_QFIIS_DAILY_FOREIGN_INVESTMENT,2026-08-20T13:54:35.121Z
2021-02-08,0056,元大高股息,2084034000,3334523,0.16,2080699477,99.83,100,TWSE_MI_QFIIS_DAILY_FOREIGN_INVESTMENT,2026-08-20T13:54:35.121Z
2021-02-09,0056,元大高股息,2084034000,3334523,0.16,2080699477,99.83,100,TWSE_MI_QFIIS_DAILY_FOREIGN_INVESTMENT,2026-08-20T13:54:35.121Z
2021-02-17,0056,元大高股息,2075034000,3347583,0.16,2071686417,99.83,100,TWSE_MI_QFIIS_DAILY_FOREIGN_INVESTMENT,2026-08-20T13:54:35.121Z
2021-02-18,0056,元大高股息,2064534000,3354053,0.16,2061179947,99.83,100,TWSE_MI_QFIIS_DAILY_FOREIGN_INVESTMENT,2026-08-20T13:54:35.121Z
2021-02-19,0056,元大高股息,2063534000,3360838,0.16,2060173162,99.83,100,TWSE_MI_QFIIS_DAILY_FOREIGN_INVESTMENT,2026-08-20T13:54:35.121Z
2021-02-22,0056,元大高股息,2053034000,3374570,0.16,2049659430,99.83,100,TWSE_MI_QFIIS_DAILY_FOREIGN_INVESTMENT,2026-08-20T13:54:35.121Z
2021-02-23,0056,元大高股息,2045534000,3344688,0.16,2042189312,99.83,100,TWSE_MI_QFIIS_DAILY_FOREIGN_INVESTMENT,2026-08-20T13:54:35.121Z
2021-02-24,0056,元大高股息,2042034000,3388544,0.16,2038645456,99.83,100,TWSE_MI_QFIIS_DAILY_FOREIGN_INVESTMENT,2026-08-20T13:54:35.121Z
2021-02-25,0056,元大高股息,2037534000,3384900,0.16,2034149100,99.83,100,TWSE_MI_QFIIS_DAILY_FOREIGN_INVESTMENT,2026-08-20T13:54:35.121Z
2021-02-26,0056,元大高股息,2039534000,3384777,0.16,2036149223,99.83,100,TWSE_MI_QFIIS_DAILY_FOREIGN_INVESTMENT,2026-08-20T13:54:35.121Z
2021-03-02,0056,元大高股息,2038034000,3294998,0.16,2034739002,99.83,100,TWSE_MI_QFIIS_DAILY_FOREIGN_INVESTMENT,2026-08-20T13:54:35.121Z
2021-03-03,0056,元大高股息,2036534000,3338104,0.16,2033195896,99.83,100,TWSE_MI_QFIIS_DAILY_FOREIGN_INVESTMENT,2026-08-20T13:54:35.121Z
2021-03-04,0056,元大高股息,2036534000,3488623,0.17,2033045377,99.82,100,TWSE_MI_QFIIS_DAILY_FOREIGN_INVESTMENT,2026-08-20T13:54:35.121Z
2021-03-05,0056,元大高股息,2033534000,3480371,0.17,2030053629,99.82,100,TWSE_MI_QFIIS_DAILY_FOREIGN_INVESTMENT,2026-08-20T13:54:35.121Z
2021-03-08,0056,元大高股息,2030534000,3463130,0.17,2027070870,99.82,100,TWSE_MI_QFIIS_DAILY_FOREIGN_INVESTMENT,2026-08-20T13:54:35.121Z
2021-03-09,0056,元大高股息,2028534000,3462077,0.17,2025071923,99.82,100,TWSE_MI_QFIIS_DAILY_FOREIGN_INVESTMENT,2026-08-20T13:54:35.121Z
2021-03-10,0056,元大高股息,2023534000,3462241,0.17,2020071759,99.82,100,TWSE_MI_QFIIS_DAILY_FOREIGN_INVESTMENT,2026-08-20T13:54:35.121Z
2021-03-11,0056,元大高股息,2018034000,3458488,0.17,2014575512,99.82,100,TWSE_MI_QFIIS_DAILY_FOREIGN_INVESTMENT,2026-08-20T13:54:35.121Z
2021-03-12,0056,元大高股息,2011034000,3450662,0.17,2007583338,99.82,100,TWSE_MI_QFIIS_DAILY_FOREIGN_INVESTMENT,2026-08-20T13:54:35.121Z
2021-03-15,0056,元大高股息,2007034000,3450895,0.17,2003583105,99.82,100,TWSE_MI_QFIIS_DAILY_FOREIGN_INVESTMENT,2026-08-20T13:54:35.121Z
2021-03-16,0056,元大高股息,2007534000,3419437,0.17,2004114563,99.82,100,TWSE_MI_QFIIS_DAILY_FOREIGN_INVESTMENT,2026-08-20T13:54:35.121Z
2021-03-17,0056,元大高股息,2006534000,3466022,0.17,2003067978,99.82,100,TWSE_MI_QFIIS_DAILY_FOREIGN_INVESTMENT,2026-08-20T13:54:35.121Z
2021-03-18,0056,元大高股息,2005034000,3464961,0.17,2001569039,99.82,100,TWSE_MI_QFIIS_DAILY_FOREIGN_INVESTMENT,2026-08-20T13:54:35.121Z
2021-03-19,0056,元大高股息,2002534000,3575219,0.17,1998958781,99.82,100,TWSE_MI_QFIIS_DAILY_FOREIGN_INVESTMENT,2026-08-20T13:54:35.121Z
2021-03-22,0056,元大高股息,2002034000,3467270,0.17,1998566730,99.82,100,TWSE_MI_QFIIS_DAILY_FOREIGN_INVESTMENT,2026-08-20T13:54:35.121Z
2021-03-23,0056,元大高股息,2001534000,3463513,0.17,1998070487,99.82,100,TWSE_MI_QFIIS_DAILY_FOREIGN_INVESTMENT,2026-08-20T13:54:35.121Z
2021-03-24,0056,元大高股息,2000034000,3461666,0.17,1996572334,99.82,100,TWSE_MI_QFIIS_DAILY_FOREIGN_INVESTMENT,2026-08-20T13:54:35.121Z
2021-03-25,0056,元大高股息,1998534000,3374816,0.16,1995159184,99.83,100,TWSE_MI_QFIIS_DAILY_FOREIGN_INVESTMENT,2026-08-20T13:54:35.121Z
2021-03-26,0056,元大高股息,1995534000,3470035,0.17,1992063965,99.82,100,TWSE_MI_QFIIS_DAILY_FOREIGN_INVESTMENT,2026-08-20T13:54:35.121Z
2021-03-29,0056,元大高股息,1994534000,3467918,0.17,1991066082,99.82,100,TWSE_MI_QFIIS_DAILY_FOREIGN_INVESTMENT,2026-08-20T13:54:35.121Z
2021-03-30,0056,元大高股息,1994534000,3444874,0.17,1991089126,99.82,100,TWSE_MI_QFIIS_DAILY_FOREIGN_INVESTMENT,2026-08-20T13:54:35.121Z
2021-03-31,0056,元大高股息,2003034000,3445062,0.17,1999588938,99.82,100,TWSE_MI_QFIIS_DAILY_FOREIGN_INVESTMENT,2026-08-20T13:54:35.121Z
2021-04-01,0056,元大高股息,2005034000,3457377,0.17,2001576623,99.82,100,TWSE_MI_QFIIS_DAILY_FOREIGN_INVESTMENT,2026-08-20T13:54:35.121Z
2021-04-06,0056,元大高股息,2010534000,3623530,0.18,2006910470,99.81,100,TWSE_MI_QFIIS_DAILY_FOREIGN_INVESTMENT,2026-08-20T13:54:35.121Z
2021-04-07,0056,元大高股息,2011534000,3413497,0.16,2008120503,99.83,100,TWSE_MI_QFIIS_DAILY_FOREIGN_INVESTMENT,2026-08-20T13:54:35.121Z
2021-04-08,0056,元大高股息,2009534000,3433060,0.17,2006100940,99.82,100,TWSE_MI_QFIIS_DAILY_FOREIGN_INVESTMENT,2026-08-20T13:54:35.121Z
2021-04-09,0056,元大高股息,2009534000,3456329,0.17,2006077671,99.82,100,TWSE_MI_QFIIS_DAILY_FOREIGN_INVESTMENT,2026-08-20T13:54:35.121Z
2021-04-12,0056,元大高股息,2009534000,3464963,0.17,2006069037,99.82,100,TWSE_MI_QFIIS_DAILY_FOREIGN_INVESTMENT,2026-08-20T13:54:35.121Z
2021-04-13,0056,元大高股息,2014534000,3501457,0.17,2011032543,99.82,100,TWSE_MI_QFIIS_DAILY_FOREIGN_INVESTMENT,2026-08-20T13:54:35.121Z
2021-04-14,0056,元大高股息,2016034000,3663263,0.18,2012370737,99.81,100,TWSE_MI_QFIIS_DAILY_FOREIGN_INVESTMENT,2026-08-20T13:54:35.121Z
2021-04-15,0056,元大高股息,2014034000,3506878,0.17,2010527122,99.82,100,TWSE_MI_QFIIS_DAILY_FOREIGN_INVESTMENT,2026-08-20T13:54:35.121Z
2021-04-16,0056,元大高股息,2001034000,3503665,0.17,1997530335,99.82,100,TWSE_MI_QFIIS_DAILY_FOREIGN_INVESTMENT,2026-08-20T13:54:35.121Z
2021-04-19,0056,元大高股息,1997534000,3505977,0.17,1994028023,99.82,100,TWSE_MI_QFIIS_DAILY_FOREIGN_INVESTMENT,2026-08-20T13:54:35.121Z
2021-04-20,0056,元大高股息,1994534000,3523474,0.17,1991010526,99.82,100,TWSE_MI_QFIIS_DAILY_FOREIGN_INVESTMENT,2026-08-20T13:54:35.121Z
2021-04-21,0056,元大高股息,1993534000,3533773,0.17,1990000227,99.82,100,TWSE_MI_QFIIS_DAILY_FOREIGN_INVESTMENT,2026-08-20T13:54:35.121Z
2021-04-22,0056,元大高股息,1996034000,3556761,0.17,1992477239,99.82,100,TWSE_MI_QFIIS_DAILY_FOREIGN_INVESTMENT,2026-08-20T13:54:35.121Z
2021-04-23,0056,元大高股息,1996034000,5478526,0.27,1990555474,99.72,100,TWSE_MI_QFIIS_DAILY_FOREIGN_INVESTMENT,2026-08-20T13:54:35.121Z
2021-04-26,0056,元大高股息,1995034000,5375354,0.26,1989658646,99.73,100,TWSE_MI_QFIIS_DAILY_FOREIGN_INVESTMENT,2026-08-20T13:54:35.121Z
2021-04-27,0056,元大高股息,1995034000,5225632,0.26,1989808368,99.73,100,TWSE_MI_QFIIS_DAILY_FOREIGN_INVESTMENT,2026-08-20T13:54:35.121Z
2021-04-28,0056,元大高股息,1995534000,5227632,0.26,1990306368,99.73,100,TWSE_MI_QFIIS_DAILY_FOREIGN_INVESTMENT,2026-08-20T13:54:35.121Z
2021-04-29,0056,元大高股息,1995534000,5592182,0.28,1989941818,99.71,100,TWSE_MI_QFIIS_DAILY_FOREIGN_INVESTMENT,2026-08-20T13:54:35.121Z
2021-05-03,0056,元大高股息,1999534000,5922893,0.29,1993611107,99.7,100,TWSE_MI_QFIIS_DAILY_FOREIGN_INVESTMENT,2026-08-20T13:54:35.121Z
2021-05-04,0056,元大高股息,2018534000,5061093,0.25,2013472907,99.74,100,TWSE_MI_QFIIS_DAILY_FOREIGN_INVESTMENT,2026-08-20T13:54:35.121Z
2021-05-05,0056,元大高股息,2041534000,5763478,0.28,2035770522,99.71,100,TWSE_MI_QFIIS_DAILY_FOREIGN_INVESTMENT,2026-08-20T13:54:35.121Z
2021-05-06,0056,元大高股息,2054034000,5250908,0.25,2048783092,99.74,100,TWSE_MI_QFIIS_DAILY_FOREIGN_INVESTMENT,2026-08-20T13:54:35.121Z
2021-05-07,0056,元大高股息,2055034000,5925200,0.28,2049108800,99.71,100,TWSE_MI_QFIIS_DAILY_FOREIGN_INVESTMENT,2026-08-20T13:54:35.121Z
2021-05-10,0056,元大高股息,2055034000,5770290,0.28,2049263710,99.71,100,TWSE_MI_QFIIS_DAILY_FOREIGN_INVESTMENT,2026-08-20T13:54:35.121Z
2021-05-11,0056,元大高股息,2089534000,7469059,0.35,2082064941,99.64,100,TWSE_MI_QFIIS_DAILY_FOREIGN_INVESTMENT,2026-08-20T13:54:35.121Z
2021-05-12,0056,元大高股息,2116534000,7696279,0.36,2108837721,99.63,100,TWSE_MI_QFIIS_DAILY_FOREIGN_INVESTMENT,2026-08-20T13:54:35.121Z
2021-05-13,0056,元大高股息,2138034000,6597754,0.3,2131436246,99.69,100,TWSE_MI_QFIIS_DAILY_FOREIGN_INVESTMENT,2026-08-20T13:54:35.121Z
2021-05-14,0056,元大高股息,2148534000,6530381,0.3,2142003619,99.69,100,TWSE_MI_QFIIS_DAILY_FOREIGN_INVESTMENT,2026-08-20T13:54:35.121Z
2021-05-17,0056,元大高股息,2181034000,8473031,0.38,2172560969,99.61,100,TWSE_MI_QFIIS_DAILY_FOREIGN_INVESTMENT,2026-08-20T13:54:35.121Z
2021-05-18,0056,元大高股息,2183534000,7679319,0.35,2175854681,99.64,100,TWSE_MI_QFIIS_DAILY_FOREIGN_INVESTMENT,2026-08-20T13:54:35.121Z
2021-05-19,0056,元大高股息,2185034000,7172219,0.32,2177861781,99.67,100,TWSE_MI_QFIIS_DAILY_FOREIGN_INVESTMENT,2026-08-20T13:54:35.121Z
2021-05-20,0056,元大高股息,2188534000,7106565,0.32,2181427435,99.67,100,TWSE_MI_QFIIS_DAILY_FOREIGN_INVESTMENT,2026-08-20T13:54:35.121Z
2021-05-21,0056,元大高股息,2192034000,7486697,0.34,2184547303,99.65,100,TWSE_MI_QFIIS_DAILY_FOREIGN_INVESTMENT,2026-08-20T13:54:35.121Z
2021-05-24,0056,元大高股息,2202034000,6896833,0.31,2195137167,99.68,100,TWSE_MI_QFIIS_DAILY_FOREIGN_INVESTMENT,2026-08-20T13:54:35.121Z
2021-05-25,0056,元大高股息,2203034000,7431539,0.33,2195602461,99.66,100,TWSE_MI_QFIIS_DAILY_FOREIGN_INVESTMENT,2026-08-20T13:54:35.121Z
2021-05-26,0056,元大高股息,2208034000,7429249,0.33,2200604751,99.66,100,TWSE_MI_QFIIS_DAILY_FOREIGN_INVESTMENT,2026-08-20T13:54:35.121Z
2021-05-27,0056,元大高股息,2211534000,7007995,0.31,2204526005,99.68,100,TWSE_MI_QFIIS_DAILY_FOREIGN_INVESTMENT,2026-08-20T13:54:35.121Z
2021-05-28,0056,元大高股息,2211534000,8298297,0.37,2203235703,99.62,100,TWSE_MI_QFIIS_DAILY_FOREIGN_INVESTMENT,2026-08-20T13:54:35.121Z
2021-05-31,0056,元大高股息,2212034000,8630781,0.39,2203403219,99.6,100,TWSE_MI_QFIIS_DAILY_FOREIGN_INVESTMENT,2026-08-20T13:54:35.121Z
2021-06-01,0056,元大高股息,2206034000,11043165,0.5,2194990835,99.49,100,TWSE_MI_QFIIS_DAILY_FOREIGN_INVESTMENT,2026-08-20T13:54:35.121Z
2021-06-02,0056,元大高股息,2206034000,9307727,0.42,2196726273,99.57,100,TWSE_MI_QFIIS_DAILY_FOREIGN_INVESTMENT,2026-08-20T13:54:35.121Z
2021-06-03,0056,元大高股息,2206534000,8923969,0.4,2197610031,99.59,100,TWSE_MI_QFIIS_DAILY_FOREIGN_INVESTMENT,2026-08-20T13:54:35.121Z
2021-06-04,0056,元大高股息,2206534000,8547310,0.38,2197986690,99.61,100,TWSE_MI_QFIIS_DAILY_FOREIGN_INVESTMENT,2026-08-20T13:54:35.121Z
2021-06-07,0056,元大高股息,2213034000,7093002,0.32,2205940998,99.67,100,TWSE_MI_QFIIS_DAILY_FOREIGN_INVESTMENT,2026-08-20T13:54:35.121Z
2021-06-08,0056,元大高股息,2216534000,7082877,0.31,2209451123,99.68,100,TWSE_MI_QFIIS_DAILY_FOREIGN_INVESTMENT,2026-08-20T13:54:35.121Z
2021-06-09,0056,元大高股息,2221034000,7049073,0.31,2213984927,99.68,100,TWSE_MI_QFIIS_DAILY_FOREIGN_INVESTMENT,2026-08-20T13:54:35.121Z
2021-06-10,0056,元大高股息,2225034000,7452139,0.33,2217581861,99.66,100,TWSE_MI_QFIIS_DAILY_FOREIGN_INVESTMENT,2026-08-20T13:54:35.121Z
2021-06-11,0056,元大高股息,2229034000,6945283,0.31,2222088717,99.68,100,TWSE_MI_QFIIS_DAILY_FOREIGN_INVESTMENT,2026-08-20T13:54:35.121Z
2021-06-15,0056,元大高股息,2231034000,6943745,0.31,2224090255,99.68,100,TWSE_MI_QFIIS_DAILY_FOREIGN_INVESTMENT,2026-08-20T13:54:35.121Z
2021-06-16,0056,元大高股息,2234534000,7179989,0.32,2227354011,99.67,100,TWSE_MI_QFIIS_DAILY_FOREIGN_INVESTMENT,2026-08-20T13:54:35.121Z
2021-06-17,0056,元大高股息,2236534000,6445308,0.28,2230088692,99.71,100,TWSE_MI_QFIIS_DAILY_FOREIGN_INVESTMENT,2026-08-20T13:54:35.121Z
2021-06-18,0056,元大高股息,2237034000,6737441,0.3,2230296559,99.69,100,TWSE_MI_QFIIS_DAILY_FOREIGN_INVESTMENT,2026-08-20T13:54:35.121Z
2021-06-21,0056,元大高股息,2246534000,6680290,0.29,2239853710,99.7,100,TWSE_MI_QFIIS_DAILY_FOREIGN_INVESTMENT,2026-08-20T13:54:35.121Z
2021-06-22,0056,元大高股息,2253034000,7195089,0.31,2245838911,99.68,100,TWSE_MI_QFIIS_DAILY_FOREIGN_INVESTMENT,2026-08-20T13:54:35.121Z
2021-06-23,0056,元大高股息,2259534000,7430592,0.32,2252103408,99.67,100,TWSE_MI_QFIIS_DAILY_FOREIGN_INVESTMENT,2026-08-20T13:54:35.121Z
2021-06-24,0056,元大高股息,2259534000,8067070,0.35,2251466930,99.64,100,TWSE_MI_QFIIS_DAILY_FOREIGN_INVESTMENT,2026-08-20T13:54:35.121Z
2021-06-25,0056,元大高股息,2259534000,9237764,0.4,2250296236,99.59,100,TWSE_MI_QFIIS_DAILY_FOREIGN_INVESTMENT,2026-08-20T13:54:35.121Z
2021-06-28,0056,元大高股息,2259534000,10090537,0.44,2249443463,99.55,100,TWSE_MI_QFIIS_DAILY_FOREIGN_INVESTMENT,2026-08-20T13:54:35.121Z
2021-06-29,0056,元大高股息,2267034000,8067122,0.35,2258966878,99.64,100,TWSE_MI_QFIIS_DAILY_FOREIGN_INVESTMENT,2026-08-20T13:54:35.121Z
2021-06-30,0056,元大高股息,2265534000,9888347,0.43,2255645653,99.56,100,TWSE_MI_QFIIS_DAILY_FOREIGN_INVESTMENT,2026-08-20T13:54:35.121Z
2021-07-01,0056,元大高股息,2243034000,11624686,0.51,2231409314,99.48,100,TWSE_MI_QFIIS_DAILY_FOREIGN_INVESTMENT,2026-08-20T13:54:35.121Z
2021-07-02,0056,元大高股息,2237534000,8316103,0.37,2229217897,99.62,100,TWSE_MI_QFIIS_DAILY_FOREIGN_INVESTMENT,2026-08-20T13:54:35.121Z
2021-07-05,0056,元大高股息,2234534000,10124205,0.45,2224409795,99.54,100,TWSE_MI_QFIIS_DAILY_FOREIGN_INVESTMENT,2026-08-20T13:54:35.121Z
2021-07-06,0056,元大高股息,2232534000,8720644,0.39,2223813356,99.6,100,TWSE_MI_QFIIS_DAILY_FOREIGN_INVESTMENT,2026-08-20T13:54:35.121Z
2021-07-07,0056,元大高股息,2234534000,5964074,0.26,2228569926,99.73,100,TWSE_MI_QFIIS_DAILY_FOREIGN_INVESTMENT,2026-08-20T13:54:35.121Z
2021-07-08,0056,元大高股息,2230534000,7286625,0.32,2223247375,99.67,100,TWSE_MI_QFIIS_DAILY_FOREIGN_INVESTMENT,2026-08-20T13:54:35.121Z
2021-07-09,0056,元大高股息,2232034000,5037740,0.22,2226996260,99.77,100,TWSE_MI_QFIIS_DAILY_FOREIGN_INVESTMENT,2026-08-20T13:54:35.121Z
2021-07-12,0056,元大高股息,2232034000,6912721,0.3,2225121279,99.69,100,TWSE_MI_QFIIS_DAILY_FOREIGN_INVESTMENT,2026-08-20T13:54:35.121Z
2021-07-13,0056,元大高股息,2239034000,4138879,0.18,2234895121,99.81,100,TWSE_MI_QFIIS_DAILY_FOREIGN_INVESTMENT,2026-08-20T13:54:35.121Z
2021-07-14,0056,元大高股息,2259034000,7127383,0.31,2251906617,99.68,100,TWSE_MI_QFIIS_DAILY_FOREIGN_INVESTMENT,2026-08-20T13:54:35.121Z
2021-07-15,0056,元大高股息,2262034000,6684172,0.29,2255349828,99.7,100,TWSE_MI_QFIIS_DAILY_FOREIGN_INVESTMENT,2026-08-20T13:54:35.121Z
2021-07-16,0056,元大高股息,2266534000,6926335,0.3,2259607665,99.69,100,TWSE_MI_QFIIS_DAILY_FOREIGN_INVESTMENT,2026-08-20T13:54:35.121Z
2021-07-19,0056,元大高股息,2266534000,6815779,0.3,2259718221,99.69,100,TWSE_MI_QFIIS_DAILY_FOREIGN_INVESTMENT,2026-08-20T13:54:35.121Z
2021-07-20,0056,元大高股息,2285034000,6748988,0.29,2278285012,99.7,100,TWSE_MI_QFIIS_DAILY_FOREIGN_INVESTMENT,2026-08-20T13:54:35.121Z
2021-07-21,0056,元大高股息,2319534000,6120094,0.26,2313413906,99.73,100,TWSE_MI_QFIIS_DAILY_FOREIGN_INVESTMENT,2026-08-20T13:54:35.121Z
2021-07-22,0056,元大高股息,2332034000,6686194,0.28,2325347806,99.71,100,TWSE_MI_QFIIS_DAILY_FOREIGN_INVESTMENT,2026-08-20T13:54:35.121Z
2021-07-23,0056,元大高股息,2334034000,6602448,0.28,2327431552,99.71,100,TWSE_MI_QFIIS_DAILY_FOREIGN_INVESTMENT,2026-08-20T13:54:35.121Z
2021-07-26,0056,元大高股息,2338034000,6627811,0.28,2331406189,99.71,100,TWSE_MI_QFIIS_DAILY_FOREIGN_INVESTMENT,2026-08-20T13:54:35.121Z
2021-07-27,0056,元大高股息,2357034000,6920586,0.29,2350113414,99.7,100,TWSE_MI_QFIIS_DAILY_FOREIGN_INVESTMENT,2026-08-20T13:54:35.121Z
2021-07-28,0056,元大高股息,2375034000,10097526,0.42,2364936474,99.57,100,TWSE_MI_QFIIS_DAILY_FOREIGN_INVESTMENT,2026-08-20T13:54:35.121Z
2021-07-29,0056,元大高股息,2372034000,13583241,0.57,2358450759,99.42,100,TWSE_MI_QFIIS_DAILY_FOREIGN_INVESTMENT,2026-08-20T13:54:35.121Z
2021-07-30,0056,元大高股息,2361034000,12110841,0.51,2348923159,99.48,100,TWSE_MI_QFIIS_DAILY_FOREIGN_INVESTMENT,2026-08-20T13:54:35.121Z
2021-08-02,0056,元大高股息,2366034000,12458642,0.52,2353575358,99.47,100,TWSE_MI_QFIIS_DAILY_FOREIGN_INVESTMENT,2026-08-20T13:54:35.121Z
2021-08-03,0056,元大高股息,2366534000,11229707,0.47,2355304293,99.52,100,TWSE_MI_QFIIS_DAILY_FOREIGN_INVESTMENT,2026-08-20T13:54:35.121Z
2021-08-04,0056,元大高股息,2366534000,11878708,0.5,2354655292,99.49,100,TWSE_MI_QFIIS_DAILY_FOREIGN_INVESTMENT,2026-08-20T13:54:35.121Z
2021-08-05,0056,元大高股息,2368534000,10220268,0.43,2358313732,99.56,100,TWSE_MI_QFIIS_DAILY_FOREIGN_INVESTMENT,2026-08-20T13:54:35.121Z
2021-08-06,0056,元大高股息,2373034000,8159386,0.34,2364874614,99.65,100,TWSE_MI_QFIIS_DAILY_FOREIGN_INVESTMENT,2026-08-20T13:54:35.121Z
2021-08-09,0056,元大高股息,2378534000,7891639,0.33,2370642361,99.66,100,TWSE_MI_QFIIS_DAILY_FOREIGN_INVESTMENT,2026-08-20T13:54:35.121Z
2021-08-10,0056,元大高股息,2405034000,7729885,0.32,2397304115,99.67,100,TWSE_MI_QFIIS_DAILY_FOREIGN_INVESTMENT,2026-08-20T13:54:35.121Z
2021-08-11,0056,元大高股息,2431534000,8220445,0.33,2423313555,99.66,100,TWSE_MI_QFIIS_DAILY_FOREIGN_INVESTMENT,2026-08-20T13:54:35.121Z
2021-08-12,0056,元大高股息,2439534000,8159772,0.33,2431374228,99.66,100,TWSE_MI_QFIIS_DAILY_FOREIGN_INVESTMENT,2026-08-20T13:54:35.121Z
2021-08-13,0056,元大高股息,2459534000,8069603,0.32,2451464397,99.67,100,TWSE_MI_QFIIS_DAILY_FOREIGN_INVESTMENT,2026-08-20T13:54:35.121Z
2021-08-16,0056,元大高股息,2501034000,6791722,0.27,2494242278,99.72,100,TWSE_MI_QFIIS_DAILY_FOREIGN_INVESTMENT,2026-08-20T13:54:35.121Z
2021-08-17,0056,元大高股息,2525034000,5554543,0.21,2519479457,99.78,100,TWSE_MI_QFIIS_DAILY_FOREIGN_INVESTMENT,2026-08-20T13:54:35.121Z
2021-08-18,0056,元大高股息,2542034000,11920451,0.46,2530113549,99.53,100,TWSE_MI_QFIIS_DAILY_FOREIGN_INVESTMENT,2026-08-20T13:54:35.121Z
2021-08-19,0056,元大高股息,2579034000,10520574,0.4,2568513426,99.59,100,TWSE_MI_QFIIS_DAILY_FOREIGN_INVESTMENT,2026-08-20T13:54:35.121Z
2021-08-20,0056,元大高股息,2596534000,10010939,0.38,2586523061,99.61,100,TWSE_MI_QFIIS_DAILY_FOREIGN_INVESTMENT,2026-08-20T13:54:35.121Z
2021-08-23,0056,元大高股息,2603534000,10527789,0.4,2593006211,99.59,100,TWSE_MI_QFIIS_DAILY_FOREIGN_INVESTMENT,2026-08-20T13:54:35.121Z
2021-08-24,0056,元大高股息,2618534000,9790157,0.37,2608743843,99.62,100,TWSE_MI_QFIIS_DAILY_FOREIGN_INVESTMENT,2026-08-20T13:54:35.121Z
2021-08-25,0056,元大高股息,2620534000,10355958,0.39,2610178042,99.6,100,TWSE_MI_QFIIS_DAILY_FOREIGN_INVESTMENT,2026-08-20T13:54:35.121Z
2021-08-26,0056,元大高股息,2632534000,9090738,0.34,2623443262,99.65,100,TWSE_MI_QFIIS_DAILY_FOREIGN_INVESTMENT,2026-08-20T13:54:35.121Z
2021-08-27,0056,元大高股息,2633534000,11268299,0.42,2622265701,99.57,100,TWSE_MI_QFIIS_DAILY_FOREIGN_INVESTMENT,2026-08-20T13:54:35.121Z
2021-08-30,0056,元大高股息,2635534000,9848559,0.37,2625685441,99.62,100,TWSE_MI_QFIIS_DAILY_FOREIGN_INVESTMENT,2026-08-20T13:54:35.121Z
2021-08-31,0056,元大高股息,2637034000,8472259,0.32,2628561741,99.67,100,TWSE_MI_QFIIS_DAILY_FOREIGN_INVESTMENT,2026-08-20T13:54:35.121Z
2021-09-01,0056,元大高股息,2637534000,10315325,0.39,2627218675,99.6,100,TWSE_MI_QFIIS_DAILY_FOREIGN_INVESTMENT,2026-08-20T13:54:35.121Z
2021-09-02,0056,元大高股息,2641534000,10333745,0.39,2631200255,99.6,100,TWSE_MI_QFIIS_DAILY_FOREIGN_INVESTMENT,2026-08-20T13:54:35.121Z
2021-09-03,0056,元大高股息,2644534000,9516992,0.35,2635017008,99.64,100,TWSE_MI_QFIIS_DAILY_FOREIGN_INVESTMENT,2026-08-20T13:54:35.121Z
2021-09-06,0056,元大高股息,2651034000,8748857,0.33,2642285143,99.66,100,TWSE_MI_QFIIS_DAILY_FOREIGN_INVESTMENT,2026-08-20T13:54:35.121Z
2021-09-07,0056,元大高股息,2651034000,11036457,0.41,2639997543,99.58,100,TWSE_MI_QFIIS_DAILY_FOREIGN_INVESTMENT,2026-08-20T13:54:35.121Z
2021-09-08,0056,元大高股息,2672534000,12846535,0.48,2659687465,99.51,100,TWSE_MI_QFIIS_DAILY_FOREIGN_INVESTMENT,2026-08-20T13:54:35.121Z
2021-09-09,0056,元大高股息,2675034000,11355265,0.42,2663678735,99.57,100,TWSE_MI_QFIIS_DAILY_FOREIGN_INVESTMENT,2026-08-20T13:54:35.121Z
2021-09-10,0056,元大高股息,2676534000,12113095,0.45,2664420905,99.54,100,TWSE_MI_QFIIS_DAILY_FOREIGN_INVESTMENT,2026-08-20T13:54:35.121Z
2021-09-13,0056,元大高股息,2678034000,11685345,0.43,2666348655,99.56,100,TWSE_MI_QFIIS_DAILY_FOREIGN_INVESTMENT,2026-08-20T13:54:35.121Z
2021-09-14,0056,元大高股息,2682534000,11256360,0.41,2671277640,99.58,100,TWSE_MI_QFIIS_DAILY_FOREIGN_INVESTMENT,2026-08-20T13:54:35.121Z
2021-09-15,0056,元大高股息,2683034000,12149197,0.45,2670884803,99.54,100,TWSE_MI_QFIIS_DAILY_FOREIGN_INVESTMENT,2026-08-20T13:54:35.121Z
2021-09-16,0056,元大高股息,2688034000,11116736,0.41,2676917264,99.58,100,TWSE_MI_QFIIS_DAILY_FOREIGN_INVESTMENT,2026-08-20T13:54:35.121Z
2021-09-17,0056,元大高股息,2688034000,13317840,0.49,2674716160,99.5,100,TWSE_MI_QFIIS_DAILY_FOREIGN_INVESTMENT,2026-08-20T13:54:35.121Z
2021-09-22,0056,元大高股息,2721534000,9049316,0.33,2712484684,99.66,100,TWSE_MI_QFIIS_DAILY_FOREIGN_INVESTMENT,2026-08-20T13:54:35.121Z
2021-09-23,0056,元大高股息,2725034000,10024416,0.36,2715009584,99.63,100,TWSE_MI_QFIIS_DAILY_FOREIGN_INVESTMENT,2026-08-20T13:54:35.121Z
2021-09-24,0056,元大高股息,2727034000,11263416,0.41,2715770584,99.58,100,TWSE_MI_QFIIS_DAILY_FOREIGN_INVESTMENT,2026-08-20T13:54:35.121Z
2021-09-27,0056,元大高股息,2734534000,11778443,0.43,2722755557,99.56,100,TWSE_MI_QFIIS_DAILY_FOREIGN_INVESTMENT,2026-08-20T13:54:35.121Z
2021-09-28,0056,元大高股息,2746034000,14133155,0.51,2731900845,99.48,100,TWSE_MI_QFIIS_DAILY_FOREIGN_INVESTMENT,2026-08-20T13:54:35.121Z
2021-09-29,0056,元大高股息,2784534000,11851227,0.42,2772682773,99.57,100,TWSE_MI_QFIIS_DAILY_FOREIGN_INVESTMENT,2026-08-20T13:54:35.121Z
2021-09-30,0056,元大高股息,2801034000,13220109,0.47,2787813891,99.52,100,TWSE_MI_QFIIS_DAILY_FOREIGN_INVESTMENT,2026-08-20T13:54:35.121Z
2021-10-01,0056,元大高股息,2869034000,10507459,0.36,2858526541,99.63,100,TWSE_MI_QFIIS_DAILY_FOREIGN_INVESTMENT,2026-08-20T13:54:35.121Z
2021-10-04,0056,元大高股息,2921534000,10902250,0.37,2910631750,99.62,100,TWSE_MI_QFIIS_DAILY_FOREIGN_INVESTMENT,2026-08-20T13:54:35.121Z
2021-10-05,0056,元大高股息,2947034000,16054791,0.54,2930979209,99.45,100,TWSE_MI_QFIIS_DAILY_FOREIGN_INVESTMENT,2026-08-20T13:54:35.121Z
2021-10-06,0056,元大高股息,2983534000,15381935,0.51,2968152065,99.48,100,TWSE_MI_QFIIS_DAILY_FOREIGN_INVESTMENT,2026-08-20T13:54:35.121Z
2021-10-07,0056,元大高股息,3038534000,18188265,0.59,3020345735,99.4,100,TWSE_MI_QFIIS_DAILY_FOREIGN_INVESTMENT,2026-08-20T13:54:35.121Z
2021-10-08,0056,元大高股息,3072534000,26548387,0.86,3045985613,99.13,100,TWSE_MI_QFIIS_DAILY_FOREIGN_INVESTMENT,2026-08-20T13:54:35.121Z
2021-10-12,0056,元大高股息,3125534000,21767296,0.69,3103766704,99.3,100,TWSE_MI_QFIIS_DAILY_FOREIGN_INVESTMENT,2026-08-20T13:54:35.121Z
2021-10-13,0056,元大高股息,3165034000,33819976,1.06,3131214024,98.93,100,TWSE_MI_QFIIS_DAILY_FOREIGN_INVESTMENT,2026-08-20T13:54:35.121Z
2021-10-14,0056,元大高股息,3189534000,34480091,1.08,3155053909,98.91,100,TWSE_MI_QFIIS_DAILY_FOREIGN_INVESTMENT,2026-08-20T13:54:35.121Z
2021-10-15,0056,元大高股息,3204534000,30205752,0.94,3174328248,99.05,100,TWSE_MI_QFIIS_DAILY_FOREIGN_INVESTMENT,2026-08-20T13:54:35.121Z
2021-10-18,0056,元大高股息,3240034000,23405679,0.72,3216628321,99.27,100,TWSE_MI_QFIIS_DAILY_FOREIGN_INVESTMENT,2026-08-20T13:54:35.121Z
2021-10-19,0056,元大高股息,3264034000,24130029,0.73,3239903971,99.26,100,TWSE_MI_QFIIS_DAILY_FOREIGN_INVESTMENT,2026-08-20T13:54:35.121Z
2021-10-20,0056,元大高股息,3320034000,18721316,0.56,3301312684,99.43,100,TWSE_MI_QFIIS_DAILY_FOREIGN_INVESTMENT,2026-08-20T13:54:35.121Z
2021-10-21,0056,元大高股息,3392534000,17806126,0.52,3374727874,99.47,100,TWSE_MI_QFIIS_DAILY_FOREIGN_INVESTMENT,2026-08-20T13:54:35.121Z
2021-10-22,0056,元大高股息,3507534000,17629632,0.5,3489904368,99.49,100,TWSE_MI_QFIIS_DAILY_FOREIGN_INVESTMENT,2026-08-20T13:54:35.121Z
2021-10-25,0056,元大高股息,3549534000,17393531,0.49,3532140469,99.5,100,TWSE_MI_QFIIS_DAILY_FOREIGN_INVESTMENT,2026-08-20T13:54:35.121Z
2021-10-26,0056,元大高股息,3573034000,16922990,0.47,3556111010,99.52,100,TWSE_MI_QFIIS_DAILY_FOREIGN_INVESTMENT,2026-08-20T13:54:35.121Z
2021-10-27,0056,元大高股息,3587534000,16245030,0.45,3571288970,99.54,100,TWSE_MI_QFIIS_DAILY_FOREIGN_INVESTMENT,2026-08-20T13:54:35.121Z
2021-10-28,0056,元大高股息,3599534000,15150050,0.42,3584383950,99.57,100,TWSE_MI_QFIIS_DAILY_FOREIGN_INVESTMENT,2026-08-20T13:54:35.121Z
2021-10-29,0056,元大高股息,3607034000,14792112,0.41,3592241888,99.58,100,TWSE_MI_QFIIS_DAILY_FOREIGN_INVESTMENT,2026-08-20T13:54:35.121Z
2021-11-01,0056,元大高股息,3616034000,15735166,0.43,3600298834,99.56,100,TWSE_MI_QFIIS_DAILY_FOREIGN_INVESTMENT,2026-08-20T13:54:35.121Z
2021-11-02,0056,元大高股息,3622034000,15169637,0.41,3606864363,99.58,100,TWSE_MI_QFIIS_DAILY_FOREIGN_INVESTMENT,2026-08-20T13:54:35.121Z
2021-11-03,0056,元大高股息,3622034000,19292374,0.53,3602741626,99.46,100,TWSE_MI_QFIIS_DAILY_FOREIGN_INVESTMENT,2026-08-20T13:54:35.121Z
2021-11-04,0056,元大高股息,3621534000,19592709,0.54,3601941291,99.45,100,TWSE_MI_QFIIS_DAILY_FOREIGN_INVESTMENT,2026-08-20T13:54:35.121Z
2021-11-05,0056,元大高股息,3622034000,18893034,0.52,3603140966,99.47,100,TWSE_MI_QFIIS_DAILY_FOREIGN_INVESTMENT,2026-08-20T13:54:35.121Z
2021-11-08,0056,元大高股息,3606034000,24085037,0.66,3581948963,99.33,100,TWSE_MI_QFIIS_DAILY_FOREIGN_INVESTMENT,2026-08-20T13:54:35.121Z
2021-11-09,0056,元大高股息,3589034000,24550934,0.68,3564483066,99.31,100,TWSE_MI_QFIIS_DAILY_FOREIGN_INVESTMENT,2026-08-20T13:54:35.121Z
2021-11-10,0056,元大高股息,3564034000,26368339,0.73,3537665661,99.26,100,TWSE_MI_QFIIS_DAILY_FOREIGN_INVESTMENT,2026-08-20T13:54:35.121Z
2021-11-11,0056,元大高股息,3557534000,26163742,0.73,3531370258,99.26,100,TWSE_MI_QFIIS_DAILY_FOREIGN_INVESTMENT,2026-08-20T13:54:35.121Z
2021-11-12,0056,元大高股息,3547034000,30646880,0.86,3516387120,99.13,100,TWSE_MI_QFIIS_DAILY_FOREIGN_INVESTMENT,2026-08-20T13:54:35.121Z
2021-11-15,0056,元大高股息,3534534000,31397091,0.88,3503136909,99.11,100,TWSE_MI_QFIIS_DAILY_FOREIGN_INVESTMENT,2026-08-20T13:54:35.121Z
2021-11-16,0056,元大高股息,3519034000,33040391,0.93,3485993609,99.06,100,TWSE_MI_QFIIS_DAILY_FOREIGN_INVESTMENT,2026-08-20T13:54:35.121Z
2021-11-17,0056,元大高股息,3507534000,32912499,0.93,3474621501,99.06,100,TWSE_MI_QFIIS_DAILY_FOREIGN_INVESTMENT,2026-08-20T13:54:35.121Z
2021-11-18,0056,元大高股息,3475534000,29137514,0.83,3446396486,99.16,100,TWSE_MI_QFIIS_DAILY_FOREIGN_INVESTMENT,2026-08-20T13:54:35.121Z
2021-11-19,0056,元大高股息,3468534000,32717072,0.94,3435816928,99.05,100,TWSE_MI_QFIIS_DAILY_FOREIGN_INVESTMENT,2026-08-20T13:54:35.121Z
2021-11-22,0056,元大高股息,3463534000,34928438,1,3428605562,98.99,100,TWSE_MI_QFIIS_DAILY_FOREIGN_INVESTMENT,2026-08-20T13:54:35.121Z
2021-11-23,0056,元大高股息,3461534000,34831760,1,3426702240,98.99,100,TWSE_MI_QFIIS_DAILY_FOREIGN_INVESTMENT,2026-08-20T13:54:35.121Z
2021-11-24,0056,元大高股息,3460534000,34676614,1,3425857386,98.99,100,TWSE_MI_QFIIS_DAILY_FOREIGN_INVESTMENT,2026-08-20T13:54:35.121Z
2021-11-25,0056,元大高股息,3459034000,35451464,1.02,3423582536,98.97,100,TWSE_MI_QFIIS_DAILY_FOREIGN_INVESTMENT,2026-08-20T13:54:35.121Z
2021-11-26,0056,元大高股息,3458034000,28603198,0.82,3429430802,99.17,100,TWSE_MI_QFIIS_DAILY_FOREIGN_INVESTMENT,2026-08-20T13:54:35.121Z
2021-11-29,0056,元大高股息,3456534000,28171497,0.81,3428362503,99.18,100,TWSE_MI_QFIIS_DAILY_FOREIGN_INVESTMENT,2026-08-20T13:54:35.121Z
2021-11-30,0056,元大高股息,3454034000,28094547,0.81,3425939453,99.18,100,TWSE_MI_QFIIS_DAILY_FOREIGN_INVESTMENT,2026-08-20T13:54:35.121Z
2021-12-01,0056,元大高股息,3453534000,28553418,0.82,3424980582,99.17,100,TWSE_MI_QFIIS_DAILY_FOREIGN_INVESTMENT,2026-08-20T13:54:35.121Z
2021-12-02,0056,元大高股息,3453034000,28582663,0.82,3424451337,99.17,100,TWSE_MI_QFIIS_DAILY_FOREIGN_INVESTMENT,2026-08-20T13:54:35.121Z
2021-12-03,0056,元大高股息,3448534000,28163948,0.81,3420370052,99.18,100,TWSE_MI_QFIIS_DAILY_FOREIGN_INVESTMENT,2026-08-20T13:54:35.121Z
2021-12-06,0056,元大高股息,3446534000,28332747,0.82,3418201253,99.17,100,TWSE_MI_QFIIS_DAILY_FOREIGN_INVESTMENT,2026-08-20T13:54:35.121Z
2021-12-07,0056,元大高股息,3432534000,28319347,0.82,3404214653,99.17,100,TWSE_MI_QFIIS_DAILY_FOREIGN_INVESTMENT,2026-08-20T13:54:35.121Z
2021-12-08,0056,元大高股息,3421534000,29946947,0.87,3391587053,99.12,100,TWSE_MI_QFIIS_DAILY_FOREIGN_INVESTMENT,2026-08-20T13:54:35.121Z
2021-12-09,0056,元大高股息,3410034000,32886872,0.96,3377147128,99.03,100,TWSE_MI_QFIIS_DAILY_FOREIGN_INVESTMENT,2026-08-20T13:54:35.121Z
2021-12-10,0056,元大高股息,3402034000,33444099,0.98,3368589901,99.01,100,TWSE_MI_QFIIS_DAILY_FOREIGN_INVESTMENT,2026-08-20T13:54:35.121Z
2021-12-13,0056,元大高股息,3399034000,34172921,1,3364861079,98.99,100,TWSE_MI_QFIIS_DAILY_FOREIGN_INVESTMENT,2026-08-20T13:54:35.121Z
2021-12-14,0056,元大高股息,3399034000,28132621,0.82,3370901379,99.17,100,TWSE_MI_QFIIS_DAILY_FOREIGN_INVESTMENT,2026-08-20T13:54:35.121Z
2021-12-15,0056,元大高股息,3399034000,27173697,0.79,3371860303,99.2,100,TWSE_MI_QFIIS_DAILY_FOREIGN_INVESTMENT,2026-08-20T13:54:35.121Z
2021-12-16,0056,元大高股息,3391534000,28800087,0.84,3362733913,99.15,100,TWSE_MI_QFIIS_DAILY_FOREIGN_INVESTMENT,2026-08-20T13:54:35.121Z
2021-12-17,0056,元大高股息,3391034000,24808497,0.73,3366225503,99.26,100,TWSE_MI_QFIIS_DAILY_FOREIGN_INVESTMENT,2026-08-20T13:54:35.121Z
2021-12-20,0056,元大高股息,3393034000,24126866,0.71,3368907134,99.28,100,TWSE_MI_QFIIS_DAILY_FOREIGN_INVESTMENT,2026-08-20T13:54:35.121Z
2021-12-21,0056,元大高股息,3393034000,24652776,0.72,3368381224,99.27,100,TWSE_MI_QFIIS_DAILY_FOREIGN_INVESTMENT,2026-08-20T13:54:35.121Z
2021-12-22,0056,元大高股息,3392034000,25305906,0.74,3366728094,99.25,100,TWSE_MI_QFIIS_DAILY_FOREIGN_INVESTMENT,2026-08-20T13:54:35.121Z
2021-12-23,0056,元大高股息,3392034000,26101066,0.76,3365932934,99.23,100,TWSE_MI_QFIIS_DAILY_FOREIGN_INVESTMENT,2026-08-20T13:54:35.121Z
2021-12-24,0056,元大高股息,3386034000,23441066,0.69,3362592934,99.3,100,TWSE_MI_QFIIS_DAILY_FOREIGN_INVESTMENT,2026-08-20T13:54:35.121Z
2021-12-27,0056,元大高股息,3385534000,25422195,0.75,3360111805,99.24,100,TWSE_MI_QFIIS_DAILY_FOREIGN_INVESTMENT,2026-08-20T13:54:35.121Z
2021-12-28,0056,元大高股息,3380534000,29651295,0.87,3350882705,99.12,100,TWSE_MI_QFIIS_DAILY_FOREIGN_INVESTMENT,2026-08-20T13:54:35.121Z
2021-12-29,0056,元大高股息,3374534000,28033615,0.83,3346500385,99.16,100,TWSE_MI_QFIIS_DAILY_FOREIGN_INVESTMENT,2026-08-20T13:54:35.121Z
2021-12-30,0056,元大高股息,3373534000,28709675,0.85,3344824325,99.14,100,TWSE_MI_QFIIS_DAILY_FOREIGN_INVESTMENT,2026-08-20T13:54:35.121Z
2022-01-03,0056,元大高股息,3373034000,26031160,0.77,3347002840,99.22,100,TWSE_MI_QFIIS_DAILY_FOREIGN_INVESTMENT,2026-08-20T13:54:35.121Z
2022-01-04,0056,元大高股息,3373034000,26145189,0.77,3346888811,99.22,100,TWSE_MI_QFIIS_DAILY_FOREIGN_INVESTMENT,2026-08-20T13:54:35.121Z
2022-01-05,0056,元大高股息,3372534000,27062868,0.8,3345471132,99.19,100,TWSE_MI_QFIIS_DAILY_FOREIGN_INVESTMENT,2026-08-20T13:54:35.121Z
2022-01-06,0056,元大高股息,3372034000,26730668,0.79,3345303332,99.2,100,TWSE_MI_QFIIS_DAILY_FOREIGN_INVESTMENT,2026-08-20T13:54:35.121Z
2022-01-07,0056,元大高股息,3371534000,26061303,0.77,3345472697,99.22,100,TWSE_MI_QFIIS_DAILY_FOREIGN_INVESTMENT,2026-08-20T13:54:35.121Z
2022-01-10,0056,元大高股息,3371534000,24783953,0.73,3346750047,99.26,100,TWSE_MI_QFIIS_DAILY_FOREIGN_INVESTMENT,2026-08-20T13:54:35.121Z
2022-01-11,0056,元大高股息,3371534000,21967903,0.65,3349566097,99.34,100,TWSE_MI_QFIIS_DAILY_FOREIGN_INVESTMENT,2026-08-20T13:54:35.121Z
2022-01-12,0056,元大高股息,3372534000,18593871,0.55,3353940129,99.44,100,TWSE_MI_QFIIS_DAILY_FOREIGN_INVESTMENT,2026-08-20T13:54:35.121Z
2022-01-13,0056,元大高股息,3372534000,17028861,0.5,3355505139,99.49,100,TWSE_MI_QFIIS_DAILY_FOREIGN_INVESTMENT,2026-08-20T13:54:35.121Z
2022-01-14,0056,元大高股息,3383534000,11865635,0.35,3371668365,99.64,100,TWSE_MI_QFIIS_DAILY_FOREIGN_INVESTMENT,2026-08-20T13:54:35.121Z
2022-01-17,0056,元大高股息,3386034000,10937804,0.32,3375096196,99.67,100,TWSE_MI_QFIIS_DAILY_FOREIGN_INVESTMENT,2026-08-20T13:54:35.121Z
2022-01-18,0056,元大高股息,3400534000,9851515,0.28,3390682485,99.71,100,TWSE_MI_QFIIS_DAILY_FOREIGN_INVESTMENT,2026-08-20T13:54:35.121Z
2022-01-19,0056,元大高股息,3409534000,9713685,0.28,3399820315,99.71,100,TWSE_MI_QFIIS_DAILY_FOREIGN_INVESTMENT,2026-08-20T13:54:35.121Z
2022-01-20,0056,元大高股息,3410534000,10948268,0.32,3399585732,99.67,100,TWSE_MI_QFIIS_DAILY_FOREIGN_INVESTMENT,2026-08-20T13:54:35.121Z
2022-01-21,0056,元大高股息,3441034000,8372117,0.24,3432661883,99.75,100,TWSE_MI_QFIIS_DAILY_FOREIGN_INVESTMENT,2026-08-20T13:54:35.121Z
2022-01-24,0056,元大高股息,3462534000,8234649,0.23,3454299351,99.76,100,TWSE_MI_QFIIS_DAILY_FOREIGN_INVESTMENT,2026-08-20T13:54:35.121Z
2022-01-25,0056,元大高股息,3497034000,11183749,0.31,3485850251,99.68,100,TWSE_MI_QFIIS_DAILY_FOREIGN_INVESTMENT,2026-08-20T13:54:35.121Z
2022-01-26,0056,元大高股息,3509534000,14511235,0.41,3495022765,99.58,100,TWSE_MI_QFIIS_DAILY_FOREIGN_INVESTMENT,2026-08-20T13:54:35.121Z
2022-01-27,0056,元大高股息,3509534000,14502235,0.41,3495031765,99.58,100,TWSE_MI_QFIIS_DAILY_FOREIGN_INVESTMENT,2026-08-20T13:54:35.121Z
2022-01-28,0056,元大高股息,3509534000,14502235,0.41,3495031765,99.58,100,TWSE_MI_QFIIS_DAILY_FOREIGN_INVESTMENT,2026-08-20T13:54:35.121Z
2022-02-07,0056,元大高股息,3520534000,14655930,0.41,3505878070,99.58,100,TWSE_MI_QFIIS_DAILY_FOREIGN_INVESTMENT,2026-08-20T13:54:35.121Z
2022-02-08,0056,元大高股息,3522034000,16075681,0.45,3505958319,99.54,100,TWSE_MI_QFIIS_DAILY_FOREIGN_INVESTMENT,2026-08-20T13:54:35.121Z
2022-02-09,0056,元大高股息,3522034000,23135976,0.65,3498898024,99.34,100,TWSE_MI_QFIIS_DAILY_FOREIGN_INVESTMENT,2026-08-20T13:54:35.121Z
2022-02-10,0056,元大高股息,3522034000,25326855,0.71,3496707145,99.28,100,TWSE_MI_QFIIS_DAILY_FOREIGN_INVESTMENT,2026-08-20T13:54:35.121Z
2022-02-11,0056,元大高股息,3522034000,26286017,0.74,3495747983,99.25,100,TWSE_MI_QFIIS_DAILY_FOREIGN_INVESTMENT,2026-08-20T13:54:35.121Z
2022-02-14,0056,元大高股息,3524034000,6265417,0.17,3517768583,99.82,100,TWSE_MI_QFIIS_DAILY_FOREIGN_INVESTMENT,2026-08-20T13:54:35.121Z
2022-02-15,0056,元大高股息,3527034000,3656502,0.1,3523377498,99.89,100,TWSE_MI_QFIIS_DAILY_FOREIGN_INVESTMENT,2026-08-20T13:54:35.121Z
2022-02-16,0056,元大高股息,3527534000,12172603,0.34,3515361397,99.65,100,TWSE_MI_QFIIS_DAILY_FOREIGN_INVESTMENT,2026-08-20T13:54:35.121Z
2022-02-17,0056,元大高股息,3527034000,14512297,0.41,3512521703,99.58,100,TWSE_MI_QFIIS_DAILY_FOREIGN_INVESTMENT,2026-08-20T13:54:35.121Z
2022-02-18,0056,元大高股息,3527034000,17120497,0.48,3509913503,99.51,100,TWSE_MI_QFIIS_DAILY_FOREIGN_INVESTMENT,2026-08-20T13:54:35.121Z
2022-02-21,0056,元大高股息,3511034000,19540782,0.55,3491493218,99.44,100,TWSE_MI_QFIIS_DAILY_FOREIGN_INVESTMENT,2026-08-20T13:54:35.121Z
2022-02-22,0056,元大高股息,3512534000,12976977,0.36,3499557023,99.63,100,TWSE_MI_QFIIS_DAILY_FOREIGN_INVESTMENT,2026-08-20T13:54:35.121Z
2022-02-23,0056,元大高股息,3512034000,14289592,0.4,3497744408,99.59,100,TWSE_MI_QFIIS_DAILY_FOREIGN_INVESTMENT,2026-08-20T13:54:35.121Z
2022-02-24,0056,元大高股息,3517534000,10910237,0.31,3506623763,99.68,100,TWSE_MI_QFIIS_DAILY_FOREIGN_INVESTMENT,2026-08-20T13:54:35.121Z
2022-02-25,0056,元大高股息,3517034000,9822552,0.27,3507211448,99.72,100,TWSE_MI_QFIIS_DAILY_FOREIGN_INVESTMENT,2026-08-20T13:54:35.121Z
2022-03-01,0056,元大高股息,3514534000,16993343,0.48,3497540657,99.51,100,TWSE_MI_QFIIS_DAILY_FOREIGN_INVESTMENT,2026-08-20T13:54:35.121Z
2022-03-02,0056,元大高股息,3509534000,18858858,0.53,3490675142,99.46,100,TWSE_MI_QFIIS_DAILY_FOREIGN_INVESTMENT,2026-08-20T13:54:35.121Z
2022-03-03,0056,元大高股息,3496534000,19467457,0.55,3477066543,99.44,100,TWSE_MI_QFIIS_DAILY_FOREIGN_INVESTMENT,2026-08-20T13:54:35.121Z
2022-03-04,0056,元大高股息,3490534000,19411944,0.55,3471122056,99.44,100,TWSE_MI_QFIIS_DAILY_FOREIGN_INVESTMENT,2026-08-20T13:54:35.121Z
2022-03-07,0056,元大高股息,3498034000,12348888,0.35,3485685112,99.64,100,TWSE_MI_QFIIS_DAILY_FOREIGN_INVESTMENT,2026-08-20T13:54:35.121Z
2022-03-08,0056,元大高股息,3511034000,8878628,0.25,3502155372,99.74,100,TWSE_MI_QFIIS_DAILY_FOREIGN_INVESTMENT,2026-08-20T13:54:35.121Z
2022-03-09,0056,元大高股息,3510534000,7027038,0.2,3503506962,99.79,100,TWSE_MI_QFIIS_DAILY_FOREIGN_INVESTMENT,2026-08-20T13:54:35.121Z
2022-03-10,0056,元大高股息,3510534000,13331019,0.37,3497202981,99.62,100,TWSE_MI_QFIIS_DAILY_FOREIGN_INVESTMENT,2026-08-20T13:54:35.121Z
2022-03-11,0056,元大高股息,3510534000,13809469,0.39,3496724531,99.6,100,TWSE_MI_QFIIS_DAILY_FOREIGN_INVESTMENT,2026-08-20T13:54:35.121Z
2022-03-14,0056,元大高股息,3510034000,15930007,0.45,3494103993,99.54,100,TWSE_MI_QFIIS_DAILY_FOREIGN_INVESTMENT,2026-08-20T13:54:35.121Z
2022-03-15,0056,元大高股息,3510034000,14927333,0.42,3495106667,99.57,100,TWSE_MI_QFIIS_DAILY_FOREIGN_INVESTMENT,2026-08-20T13:54:35.121Z
2022-03-16,0056,元大高股息,3519034000,13304223,0.37,3505729777,99.62,100,TWSE_MI_QFIIS_DAILY_FOREIGN_INVESTMENT,2026-08-20T13:54:35.121Z
2022-03-17,0056,元大高股息,3519034000,14540553,0.41,3504493447,99.58,100,TWSE_MI_QFIIS_DAILY_FOREIGN_INVESTMENT,2026-08-20T13:54:35.121Z
2022-03-18,0056,元大高股息,3521034000,12600183,0.35,3508433817,99.64,100,TWSE_MI_QFIIS_DAILY_FOREIGN_INVESTMENT,2026-08-20T13:54:35.121Z
2022-03-21,0056,元大高股息,3521034000,13197498,0.37,3507836502,99.62,100,TWSE_MI_QFIIS_DAILY_FOREIGN_INVESTMENT,2026-08-20T13:54:35.121Z
2022-03-22,0056,元大高股息,3521534000,12883448,0.36,3508650552,99.63,100,TWSE_MI_QFIIS_DAILY_FOREIGN_INVESTMENT,2026-08-20T13:54:35.121Z
2022-03-23,0056,元大高股息,3521534000,13024212,0.36,3508509788,99.63,100,TWSE_MI_QFIIS_DAILY_FOREIGN_INVESTMENT,2026-08-20T13:54:35.121Z
2022-03-24,0056,元大高股息,3521534000,12619459,0.35,3508914541,99.64,100,TWSE_MI_QFIIS_DAILY_FOREIGN_INVESTMENT,2026-08-20T13:54:35.121Z
2022-03-25,0056,元大高股息,3523034000,9770766,0.27,3513263234,99.72,100,TWSE_MI_QFIIS_DAILY_FOREIGN_INVESTMENT,2026-08-20T13:54:35.121Z
2022-03-28,0056,元大高股息,3534534000,7352766,0.2,3527181234,99.79,100,TWSE_MI_QFIIS_DAILY_FOREIGN_INVESTMENT,2026-08-20T13:54:35.121Z
2022-03-29,0056,元大高股息,3539034000,7500666,0.21,3531533334,99.78,100,TWSE_MI_QFIIS_DAILY_FOREIGN_INVESTMENT,2026-08-20T13:54:35.121Z
2022-03-30,0056,元大高股息,3544534000,7357446,0.2,3537176554,99.79,100,TWSE_MI_QFIIS_DAILY_FOREIGN_INVESTMENT,2026-08-20T13:54:35.121Z
2022-03-31,0056,元大高股息,3545034000,6788549,0.19,3538245451,99.8,100,TWSE_MI_QFIIS_DAILY_FOREIGN_INVESTMENT,2026-08-20T13:54:35.121Z
2022-04-01,0056,元大高股息,3551534000,6143949,0.17,3545390051,99.82,100,TWSE_MI_QFIIS_DAILY_FOREIGN_INVESTMENT,2026-08-20T13:54:35.121Z
2022-04-06,0056,元大高股息,3566034000,4650219,0.13,3561383781,99.86,100,TWSE_MI_QFIIS_DAILY_FOREIGN_INVESTMENT,2026-08-20T13:54:35.121Z
2022-04-07,0056,元大高股息,3611034000,4458303,0.12,3606575697,99.87,100,TWSE_MI_QFIIS_DAILY_FOREIGN_INVESTMENT,2026-08-20T13:54:35.121Z
2022-04-08,0056,元大高股息,3626034000,9771945,0.26,3616262055,99.73,100,TWSE_MI_QFIIS_DAILY_FOREIGN_INVESTMENT,2026-08-20T13:54:35.121Z
2022-04-11,0056,元大高股息,3656034000,9405138,0.25,3646628862,99.74,100,TWSE_MI_QFIIS_DAILY_FOREIGN_INVESTMENT,2026-08-20T13:54:35.121Z
2022-04-12,0056,元大高股息,3686034000,14654038,0.39,3671379962,99.6,100,TWSE_MI_QFIIS_DAILY_FOREIGN_INVESTMENT,2026-08-20T13:54:35.121Z
2022-04-13,0056,元大高股息,3691034000,14742326,0.39,3676291674,99.6,100,TWSE_MI_QFIIS_DAILY_FOREIGN_INVESTMENT,2026-08-20T13:54:35.121Z
2022-04-14,0056,元大高股息,3693534000,13854326,0.37,3679679674,99.62,100,TWSE_MI_QFIIS_DAILY_FOREIGN_INVESTMENT,2026-08-20T13:54:35.121Z
2022-04-15,0056,元大高股息,3702534000,13565799,0.36,3688968201,99.63,100,TWSE_MI_QFIIS_DAILY_FOREIGN_INVESTMENT,2026-08-20T13:54:35.121Z
2022-04-18,0056,元大高股息,3719534000,16298192,0.43,3703235808,99.56,100,TWSE_MI_QFIIS_DAILY_FOREIGN_INVESTMENT,2026-08-20T13:54:35.121Z
2022-04-19,0056,元大高股息,3721034000,17579092,0.47,3703454908,99.52,100,TWSE_MI_QFIIS_DAILY_FOREIGN_INVESTMENT,2026-08-20T13:54:35.121Z
2022-04-20,0056,元大高股息,3726034000,16836820,0.45,3709197180,99.54,100,TWSE_MI_QFIIS_DAILY_FOREIGN_INVESTMENT,2026-08-20T13:54:35.121Z
2022-04-21,0056,元大高股息,3728534000,16633385,0.44,3711900615,99.55,100,TWSE_MI_QFIIS_DAILY_FOREIGN_INVESTMENT,2026-08-20T13:54:35.121Z
2022-04-22,0056,元大高股息,3729534000,15391815,0.41,3714142185,99.58,100,TWSE_MI_QFIIS_DAILY_FOREIGN_INVESTMENT,2026-08-20T13:54:35.121Z
2022-04-25,0056,元大高股息,3776534000,12473371,0.33,3764060629,99.66,100,TWSE_MI_QFIIS_DAILY_FOREIGN_INVESTMENT,2026-08-20T13:54:35.121Z
2022-04-26,0056,元大高股息,3804534000,17634171,0.46,3786899829,99.53,100,TWSE_MI_QFIIS_DAILY_FOREIGN_INVESTMENT,2026-08-20T13:54:35.121Z
2022-04-27,0056,元大高股息,3831034000,22147305,0.57,3808886695,99.42,100,TWSE_MI_QFIIS_DAILY_FOREIGN_INVESTMENT,2026-08-20T13:54:35.121Z
2022-04-28,0056,元大高股息,3843534000,11339465,0.29,3832194535,99.7,100,TWSE_MI_QFIIS_DAILY_FOREIGN_INVESTMENT,2026-08-20T13:54:35.121Z
2022-04-29,0056,元大高股息,3847034000,8762695,0.22,3838271305,99.77,100,TWSE_MI_QFIIS_DAILY_FOREIGN_INVESTMENT,2026-08-20T13:54:35.121Z
2022-05-03,0056,元大高股息,3849034000,10076614,0.26,3838957386,99.73,100,TWSE_MI_QFIIS_DAILY_FOREIGN_INVESTMENT,2026-08-20T13:54:35.121Z
2022-05-04,0056,元大高股息,3849534000,9781374,0.25,3839752626,99.74,100,TWSE_MI_QFIIS_DAILY_FOREIGN_INVESTMENT,2026-08-20T13:54:35.121Z
2022-05-05,0056,元大高股息,3851534000,10033574,0.26,3841500426,99.73,100,TWSE_MI_QFIIS_DAILY_FOREIGN_INVESTMENT,2026-08-20T13:54:35.121Z
2022-05-06,0056,元大高股息,3860034000,9731087,0.25,3850302913,99.74,100,TWSE_MI_QFIIS_DAILY_FOREIGN_INVESTMENT,2026-08-20T13:54:35.121Z
2022-05-09,0056,元大高股息,3873034000,11671181,0.3,3861362819,99.69,100,TWSE_MI_QFIIS_DAILY_FOREIGN_INVESTMENT,2026-08-20T13:54:35.121Z
2022-05-10,0056,元大高股息,3884034000,15907482,0.4,3868126518,99.59,100,TWSE_MI_QFIIS_DAILY_FOREIGN_INVESTMENT,2026-08-20T13:54:35.121Z
2022-05-11,0056,元大高股息,3897034000,15182958,0.38,3881851042,99.61,100,TWSE_MI_QFIIS_DAILY_FOREIGN_INVESTMENT,2026-08-20T13:54:35.121Z
2022-05-12,0056,元大高股息,3923534000,12224860,0.31,3911309140,99.68,100,TWSE_MI_QFIIS_DAILY_FOREIGN_INVESTMENT,2026-08-20T13:54:35.121Z
2022-05-13,0056,元大高股息,3937034000,7606417,0.19,3929427583,99.8,100,TWSE_MI_QFIIS_DAILY_FOREIGN_INVESTMENT,2026-08-20T13:54:35.121Z
2022-05-16,0056,元大高股息,3959034000,8044831,0.2,3950989169,99.79,100,TWSE_MI_QFIIS_DAILY_FOREIGN_INVESTMENT,2026-08-20T13:54:35.121Z
2022-05-17,0056,元大高股息,3972534000,8509556,0.21,3964024444,99.78,100,TWSE_MI_QFIIS_DAILY_FOREIGN_INVESTMENT,2026-08-20T13:54:35.121Z
2022-05-18,0056,元大高股息,3980534000,7064616,0.17,3973469384,99.82,100,TWSE_MI_QFIIS_DAILY_FOREIGN_INVESTMENT,2026-08-20T13:54:35.121Z
2022-05-19,0056,元大高股息,3992534000,5250060,0.13,3987283940,99.86,100,TWSE_MI_QFIIS_DAILY_FOREIGN_INVESTMENT,2026-08-20T13:54:35.121Z
2022-05-20,0056,元大高股息,3996534000,6639520,0.16,3989894480,99.83,100,TWSE_MI_QFIIS_DAILY_FOREIGN_INVESTMENT,2026-08-20T13:54:35.121Z
2022-05-23,0056,元大高股息,4000534000,7105020,0.17,3993428980,99.82,100,TWSE_MI_QFIIS_DAILY_FOREIGN_INVESTMENT,2026-08-20T13:54:35.121Z
2022-05-24,0056,元大高股息,4005534000,5279270,0.13,4000254730,99.86,100,TWSE_MI_QFIIS_DAILY_FOREIGN_INVESTMENT,2026-08-20T13:54:35.121Z
2022-05-25,0056,元大高股息,4011034000,8346362,0.2,4002687638,99.79,100,TWSE_MI_QFIIS_DAILY_FOREIGN_INVESTMENT,2026-08-20T13:54:35.121Z
2022-05-26,0056,元大高股息,4020534000,8941874,0.22,4011592126,99.77,100,TWSE_MI_QFIIS_DAILY_FOREIGN_INVESTMENT,2026-08-20T13:54:35.121Z
2022-05-27,0056,元大高股息,4021534000,9750424,0.24,4011783576,99.75,100,TWSE_MI_QFIIS_DAILY_FOREIGN_INVESTMENT,2026-08-20T13:54:35.121Z
2022-05-30,0056,元大高股息,4025034000,10145524,0.25,4014888476,99.74,100,TWSE_MI_QFIIS_DAILY_FOREIGN_INVESTMENT,2026-08-20T13:54:35.121Z
2022-05-31,0056,元大高股息,4028534000,10096813,0.25,4018437187,99.74,100,TWSE_MI_QFIIS_DAILY_FOREIGN_INVESTMENT,2026-08-20T13:54:35.121Z
2022-06-01,0056,元大高股息,4028534000,9915431,0.24,4018618569,99.75,100,TWSE_MI_QFIIS_DAILY_FOREIGN_INVESTMENT,2026-08-20T13:54:35.121Z
2022-06-02,0056,元大高股息,4030534000,8543931,0.21,4021990069,99.78,100,TWSE_MI_QFIIS_DAILY_FOREIGN_INVESTMENT,2026-08-20T13:54:35.121Z
2022-06-06,0056,元大高股息,4040034000,8977399,0.22,4031056601,99.77,100,TWSE_MI_QFIIS_DAILY_FOREIGN_INVESTMENT,2026-08-20T13:54:35.121Z
2022-06-07,0056,元大高股息,4047534000,7342289,0.18,4040191711,99.81,100,TWSE_MI_QFIIS_DAILY_FOREIGN_INVESTMENT,2026-08-20T13:54:35.121Z
2022-06-08,0056,元大高股息,4049534000,10854624,0.26,4038679376,99.73,100,TWSE_MI_QFIIS_DAILY_FOREIGN_INVESTMENT,2026-08-20T13:54:35.121Z
2022-06-09,0056,元大高股息,4060034000,9141452,0.22,4050892548,99.77,100,TWSE_MI_QFIIS_DAILY_FOREIGN_INVESTMENT,2026-08-20T13:54:35.121Z
2022-06-10,0056,元大高股息,4070534000,9780085,0.24,4060753915,99.75,100,TWSE_MI_QFIIS_DAILY_FOREIGN_INVESTMENT,2026-08-20T13:54:35.121Z
2022-06-13,0056,元大高股息,4111534000,14441103,0.35,4097092897,99.64,100,TWSE_MI_QFIIS_DAILY_FOREIGN_INVESTMENT,2026-08-20T13:54:35.121Z
2022-06-14,0056,元大高股息,4134534000,20450599,0.49,4114083401,99.5,100,TWSE_MI_QFIIS_DAILY_FOREIGN_INVESTMENT,2026-08-20T13:54:35.121Z
2022-06-15,0056,元大高股息,4145534000,18801133,0.45,4126732867,99.54,100,TWSE_MI_QFIIS_DAILY_FOREIGN_INVESTMENT,2026-08-20T13:54:35.121Z
2022-06-16,0056,元大高股息,4202534000,11753213,0.27,4190780787,99.72,100,TWSE_MI_QFIIS_DAILY_FOREIGN_INVESTMENT,2026-08-20T13:54:35.121Z
2022-06-17,0056,元大高股息,4245534000,14464646,0.34,4231069354,99.65,100,TWSE_MI_QFIIS_DAILY_FOREIGN_INVESTMENT,2026-08-20T13:54:35.121Z
2022-06-20,0056,元大高股息,4291534000,10562771,0.24,4280971229,99.75,100,TWSE_MI_QFIIS_DAILY_FOREIGN_INVESTMENT,2026-08-20T13:54:35.121Z
2022-06-21,0056,元大高股息,4306034000,15565849,0.36,4290468151,99.63,100,TWSE_MI_QFIIS_DAILY_FOREIGN_INVESTMENT,2026-08-20T13:54:35.121Z
2022-06-22,0056,元大高股息,4346034000,6923436,0.15,4339110564,99.84,100,TWSE_MI_QFIIS_DAILY_FOREIGN_INVESTMENT,2026-08-20T13:54:35.121Z
2022-06-23,0056,元大高股息,4395534000,7798220,0.17,4387735780,99.82,100,TWSE_MI_QFIIS_DAILY_FOREIGN_INVESTMENT,2026-08-20T13:54:35.121Z
2022-06-24,0056,元大高股息,4407534000,20512175,0.46,4387021825,99.53,100,TWSE_MI_QFIIS_DAILY_FOREIGN_INVESTMENT,2026-08-20T13:54:35.121Z
2022-06-27,0056,元大高股息,4412534000,17097138,0.38,4395436862,99.61,100,TWSE_MI_QFIIS_DAILY_FOREIGN_INVESTMENT,2026-08-20T13:54:35.121Z
2022-06-28,0056,元大高股息,4434534000,14086287,0.31,4420447713,99.68,100,TWSE_MI_QFIIS_DAILY_FOREIGN_INVESTMENT,2026-08-20T13:54:35.121Z
2022-06-29,0056,元大高股息,4451534000,17384717,0.39,4434149283,99.6,100,TWSE_MI_QFIIS_DAILY_FOREIGN_INVESTMENT,2026-08-20T13:54:35.121Z
2022-06-30,0056,元大高股息,4498034000,14410688,0.32,4483623312,99.67,100,TWSE_MI_QFIIS_DAILY_FOREIGN_INVESTMENT,2026-08-20T13:54:35.121Z
2022-07-01,0056,元大高股息,4545034000,14316660,0.31,4530717340,99.68,100,TWSE_MI_QFIIS_DAILY_FOREIGN_INVESTMENT,2026-08-20T13:54:35.121Z
2022-07-04,0056,元大高股息,4576034000,14830807,0.32,4561203193,99.67,100,TWSE_MI_QFIIS_DAILY_FOREIGN_INVESTMENT,2026-08-20T13:54:35.121Z
2022-07-05,0056,元大高股息,4599534000,19332787,0.42,4580201213,99.57,100,TWSE_MI_QFIIS_DAILY_FOREIGN_INVESTMENT,2026-08-20T13:54:35.121Z
2022-07-06,0056,元大高股息,4626534000,18832316,0.4,4607701684,99.59,100,TWSE_MI_QFIIS_DAILY_FOREIGN_INVESTMENT,2026-08-20T13:54:35.121Z
2022-07-07,0056,元大高股息,4643534000,20548855,0.44,4622985145,99.55,100,TWSE_MI_QFIIS_DAILY_FOREIGN_INVESTMENT,2026-08-20T13:54:35.121Z
2022-07-08,0056,元大高股息,4652534000,16849818,0.36,4635684182,99.63,100,TWSE_MI_QFIIS_DAILY_FOREIGN_INVESTMENT,2026-08-20T13:54:35.121Z
2022-07-11,0056,元大高股息,4658034000,15699281,0.33,4642334719,99.66,100,TWSE_MI_QFIIS_DAILY_FOREIGN_INVESTMENT,2026-08-20T13:54:35.121Z
2022-07-12,0056,元大高股息,4681534000,12778903,0.27,4668755097,99.72,100,TWSE_MI_QFIIS_DAILY_FOREIGN_INVESTMENT,2026-08-20T13:54:35.121Z
2022-07-13,0056,元大高股息,4699034000,12381151,0.26,4686652849,99.73,100,TWSE_MI_QFIIS_DAILY_FOREIGN_INVESTMENT,2026-08-20T13:54:35.121Z
2022-07-14,0056,元大高股息,4709534000,11550651,0.24,4697983349,99.75,100,TWSE_MI_QFIIS_DAILY_FOREIGN_INVESTMENT,2026-08-20T13:54:35.121Z
2022-07-15,0056,元大高股息,4720034000,11647251,0.24,4708386749,99.75,100,TWSE_MI_QFIIS_DAILY_FOREIGN_INVESTMENT,2026-08-20T13:54:35.121Z
2022-07-18,0056,元大高股息,4730534000,11434390,0.24,4719099610,99.75,100,TWSE_MI_QFIIS_DAILY_FOREIGN_INVESTMENT,2026-08-20T13:54:35.121Z
2022-07-19,0056,元大高股息,4731534000,11554502,0.24,4719979498,99.75,100,TWSE_MI_QFIIS_DAILY_FOREIGN_INVESTMENT,2026-08-20T13:54:35.121Z
2022-07-20,0056,元大高股息,4734534000,11025752,0.23,4723508248,99.76,100,TWSE_MI_QFIIS_DAILY_FOREIGN_INVESTMENT,2026-08-20T13:54:35.121Z
2022-07-21,0056,元大高股息,4736534000,11165052,0.23,4725368948,99.76,100,TWSE_MI_QFIIS_DAILY_FOREIGN_INVESTMENT,2026-08-20T13:54:35.121Z
2022-07-22,0056,元大高股息,4744034000,10200828,0.21,4733833172,99.78,100,TWSE_MI_QFIIS_DAILY_FOREIGN_INVESTMENT,2026-08-20T13:54:35.121Z
2022-07-25,0056,元大高股息,4749034000,10201538,0.21,4738832462,99.78,100,TWSE_MI_QFIIS_DAILY_FOREIGN_INVESTMENT,2026-08-20T13:54:35.121Z
2022-07-26,0056,元大高股息,4763534000,10505843,0.22,4753028157,99.77,100,TWSE_MI_QFIIS_DAILY_FOREIGN_INVESTMENT,2026-08-20T13:54:35.121Z
2022-07-27,0056,元大高股息,4770034000,10698569,0.22,4759335431,99.77,100,TWSE_MI_QFIIS_DAILY_FOREIGN_INVESTMENT,2026-08-20T13:54:35.121Z
2022-07-28,0056,元大高股息,4782534000,9906044,0.2,4772627956,99.79,100,TWSE_MI_QFIIS_DAILY_FOREIGN_INVESTMENT,2026-08-20T13:54:35.121Z
2022-07-29,0056,元大高股息,4788034000,10896892,0.22,4777137108,99.77,100,TWSE_MI_QFIIS_DAILY_FOREIGN_INVESTMENT,2026-08-20T13:54:35.121Z
2022-08-01,0056,元大高股息,4790034000,8943707,0.18,4781090293,99.81,100,TWSE_MI_QFIIS_DAILY_FOREIGN_INVESTMENT,2026-08-20T13:54:35.121Z
2022-08-02,0056,元大高股息,4812034000,9068103,0.18,4802965897,99.81,100,TWSE_MI_QFIIS_DAILY_FOREIGN_INVESTMENT,2026-08-20T13:54:35.121Z
2022-08-03,0056,元大高股息,4822034000,8684354,0.18,4813349646,99.81,100,TWSE_MI_QFIIS_DAILY_FOREIGN_INVESTMENT,2026-08-20T13:54:35.121Z
2022-08-04,0056,元大高股息,4834534000,7415009,0.15,4827118991,99.84,100,TWSE_MI_QFIIS_DAILY_FOREIGN_INVESTMENT,2026-08-20T13:54:35.121Z
2022-08-05,0056,元大高股息,4845534000,9903605,0.2,4835630395,99.79,100,TWSE_MI_QFIIS_DAILY_FOREIGN_INVESTMENT,2026-08-20T13:54:35.121Z
2022-08-08,0056,元大高股息,4852034000,10566049,0.21,4841467951,99.78,100,TWSE_MI_QFIIS_DAILY_FOREIGN_INVESTMENT,2026-08-20T13:54:35.121Z
2022-08-09,0056,元大高股息,4857034000,9047441,0.18,4847986559,99.81,100,TWSE_MI_QFIIS_DAILY_FOREIGN_INVESTMENT,2026-08-20T13:54:35.121Z
2022-08-10,0056,元大高股息,4865534000,10291420,0.21,4855242580,99.78,100,TWSE_MI_QFIIS_DAILY_FOREIGN_INVESTMENT,2026-08-20T13:54:35.121Z
2022-08-11,0056,元大高股息,4872534000,11961420,0.24,4860572580,99.75,100,TWSE_MI_QFIIS_DAILY_FOREIGN_INVESTMENT,2026-08-20T13:54:35.121Z
2022-08-12,0056,元大高股息,4877534000,13075100,0.26,4864458900,99.73,100,TWSE_MI_QFIIS_DAILY_FOREIGN_INVESTMENT,2026-08-20T13:54:35.121Z
2022-08-15,0056,元大高股息,4895034000,13186147,0.26,4881847853,99.73,100,TWSE_MI_QFIIS_DAILY_FOREIGN_INVESTMENT,2026-08-20T13:54:35.121Z
2022-08-16,0056,元大高股息,4907034000,12313575,0.25,4894720425,99.74,100,TWSE_MI_QFIIS_DAILY_FOREIGN_INVESTMENT,2026-08-20T13:54:35.121Z
2022-08-17,0056,元大高股息,4908534000,12095645,0.24,4896438355,99.75,100,TWSE_MI_QFIIS_DAILY_FOREIGN_INVESTMENT,2026-08-20T13:54:35.121Z
2022-08-18,0056,元大高股息,4915534000,11108914,0.22,4904425086,99.77,100,TWSE_MI_QFIIS_DAILY_FOREIGN_INVESTMENT,2026-08-20T13:54:35.121Z
2022-08-19,0056,元大高股息,4918534000,6086068,0.12,4912447932,99.87,100,TWSE_MI_QFIIS_DAILY_FOREIGN_INVESTMENT,2026-08-20T13:54:35.121Z
2022-08-22,0056,元大高股息,4934034000,6686976,0.13,4927347024,99.86,100,TWSE_MI_QFIIS_DAILY_FOREIGN_INVESTMENT,2026-08-20T13:54:35.121Z
2022-08-23,0056,元大高股息,4962034000,7430092,0.14,4954603908,99.85,100,TWSE_MI_QFIIS_DAILY_FOREIGN_INVESTMENT,2026-08-20T13:54:35.121Z
2022-08-24,0056,元大高股息,4980034000,7450194,0.14,4972583806,99.85,100,TWSE_MI_QFIIS_DAILY_FOREIGN_INVESTMENT,2026-08-20T13:54:35.121Z
2022-08-25,0056,元大高股息,4990034000,7668942,0.15,4982365058,99.84,100,TWSE_MI_QFIIS_DAILY_FOREIGN_INVESTMENT,2026-08-20T13:54:35.121Z
2022-08-26,0056,元大高股息,4997534000,7872858,0.15,4989661142,99.84,100,TWSE_MI_QFIIS_DAILY_FOREIGN_INVESTMENT,2026-08-20T13:54:35.121Z
2022-08-29,0056,元大高股息,5036534000,12237320,0.24,5024296680,99.75,100,TWSE_MI_QFIIS_DAILY_FOREIGN_INVESTMENT,2026-08-20T13:54:35.121Z
2022-08-30,0056,元大高股息,5052534000,14489467,0.28,5038044533,99.71,100,TWSE_MI_QFIIS_DAILY_FOREIGN_INVESTMENT,2026-08-20T13:54:35.121Z
2022-08-31,0056,元大高股息,5065034000,14180991,0.27,5050853009,99.72,100,TWSE_MI_QFIIS_DAILY_FOREIGN_INVESTMENT,2026-08-20T13:54:35.121Z
2022-09-01,0056,元大高股息,5091534000,11764509,0.23,5079769491,99.76,100,TWSE_MI_QFIIS_DAILY_FOREIGN_INVESTMENT,2026-08-20T13:54:35.121Z
2022-09-02,0056,元大高股息,5124534000,18018321,0.35,5106515679,99.64,100,TWSE_MI_QFIIS_DAILY_FOREIGN_INVESTMENT,2026-08-20T13:54:35.121Z
2022-09-05,0056,元大高股息,5142534000,17760583,0.34,5124773417,99.65,100,TWSE_MI_QFIIS_DAILY_FOREIGN_INVESTMENT,2026-08-20T13:54:35.121Z
2022-09-06,0056,元大高股息,5168534000,18357039,0.35,5150176961,99.64,100,TWSE_MI_QFIIS_DAILY_FOREIGN_INVESTMENT,2026-08-20T13:54:35.121Z
2022-09-07,0056,元大高股息,5197034000,20109952,0.38,5176924048,99.61,100,TWSE_MI_QFIIS_DAILY_FOREIGN_INVESTMENT,2026-08-20T13:54:35.121Z
2022-09-08,0056,元大高股息,5206034000,25851209,0.49,5180182791,99.5,100,TWSE_MI_QFIIS_DAILY_FOREIGN_INVESTMENT,2026-08-20T13:54:35.121Z
2022-09-12,0056,元大高股息,5208034000,26383127,0.5,5181650873,99.49,100,TWSE_MI_QFIIS_DAILY_FOREIGN_INVESTMENT,2026-08-20T13:54:35.121Z
2022-09-13,0056,元大高股息,5211534000,27581180,0.52,5183952820,99.47,100,TWSE_MI_QFIIS_DAILY_FOREIGN_INVESTMENT,2026-08-20T13:54:35.121Z
2022-09-14,0056,元大高股息,5224534000,20897285,0.39,5203636715,99.6,100,TWSE_MI_QFIIS_DAILY_FOREIGN_INVESTMENT,2026-08-20T13:54:35.121Z
2022-09-15,0056,元大高股息,5232034000,21544597,0.41,5210489403,99.58,100,TWSE_MI_QFIIS_DAILY_FOREIGN_INVESTMENT,2026-08-20T13:54:35.121Z
2022-09-16,0056,元大高股息,5246534000,26579585,0.5,5219954415,99.49,100,TWSE_MI_QFIIS_DAILY_FOREIGN_INVESTMENT,2026-08-20T13:54:35.121Z
2022-09-19,0056,元大高股息,5254034000,29401270,0.55,5224632730,99.44,100,TWSE_MI_QFIIS_DAILY_FOREIGN_INVESTMENT,2026-08-20T13:54:35.121Z
2022-09-20,0056,元大高股息,5278534000,26732270,0.5,5251801730,99.49,100,TWSE_MI_QFIIS_DAILY_FOREIGN_INVESTMENT,2026-08-20T13:54:35.121Z
2022-09-21,0056,元大高股息,5311034000,14819989,0.27,5296214011,99.72,100,TWSE_MI_QFIIS_DAILY_FOREIGN_INVESTMENT,2026-08-20T13:54:35.121Z
2022-09-22,0056,元大高股息,5344034000,41118653,0.76,5302915347,99.23,100,TWSE_MI_QFIIS_DAILY_FOREIGN_INVESTMENT,2026-08-20T13:54:35.121Z
2022-09-23,0056,元大高股息,5371534000,38147394,0.71,5333386606,99.28,100,TWSE_MI_QFIIS_DAILY_FOREIGN_INVESTMENT,2026-08-20T13:54:35.121Z
2022-09-26,0056,元大高股息,5458034000,45308196,0.83,5412725804,99.16,100,TWSE_MI_QFIIS_DAILY_FOREIGN_INVESTMENT,2026-08-20T13:54:35.121Z
2022-09-27,0056,元大高股息,5492534000,50471988,0.91,5442062012,99.08,100,TWSE_MI_QFIIS_DAILY_FOREIGN_INVESTMENT,2026-08-20T13:54:35.121Z
2022-09-28,0056,元大高股息,5561034000,58577430,1.05,5502456570,98.94,100,TWSE_MI_QFIIS_DAILY_FOREIGN_INVESTMENT,2026-08-20T13:54:35.121Z
2022-09-29,0056,元大高股息,5589534000,64900842,1.16,5524633158,98.83,100,TWSE_MI_QFIIS_DAILY_FOREIGN_INVESTMENT,2026-08-20T13:54:35.121Z
2022-09-30,0056,元大高股息,5615034000,65454045,1.16,5549579955,98.83,100,TWSE_MI_QFIIS_DAILY_FOREIGN_INVESTMENT,2026-08-20T13:54:35.121Z
2022-10-03,0056,元大高股息,5632034000,63633098,1.12,5568400902,98.87,100,TWSE_MI_QFIIS_DAILY_FOREIGN_INVESTMENT,2026-08-20T13:54:35.121Z
2022-10-04,0056,元大高股息,5718534000,56962638,0.99,5661571362,99,100,TWSE_MI_QFIIS_DAILY_FOREIGN_INVESTMENT,2026-08-20T13:54:35.121Z
2022-10-05,0056,元大高股息,5865534000,49738355,0.84,5815795645,99.15,100,TWSE_MI_QFIIS_DAILY_FOREIGN_INVESTMENT,2026-08-20T13:54:35.121Z
2022-10-06,0056,元大高股息,5915534000,115156089,1.94,5800377911,98.05,100,TWSE_MI_QFIIS_DAILY_FOREIGN_INVESTMENT,2026-08-20T13:54:35.121Z
2022-10-07,0056,元大高股息,5970534000,97051276,1.62,5873482724,98.37,100,TWSE_MI_QFIIS_DAILY_FOREIGN_INVESTMENT,2026-08-20T13:54:35.121Z
2022-10-11,0056,元大高股息,6087534000,59689762,0.98,6027844238,99.01,100,TWSE_MI_QFIIS_DAILY_FOREIGN_INVESTMENT,2026-08-20T13:54:35.121Z
2022-10-12,0056,元大高股息,6131034000,131962641,2.15,5999071359,97.84,100,TWSE_MI_QFIIS_DAILY_FOREIGN_INVESTMENT,2026-08-20T13:54:35.121Z
2022-10-13,0056,元大高股息,6152034000,118486464,1.92,6033547536,98.07,100,TWSE_MI_QFIIS_DAILY_FOREIGN_INVESTMENT,2026-08-20T13:54:35.121Z
2022-10-14,0056,元大高股息,6164034000,85100962,1.38,6078933038,98.61,100,TWSE_MI_QFIIS_DAILY_FOREIGN_INVESTMENT,2026-08-20T13:54:35.121Z
2022-10-17,0056,元大高股息,6234534000,62517791,1,6172016209,98.99,100,TWSE_MI_QFIIS_DAILY_FOREIGN_INVESTMENT,2026-08-20T13:54:35.121Z
2022-10-18,0056,元大高股息,6323534000,13484509,0.21,6310049491,99.78,100,TWSE_MI_QFIIS_DAILY_FOREIGN_INVESTMENT,2026-08-20T13:54:35.121Z
2022-10-19,0056,元大高股息,6463034000,12102861,0.18,6450931139,99.81,100,TWSE_MI_QFIIS_DAILY_FOREIGN_INVESTMENT,2026-08-20T13:54:35.121Z
2022-10-20,0056,元大高股息,6533034000,22145353,0.33,6510888647,99.66,100,TWSE_MI_QFIIS_DAILY_FOREIGN_INVESTMENT,2026-08-20T13:54:35.121Z
2022-10-21,0056,元大高股息,6549034000,46935777,0.71,6502098223,99.28,100,TWSE_MI_QFIIS_DAILY_FOREIGN_INVESTMENT,2026-08-20T13:54:35.121Z
2022-10-24,0056,元大高股息,6554034000,45336448,0.69,6508697552,99.3,100,TWSE_MI_QFIIS_DAILY_FOREIGN_INVESTMENT,2026-08-20T13:54:35.121Z
2022-10-25,0056,元大高股息,6575034000,48815139,0.74,6526218861,99.25,100,TWSE_MI_QFIIS_DAILY_FOREIGN_INVESTMENT,2026-08-20T13:54:35.121Z
2022-10-26,0056,元大高股息,6635534000,45937072,0.69,6589596928,99.3,100,TWSE_MI_QFIIS_DAILY_FOREIGN_INVESTMENT,2026-08-20T13:54:35.121Z
2022-10-27,0056,元大高股息,6636534000,90965903,1.37,6545568097,98.62,100,TWSE_MI_QFIIS_DAILY_FOREIGN_INVESTMENT,2026-08-20T13:54:35.121Z
2022-10-28,0056,元大高股息,6654034000,82535078,1.24,6571498922,98.75,100,TWSE_MI_QFIIS_DAILY_FOREIGN_INVESTMENT,2026-08-20T13:54:35.121Z
2022-10-31,0056,元大高股息,6655534000,79758175,1.19,6575775825,98.8,100,TWSE_MI_QFIIS_DAILY_FOREIGN_INVESTMENT,2026-08-20T13:54:35.121Z
2022-11-01,0056,元大高股息,6669534000,83336883,1.24,6586197117,98.75,100,TWSE_MI_QFIIS_DAILY_FOREIGN_INVESTMENT,2026-08-20T13:54:35.121Z
2022-11-02,0056,元大高股息,6670034000,90522211,1.35,6579511789,98.64,100,TWSE_MI_QFIIS_DAILY_FOREIGN_INVESTMENT,2026-08-20T13:54:35.121Z
2022-11-03,0056,元大高股息,6677534000,87017090,1.3,6590516910,98.69,100,TWSE_MI_QFIIS_DAILY_FOREIGN_INVESTMENT,2026-08-20T13:54:35.121Z
2022-11-04,0056,元大高股息,6685534000,83219939,1.24,6602314061,98.75,100,TWSE_MI_QFIIS_DAILY_FOREIGN_INVESTMENT,2026-08-20T13:54:35.121Z
2022-11-07,0056,元大高股息,6689034000,79677103,1.19,6609356897,98.8,100,TWSE_MI_QFIIS_DAILY_FOREIGN_INVESTMENT,2026-08-20T13:54:35.121Z
2022-11-08,0056,元大高股息,6696034000,76162873,1.13,6619871127,98.86,100,TWSE_MI_QFIIS_DAILY_FOREIGN_INVESTMENT,2026-08-20T13:54:35.121Z
2022-11-09,0056,元大高股息,6696034000,75799280,1.13,6620234720,98.86,100,TWSE_MI_QFIIS_DAILY_FOREIGN_INVESTMENT,2026-08-20T13:54:35.121Z
2022-11-10,0056,元大高股息,6696034000,73094380,1.09,6622939620,98.9,100,TWSE_MI_QFIIS_DAILY_FOREIGN_INVESTMENT,2026-08-20T13:54:35.121Z
2022-11-11,0056,元大高股息,6694534000,72130630,1.07,6622403370,98.92,100,TWSE_MI_QFIIS_DAILY_FOREIGN_INVESTMENT,2026-08-20T13:54:35.121Z
2022-11-14,0056,元大高股息,6678534000,77959060,1.16,6600574940,98.83,100,TWSE_MI_QFIIS_DAILY_FOREIGN_INVESTMENT,2026-08-20T13:54:35.121Z
2022-11-15,0056,元大高股息,6667534000,75899547,1.13,6591634453,98.86,100,TWSE_MI_QFIIS_DAILY_FOREIGN_INVESTMENT,2026-08-20T13:54:35.121Z
2022-11-16,0056,元大高股息,6657534000,69451473,1.04,6588082527,98.95,100,TWSE_MI_QFIIS_DAILY_FOREIGN_INVESTMENT,2026-08-20T13:54:35.121Z
2022-11-17,0056,元大高股息,6649534000,71807221,1.07,6577726779,98.92,100,TWSE_MI_QFIIS_DAILY_FOREIGN_INVESTMENT,2026-08-20T13:54:35.121Z
2022-11-18,0056,元大高股息,6649534000,71861981,1.08,6577672019,98.91,100,TWSE_MI_QFIIS_DAILY_FOREIGN_INVESTMENT,2026-08-20T13:54:35.121Z
2022-11-21,0056,元大高股息,6649534000,68306631,1.02,6581227369,98.97,100,TWSE_MI_QFIIS_DAILY_FOREIGN_INVESTMENT,2026-08-20T13:54:35.121Z
2022-11-22,0056,元大高股息,6649534000,65951829,0.99,6583582171,99,100,TWSE_MI_QFIIS_DAILY_FOREIGN_INVESTMENT,2026-08-20T13:54:35.121Z
2022-11-23,0056,元大高股息,6648534000,64883183,0.97,6583650817,99.02,100,TWSE_MI_QFIIS_DAILY_FOREIGN_INVESTMENT,2026-08-20T13:54:35.121Z
2022-11-24,0056,元大高股息,6648534000,68315343,1.02,6580218657,98.97,100,TWSE_MI_QFIIS_DAILY_FOREIGN_INVESTMENT,2026-08-20T13:54:35.121Z
2022-11-25,0056,元大高股息,6648034000,68042618,1.02,6579991382,98.97,100,TWSE_MI_QFIIS_DAILY_FOREIGN_INVESTMENT,2026-08-20T13:54:35.121Z
2022-11-28,0056,元大高股息,6649034000,70279058,1.05,6578754942,98.94,100,TWSE_MI_QFIIS_DAILY_FOREIGN_INVESTMENT,2026-08-20T13:54:35.121Z
2022-11-29,0056,元大高股息,6649034000,67587149,1.01,6581446851,98.98,100,TWSE_MI_QFIIS_DAILY_FOREIGN_INVESTMENT,2026-08-20T13:54:35.121Z
2022-11-30,0056,元大高股息,6647534000,68921512,1.03,6578612488,98.96,100,TWSE_MI_QFIIS_DAILY_FOREIGN_INVESTMENT,2026-08-20T13:54:35.121Z
2022-12-01,0056,元大高股息,6643034000,68234778,1.02,6574799222,98.97,100,TWSE_MI_QFIIS_DAILY_FOREIGN_INVESTMENT,2026-08-20T13:54:35.121Z
2022-12-02,0056,元大高股息,6642534000,64010368,0.96,6578523632,99.03,100,TWSE_MI_QFIIS_DAILY_FOREIGN_INVESTMENT,2026-08-20T13:54:35.121Z
2022-12-05,0056,元大高股息,6642534000,66398852,0.99,6576135148,99,100,TWSE_MI_QFIIS_DAILY_FOREIGN_INVESTMENT,2026-08-20T13:54:35.121Z
2022-12-06,0056,元大高股息,6611034000,59912372,0.9,6551121628,99.09,100,TWSE_MI_QFIIS_DAILY_FOREIGN_INVESTMENT,2026-08-20T13:54:35.121Z
2022-12-07,0056,元大高股息,6624034000,19467609,0.29,6604566391,99.7,100,TWSE_MI_QFIIS_DAILY_FOREIGN_INVESTMENT,2026-08-20T13:54:35.121Z
2022-12-08,0056,元大高股息,6631534000,18180538,0.27,6613353462,99.72,100,TWSE_MI_QFIIS_DAILY_FOREIGN_INVESTMENT,2026-08-20T13:54:35.121Z
2022-12-09,0056,元大高股息,6631534000,16245948,0.24,6615288052,99.75,100,TWSE_MI_QFIIS_DAILY_FOREIGN_INVESTMENT,2026-08-20T13:54:35.121Z
2022-12-12,0056,元大高股息,6632034000,15414345,0.23,6616619655,99.76,100,TWSE_MI_QFIIS_DAILY_FOREIGN_INVESTMENT,2026-08-20T13:54:35.121Z
2022-12-13,0056,元大高股息,6632534000,19050349,0.28,6613483651,99.71,100,TWSE_MI_QFIIS_DAILY_FOREIGN_INVESTMENT,2026-08-20T13:54:35.121Z
2022-12-14,0056,元大高股息,6632534000,17887999,0.26,6614646001,99.73,100,TWSE_MI_QFIIS_DAILY_FOREIGN_INVESTMENT,2026-08-20T13:54:35.121Z
2022-12-15,0056,元大高股息,6633034000,20248825,0.3,6612785175,99.69,100,TWSE_MI_QFIIS_DAILY_FOREIGN_INVESTMENT,2026-08-20T13:54:35.121Z
2022-12-16,0056,元大高股息,6642034000,21893100,0.32,6620140900,99.67,100,TWSE_MI_QFIIS_DAILY_FOREIGN_INVESTMENT,2026-08-20T13:54:35.121Z
2022-12-19,0056,元大高股息,6642034000,23657100,0.35,6618376900,99.64,100,TWSE_MI_QFIIS_DAILY_FOREIGN_INVESTMENT,2026-08-20T13:54:35.121Z
2022-12-20,0056,元大高股息,6658534000,24249583,0.36,6634284417,99.63,100,TWSE_MI_QFIIS_DAILY_FOREIGN_INVESTMENT,2026-08-20T13:54:35.121Z
2022-12-21,0056,元大高股息,6663534000,21911276,0.32,6641622724,99.67,100,TWSE_MI_QFIIS_DAILY_FOREIGN_INVESTMENT,2026-08-20T13:54:35.121Z
2022-12-22,0056,元大高股息,6663534000,22934409,0.34,6640599591,99.65,100,TWSE_MI_QFIIS_DAILY_FOREIGN_INVESTMENT,2026-08-20T13:54:35.121Z
2022-12-23,0056,元大高股息,6666034000,22465942,0.33,6643568058,99.66,100,TWSE_MI_QFIIS_DAILY_FOREIGN_INVESTMENT,2026-08-20T13:54:35.121Z
2022-12-26,0056,元大高股息,6671034000,23282511,0.34,6647751489,99.65,100,TWSE_MI_QFIIS_DAILY_FOREIGN_INVESTMENT,2026-08-20T13:54:35.121Z
2022-12-27,0056,元大高股息,6671034000,23568957,0.35,6647465043,99.64,100,TWSE_MI_QFIIS_DAILY_FOREIGN_INVESTMENT,2026-08-20T13:54:35.121Z
2022-12-28,0056,元大高股息,6700034000,20464303,0.3,6679569697,99.69,100,TWSE_MI_QFIIS_DAILY_FOREIGN_INVESTMENT,2026-08-20T13:54:35.121Z
2022-12-29,0056,元大高股息,6731534000,31091495,0.46,6700442505,99.53,100,TWSE_MI_QFIIS_DAILY_FOREIGN_INVESTMENT,2026-08-20T13:54:35.121Z
2022-12-30,0056,元大高股息,6844034000,42649395,0.62,6801384605,99.37,100,TWSE_MI_QFIIS_DAILY_FOREIGN_INVESTMENT,2026-08-20T13:54:35.121Z
2023-01-03,0056,元大高股息,6848534000,156089844,2.27,6692444156,97.72,100,TWSE_MI_QFIIS_DAILY_FOREIGN_INVESTMENT,2026-08-20T13:54:35.121Z
2023-01-04,0056,元大高股息,6852534000,156240348,2.28,6696293652,97.71,100,TWSE_MI_QFIIS_DAILY_FOREIGN_INVESTMENT,2026-08-20T13:54:35.121Z
2023-01-05,0056,元大高股息,6856034000,26630509,0.38,6829403491,99.61,100,TWSE_MI_QFIIS_DAILY_FOREIGN_INVESTMENT,2026-08-20T13:54:35.121Z
2023-01-06,0056,元大高股息,6856034000,26440367,0.38,6829593633,99.61,100,TWSE_MI_QFIIS_DAILY_FOREIGN_INVESTMENT,2026-08-20T13:54:35.121Z
2023-01-09,0056,元大高股息,6854534000,39426497,0.57,6815107503,99.42,100,TWSE_MI_QFIIS_DAILY_FOREIGN_INVESTMENT,2026-08-20T13:54:35.121Z
2023-01-10,0056,元大高股息,6851034000,43407005,0.63,6807626995,99.36,100,TWSE_MI_QFIIS_DAILY_FOREIGN_INVESTMENT,2026-08-20T13:54:35.121Z
2023-01-11,0056,元大高股息,6851034000,43909920,0.64,6807124080,99.35,100,TWSE_MI_QFIIS_DAILY_FOREIGN_INVESTMENT,2026-08-20T13:54:35.121Z
2023-01-12,0056,元大高股息,6851034000,43888133,0.64,6807145867,99.35,100,TWSE_MI_QFIIS_DAILY_FOREIGN_INVESTMENT,2026-08-20T13:54:35.121Z
2023-01-13,0056,元大高股息,6850034000,45164295,0.65,6804869705,99.34,100,TWSE_MI_QFIIS_DAILY_FOREIGN_INVESTMENT,2026-08-20T13:54:35.121Z
2023-01-16,0056,元大高股息,6851034000,43371789,0.63,6807662211,99.36,100,TWSE_MI_QFIIS_DAILY_FOREIGN_INVESTMENT,2026-08-20T13:54:35.121Z
2023-01-17,0056,元大高股息,6851034000,41426189,0.6,6809607811,99.39,100,TWSE_MI_QFIIS_DAILY_FOREIGN_INVESTMENT,2026-08-20T13:54:35.121Z
2023-01-18,0056,元大高股息,6851034000,41426189,0.6,6809607811,99.39,100,TWSE_MI_QFIIS_DAILY_FOREIGN_INVESTMENT,2026-08-20T13:54:35.121Z
2023-01-19,0056,元大高股息,6851034000,41426189,0.6,6809607811,99.39,100,TWSE_MI_QFIIS_DAILY_FOREIGN_INVESTMENT,2026-08-20T13:54:35.121Z
2023-01-30,0056,元大高股息,6849034000,49167731,0.71,6799866269,99.28,100,TWSE_MI_QFIIS_DAILY_FOREIGN_INVESTMENT,2026-08-20T13:54:35.121Z
2023-01-31,0056,元大高股息,6845034000,45964545,0.67,6799069455,99.32,100,TWSE_MI_QFIIS_DAILY_FOREIGN_INVESTMENT,2026-08-20T13:54:35.121Z
2023-02-01,0056,元大高股息,6845034000,42812769,0.62,6802221231,99.37,100,TWSE_MI_QFIIS_DAILY_FOREIGN_INVESTMENT,2026-08-20T13:54:35.121Z
2023-02-02,0056,元大高股息,6840534000,43132688,0.63,6797401312,99.36,100,TWSE_MI_QFIIS_DAILY_FOREIGN_INVESTMENT,2026-08-20T13:54:35.121Z
2023-02-03,0056,元大高股息,6839534000,41038312,0.6,6798495688,99.39,100,TWSE_MI_QFIIS_DAILY_FOREIGN_INVESTMENT,2026-08-20T13:54:35.121Z
2023-02-06,0056,元大高股息,6842534000,31144461,0.45,6811389539,99.54,100,TWSE_MI_QFIIS_DAILY_FOREIGN_INVESTMENT,2026-08-20T13:54:35.121Z
2023-02-07,0056,元大高股息,6843534000,28222191,0.41,6815311809,99.58,100,TWSE_MI_QFIIS_DAILY_FOREIGN_INVESTMENT,2026-08-20T13:54:35.121Z
2023-02-08,0056,元大高股息,6843534000,31967645,0.46,6811566355,99.53,100,TWSE_MI_QFIIS_DAILY_FOREIGN_INVESTMENT,2026-08-20T13:54:35.121Z
2023-02-09,0056,元大高股息,6843534000,32152665,0.46,6811381335,99.53,100,TWSE_MI_QFIIS_DAILY_FOREIGN_INVESTMENT,2026-08-20T13:54:35.121Z
2023-02-10,0056,元大高股息,6848534000,27789816,0.4,6820744184,99.59,100,TWSE_MI_QFIIS_DAILY_FOREIGN_INVESTMENT,2026-08-20T13:54:35.121Z
2023-02-13,0056,元大高股息,6856034000,23377621,0.34,6832656379,99.65,100,TWSE_MI_QFIIS_DAILY_FOREIGN_INVESTMENT,2026-08-20T13:54:35.121Z
2023-02-14,0056,元大高股息,6856034000,26142722,0.38,6829891278,99.61,100,TWSE_MI_QFIIS_DAILY_FOREIGN_INVESTMENT,2026-08-20T13:54:35.121Z
2023-02-15,0056,元大高股息,6856034000,22883372,0.33,6833150628,99.66,100,TWSE_MI_QFIIS_DAILY_FOREIGN_INVESTMENT,2026-08-20T13:54:35.121Z
2023-02-16,0056,元大高股息,6868534000,24373678,0.35,6844160322,99.64,100,TWSE_MI_QFIIS_DAILY_FOREIGN_INVESTMENT,2026-08-20T13:54:35.121Z
2023-02-17,0056,元大高股息,6870534000,23500805,0.34,6847033195,99.65,100,TWSE_MI_QFIIS_DAILY_FOREIGN_INVESTMENT,2026-08-20T13:54:35.121Z
2023-02-20,0056,元大高股息,6874534000,22250812,0.32,6852283188,99.67,100,TWSE_MI_QFIIS_DAILY_FOREIGN_INVESTMENT,2026-08-20T13:54:35.121Z
2023-02-21,0056,元大高股息,6889034000,21946792,0.31,6867087208,99.68,100,TWSE_MI_QFIIS_DAILY_FOREIGN_INVESTMENT,2026-08-20T13:54:35.121Z
2023-02-22,0056,元大高股息,6897534000,17057733,0.24,6880476267,99.75,100,TWSE_MI_QFIIS_DAILY_FOREIGN_INVESTMENT,2026-08-20T13:54:35.121Z
2023-02-23,0056,元大高股息,6911534000,17959598,0.25,6893574402,99.74,100,TWSE_MI_QFIIS_DAILY_FOREIGN_INVESTMENT,2026-08-20T13:54:35.121Z
2023-02-24,0056,元大高股息,6943034000,19554915,0.28,6923479085,99.71,100,TWSE_MI_QFIIS_DAILY_FOREIGN_INVESTMENT,2026-08-20T13:54:35.121Z
2023-03-01,0056,元大高股息,6949534000,16958269,0.24,6932575731,99.75,100,TWSE_MI_QFIIS_DAILY_FOREIGN_INVESTMENT,2026-08-20T13:54:35.121Z
2023-03-02,0056,元大高股息,6950534000,16003537,0.23,6934530463,99.76,100,TWSE_MI_QFIIS_DAILY_FOREIGN_INVESTMENT,2026-08-20T13:54:35.121Z
2023-03-03,0056,元大高股息,6950534000,18284880,0.26,6932249120,99.73,100,TWSE_MI_QFIIS_DAILY_FOREIGN_INVESTMENT,2026-08-20T13:54:35.121Z
2023-03-06,0056,元大高股息,6950534000,20976430,0.3,6929557570,99.69,100,TWSE_MI_QFIIS_DAILY_FOREIGN_INVESTMENT,2026-08-20T13:54:35.121Z
2023-03-07,0056,元大高股息,6951034000,20653104,0.29,6930380896,99.7,100,TWSE_MI_QFIIS_DAILY_FOREIGN_INVESTMENT,2026-08-20T13:54:35.121Z
2023-03-08,0056,元大高股息,6956534000,20689560,0.29,6935844440,99.7,100,TWSE_MI_QFIIS_DAILY_FOREIGN_INVESTMENT,2026-08-20T13:54:35.121Z
2023-03-09,0056,元大高股息,6962534000,23086741,0.33,6939447259,99.66,100,TWSE_MI_QFIIS_DAILY_FOREIGN_INVESTMENT,2026-08-20T13:54:35.121Z
2023-03-10,0056,元大高股息,6985534000,21454641,0.3,6964079359,99.69,100,TWSE_MI_QFIIS_DAILY_FOREIGN_INVESTMENT,2026-08-20T13:54:35.121Z
2023-03-13,0056,元大高股息,6996034000,21401103,0.3,6974632897,99.69,100,TWSE_MI_QFIIS_DAILY_FOREIGN_INVESTMENT,2026-08-20T13:54:35.121Z
2023-03-14,0056,元大高股息,7001534000,24183621,0.34,6977350379,99.65,100,TWSE_MI_QFIIS_DAILY_FOREIGN_INVESTMENT,2026-08-20T13:54:35.121Z
2023-03-15,0056,元大高股息,6998534000,24559563,0.35,6973974437,99.64,100,TWSE_MI_QFIIS_DAILY_FOREIGN_INVESTMENT,2026-08-20T13:54:35.121Z
2023-03-16,0056,元大高股息,7002034000,23304967,0.33,6978729033,99.66,100,TWSE_MI_QFIIS_DAILY_FOREIGN_INVESTMENT,2026-08-20T13:54:35.121Z
2023-03-17,0056,元大高股息,7002034000,26021897,0.37,6976012103,99.62,100,TWSE_MI_QFIIS_DAILY_FOREIGN_INVESTMENT,2026-08-20T13:54:35.121Z
2023-03-20,0056,元大高股息,7008034000,24691586,0.35,6983342414,99.64,100,TWSE_MI_QFIIS_DAILY_FOREIGN_INVESTMENT,2026-08-20T13:54:35.121Z
2023-03-21,0056,元大高股息,7008034000,22206623,0.31,6985827377,99.68,100,TWSE_MI_QFIIS_DAILY_FOREIGN_INVESTMENT,2026-08-20T13:54:35.121Z
2023-03-22,0056,元大高股息,7008034000,30267753,0.43,6977766247,99.56,100,TWSE_MI_QFIIS_DAILY_FOREIGN_INVESTMENT,2026-08-20T13:54:35.121Z
2023-03-23,0056,元大高股息,7008034000,34027716,0.48,6974006284,99.51,100,TWSE_MI_QFIIS_DAILY_FOREIGN_INVESTMENT,2026-08-20T13:54:35.121Z
2023-03-24,0056,元大高股息,6995034000,36522075,0.52,6958511925,99.47,100,TWSE_MI_QFIIS_DAILY_FOREIGN_INVESTMENT,2026-08-20T13:54:35.121Z
2023-03-27,0056,元大高股息,6989534000,37576668,0.53,6951957332,99.46,100,TWSE_MI_QFIIS_DAILY_FOREIGN_INVESTMENT,2026-08-20T13:54:35.121Z
2023-03-28,0056,元大高股息,6987534000,36477105,0.52,6951056895,99.47,100,TWSE_MI_QFIIS_DAILY_FOREIGN_INVESTMENT,2026-08-20T13:54:35.121Z
2023-03-29,0056,元大高股息,6987534000,35033105,0.5,6952500895,99.49,100,TWSE_MI_QFIIS_DAILY_FOREIGN_INVESTMENT,2026-08-20T13:54:35.121Z
2023-03-30,0056,元大高股息,6976534000,35614033,0.51,6940919967,99.48,100,TWSE_MI_QFIIS_DAILY_FOREIGN_INVESTMENT,2026-08-20T13:54:35.121Z
2023-03-31,0056,元大高股息,6966034000,39706905,0.57,6926327095,99.42,100,TWSE_MI_QFIIS_DAILY_FOREIGN_INVESTMENT,2026-08-20T13:54:35.121Z
2023-04-06,0056,元大高股息,6966034000,33875156,0.48,6932158844,99.51,100,TWSE_MI_QFIIS_DAILY_FOREIGN_INVESTMENT,2026-08-20T13:54:35.121Z
2023-04-07,0056,元大高股息,6968534000,33096737,0.47,6935437263,99.52,100,TWSE_MI_QFIIS_DAILY_FOREIGN_INVESTMENT,2026-08-20T13:54:35.121Z
2023-04-10,0056,元大高股息,6968534000,33167354,0.47,6935366646,99.52,100,TWSE_MI_QFIIS_DAILY_FOREIGN_INVESTMENT,2026-08-20T13:54:35.121Z
2023-04-11,0056,元大高股息,6966034000,36952009,0.53,6929081991,99.46,100,TWSE_MI_QFIIS_DAILY_FOREIGN_INVESTMENT,2026-08-20T13:54:35.121Z
2023-04-12,0056,元大高股息,6965034000,36632509,0.52,6928401491,99.47,100,TWSE_MI_QFIIS_DAILY_FOREIGN_INVESTMENT,2026-08-20T13:54:35.121Z
2023-04-13,0056,元大高股息,6963034000,30416726,0.43,6932617274,99.56,100,TWSE_MI_QFIIS_DAILY_FOREIGN_INVESTMENT,2026-08-20T13:54:35.121Z
2023-04-14,0056,元大高股息,6963034000,28669610,0.41,6934364390,99.58,100,TWSE_MI_QFIIS_DAILY_FOREIGN_INVESTMENT,2026-08-20T13:54:35.121Z
2023-04-17,0056,元大高股息,6964034000,25111106,0.36,6938922894,99.63,100,TWSE_MI_QFIIS_DAILY_FOREIGN_INVESTMENT,2026-08-20T13:54:35.121Z
2023-04-18,0056,元大高股息,6969534000,20753620,0.29,6948780380,99.7,100,TWSE_MI_QFIIS_DAILY_FOREIGN_INVESTMENT,2026-08-20T13:54:35.121Z
2023-04-19,0056,元大高股息,6971034000,21340231,0.3,6949693769,99.69,100,TWSE_MI_QFIIS_DAILY_FOREIGN_INVESTMENT,2026-08-20T13:54:35.121Z
2023-04-20,0056,元大高股息,6973534000,21002581,0.3,6952531419,99.69,100,TWSE_MI_QFIIS_DAILY_FOREIGN_INVESTMENT,2026-08-20T13:54:35.121Z
2023-04-21,0056,元大高股息,6987034000,19582828,0.28,6967451172,99.71,100,TWSE_MI_QFIIS_DAILY_FOREIGN_INVESTMENT,2026-08-20T13:54:35.121Z
2023-04-24,0056,元大高股息,6989534000,19088637,0.27,6970445363,99.72,100,TWSE_MI_QFIIS_DAILY_FOREIGN_INVESTMENT,2026-08-20T13:54:35.121Z
2023-04-25,0056,元大高股息,7034534000,16934177,0.24,7017599823,99.75,100,TWSE_MI_QFIIS_DAILY_FOREIGN_INVESTMENT,2026-08-20T13:54:35.121Z
2023-04-26,0056,元大高股息,7047534000,17161239,0.24,7030372761,99.75,100,TWSE_MI_QFIIS_DAILY_FOREIGN_INVESTMENT,2026-08-20T13:54:35.121Z
2023-04-27,0056,元大高股息,7049534000,17720444,0.25,7031813556,99.74,100,TWSE_MI_QFIIS_DAILY_FOREIGN_INVESTMENT,2026-08-20T13:54:35.121Z
2023-04-28,0056,元大高股息,7051034000,16893084,0.23,7034140916,99.76,100,TWSE_MI_QFIIS_DAILY_FOREIGN_INVESTMENT,2026-08-20T13:54:35.121Z
2023-05-02,0056,元大高股息,7052034000,19527362,0.27,7032506638,99.72,100,TWSE_MI_QFIIS_DAILY_FOREIGN_INVESTMENT,2026-08-20T13:54:35.121Z
2023-05-03,0056,元大高股息,7056534000,19128047,0.27,7037405953,99.72,100,TWSE_MI_QFIIS_DAILY_FOREIGN_INVESTMENT,2026-08-20T13:54:35.121Z
2023-05-04,0056,元大高股息,7058534000,19415502,0.27,7039118498,99.72,100,TWSE_MI_QFIIS_DAILY_FOREIGN_INVESTMENT,2026-08-20T13:54:35.121Z
2023-05-05,0056,元大高股息,7058034000,20106661,0.28,7037927339,99.71,100,TWSE_MI_QFIIS_DAILY_FOREIGN_INVESTMENT,2026-08-20T13:54:35.121Z
2023-05-08,0056,元大高股息,7058034000,21792790,0.3,7036241210,99.69,100,TWSE_MI_QFIIS_DAILY_FOREIGN_INVESTMENT,2026-08-20T13:54:35.121Z
2023-05-09,0056,元大高股息,7058034000,21538241,0.3,7036495759,99.69,100,TWSE_MI_QFIIS_DAILY_FOREIGN_INVESTMENT,2026-08-20T13:54:35.121Z
2023-05-10,0056,元大高股息,7059034000,21580534,0.3,7037453466,99.69,100,TWSE_MI_QFIIS_DAILY_FOREIGN_INVESTMENT,2026-08-20T13:54:35.121Z
2023-05-11,0056,元大高股息,7061534000,20080782,0.28,7041453218,99.71,100,TWSE_MI_QFIIS_DAILY_FOREIGN_INVESTMENT,2026-08-20T13:54:35.121Z
2023-05-12,0056,元大高股息,7063534000,20185159,0.28,7043348841,99.71,100,TWSE_MI_QFIIS_DAILY_FOREIGN_INVESTMENT,2026-08-20T13:54:35.121Z
2023-05-15,0056,元大高股息,7068534000,20026735,0.28,7048507265,99.71,100,TWSE_MI_QFIIS_DAILY_FOREIGN_INVESTMENT,2026-08-20T13:54:35.121Z
2023-05-16,0056,元大高股息,7068534000,24523290,0.34,7044010710,99.65,100,TWSE_MI_QFIIS_DAILY_FOREIGN_INVESTMENT,2026-08-20T13:54:35.121Z
2023-05-17,0056,元大高股息,7065034000,31329359,0.44,7033704641,99.55,100,TWSE_MI_QFIIS_DAILY_FOREIGN_INVESTMENT,2026-08-20T13:54:35.121Z
2023-05-18,0056,元大高股息,7045534000,40266313,0.57,7005267687,99.42,100,TWSE_MI_QFIIS_DAILY_FOREIGN_INVESTMENT,2026-08-20T13:54:35.121Z
2023-05-19,0056,元大高股息,7026534000,49122331,0.69,6977411669,99.3,100,TWSE_MI_QFIIS_DAILY_FOREIGN_INVESTMENT,2026-08-20T13:54:35.121Z
2023-05-22,0056,元大高股息,7012034000,44194581,0.63,6967839419,99.36,100,TWSE_MI_QFIIS_DAILY_FOREIGN_INVESTMENT,2026-08-20T13:54:35.121Z
2023-05-23,0056,元大高股息,7004534000,45156524,0.64,6959377476,99.35,100,TWSE_MI_QFIIS_DAILY_FOREIGN_INVESTMENT,2026-08-20T13:54:35.121Z
2023-05-24,0056,元大高股息,6999034000,46362545,0.66,6952671455,99.33,100,TWSE_MI_QFIIS_DAILY_FOREIGN_INVESTMENT,2026-08-20T13:54:35.121Z
2023-05-25,0056,元大高股息,6971034000,37716879,0.54,6933317121,99.45,100,TWSE_MI_QFIIS_DAILY_FOREIGN_INVESTMENT,2026-08-20T13:54:35.121Z
2023-05-26,0056,元大高股息,6948534000,48579682,0.69,6899954318,99.3,100,TWSE_MI_QFIIS_DAILY_FOREIGN_INVESTMENT,2026-08-20T13:54:35.121Z
2023-05-29,0056,元大高股息,6955534000,41596962,0.59,6913937038,99.4,100,TWSE_MI_QFIIS_DAILY_FOREIGN_INVESTMENT,2026-08-20T13:54:35.121Z
2023-05-30,0056,元大高股息,6957534000,40158572,0.57,6917375428,99.42,100,TWSE_MI_QFIIS_DAILY_FOREIGN_INVESTMENT,2026-08-20T13:54:35.121Z
2023-05-31,0056,元大高股息,6957534000,38371111,0.55,6919162889,99.44,100,TWSE_MI_QFIIS_DAILY_FOREIGN_INVESTMENT,2026-08-20T13:54:35.121Z
2023-06-01,0056,元大高股息,6957034000,37896331,0.54,6919137669,99.45,100,TWSE_MI_QFIIS_DAILY_FOREIGN_INVESTMENT,2026-08-20T13:54:35.121Z
2023-06-02,0056,元大高股息,6947534000,52333858,0.75,6895200142,99.24,100,TWSE_MI_QFIIS_DAILY_FOREIGN_INVESTMENT,2026-08-20T13:54:35.121Z
2023-06-05,0056,元大高股息,6947534000,42115390,0.6,6905418610,99.39,100,TWSE_MI_QFIIS_DAILY_FOREIGN_INVESTMENT,2026-08-20T13:54:35.121Z
2023-06-06,0056,元大高股息,6947534000,40833336,0.58,6906700664,99.41,100,TWSE_MI_QFIIS_DAILY_FOREIGN_INVESTMENT,2026-08-20T13:54:35.121Z
2023-06-07,0056,元大高股息,6947534000,42598240,0.61,6904935760,99.38,100,TWSE_MI_QFIIS_DAILY_FOREIGN_INVESTMENT,2026-08-20T13:54:35.121Z
2023-06-08,0056,元大高股息,6947534000,34606800,0.49,6912927200,99.5,100,TWSE_MI_QFIIS_DAILY_FOREIGN_INVESTMENT,2026-08-20T13:54:35.121Z
2023-06-09,0056,元大高股息,6938534000,37510080,0.54,6901023920,99.45,100,TWSE_MI_QFIIS_DAILY_FOREIGN_INVESTMENT,2026-08-20T13:54:35.121Z
2023-06-12,0056,元大高股息,6928534000,41925467,0.6,6886608533,99.39,100,TWSE_MI_QFIIS_DAILY_FOREIGN_INVESTMENT,2026-08-20T13:54:35.121Z
2023-06-13,0056,元大高股息,6904034000,129326410,1.87,6774707590,98.12,100,TWSE_MI_QFIIS_DAILY_FOREIGN_INVESTMENT,2026-08-20T13:54:35.121Z
2023-06-14,0056,元大高股息,6869534000,152788676,2.22,6716745324,97.77,100,TWSE_MI_QFIIS_DAILY_FOREIGN_INVESTMENT,2026-08-20T13:54:35.121Z
2023-06-15,0056,元大高股息,6774534000,89534743,1.32,6684999257,98.67,100,TWSE_MI_QFIIS_DAILY_FOREIGN_INVESTMENT,2026-08-20T13:54:35.121Z
2023-06-16,0056,元大高股息,6724534000,51895068,0.77,6672638932,99.22,100,TWSE_MI_QFIIS_DAILY_FOREIGN_INVESTMENT,2026-08-20T13:54:35.121Z
2023-06-19,0056,元大高股息,6682034000,15084858,0.22,6666949142,99.77,100,TWSE_MI_QFIIS_DAILY_FOREIGN_INVESTMENT,2026-08-20T13:54:35.121Z
2023-06-20,0056,元大高股息,6674534000,12964084,0.19,6661569916,99.8,100,TWSE_MI_QFIIS_DAILY_FOREIGN_INVESTMENT,2026-08-20T13:54:35.121Z
2023-06-21,0056,元大高股息,6669534000,21999173,0.32,6647534827,99.67,100,TWSE_MI_QFIIS_DAILY_FOREIGN_INVESTMENT,2026-08-20T13:54:35.121Z
2023-06-26,0056,元大高股息,6669534000,18535830,0.27,6650998170,99.72,100,TWSE_MI_QFIIS_DAILY_FOREIGN_INVESTMENT,2026-08-20T13:54:35.121Z
2023-06-27,0056,元大高股息,6671034000,12923275,0.19,6658110725,99.8,100,TWSE_MI_QFIIS_DAILY_FOREIGN_INVESTMENT,2026-08-20T13:54:35.121Z
2023-06-28,0056,元大高股息,6669534000,14863074,0.22,6654670926,99.77,100,TWSE_MI_QFIIS_DAILY_FOREIGN_INVESTMENT,2026-08-20T13:54:35.121Z
2023-06-29,0056,元大高股息,6817534000,16744620,0.24,6800789380,99.75,100,TWSE_MI_QFIIS_DAILY_FOREIGN_INVESTMENT,2026-08-20T13:54:35.121Z
2023-06-30,0056,元大高股息,6816034000,167708779,2.46,6648325221,97.53,100,TWSE_MI_QFIIS_DAILY_FOREIGN_INVESTMENT,2026-08-20T13:54:35.121Z
2023-07-03,0056,元大高股息,6807534000,53095090,0.77,6754438910,99.22,100,TWSE_MI_QFIIS_DAILY_FOREIGN_INVESTMENT,2026-08-20T13:54:35.121Z
2023-07-04,0056,元大高股息,6838034000,39010882,0.57,6799023118,99.42,100,TWSE_MI_QFIIS_DAILY_FOREIGN_INVESTMENT,2026-08-20T13:54:35.121Z
2023-07-05,0056,元大高股息,6846534000,43727538,0.63,6802806462,99.36,100,TWSE_MI_QFIIS_DAILY_FOREIGN_INVESTMENT,2026-08-20T13:54:35.121Z
2023-07-06,0056,元大高股息,6867034000,26864355,0.39,6840169645,99.6,100,TWSE_MI_QFIIS_DAILY_FOREIGN_INVESTMENT,2026-08-20T13:54:35.121Z
2023-07-07,0056,元大高股息,6890534000,31438779,0.45,6859095221,99.54,100,TWSE_MI_QFIIS_DAILY_FOREIGN_INVESTMENT,2026-08-20T13:54:35.121Z
2023-07-10,0056,元大高股息,6898534000,31568994,0.45,6866965006,99.54,100,TWSE_MI_QFIIS_DAILY_FOREIGN_INVESTMENT,2026-08-20T13:54:35.121Z
2023-07-11,0056,元大高股息,6898034000,39564844,0.57,6858469156,99.42,100,TWSE_MI_QFIIS_DAILY_FOREIGN_INVESTMENT,2026-08-20T13:54:35.121Z
2023-07-12,0056,元大高股息,6890034000,46889245,0.68,6843144755,99.31,100,TWSE_MI_QFIIS_DAILY_FOREIGN_INVESTMENT,2026-08-20T13:54:35.121Z
2023-07-13,0056,元大高股息,6859034000,64666099,0.94,6794367901,99.05,100,TWSE_MI_QFIIS_DAILY_FOREIGN_INVESTMENT,2026-08-20T13:54:35.121Z
2023-07-14,0056,元大高股息,6824034000,78726245,1.15,6745307755,98.84,100,TWSE_MI_QFIIS_DAILY_FOREIGN_INVESTMENT,2026-08-20T13:54:35.121Z
2023-07-17,0056,元大高股息,6739034000,16985041,0.25,6722048959,99.74,100,TWSE_MI_QFIIS_DAILY_FOREIGN_INVESTMENT,2026-08-20T13:54:35.121Z
2023-07-18,0056,元大高股息,6729534000,20646749,0.3,6708887251,99.69,100,TWSE_MI_QFIIS_DAILY_FOREIGN_INVESTMENT,2026-08-20T13:54:35.121Z
2023-07-19,0056,元大高股息,6703534000,25252887,0.37,6678281113,99.62,100,TWSE_MI_QFIIS_DAILY_FOREIGN_INVESTMENT,2026-08-20T13:54:35.121Z
2023-07-20,0056,元大高股息,6690534000,28641498,0.42,6661892502,99.57,100,TWSE_MI_QFIIS_DAILY_FOREIGN_INVESTMENT,2026-08-20T13:54:35.121Z
2023-07-21,0056,元大高股息,6650534000,31850830,0.47,6618683170,99.52,100,TWSE_MI_QFIIS_DAILY_FOREIGN_INVESTMENT,2026-08-20T13:54:35.121Z
2023-07-24,0056,元大高股息,6535034000,36423749,0.55,6498610251,99.44,100,TWSE_MI_QFIIS_DAILY_FOREIGN_INVESTMENT,2026-08-20T13:54:35.121Z
2023-07-25,0056,元大高股息,6472034000,52440315,0.81,6419593685,99.18,100,TWSE_MI_QFIIS_DAILY_FOREIGN_INVESTMENT,2026-08-20T13:54:35.121Z
2023-07-26,0056,元大高股息,6440034000,50571001,0.78,6389462999,99.21,100,TWSE_MI_QFIIS_DAILY_FOREIGN_INVESTMENT,2026-08-20T13:54:35.121Z
2023-07-27,0056,元大高股息,6427534000,63532237,0.98,6364001763,99.01,100,TWSE_MI_QFIIS_DAILY_FOREIGN_INVESTMENT,2026-08-20T13:54:35.121Z
2023-07-28,0056,元大高股息,6370034000,62568459,0.98,6307465541,99.01,100,TWSE_MI_QFIIS_DAILY_FOREIGN_INVESTMENT,2026-08-20T13:54:35.121Z
2023-07-31,0056,元大高股息,6348034000,70558846,1.11,6277475154,98.88,100,TWSE_MI_QFIIS_DAILY_FOREIGN_INVESTMENT,2026-08-20T13:54:35.121Z
2023-08-01,0056,元大高股息,6326534000,71430031,1.12,6255103969,98.87,100,TWSE_MI_QFIIS_DAILY_FOREIGN_INVESTMENT,2026-08-20T13:54:35.121Z
2023-08-02,0056,元大高股息,6317034000,68582392,1.08,6248451608,98.91,100,TWSE_MI_QFIIS_DAILY_FOREIGN_INVESTMENT,2026-08-20T13:54:35.121Z
2023-08-04,0056,元大高股息,6300034000,66525670,1.05,6233508330,98.94,100,TWSE_MI_QFIIS_DAILY_FOREIGN_INVESTMENT,2026-08-20T13:54:35.121Z
2023-08-07,0056,元大高股息,6287534000,63479153,1,6224054847,98.99,100,TWSE_MI_QFIIS_DAILY_FOREIGN_INVESTMENT,2026-08-20T13:54:35.121Z
2023-08-08,0056,元大高股息,6264534000,51722781,0.82,6212811219,99.17,100,TWSE_MI_QFIIS_DAILY_FOREIGN_INVESTMENT,2026-08-20T13:54:35.121Z
2023-08-09,0056,元大高股息,6261034000,49910212,0.79,6211123788,99.2,100,TWSE_MI_QFIIS_DAILY_FOREIGN_INVESTMENT,2026-08-20T13:54:35.121Z
2023-08-10,0056,元大高股息,6263034000,32049079,0.51,6230984921,99.48,100,TWSE_MI_QFIIS_DAILY_FOREIGN_INVESTMENT,2026-08-20T13:54:35.121Z
2023-08-11,0056,元大高股息,6263034000,27311676,0.43,6235722324,99.56,100,TWSE_MI_QFIIS_DAILY_FOREIGN_INVESTMENT,2026-08-20T13:54:35.121Z
2023-08-14,0056,元大高股息,6263534000,26000461,0.41,6237533539,99.58,100,TWSE_MI_QFIIS_DAILY_FOREIGN_INVESTMENT,2026-08-20T13:54:35.121Z
2023-08-15,0056,元大高股息,6262534000,36242250,0.57,6226291750,99.42,100,TWSE_MI_QFIIS_DAILY_FOREIGN_INVESTMENT,2026-08-20T13:54:35.121Z
2023-08-16,0056,元大高股息,6261534000,42686842,0.68,6218847158,99.31,100,TWSE_MI_QFIIS_DAILY_FOREIGN_INVESTMENT,2026-08-20T13:54:35.121Z
2023-08-17,0056,元大高股息,6257034000,41952217,0.67,6215081783,99.32,100,TWSE_MI_QFIIS_DAILY_FOREIGN_INVESTMENT,2026-08-20T13:54:35.121Z
2023-08-18,0056,元大高股息,6256534000,35289312,0.56,6221244688,99.43,100,TWSE_MI_QFIIS_DAILY_FOREIGN_INVESTMENT,2026-08-20T13:54:35.121Z
2023-08-21,0056,元大高股息,6256534000,36086716,0.57,6220447284,99.42,100,TWSE_MI_QFIIS_DAILY_FOREIGN_INVESTMENT,2026-08-20T13:54:35.121Z
2023-08-22,0056,元大高股息,6252034000,39145778,0.62,6212888222,99.37,100,TWSE_MI_QFIIS_DAILY_FOREIGN_INVESTMENT,2026-08-20T13:54:35.121Z
2023-08-23,0056,元大高股息,6243034000,39555038,0.63,6203478962,99.36,100,TWSE_MI_QFIIS_DAILY_FOREIGN_INVESTMENT,2026-08-20T13:54:35.121Z
2023-08-24,0056,元大高股息,6216534000,46983617,0.75,6169550383,99.24,100,TWSE_MI_QFIIS_DAILY_FOREIGN_INVESTMENT,2026-08-20T13:54:35.121Z
2023-08-25,0056,元大高股息,6217534000,37360306,0.6,6180173694,99.39,100,TWSE_MI_QFIIS_DAILY_FOREIGN_INVESTMENT,2026-08-20T13:54:35.121Z
2023-08-28,0056,元大高股息,6217534000,34040481,0.54,6183493519,99.45,100,TWSE_MI_QFIIS_DAILY_FOREIGN_INVESTMENT,2026-08-20T13:54:35.121Z
2023-08-29,0056,元大高股息,6217534000,33590084,0.54,6183943916,99.45,100,TWSE_MI_QFIIS_DAILY_FOREIGN_INVESTMENT,2026-08-20T13:54:35.121Z
2023-08-30,0056,元大高股息,6216034000,34357895,0.55,6181676105,99.44,100,TWSE_MI_QFIIS_DAILY_FOREIGN_INVESTMENT,2026-08-20T13:54:35.121Z
2023-08-31,0056,元大高股息,6216034000,33384568,0.53,6182649432,99.46,100,TWSE_MI_QFIIS_DAILY_FOREIGN_INVESTMENT,2026-08-20T13:54:35.121Z
2023-09-01,0056,元大高股息,6216034000,30944379,0.49,6185089621,99.5,100,TWSE_MI_QFIIS_DAILY_FOREIGN_INVESTMENT,2026-08-20T13:54:35.121Z
2023-09-04,0056,元大高股息,6216034000,33552434,0.53,6182481566,99.46,100,TWSE_MI_QFIIS_DAILY_FOREIGN_INVESTMENT,2026-08-20T13:54:35.121Z
2023-09-05,0056,元大高股息,6215034000,38641554,0.62,6176392446,99.37,100,TWSE_MI_QFIIS_DAILY_FOREIGN_INVESTMENT,2026-08-20T13:54:35.121Z
2023-09-06,0056,元大高股息,6209034000,38500720,0.62,6170533280,99.37,100,TWSE_MI_QFIIS_DAILY_FOREIGN_INVESTMENT,2026-08-20T13:54:35.121Z
2023-09-07,0056,元大高股息,6209034000,36812574,0.59,6172221426,99.4,100,TWSE_MI_QFIIS_DAILY_FOREIGN_INVESTMENT,2026-08-20T13:54:35.121Z
2023-09-08,0056,元大高股息,6207534000,35867310,0.57,6171666690,99.42,100,TWSE_MI_QFIIS_DAILY_FOREIGN_INVESTMENT,2026-08-20T13:54:35.121Z
2023-09-11,0056,元大高股息,6215034000,23521778,0.37,6191512222,99.62,100,TWSE_MI_QFIIS_DAILY_FOREIGN_INVESTMENT,2026-08-20T13:54:35.121Z
2023-09-12,0056,元大高股息,6216534000,27374444,0.44,6189159556,99.55,100,TWSE_MI_QFIIS_DAILY_FOREIGN_INVESTMENT,2026-08-20T13:54:35.121Z
2023-09-13,0056,元大高股息,6217034000,27837923,0.44,6189196077,99.55,100,TWSE_MI_QFIIS_DAILY_FOREIGN_INVESTMENT,2026-08-20T13:54:35.121Z
2023-09-14,0056,元大高股息,6217034000,40362580,0.64,6176671420,99.35,100,TWSE_MI_QFIIS_DAILY_FOREIGN_INVESTMENT,2026-08-20T13:54:35.121Z
2023-09-15,0056,元大高股息,6217034000,48512784,0.78,6168521216,99.21,100,TWSE_MI_QFIIS_DAILY_FOREIGN_INVESTMENT,2026-08-20T13:54:35.121Z
2023-09-18,0056,元大高股息,6217034000,36851856,0.59,6180182144,99.4,100,TWSE_MI_QFIIS_DAILY_FOREIGN_INVESTMENT,2026-08-20T13:54:35.121Z
2023-09-19,0056,元大高股息,6217534000,28400527,0.45,6189133473,99.54,100,TWSE_MI_QFIIS_DAILY_FOREIGN_INVESTMENT,2026-08-20T13:54:35.121Z
2023-09-20,0056,元大高股息,6219034000,24565462,0.39,6194468538,99.6,100,TWSE_MI_QFIIS_DAILY_FOREIGN_INVESTMENT,2026-08-20T13:54:35.121Z
2023-09-21,0056,元大高股息,6233034000,17669084,0.28,6215364916,99.71,100,TWSE_MI_QFIIS_DAILY_FOREIGN_INVESTMENT,2026-08-20T13:54:35.121Z
2023-09-22,0056,元大高股息,6248534000,20823771,0.33,6227710229,99.66,100,TWSE_MI_QFIIS_DAILY_FOREIGN_INVESTMENT,2026-08-20T13:54:35.121Z
2023-09-25,0056,元大高股息,6250034000,31672104,0.5,6218361896,99.49,100,TWSE_MI_QFIIS_DAILY_FOREIGN_INVESTMENT,2026-08-20T13:54:35.121Z
2023-09-26,0056,元大高股息,6252534000,24071113,0.38,6228462887,99.61,100,TWSE_MI_QFIIS_DAILY_FOREIGN_INVESTMENT,2026-08-20T13:54:35.121Z
2023-09-27,0056,元大高股息,6272534000,26909602,0.42,6245624398,99.57,100,TWSE_MI_QFIIS_DAILY_FOREIGN_INVESTMENT,2026-08-20T13:54:35.121Z
2023-09-28,0056,元大高股息,6272534000,49721382,0.79,6222812618,99.2,100,TWSE_MI_QFIIS_DAILY_FOREIGN_INVESTMENT,2026-08-20T13:54:35.121Z
2023-10-02,0056,元大高股息,6273034000,69285298,1.1,6203748702,98.89,100,TWSE_MI_QFIIS_DAILY_FOREIGN_INVESTMENT,2026-08-20T13:54:35.121Z
2023-10-03,0056,元大高股息,6305034000,54866479,0.87,6250167521,99.12,100,TWSE_MI_QFIIS_DAILY_FOREIGN_INVESTMENT,2026-08-20T13:54:35.121Z
2023-10-04,0056,元大高股息,6331034000,46071159,0.72,6284962841,99.27,100,TWSE_MI_QFIIS_DAILY_FOREIGN_INVESTMENT,2026-08-20T13:54:35.121Z
2023-10-05,0056,元大高股息,6341534000,38961009,0.61,6302572991,99.38,100,TWSE_MI_QFIIS_DAILY_FOREIGN_INVESTMENT,2026-08-20T13:54:35.121Z
2023-10-06,0056,元大高股息,6358534000,39456912,0.62,6319077088,99.37,100,TWSE_MI_QFIIS_DAILY_FOREIGN_INVESTMENT,2026-08-20T13:54:35.121Z
2023-10-11,0056,元大高股息,6378534000,39642188,0.62,6338891812,99.37,100,TWSE_MI_QFIIS_DAILY_FOREIGN_INVESTMENT,2026-08-20T13:54:35.121Z
2023-10-12,0056,元大高股息,6384534000,40283151,0.63,6344250849,99.36,100,TWSE_MI_QFIIS_DAILY_FOREIGN_INVESTMENT,2026-08-20T13:54:35.121Z
2023-10-13,0056,元大高股息,6434534000,37991853,0.59,6396542147,99.4,100,TWSE_MI_QFIIS_DAILY_FOREIGN_INVESTMENT,2026-08-20T13:54:35.121Z
2023-10-16,0056,元大高股息,6492034000,36592139,0.56,6455441861,99.43,100,TWSE_MI_QFIIS_DAILY_FOREIGN_INVESTMENT,2026-08-20T13:54:35.121Z
2023-10-17,0056,元大高股息,6568534000,24992061,0.38,6543541939,99.61,100,TWSE_MI_QFIIS_DAILY_FOREIGN_INVESTMENT,2026-08-20T13:54:35.121Z
2023-10-18,0056,元大高股息,6699534000,14397668,0.21,6685136332,99.78,100,TWSE_MI_QFIIS_DAILY_FOREIGN_INVESTMENT,2026-08-20T13:54:35.121Z
2023-10-19,0056,元大高股息,6811534000,17479118,0.25,6794054882,99.74,100,TWSE_MI_QFIIS_DAILY_FOREIGN_INVESTMENT,2026-08-20T13:54:35.121Z
2023-10-20,0056,元大高股息,6868534000,17734768,0.25,6850799232,99.74,100,TWSE_MI_QFIIS_DAILY_FOREIGN_INVESTMENT,2026-08-20T13:54:35.121Z
2023-10-23,0056,元大高股息,6886534000,40272102,0.58,6846261898,99.41,100,TWSE_MI_QFIIS_DAILY_FOREIGN_INVESTMENT,2026-08-20T13:54:35.121Z
2023-10-24,0056,元大高股息,6892534000,37962117,0.55,6854571883,99.44,100,TWSE_MI_QFIIS_DAILY_FOREIGN_INVESTMENT,2026-08-20T13:54:35.121Z
2023-10-25,0056,元大高股息,6903034000,35698617,0.51,6867335383,99.48,100,TWSE_MI_QFIIS_DAILY_FOREIGN_INVESTMENT,2026-08-20T13:54:35.121Z
2023-10-26,0056,元大高股息,6934534000,14146457,0.2,6920387543,99.79,100,TWSE_MI_QFIIS_DAILY_FOREIGN_INVESTMENT,2026-08-20T13:54:35.121Z
2023-10-27,0056,元大高股息,6958534000,15345672,0.22,6943188328,99.77,100,TWSE_MI_QFIIS_DAILY_FOREIGN_INVESTMENT,2026-08-20T13:54:35.121Z
2023-10-30,0056,元大高股息,6964534000,29804026,0.42,6934729974,99.57,100,TWSE_MI_QFIIS_DAILY_FOREIGN_INVESTMENT,2026-08-20T13:54:35.121Z
2023-10-31,0056,元大高股息,6998034000,21693825,0.3,6976340175,99.69,100,TWSE_MI_QFIIS_DAILY_FOREIGN_INVESTMENT,2026-08-20T13:54:35.121Z
2023-11-01,0056,元大高股息,7021034000,21926688,0.31,6999107312,99.68,100,TWSE_MI_QFIIS_DAILY_FOREIGN_INVESTMENT,2026-08-20T13:54:35.121Z
2023-11-02,0056,元大高股息,7021034000,44128438,0.62,6976905562,99.37,100,TWSE_MI_QFIIS_DAILY_FOREIGN_INVESTMENT,2026-08-20T13:54:35.121Z
2023-11-03,0056,元大高股息,7021534000,44346420,0.63,6977187580,99.36,100,TWSE_MI_QFIIS_DAILY_FOREIGN_INVESTMENT,2026-08-20T13:54:35.121Z
2023-11-06,0056,元大高股息,7021534000,51638161,0.73,6969895839,99.26,100,TWSE_MI_QFIIS_DAILY_FOREIGN_INVESTMENT,2026-08-20T13:54:35.121Z
2023-11-07,0056,元大高股息,7021534000,53821584,0.76,6967712416,99.23,100,TWSE_MI_QFIIS_DAILY_FOREIGN_INVESTMENT,2026-08-20T13:54:35.121Z
2023-11-08,0056,元大高股息,7021034000,59746982,0.85,6961287018,99.14,100,TWSE_MI_QFIIS_DAILY_FOREIGN_INVESTMENT,2026-08-20T13:54:35.121Z
2023-11-09,0056,元大高股息,7021034000,63930015,0.91,6957103985,99.08,100,TWSE_MI_QFIIS_DAILY_FOREIGN_INVESTMENT,2026-08-20T13:54:35.121Z
2023-11-10,0056,元大高股息,7021034000,62314010,0.88,6958719990,99.11,100,TWSE_MI_QFIIS_DAILY_FOREIGN_INVESTMENT,2026-08-20T13:54:35.121Z
2023-11-13,0056,元大高股息,7021034000,61780695,0.87,6959253305,99.12,100,TWSE_MI_QFIIS_DAILY_FOREIGN_INVESTMENT,2026-08-20T13:54:35.121Z
2023-11-14,0056,元大高股息,7021034000,66356805,0.94,6954677195,99.05,100,TWSE_MI_QFIIS_DAILY_FOREIGN_INVESTMENT,2026-08-20T13:54:35.121Z
2023-11-15,0056,元大高股息,7014034000,75619968,1.07,6938414032,98.92,100,TWSE_MI_QFIIS_DAILY_FOREIGN_INVESTMENT,2026-08-20T13:54:35.121Z
2023-11-16,0056,元大高股息,6998534000,61429868,0.87,6937104132,99.12,100,TWSE_MI_QFIIS_DAILY_FOREIGN_INVESTMENT,2026-08-20T13:54:35.121Z
2023-11-17,0056,元大高股息,6993034000,63966830,0.91,6929067170,99.08,100,TWSE_MI_QFIIS_DAILY_FOREIGN_INVESTMENT,2026-08-20T13:54:35.121Z
2023-11-20,0056,元大高股息,6993034000,63356803,0.9,6929677197,99.09,100,TWSE_MI_QFIIS_DAILY_FOREIGN_INVESTMENT,2026-08-20T13:54:35.121Z
2023-11-21,0056,元大高股息,6963534000,79687776,1.14,6883846224,98.85,100,TWSE_MI_QFIIS_DAILY_FOREIGN_INVESTMENT,2026-08-20T13:54:35.121Z
2023-11-22,0056,元大高股息,6963534000,66034263,0.94,6897499737,99.05,100,TWSE_MI_QFIIS_DAILY_FOREIGN_INVESTMENT,2026-08-20T13:54:35.121Z
2023-11-23,0056,元大高股息,6963534000,62290458,0.89,6901243542,99.1,100,TWSE_MI_QFIIS_DAILY_FOREIGN_INVESTMENT,2026-08-20T13:54:35.121Z
2023-11-24,0056,元大高股息,6963534000,59601200,0.85,6903932800,99.14,100,TWSE_MI_QFIIS_DAILY_FOREIGN_INVESTMENT,2026-08-20T13:54:35.121Z
2023-11-27,0056,元大高股息,6964534000,47495746,0.68,6917038254,99.31,100,TWSE_MI_QFIIS_DAILY_FOREIGN_INVESTMENT,2026-08-20T13:54:35.121Z
2023-11-28,0056,元大高股息,6955034000,46851763,0.67,6908182237,99.32,100,TWSE_MI_QFIIS_DAILY_FOREIGN_INVESTMENT,2026-08-20T13:54:35.121Z
2023-11-29,0056,元大高股息,6948034000,49772189,0.71,6898261811,99.28,100,TWSE_MI_QFIIS_DAILY_FOREIGN_INVESTMENT,2026-08-20T13:54:35.121Z
2023-11-30,0056,元大高股息,6948034000,49990982,0.71,6898043018,99.28,100,TWSE_MI_QFIIS_DAILY_FOREIGN_INVESTMENT,2026-08-20T13:54:35.121Z
2023-12-01,0056,元大高股息,6944534000,51711105,0.74,6892822895,99.25,100,TWSE_MI_QFIIS_DAILY_FOREIGN_INVESTMENT,2026-08-20T13:54:35.121Z
2023-12-04,0056,元大高股息,6936534000,47730310,0.68,6888803690,99.31,100,TWSE_MI_QFIIS_DAILY_FOREIGN_INVESTMENT,2026-08-20T13:54:35.121Z
2023-12-05,0056,元大高股息,6936534000,44949292,0.64,6891584708,99.35,100,TWSE_MI_QFIIS_DAILY_FOREIGN_INVESTMENT,2026-08-20T13:54:35.121Z
2023-12-06,0056,元大高股息,6929534000,53504098,0.77,6876029902,99.22,100,TWSE_MI_QFIIS_DAILY_FOREIGN_INVESTMENT,2026-08-20T13:54:35.121Z
2023-12-07,0056,元大高股息,6924034000,54885784,0.79,6869148216,99.2,100,TWSE_MI_QFIIS_DAILY_FOREIGN_INVESTMENT,2026-08-20T13:54:35.121Z
2023-12-08,0056,元大高股息,6918034000,58879252,0.85,6859154748,99.14,100,TWSE_MI_QFIIS_DAILY_FOREIGN_INVESTMENT,2026-08-20T13:54:35.121Z
2023-12-11,0056,元大高股息,6902034000,44602618,0.64,6857431382,99.35,100,TWSE_MI_QFIIS_DAILY_FOREIGN_INVESTMENT,2026-08-20T13:54:35.121Z
2023-12-12,0056,元大高股息,6890534000,46077132,0.66,6844456868,99.33,100,TWSE_MI_QFIIS_DAILY_FOREIGN_INVESTMENT,2026-08-20T13:54:35.121Z
2023-12-13,0056,元大高股息,6855534000,55749762,0.81,6799784238,99.18,100,TWSE_MI_QFIIS_DAILY_FOREIGN_INVESTMENT,2026-08-20T13:54:35.121Z
2023-12-14,0056,元大高股息,6815534000,54603150,0.8,6760930850,99.19,100,TWSE_MI_QFIIS_DAILY_FOREIGN_INVESTMENT,2026-08-20T13:54:35.121Z
2023-12-15,0056,元大高股息,6812034000,55495025,0.81,6756538975,99.18,100,TWSE_MI_QFIIS_DAILY_FOREIGN_INVESTMENT,2026-08-20T13:54:35.121Z
2023-12-18,0056,元大高股息,6811034000,53226672,0.78,6757807328,99.21,100,TWSE_MI_QFIIS_DAILY_FOREIGN_INVESTMENT,2026-08-20T13:54:35.121Z
2023-12-19,0056,元大高股息,6809034000,47299030,0.69,6761734970,99.3,100,TWSE_MI_QFIIS_DAILY_FOREIGN_INVESTMENT,2026-08-20T13:54:35.121Z
2023-12-20,0056,元大高股息,6805534000,54743404,0.8,6750790596,99.19,100,TWSE_MI_QFIIS_DAILY_FOREIGN_INVESTMENT,2026-08-20T13:54:35.121Z
2023-12-21,0056,元大高股息,6805534000,50845708,0.74,6754688292,99.25,100,TWSE_MI_QFIIS_DAILY_FOREIGN_INVESTMENT,2026-08-20T13:54:35.121Z
2023-12-22,0056,元大高股息,6800534000,52967053,0.77,6747566947,99.22,100,TWSE_MI_QFIIS_DAILY_FOREIGN_INVESTMENT,2026-08-20T13:54:35.121Z
2023-12-25,0056,元大高股息,6796534000,62245094,0.91,6734288906,99.08,100,TWSE_MI_QFIIS_DAILY_FOREIGN_INVESTMENT,2026-08-20T13:54:35.121Z
2023-12-26,0056,元大高股息,6781534000,67000853,0.98,6714533147,99.01,100,TWSE_MI_QFIIS_DAILY_FOREIGN_INVESTMENT,2026-08-20T13:54:35.121Z
2023-12-27,0056,元大高股息,6757034000,71593896,1.05,6685440104,98.94,100,TWSE_MI_QFIIS_DAILY_FOREIGN_INVESTMENT,2026-08-20T13:54:35.121Z
2023-12-28,0056,元大高股息,6755034000,74422698,1.1,6680611302,98.89,100,TWSE_MI_QFIIS_DAILY_FOREIGN_INVESTMENT,2026-08-20T13:54:35.121Z
2023-12-29,0056,元大高股息,6753534000,74714926,1.1,6678819074,98.89,100,TWSE_MI_QFIIS_DAILY_FOREIGN_INVESTMENT,2026-08-20T13:54:35.121Z
2024-01-02,0056,元大高股息,6758534000,61418808,0.9,6697115192,99.09,100,TWSE_MI_QFIIS_DAILY_FOREIGN_INVESTMENT,2026-08-20T13:54:35.121Z
2024-01-03,0056,元大高股息,6793034000,46854812,0.68,6746179188,99.31,100,TWSE_MI_QFIIS_DAILY_FOREIGN_INVESTMENT,2026-08-20T13:54:35.121Z
2024-01-04,0056,元大高股息,6801534000,37064348,0.54,6764469652,99.45,100,TWSE_MI_QFIIS_DAILY_FOREIGN_INVESTMENT,2026-08-20T13:54:35.121Z
2024-01-05,0056,元大高股息,6812534000,30873157,0.45,6781660843,99.54,100,TWSE_MI_QFIIS_DAILY_FOREIGN_INVESTMENT,2026-08-20T13:54:35.121Z
2024-01-08,0056,元大高股息,6834534000,30849240,0.45,6803684760,99.54,100,TWSE_MI_QFIIS_DAILY_FOREIGN_INVESTMENT,2026-08-20T13:54:35.121Z
2024-01-09,0056,元大高股息,6850534000,29408530,0.42,6821125470,99.57,100,TWSE_MI_QFIIS_DAILY_FOREIGN_INVESTMENT,2026-08-20T13:54:35.121Z
2024-01-10,0056,元大高股息,6864534000,25146702,0.36,6839387298,99.63,100,TWSE_MI_QFIIS_DAILY_FOREIGN_INVESTMENT,2026-08-20T13:54:35.121Z
2024-01-11,0056,元大高股息,6873534000,26318441,0.38,6847215559,99.61,100,TWSE_MI_QFIIS_DAILY_FOREIGN_INVESTMENT,2026-08-20T13:54:35.121Z
2024-01-12,0056,元大高股息,6896534000,23994426,0.34,6872539574,99.65,100,TWSE_MI_QFIIS_DAILY_FOREIGN_INVESTMENT,2026-08-20T13:54:35.121Z
2024-01-15,0056,元大高股息,6932034000,18654775,0.26,6913379225,99.73,100,TWSE_MI_QFIIS_DAILY_FOREIGN_INVESTMENT,2026-08-20T13:54:35.121Z
2024-01-16,0056,元大高股息,7043034000,14491094,0.2,7028542906,99.79,100,TWSE_MI_QFIIS_DAILY_FOREIGN_INVESTMENT,2026-08-20T13:54:35.121Z
2024-01-17,0056,元大高股息,7162534000,14584251,0.2,7147949749,99.79,100,TWSE_MI_QFIIS_DAILY_FOREIGN_INVESTMENT,2026-08-20T13:54:35.121Z
2024-01-18,0056,元大高股息,7192534000,14511283,0.2,7178022717,99.79,100,TWSE_MI_QFIIS_DAILY_FOREIGN_INVESTMENT,2026-08-20T13:54:35.121Z
2024-01-19,0056,元大高股息,7200034000,18981517,0.26,7181052483,99.73,100,TWSE_MI_QFIIS_DAILY_FOREIGN_INVESTMENT,2026-08-20T13:54:35.121Z
2024-01-22,0056,元大高股息,7200034000,28653456,0.39,7171380544,99.6,100,TWSE_MI_QFIIS_DAILY_FOREIGN_INVESTMENT,2026-08-20T13:54:35.121Z
2024-01-23,0056,元大高股息,7200034000,35276956,0.48,7164757044,99.51,100,TWSE_MI_QFIIS_DAILY_FOREIGN_INVESTMENT,2026-08-20T13:54:35.121Z
2024-01-24,0056,元大高股息,7193534000,38310950,0.53,7155223050,99.46,100,TWSE_MI_QFIIS_DAILY_FOREIGN_INVESTMENT,2026-08-20T13:54:35.121Z
2024-01-25,0056,元大高股息,7192534000,43338395,0.6,7149195605,99.39,100,TWSE_MI_QFIIS_DAILY_FOREIGN_INVESTMENT,2026-08-20T13:54:35.121Z
2024-01-26,0056,元大高股息,7187534000,37828772,0.52,7149705228,99.47,100,TWSE_MI_QFIIS_DAILY_FOREIGN_INVESTMENT,2026-08-20T13:54:35.121Z
2024-01-29,0056,元大高股息,7187534000,45794260,0.63,7141739740,99.36,100,TWSE_MI_QFIIS_DAILY_FOREIGN_INVESTMENT,2026-08-20T13:54:35.121Z
2024-01-30,0056,元大高股息,7179034000,49151913,0.68,7129882087,99.31,100,TWSE_MI_QFIIS_DAILY_FOREIGN_INVESTMENT,2026-08-20T13:54:35.121Z
2024-01-31,0056,元大高股息,7178034000,50191864,0.69,7127842136,99.3,100,TWSE_MI_QFIIS_DAILY_FOREIGN_INVESTMENT,2026-08-20T13:54:35.121Z
2024-02-01,0056,元大高股息,7178034000,50583574,0.7,7127450426,99.29,100,TWSE_MI_QFIIS_DAILY_FOREIGN_INVESTMENT,2026-08-20T13:54:35.121Z
2024-02-02,0056,元大高股息,7173034000,56854455,0.79,7116179545,99.2,100,TWSE_MI_QFIIS_DAILY_FOREIGN_INVESTMENT,2026-08-20T13:54:35.121Z
2024-02-05,0056,元大高股息,7173034000,52662768,0.73,7120371232,99.26,100,TWSE_MI_QFIIS_DAILY_FOREIGN_INVESTMENT,2026-08-20T13:54:35.121Z
2024-02-06,0056,元大高股息,7173034000,52632768,0.73,7120401232,99.26,100,TWSE_MI_QFIIS_DAILY_FOREIGN_INVESTMENT,2026-08-20T13:54:35.121Z
2024-02-07,0056,元大高股息,7173034000,52632768,0.73,7120401232,99.26,100,TWSE_MI_QFIIS_DAILY_FOREIGN_INVESTMENT,2026-08-20T13:54:35.121Z
2024-02-15,0056,元大高股息,7155534000,56908026,0.79,7098625974,99.2,100,TWSE_MI_QFIIS_DAILY_FOREIGN_INVESTMENT,2026-08-20T13:54:35.121Z
2024-02-16,0056,元大高股息,7150034000,61435812,0.85,7088598188,99.14,100,TWSE_MI_QFIIS_DAILY_FOREIGN_INVESTMENT,2026-08-20T13:54:35.121Z
2024-02-19,0056,元大高股息,7148034000,61968292,0.86,7086065708,99.13,100,TWSE_MI_QFIIS_DAILY_FOREIGN_INVESTMENT,2026-08-20T13:54:35.121Z
2024-02-20,0056,元大高股息,7127534000,64213993,0.9,7063320007,99.09,100,TWSE_MI_QFIIS_DAILY_FOREIGN_INVESTMENT,2026-08-20T13:54:35.121Z
2024-02-21,0056,元大高股息,7126034000,64112824,0.89,7061921176,99.1,100,TWSE_MI_QFIIS_DAILY_FOREIGN_INVESTMENT,2026-08-20T13:54:35.121Z
2024-02-22,0056,元大高股息,7107534000,67673493,0.95,7039860507,99.04,100,TWSE_MI_QFIIS_DAILY_FOREIGN_INVESTMENT,2026-08-20T13:54:35.121Z
2024-02-23,0056,元大高股息,7099034000,70398124,0.99,7028635876,99,100,TWSE_MI_QFIIS_DAILY_FOREIGN_INVESTMENT,2026-08-20T13:54:35.121Z
2024-02-26,0056,元大高股息,7099034000,71990458,1.01,7027043542,98.98,100,TWSE_MI_QFIIS_DAILY_FOREIGN_INVESTMENT,2026-08-20T13:54:35.121Z
2024-02-27,0056,元大高股息,7099034000,72959707,1.02,7026074293,98.97,100,TWSE_MI_QFIIS_DAILY_FOREIGN_INVESTMENT,2026-08-20T13:54:35.121Z
2024-02-29,0056,元大高股息,7093534000,73935926,1.04,7019598074,98.95,100,TWSE_MI_QFIIS_DAILY_FOREIGN_INVESTMENT,2026-08-20T13:54:35.121Z
2024-03-01,0056,元大高股息,7091534000,72617979,1.02,7018916021,98.97,100,TWSE_MI_QFIIS_DAILY_FOREIGN_INVESTMENT,2026-08-20T13:54:35.121Z
2024-03-04,0056,元大高股息,7073034000,77222342,1.09,6995811658,98.9,100,TWSE_MI_QFIIS_DAILY_FOREIGN_INVESTMENT,2026-08-20T13:54:35.121Z
2024-03-05,0056,元大高股息,7065534000,74510257,1.05,6991023743,98.94,100,TWSE_MI_QFIIS_DAILY_FOREIGN_INVESTMENT,2026-08-20T13:54:35.121Z
2024-03-06,0056,元大高股息,7057534000,76335684,1.08,6981198316,98.91,100,TWSE_MI_QFIIS_DAILY_FOREIGN_INVESTMENT,2026-08-20T13:54:35.121Z
2024-03-07,0056,元大高股息,7046034000,74571504,1.05,6971462496,98.94,100,TWSE_MI_QFIIS_DAILY_FOREIGN_INVESTMENT,2026-08-20T13:54:35.121Z
2024-03-08,0056,元大高股息,7031534000,79872682,1.13,6951661318,98.86,100,TWSE_MI_QFIIS_DAILY_FOREIGN_INVESTMENT,2026-08-20T13:54:35.121Z
2024-03-11,0056,元大高股息,7022034000,83053187,1.18,6938980813,98.81,100,TWSE_MI_QFIIS_DAILY_FOREIGN_INVESTMENT,2026-08-20T13:54:35.121Z
2024-03-12,0056,元大高股息,7007534000,87335254,1.24,6920198746,98.75,100,TWSE_MI_QFIIS_DAILY_FOREIGN_INVESTMENT,2026-08-20T13:54:35.121Z
2024-03-13,0056,元大高股息,7000034000,88173335,1.25,6911860665,98.74,100,TWSE_MI_QFIIS_DAILY_FOREIGN_INVESTMENT,2026-08-20T13:54:35.121Z
2024-03-14,0056,元大高股息,6991534000,85531636,1.22,6906002364,98.77,100,TWSE_MI_QFIIS_DAILY_FOREIGN_INVESTMENT,2026-08-20T13:54:35.121Z
2024-03-15,0056,元大高股息,6984034000,87622380,1.25,6896411620,98.74,100,TWSE_MI_QFIIS_DAILY_FOREIGN_INVESTMENT,2026-08-20T13:54:35.121Z
2024-03-18,0056,元大高股息,6977034000,85130463,1.22,6891903537,98.77,100,TWSE_MI_QFIIS_DAILY_FOREIGN_INVESTMENT,2026-08-20T13:54:35.121Z
2024-03-19,0056,元大高股息,6968534000,81788232,1.17,6886745768,98.82,100,TWSE_MI_QFIIS_DAILY_FOREIGN_INVESTMENT,2026-08-20T13:54:35.121Z
2024-03-20,0056,元大高股息,6962034000,79002646,1.13,6883031354,98.86,100,TWSE_MI_QFIIS_DAILY_FOREIGN_INVESTMENT,2026-08-20T13:54:35.121Z
2024-03-21,0056,元大高股息,6956034000,76851456,1.1,6879182544,98.89,100,TWSE_MI_QFIIS_DAILY_FOREIGN_INVESTMENT,2026-08-20T13:54:35.121Z
2024-03-22,0056,元大高股息,6951034000,70830885,1.01,6880203115,98.98,100,TWSE_MI_QFIIS_DAILY_FOREIGN_INVESTMENT,2026-08-20T13:54:35.121Z
2024-03-25,0056,元大高股息,6945534000,67871618,0.97,6877662382,99.02,100,TWSE_MI_QFIIS_DAILY_FOREIGN_INVESTMENT,2026-08-20T13:54:35.121Z
2024-03-26,0056,元大高股息,6940534000,69596295,1,6870937705,98.99,100,TWSE_MI_QFIIS_DAILY_FOREIGN_INVESTMENT,2026-08-20T13:54:35.121Z
2024-03-27,0056,元大高股息,6938534000,70478055,1.01,6868055945,98.98,100,TWSE_MI_QFIIS_DAILY_FOREIGN_INVESTMENT,2026-08-20T13:54:35.121Z
2024-03-28,0056,元大高股息,6933534000,68406991,0.98,6865127009,99.01,100,TWSE_MI_QFIIS_DAILY_FOREIGN_INVESTMENT,2026-08-20T13:54:35.121Z
2024-03-29,0056,元大高股息,6924534000,66507470,0.96,6858026530,99.03,100,TWSE_MI_QFIIS_DAILY_FOREIGN_INVESTMENT,2026-08-20T13:54:35.121Z
2024-04-01,0056,元大高股息,6924034000,57067293,0.82,6866966707,99.17,100,TWSE_MI_QFIIS_DAILY_FOREIGN_INVESTMENT,2026-08-20T13:54:35.121Z
2024-04-02,0056,元大高股息,6919034000,49070753,0.7,6869963247,99.29,100,TWSE_MI_QFIIS_DAILY_FOREIGN_INVESTMENT,2026-08-20T13:54:35.121Z
2024-04-03,0056,元大高股息,6930034000,41360232,0.59,6888673768,99.4,100,TWSE_MI_QFIIS_DAILY_FOREIGN_INVESTMENT,2026-08-20T13:54:35.121Z
2024-04-08,0056,元大高股息,6930034000,35666605,0.51,6894367395,99.48,100,TWSE_MI_QFIIS_DAILY_FOREIGN_INVESTMENT,2026-08-20T13:54:35.121Z
2024-04-09,0056,元大高股息,6930034000,30286241,0.43,6899747759,99.56,100,TWSE_MI_QFIIS_DAILY_FOREIGN_INVESTMENT,2026-08-20T13:54:35.121Z
2024-04-10,0056,元大高股息,6931034000,31145385,0.44,6899888615,99.55,100,TWSE_MI_QFIIS_DAILY_FOREIGN_INVESTMENT,2026-08-20T13:54:35.121Z
2024-04-11,0056,元大高股息,6944034000,27686704,0.39,6916347296,99.6,100,TWSE_MI_QFIIS_DAILY_FOREIGN_INVESTMENT,2026-08-20T13:54:35.121Z
2024-04-12,0056,元大高股息,6951034000,22193238,0.31,6928840762,99.68,100,TWSE_MI_QFIIS_DAILY_FOREIGN_INVESTMENT,2026-08-20T13:54:35.121Z
2024-04-15,0056,元大高股息,6998034000,18695824,0.26,6979338176,99.73,100,TWSE_MI_QFIIS_DAILY_FOREIGN_INVESTMENT,2026-08-20T13:54:35.121Z
2024-04-16,0056,元大高股息,7080034000,20768025,0.29,7059265975,99.7,100,TWSE_MI_QFIIS_DAILY_FOREIGN_INVESTMENT,2026-08-20T13:54:35.121Z
2024-04-17,0056,元大高股息,7148034000,24645918,0.34,7123388082,99.65,100,TWSE_MI_QFIIS_DAILY_FOREIGN_INVESTMENT,2026-08-20T13:54:35.121Z
2024-04-18,0056,元大高股息,7188034000,31690513,0.44,7156343487,99.55,100,TWSE_MI_QFIIS_DAILY_FOREIGN_INVESTMENT,2026-08-20T13:54:35.121Z
2024-04-19,0056,元大高股息,7253034000,30238704,0.41,7222795296,99.58,100,TWSE_MI_QFIIS_DAILY_FOREIGN_INVESTMENT,2026-08-20T13:54:35.121Z
2024-04-22,0056,元大高股息,7277534000,33938912,0.46,7243595088,99.53,100,TWSE_MI_QFIIS_DAILY_FOREIGN_INVESTMENT,2026-08-20T13:54:35.121Z
2024-04-23,0056,元大高股息,7292534000,33251956,0.45,7259282044,99.54,100,TWSE_MI_QFIIS_DAILY_FOREIGN_INVESTMENT,2026-08-20T13:54:35.121Z
2024-04-24,0056,元大高股息,7295034000,36896639,0.5,7258137361,99.49,100,TWSE_MI_QFIIS_DAILY_FOREIGN_INVESTMENT,2026-08-20T13:54:35.121Z
2024-04-25,0056,元大高股息,7300534000,30891159,0.42,7269642841,99.57,100,TWSE_MI_QFIIS_DAILY_FOREIGN_INVESTMENT,2026-08-20T13:54:35.121Z
2024-04-26,0056,元大高股息,7302534000,29301446,0.4,7273232554,99.59,100,TWSE_MI_QFIIS_DAILY_FOREIGN_INVESTMENT,2026-08-20T13:54:35.121Z
2024-04-29,0056,元大高股息,7302534000,36128302,0.49,7266405698,99.5,100,TWSE_MI_QFIIS_DAILY_FOREIGN_INVESTMENT,2026-08-20T13:54:35.121Z
2024-04-30,0056,元大高股息,7305034000,35242199,0.48,7269791801,99.51,100,TWSE_MI_QFIIS_DAILY_FOREIGN_INVESTMENT,2026-08-20T13:54:35.121Z
2024-05-02,0056,元大高股息,7305534000,34992443,0.47,7270541557,99.52,100,TWSE_MI_QFIIS_DAILY_FOREIGN_INVESTMENT,2026-08-20T13:54:35.121Z
2024-05-03,0056,元大高股息,7305534000,38675119,0.52,7266858881,99.47,100,TWSE_MI_QFIIS_DAILY_FOREIGN_INVESTMENT,2026-08-20T13:54:35.121Z
2024-05-06,0056,元大高股息,7305534000,56020146,0.76,7249513854,99.23,100,TWSE_MI_QFIIS_DAILY_FOREIGN_INVESTMENT,2026-08-20T13:54:35.121Z
2024-05-07,0056,元大高股息,7304534000,77595033,1.06,7226938967,98.93,100,TWSE_MI_QFIIS_DAILY_FOREIGN_INVESTMENT,2026-08-20T13:54:35.121Z
2024-05-08,0056,元大高股息,7304534000,80061099,1.09,7224472901,98.9,100,TWSE_MI_QFIIS_DAILY_FOREIGN_INVESTMENT,2026-08-20T13:54:35.121Z
2024-05-09,0056,元大高股息,7302034000,106002832,1.45,7196031168,98.54,100,TWSE_MI_QFIIS_DAILY_FOREIGN_INVESTMENT,2026-08-20T13:54:35.121Z
2024-05-10,0056,元大高股息,7304534000,108559588,1.48,7195974412,98.51,100,TWSE_MI_QFIIS_DAILY_FOREIGN_INVESTMENT,2026-08-20T13:54:35.121Z
2024-05-13,0056,元大高股息,7304534000,112539110,1.54,7191994890,98.45,100,TWSE_MI_QFIIS_DAILY_FOREIGN_INVESTMENT,2026-08-20T13:54:35.121Z
2024-05-14,0056,元大高股息,7301534000,128655970,1.76,7172878030,98.23,100,TWSE_MI_QFIIS_DAILY_FOREIGN_INVESTMENT,2026-08-20T13:54:35.121Z
2024-05-15,0056,元大高股息,7300034000,124009535,1.69,7176024465,98.3,100,TWSE_MI_QFIIS_DAILY_FOREIGN_INVESTMENT,2026-08-20T13:54:35.121Z
2024-05-16,0056,元大高股息,7295034000,133356858,1.82,7161677142,98.17,100,TWSE_MI_QFIIS_DAILY_FOREIGN_INVESTMENT,2026-08-20T13:54:35.121Z
2024-05-17,0056,元大高股息,7295034000,130399612,1.78,7164634388,98.21,100,TWSE_MI_QFIIS_DAILY_FOREIGN_INVESTMENT,2026-08-20T13:54:35.121Z
2024-05-20,0056,元大高股息,7295034000,136148254,1.86,7158885746,98.13,100,TWSE_MI_QFIIS_DAILY_FOREIGN_INVESTMENT,2026-08-20T13:54:35.121Z
2024-05-21,0056,元大高股息,7294034000,111264423,1.52,7182769577,98.47,100,TWSE_MI_QFIIS_DAILY_FOREIGN_INVESTMENT,2026-08-20T13:54:35.121Z
2024-05-22,0056,元大高股息,7281534000,129097946,1.77,7152436054,98.22,100,TWSE_MI_QFIIS_DAILY_FOREIGN_INVESTMENT,2026-08-20T13:54:35.121Z
2024-05-23,0056,元大高股息,7275534000,91170065,1.25,7184363935,98.74,100,TWSE_MI_QFIIS_DAILY_FOREIGN_INVESTMENT,2026-08-20T13:54:35.121Z
2024-05-24,0056,元大高股息,7269034000,91295115,1.25,7177738885,98.74,100,TWSE_MI_QFIIS_DAILY_FOREIGN_INVESTMENT,2026-08-20T13:54:35.121Z
2024-05-27,0056,元大高股息,7262034000,88191349,1.21,7173842651,98.78,100,TWSE_MI_QFIIS_DAILY_FOREIGN_INVESTMENT,2026-08-20T13:54:35.121Z
2024-05-28,0056,元大高股息,7256034000,84599702,1.16,7171434298,98.83,100,TWSE_MI_QFIIS_DAILY_FOREIGN_INVESTMENT,2026-08-20T13:54:35.121Z
2024-05-29,0056,元大高股息,7256034000,79174678,1.09,7176859322,98.9,100,TWSE_MI_QFIIS_DAILY_FOREIGN_INVESTMENT,2026-08-20T13:54:35.121Z
2024-05-30,0056,元大高股息,7261534000,74621032,1.02,7186912968,98.97,100,TWSE_MI_QFIIS_DAILY_FOREIGN_INVESTMENT,2026-08-20T13:54:35.121Z
2024-05-31,0056,元大高股息,7263534000,68339547,0.94,7195194453,99.05,100,TWSE_MI_QFIIS_DAILY_FOREIGN_INVESTMENT,2026-08-20T13:54:35.121Z
2024-06-03,0056,元大高股息,7264034000,68045049,0.93,7195988951,99.06,100,TWSE_MI_QFIIS_DAILY_FOREIGN_INVESTMENT,2026-08-20T13:54:35.121Z
2024-06-04,0056,元大高股息,7259034000,60472835,0.83,7198561165,99.16,100,TWSE_MI_QFIIS_DAILY_FOREIGN_INVESTMENT,2026-08-20T13:54:35.121Z
2024-06-05,0056,元大高股息,7246034000,49768047,0.68,7196265953,99.31,100,TWSE_MI_QFIIS_DAILY_FOREIGN_INVESTMENT,2026-08-20T13:54:35.121Z
2024-06-06,0056,元大高股息,7246034000,44442735,0.61,7201591265,99.38,100,TWSE_MI_QFIIS_DAILY_FOREIGN_INVESTMENT,2026-08-20T13:54:35.121Z
2024-06-07,0056,元大高股息,7246034000,37542163,0.51,7208491837,99.48,100,TWSE_MI_QFIIS_DAILY_FOREIGN_INVESTMENT,2026-08-20T13:54:35.121Z
2024-06-11,0056,元大高股息,7248034000,32583155,0.44,7215450845,99.55,100,TWSE_MI_QFIIS_DAILY_FOREIGN_INVESTMENT,2026-08-20T13:54:35.121Z
2024-06-12,0056,元大高股息,7250034000,31984365,0.44,7218049635,99.55,100,TWSE_MI_QFIIS_DAILY_FOREIGN_INVESTMENT,2026-08-20T13:54:35.121Z
2024-06-13,0056,元大高股息,7249534000,43718364,0.6,7205815636,99.39,100,TWSE_MI_QFIIS_DAILY_FOREIGN_INVESTMENT,2026-08-20T13:54:35.121Z
2024-06-14,0056,元大高股息,7247534000,48629502,0.67,7198904498,99.32,100,TWSE_MI_QFIIS_DAILY_FOREIGN_INVESTMENT,2026-08-20T13:54:35.121Z
2024-06-17,0056,元大高股息,7240534000,49165797,0.67,7191368203,99.32,100,TWSE_MI_QFIIS_DAILY_FOREIGN_INVESTMENT,2026-08-20T13:54:35.121Z
2024-06-18,0056,元大高股息,7240534000,53358440,0.73,7187175560,99.26,100,TWSE_MI_QFIIS_DAILY_FOREIGN_INVESTMENT,2026-08-20T13:54:35.121Z
2024-06-19,0056,元大高股息,7236534000,62828033,0.86,7173705967,99.13,100,TWSE_MI_QFIIS_DAILY_FOREIGN_INVESTMENT,2026-08-20T13:54:35.121Z
2024-06-20,0056,元大高股息,7236534000,69322010,0.95,7167211990,99.04,100,TWSE_MI_QFIIS_DAILY_FOREIGN_INVESTMENT,2026-08-20T13:54:35.121Z
2024-06-21,0056,元大高股息,7235534000,65659084,0.9,7169874916,99.09,100,TWSE_MI_QFIIS_DAILY_FOREIGN_INVESTMENT,2026-08-20T13:54:35.121Z
2024-06-24,0056,元大高股息,7236034000,51562254,0.71,7184471746,99.28,100,TWSE_MI_QFIIS_DAILY_FOREIGN_INVESTMENT,2026-08-20T13:54:35.121Z
2024-06-25,0056,元大高股息,7245034000,49589733,0.68,7195444267,99.31,100,TWSE_MI_QFIIS_DAILY_FOREIGN_INVESTMENT,2026-08-20T13:54:35.121Z
2024-06-26,0056,元大高股息,7247034000,53979009,0.74,7193054991,99.25,100,TWSE_MI_QFIIS_DAILY_FOREIGN_INVESTMENT,2026-08-20T13:54:35.121Z
2024-06-27,0056,元大高股息,7254034000,48691437,0.67,7205342563,99.32,100,TWSE_MI_QFIIS_DAILY_FOREIGN_INVESTMENT,2026-08-20T13:54:35.121Z
2024-06-28,0056,元大高股息,7262034000,51591918,0.71,7210442082,99.28,100,TWSE_MI_QFIIS_DAILY_FOREIGN_INVESTMENT,2026-08-20T13:54:35.121Z
2024-07-01,0056,元大高股息,7315034000,41517596,0.56,7273516404,99.43,100,TWSE_MI_QFIIS_DAILY_FOREIGN_INVESTMENT,2026-08-20T13:54:35.121Z
2024-07-02,0056,元大高股息,7369034000,30319560,0.41,7338714440,99.58,100,TWSE_MI_QFIIS_DAILY_FOREIGN_INVESTMENT,2026-08-20T13:54:35.121Z
2024-07-03,0056,元大高股息,7393034000,29255306,0.39,7363778694,99.6,100,TWSE_MI_QFIIS_DAILY_FOREIGN_INVESTMENT,2026-08-20T13:54:35.121Z
2024-07-04,0056,元大高股息,7406534000,33285472,0.44,7373248528,99.55,100,TWSE_MI_QFIIS_DAILY_FOREIGN_INVESTMENT,2026-08-20T13:54:35.121Z
2024-07-05,0056,元大高股息,7425034000,36729683,0.49,7388304317,99.5,100,TWSE_MI_QFIIS_DAILY_FOREIGN_INVESTMENT,2026-08-20T13:54:35.121Z
2024-07-08,0056,元大高股息,7440034000,42193092,0.56,7397840908,99.43,100,TWSE_MI_QFIIS_DAILY_FOREIGN_INVESTMENT,2026-08-20T13:54:35.121Z
2024-07-09,0056,元大高股息,7460534000,39176300,0.52,7421357700,99.47,100,TWSE_MI_QFIIS_DAILY_FOREIGN_INVESTMENT,2026-08-20T13:54:35.121Z
2024-07-10,0056,元大高股息,7464034000,34899887,0.46,7429134113,99.53,100,TWSE_MI_QFIIS_DAILY_FOREIGN_INVESTMENT,2026-08-20T13:54:35.121Z
2024-07-11,0056,元大高股息,7472534000,35841003,0.47,7436692997,99.52,100,TWSE_MI_QFIIS_DAILY_FOREIGN_INVESTMENT,2026-08-20T13:54:35.121Z
2024-07-12,0056,元大高股息,7504034000,39665451,0.52,7464368549,99.47,100,TWSE_MI_QFIIS_DAILY_FOREIGN_INVESTMENT,2026-08-20T13:54:35.121Z
2024-07-15,0056,元大高股息,7554534000,37337836,0.49,7517196164,99.5,100,TWSE_MI_QFIIS_DAILY_FOREIGN_INVESTMENT,2026-08-20T13:54:35.121Z
2024-07-16,0056,元大高股息,7603034000,33017969,0.43,7570016031,99.56,100,TWSE_MI_QFIIS_DAILY_FOREIGN_INVESTMENT,2026-08-20T13:54:35.121Z
2024-07-17,0056,元大高股息,7647534000,47002188,0.61,7600531812,99.38,100,TWSE_MI_QFIIS_DAILY_FOREIGN_INVESTMENT,2026-08-20T13:54:35.121Z
2024-07-18,0056,元大高股息,7680034000,44649306,0.58,7635384694,99.41,100,TWSE_MI_QFIIS_DAILY_FOREIGN_INVESTMENT,2026-08-20T13:54:35.121Z
2024-07-19,0056,元大高股息,7722034000,61085297,0.79,7660948703,99.2,100,TWSE_MI_QFIIS_DAILY_FOREIGN_INVESTMENT,2026-08-20T13:54:35.121Z
2024-07-22,0056,元大高股息,7749534000,61655768,0.79,7687878232,99.2,100,TWSE_MI_QFIIS_DAILY_FOREIGN_INVESTMENT,2026-08-20T13:54:35.121Z
2024-07-23,0056,元大高股息,7774534000,63973466,0.82,7710560534,99.17,100,TWSE_MI_QFIIS_DAILY_FOREIGN_INVESTMENT,2026-08-20T13:54:35.121Z
2024-07-26,0056,元大高股息,7823534000,65576651,0.83,7757957349,99.16,100,TWSE_MI_QFIIS_DAILY_FOREIGN_INVESTMENT,2026-08-20T13:54:35.121Z
2024-07-29,0056,元大高股息,7851034000,60810601,0.77,7790223399,99.22,100,TWSE_MI_QFIIS_DAILY_FOREIGN_INVESTMENT,2026-08-20T13:54:35.121Z
2024-07-30,0056,元大高股息,7876034000,65028225,0.82,7811005775,99.17,100,TWSE_MI_QFIIS_DAILY_FOREIGN_INVESTMENT,2026-08-20T13:54:35.121Z
2024-07-31,0056,元大高股息,7896534000,84444115,1.06,7812089885,98.93,100,TWSE_MI_QFIIS_DAILY_FOREIGN_INVESTMENT,2026-08-20T13:54:35.121Z
2024-08-01,0056,元大高股息,7902034000,101209341,1.28,7800824659,98.71,100,TWSE_MI_QFIIS_DAILY_FOREIGN_INVESTMENT,2026-08-20T13:54:35.121Z
2024-08-02,0056,元大高股息,7932534000,92263959,1.16,7840270041,98.83,100,TWSE_MI_QFIIS_DAILY_FOREIGN_INVESTMENT,2026-08-20T13:54:35.121Z
2024-08-05,0056,元大高股息,7967534000,46369955,0.58,7921164045,99.41,100,TWSE_MI_QFIIS_DAILY_FOREIGN_INVESTMENT,2026-08-20T13:54:35.121Z
2024-08-06,0056,元大高股息,7993534000,48628951,0.6,7944905049,99.39,100,TWSE_MI_QFIIS_DAILY_FOREIGN_INVESTMENT,2026-08-20T13:54:35.121Z
2024-08-07,0056,元大高股息,7998034000,51871959,0.64,7946162041,99.35,100,TWSE_MI_QFIIS_DAILY_FOREIGN_INVESTMENT,2026-08-20T13:54:35.121Z
2024-08-08,0056,元大高股息,8019534000,48167021,0.6,7971366979,99.39,100,TWSE_MI_QFIIS_DAILY_FOREIGN_INVESTMENT,2026-08-20T13:54:35.121Z
2024-08-09,0056,元大高股息,8031034000,65838010,0.81,7965195990,99.18,100,TWSE_MI_QFIIS_DAILY_FOREIGN_INVESTMENT,2026-08-20T13:54:35.121Z
2024-08-12,0056,元大高股息,8035034000,65718392,0.81,7969315608,99.18,100,TWSE_MI_QFIIS_DAILY_FOREIGN_INVESTMENT,2026-08-20T13:54:35.121Z
2024-08-13,0056,元大高股息,8040034000,64157749,0.79,7975876251,99.2,100,TWSE_MI_QFIIS_DAILY_FOREIGN_INVESTMENT,2026-08-20T13:54:35.121Z
2024-08-14,0056,元大高股息,8040534000,66715610,0.82,7973818390,99.17,100,TWSE_MI_QFIIS_DAILY_FOREIGN_INVESTMENT,2026-08-20T13:54:35.121Z
2024-08-15,0056,元大高股息,8042034000,66898819,0.83,7975135181,99.16,100,TWSE_MI_QFIIS_DAILY_FOREIGN_INVESTMENT,2026-08-20T13:54:35.121Z
2024-08-16,0056,元大高股息,8051534000,64384640,0.79,7987149360,99.2,100,TWSE_MI_QFIIS_DAILY_FOREIGN_INVESTMENT,2026-08-20T13:54:35.121Z
2024-08-19,0056,元大高股息,8057034000,61878809,0.76,7995155191,99.23,100,TWSE_MI_QFIIS_DAILY_FOREIGN_INVESTMENT,2026-08-20T13:54:35.121Z
2024-08-20,0056,元大高股息,8057534000,63137789,0.78,7994396211,99.21,100,TWSE_MI_QFIIS_DAILY_FOREIGN_INVESTMENT,2026-08-20T13:54:35.121Z
2024-08-21,0056,元大高股息,8062034000,61076355,0.75,8000957645,99.24,100,TWSE_MI_QFIIS_DAILY_FOREIGN_INVESTMENT,2026-08-20T13:54:35.121Z
2024-08-22,0056,元大高股息,8063034000,59301265,0.73,8003732735,99.26,100,TWSE_MI_QFIIS_DAILY_FOREIGN_INVESTMENT,2026-08-20T13:54:35.121Z
2024-08-23,0056,元大高股息,8073534000,61424295,0.76,8012109705,99.23,100,TWSE_MI_QFIIS_DAILY_FOREIGN_INVESTMENT,2026-08-20T13:54:35.121Z
2024-08-26,0056,元大高股息,8078534000,62867031,0.77,8015666969,99.22,100,TWSE_MI_QFIIS_DAILY_FOREIGN_INVESTMENT,2026-08-20T13:54:35.121Z
2024-08-27,0056,元大高股息,8085534000,60532674,0.74,8025001326,99.25,100,TWSE_MI_QFIIS_DAILY_FOREIGN_INVESTMENT,2026-08-20T13:54:35.121Z
2024-08-28,0056,元大高股息,8086534000,60033175,0.74,8026500825,99.25,100,TWSE_MI_QFIIS_DAILY_FOREIGN_INVESTMENT,2026-08-20T13:54:35.121Z
2024-08-29,0056,元大高股息,8089534000,60499416,0.74,8029034584,99.25,100,TWSE_MI_QFIIS_DAILY_FOREIGN_INVESTMENT,2026-08-20T13:54:35.121Z
2024-08-30,0056,元大高股息,8099534000,54492007,0.67,8045041993,99.32,100,TWSE_MI_QFIIS_DAILY_FOREIGN_INVESTMENT,2026-08-20T13:54:35.121Z
2024-09-02,0056,元大高股息,8100534000,54176453,0.66,8046357547,99.33,100,TWSE_MI_QFIIS_DAILY_FOREIGN_INVESTMENT,2026-08-20T13:54:35.121Z
2024-09-03,0056,元大高股息,8103534000,52360651,0.64,8051173349,99.35,100,TWSE_MI_QFIIS_DAILY_FOREIGN_INVESTMENT,2026-08-20T13:54:35.121Z
2024-09-04,0056,元大高股息,8155034000,33763891,0.41,8121270109,99.58,100,TWSE_MI_QFIIS_DAILY_FOREIGN_INVESTMENT,2026-08-20T13:54:35.121Z
2024-09-05,0056,元大高股息,8166034000,33038978,0.4,8132995022,99.59,100,TWSE_MI_QFIIS_DAILY_FOREIGN_INVESTMENT,2026-08-20T13:54:35.121Z
2024-09-06,0056,元大高股息,8171534000,32786429,0.4,8138747571,99.59,100,TWSE_MI_QFIIS_DAILY_FOREIGN_INVESTMENT,2026-08-20T13:54:35.121Z
2024-09-09,0056,元大高股息,8198534000,32669282,0.39,8165864718,99.6,100,TWSE_MI_QFIIS_DAILY_FOREIGN_INVESTMENT,2026-08-20T13:54:35.121Z
2024-09-10,0056,元大高股息,8224534000,41111694,0.49,8183422306,99.5,100,TWSE_MI_QFIIS_DAILY_FOREIGN_INVESTMENT,2026-08-20T13:54:35.121Z
2024-09-11,0056,元大高股息,8254034000,42402259,0.51,8211631741,99.48,100,TWSE_MI_QFIIS_DAILY_FOREIGN_INVESTMENT,2026-08-20T13:54:35.121Z
2024-09-12,0056,元大高股息,8260034000,65359434,0.79,8194674566,99.2,100,TWSE_MI_QFIIS_DAILY_FOREIGN_INVESTMENT,2026-08-20T13:54:35.121Z
2024-09-13,0056,元大高股息,8273034000,69700825,0.84,8203333175,99.15,100,TWSE_MI_QFIIS_DAILY_FOREIGN_INVESTMENT,2026-08-20T13:54:35.121Z
2024-09-16,0056,元大高股息,8278034000,66341522,0.8,8211692478,99.19,100,TWSE_MI_QFIIS_DAILY_FOREIGN_INVESTMENT,2026-08-20T13:54:35.121Z
2024-09-18,0056,元大高股息,8294534000,59485337,0.71,8235048663,99.28,100,TWSE_MI_QFIIS_DAILY_FOREIGN_INVESTMENT,2026-08-20T13:54:35.121Z
2024-09-19,0056,元大高股息,8306534000,66594246,0.8,8239939754,99.19,100,TWSE_MI_QFIIS_DAILY_FOREIGN_INVESTMENT,2026-08-20T13:54:35.121Z
2024-09-20,0056,元大高股息,8308534000,65894058,0.79,8242639942,99.2,100,TWSE_MI_QFIIS_DAILY_FOREIGN_INVESTMENT,2026-08-20T13:54:35.121Z
2024-09-23,0056,元大高股息,8322534000,72251776,0.86,8250282224,99.13,100,TWSE_MI_QFIIS_DAILY_FOREIGN_INVESTMENT,2026-08-20T13:54:35.121Z
2024-09-24,0056,元大高股息,8330534000,61516972,0.73,8269017028,99.26,100,TWSE_MI_QFIIS_DAILY_FOREIGN_INVESTMENT,2026-08-20T13:54:35.121Z
2024-09-25,0056,元大高股息,8330534000,65866455,0.79,8264667545,99.2,100,TWSE_MI_QFIIS_DAILY_FOREIGN_INVESTMENT,2026-08-20T13:54:35.121Z
2024-09-26,0056,元大高股息,8348034000,64097102,0.76,8283936898,99.23,100,TWSE_MI_QFIIS_DAILY_FOREIGN_INVESTMENT,2026-08-20T13:54:35.121Z
2024-09-27,0056,元大高股息,8350534000,67766200,0.81,8282767800,99.18,100,TWSE_MI_QFIIS_DAILY_FOREIGN_INVESTMENT,2026-08-20T13:54:35.121Z
2024-09-30,0056,元大高股息,8369034000,61294482,0.73,8307739518,99.26,100,TWSE_MI_QFIIS_DAILY_FOREIGN_INVESTMENT,2026-08-20T13:54:35.121Z
2024-10-01,0056,元大高股息,8412534000,50879637,0.6,8361654363,99.39,100,TWSE_MI_QFIIS_DAILY_FOREIGN_INVESTMENT,2026-08-20T13:54:35.121Z
2024-10-04,0056,元大高股息,8484034000,62142810,0.73,8421891190,99.26,100,TWSE_MI_QFIIS_DAILY_FOREIGN_INVESTMENT,2026-08-20T13:54:35.121Z
2024-10-07,0056,元大高股息,8514034000,56839947,0.66,8457194053,99.33,100,TWSE_MI_QFIIS_DAILY_FOREIGN_INVESTMENT,2026-08-20T13:54:35.121Z
2024-10-08,0056,元大高股息,8564534000,65641744,0.76,8498892256,99.23,100,TWSE_MI_QFIIS_DAILY_FOREIGN_INVESTMENT,2026-08-20T13:54:35.121Z
2024-10-09,0056,元大高股息,8587534000,60006748,0.69,8527527252,99.3,100,TWSE_MI_QFIIS_DAILY_FOREIGN_INVESTMENT,2026-08-20T13:54:35.121Z
2024-10-11,0056,元大高股息,8613534000,68776141,0.79,8544757859,99.2,100,TWSE_MI_QFIIS_DAILY_FOREIGN_INVESTMENT,2026-08-20T13:54:35.121Z
2024-10-14,0056,元大高股息,8649034000,68188700,0.78,8580845300,99.21,100,TWSE_MI_QFIIS_DAILY_FOREIGN_INVESTMENT,2026-08-20T13:54:35.121Z
2024-10-15,0056,元大高股息,8664534000,69427329,0.8,8595106671,99.19,100,TWSE_MI_QFIIS_DAILY_FOREIGN_INVESTMENT,2026-08-20T13:54:35.121Z
2024-10-16,0056,元大高股息,8747034000,65053846,0.74,8681980154,99.25,100,TWSE_MI_QFIIS_DAILY_FOREIGN_INVESTMENT,2026-08-20T13:54:35.121Z
2024-10-17,0056,元大高股息,8800034000,55794884,0.63,8744239116,99.36,100,TWSE_MI_QFIIS_DAILY_FOREIGN_INVESTMENT,2026-08-20T13:54:35.121Z
2024-10-18,0056,元大高股息,8804034000,66914906,0.76,8737119094,99.23,100,TWSE_MI_QFIIS_DAILY_FOREIGN_INVESTMENT,2026-08-20T13:54:35.121Z
2024-10-21,0056,元大高股息,8816534000,67065391,0.76,8749468609,99.23,100,TWSE_MI_QFIIS_DAILY_FOREIGN_INVESTMENT,2026-08-20T13:54:35.121Z
2024-10-22,0056,元大高股息,8828534000,68045104,0.77,8760488896,99.22,100,TWSE_MI_QFIIS_DAILY_FOREIGN_INVESTMENT,2026-08-20T13:54:35.121Z
2024-10-23,0056,元大高股息,8852534000,63770143,0.72,8788763857,99.27,100,TWSE_MI_QFIIS_DAILY_FOREIGN_INVESTMENT,2026-08-20T13:54:35.121Z
2024-10-24,0056,元大高股息,8894534000,51239336,0.57,8843294664,99.42,100,TWSE_MI_QFIIS_DAILY_FOREIGN_INVESTMENT,2026-08-20T13:54:35.121Z
2024-10-25,0056,元大高股息,8907534000,54370283,0.61,8853163717,99.38,100,TWSE_MI_QFIIS_DAILY_FOREIGN_INVESTMENT,2026-08-20T13:54:35.121Z
2024-10-28,0056,元大高股息,8923034000,54883532,0.61,8868150468,99.38,100,TWSE_MI_QFIIS_DAILY_FOREIGN_INVESTMENT,2026-08-20T13:54:35.121Z
2024-10-29,0056,元大高股息,8987034000,55513487,0.61,8931520513,99.38,100,TWSE_MI_QFIIS_DAILY_FOREIGN_INVESTMENT,2026-08-20T13:54:35.121Z
2024-10-30,0056,元大高股息,9019534000,54554632,0.6,8964979368,99.39,100,TWSE_MI_QFIIS_DAILY_FOREIGN_INVESTMENT,2026-08-20T13:54:35.121Z
2024-11-01,0056,元大高股息,9055034000,59078325,0.65,8995955675,99.34,100,TWSE_MI_QFIIS_DAILY_FOREIGN_INVESTMENT,2026-08-20T13:54:35.121Z
2024-11-04,0056,元大高股息,9068534000,60827714,0.67,9007706286,99.32,100,TWSE_MI_QFIIS_DAILY_FOREIGN_INVESTMENT,2026-08-20T13:54:35.121Z
2024-11-05,0056,元大高股息,9079534000,64233760,0.7,9015300240,99.29,100,TWSE_MI_QFIIS_DAILY_FOREIGN_INVESTMENT,2026-08-20T13:54:35.121Z
2024-11-06,0056,元大高股息,9081034000,64249129,0.7,9016784871,99.29,100,TWSE_MI_QFIIS_DAILY_FOREIGN_INVESTMENT,2026-08-20T13:54:35.121Z
2024-11-07,0056,元大高股息,9082534000,69248075,0.76,9013285925,99.23,100,TWSE_MI_QFIIS_DAILY_FOREIGN_INVESTMENT,2026-08-20T13:54:35.121Z
2024-11-08,0056,元大高股息,9089034000,74129156,0.81,9014904844,99.18,100,TWSE_MI_QFIIS_DAILY_FOREIGN_INVESTMENT,2026-08-20T13:54:35.121Z
2024-11-11,0056,元大高股息,9103534000,66063654,0.72,9037470346,99.27,100,TWSE_MI_QFIIS_DAILY_FOREIGN_INVESTMENT,2026-08-20T13:54:35.121Z
2024-11-12,0056,元大高股息,9153534000,58506674,0.63,9095027326,99.36,100,TWSE_MI_QFIIS_DAILY_FOREIGN_INVESTMENT,2026-08-20T13:54:35.121Z
2024-11-13,0056,元大高股息,9178034000,54462687,0.59,9123571313,99.4,100,TWSE_MI_QFIIS_DAILY_FOREIGN_INVESTMENT,2026-08-20T13:54:35.121Z
2024-11-14,0056,元大高股息,9233534000,51527595,0.55,9182006405,99.44,100,TWSE_MI_QFIIS_DAILY_FOREIGN_INVESTMENT,2026-08-20T13:54:35.121Z
2024-11-15,0056,元大高股息,9257534000,47238458,0.51,9210295542,99.48,100,TWSE_MI_QFIIS_DAILY_FOREIGN_INVESTMENT,2026-08-20T13:54:35.121Z
2024-11-18,0056,元大高股息,9303534000,52703906,0.56,9250830094,99.43,100,TWSE_MI_QFIIS_DAILY_FOREIGN_INVESTMENT,2026-08-20T13:54:35.121Z
2024-11-19,0056,元大高股息,9327034000,53159481,0.56,9273874519,99.43,100,TWSE_MI_QFIIS_DAILY_FOREIGN_INVESTMENT,2026-08-20T13:54:35.121Z
2024-11-20,0056,元大高股息,9348034000,59854692,0.64,9288179308,99.35,100,TWSE_MI_QFIIS_DAILY_FOREIGN_INVESTMENT,2026-08-20T13:54:35.121Z
2024-11-21,0056,元大高股息,9360534000,57944814,0.61,9302589186,99.38,100,TWSE_MI_QFIIS_DAILY_FOREIGN_INVESTMENT,2026-08-20T13:54:35.121Z
2024-11-22,0056,元大高股息,9366534000,57234750,0.61,9309299250,99.38,100,TWSE_MI_QFIIS_DAILY_FOREIGN_INVESTMENT,2026-08-20T13:54:35.121Z
2024-11-25,0056,元大高股息,9375534000,58375159,0.62,9317158841,99.37,100,TWSE_MI_QFIIS_DAILY_FOREIGN_INVESTMENT,2026-08-20T13:54:35.121Z
2024-11-26,0056,元大高股息,9397534000,66368142,0.7,9331165858,99.29,100,TWSE_MI_QFIIS_DAILY_FOREIGN_INVESTMENT,2026-08-20T13:54:35.121Z
2024-11-27,0056,元大高股息,9471534000,57794105,0.61,9413739895,99.38,100,TWSE_MI_QFIIS_DAILY_FOREIGN_INVESTMENT,2026-08-20T13:54:35.121Z
2024-11-28,0056,元大高股息,9525034000,56054069,0.58,9468979931,99.41,100,TWSE_MI_QFIIS_DAILY_FOREIGN_INVESTMENT,2026-08-20T13:54:35.121Z
2024-11-29,0056,元大高股息,9548034000,54469828,0.57,9493564172,99.42,100,TWSE_MI_QFIIS_DAILY_FOREIGN_INVESTMENT,2026-08-20T13:54:35.121Z
2024-12-02,0056,元大高股息,9553034000,54421547,0.56,9498612453,99.43,100,TWSE_MI_QFIIS_DAILY_FOREIGN_INVESTMENT,2026-08-20T13:54:35.121Z
2024-12-03,0056,元大高股息,9565034000,53781684,0.56,9511252316,99.43,100,TWSE_MI_QFIIS_DAILY_FOREIGN_INVESTMENT,2026-08-20T13:54:35.121Z
2024-12-04,0056,元大高股息,9571034000,55925495,0.58,9515108505,99.41,100,TWSE_MI_QFIIS_DAILY_FOREIGN_INVESTMENT,2026-08-20T13:54:35.121Z
2024-12-05,0056,元大高股息,9580034000,63907012,0.66,9516126988,99.33,100,TWSE_MI_QFIIS_DAILY_FOREIGN_INVESTMENT,2026-08-20T13:54:35.121Z
2024-12-06,0056,元大高股息,9584034000,66756950,0.69,9517277050,99.3,100,TWSE_MI_QFIIS_DAILY_FOREIGN_INVESTMENT,2026-08-20T13:54:35.121Z
2024-12-09,0056,元大高股息,9603534000,68117528,0.7,9535416472,99.29,100,TWSE_MI_QFIIS_DAILY_FOREIGN_INVESTMENT,2026-08-20T13:54:35.121Z
2024-12-10,0056,元大高股息,9621534000,68832303,0.71,9552701697,99.28,100,TWSE_MI_QFIIS_DAILY_FOREIGN_INVESTMENT,2026-08-20T13:54:35.121Z
2024-12-11,0056,元大高股息,9642034000,58241919,0.6,9583792081,99.39,100,TWSE_MI_QFIIS_DAILY_FOREIGN_INVESTMENT,2026-08-20T13:54:35.121Z
2024-12-12,0056,元大高股息,9646534000,58561025,0.6,9587972975,99.39,100,TWSE_MI_QFIIS_DAILY_FOREIGN_INVESTMENT,2026-08-20T13:54:35.121Z
2024-12-13,0056,元大高股息,9686534000,63475723,0.65,9623058277,99.34,100,TWSE_MI_QFIIS_DAILY_FOREIGN_INVESTMENT,2026-08-20T13:54:35.121Z
2024-12-16,0056,元大高股息,9730534000,59029946,0.6,9671504054,99.39,100,TWSE_MI_QFIIS_DAILY_FOREIGN_INVESTMENT,2026-08-20T13:54:35.121Z
2024-12-17,0056,元大高股息,9758534000,56327634,0.57,9702206366,99.42,100,TWSE_MI_QFIIS_DAILY_FOREIGN_INVESTMENT,2026-08-20T13:54:35.121Z
2024-12-18,0056,元大高股息,9766534000,59556317,0.6,9706977683,99.39,100,TWSE_MI_QFIIS_DAILY_FOREIGN_INVESTMENT,2026-08-20T13:54:35.121Z
2024-12-19,0056,元大高股息,9793534000,56887267,0.58,9736646733,99.41,100,TWSE_MI_QFIIS_DAILY_FOREIGN_INVESTMENT,2026-08-20T13:54:35.121Z
2024-12-20,0056,元大高股息,9827034000,56200921,0.57,9770833079,99.42,100,TWSE_MI_QFIIS_DAILY_FOREIGN_INVESTMENT,2026-08-20T13:54:35.121Z
2024-12-23,0056,元大高股息,9833034000,68801317,0.69,9764232683,99.3,100,TWSE_MI_QFIIS_DAILY_FOREIGN_INVESTMENT,2026-08-20T13:54:35.121Z
2024-12-24,0056,元大高股息,9835534000,61545742,0.62,9773988258,99.37,100,TWSE_MI_QFIIS_DAILY_FOREIGN_INVESTMENT,2026-08-20T13:54:35.121Z
2024-12-25,0056,元大高股息,9847034000,58730386,0.59,9788303614,99.4,100,TWSE_MI_QFIIS_DAILY_FOREIGN_INVESTMENT,2026-08-20T13:54:35.121Z
2024-12-26,0056,元大高股息,9851034000,58929437,0.59,9792104563,99.4,100,TWSE_MI_QFIIS_DAILY_FOREIGN_INVESTMENT,2026-08-20T13:54:35.121Z
2024-12-27,0056,元大高股息,9862034000,57276451,0.58,9804757549,99.41,100,TWSE_MI_QFIIS_DAILY_FOREIGN_INVESTMENT,2026-08-20T13:54:35.121Z
2024-12-30,0056,元大高股息,9901534000,56682926,0.57,9844851074,99.42,100,TWSE_MI_QFIIS_DAILY_FOREIGN_INVESTMENT,2026-08-20T13:54:35.121Z
2024-12-31,0056,元大高股息,9946534000,52998201,0.53,9893535799,99.46,100,TWSE_MI_QFIIS_DAILY_FOREIGN_INVESTMENT,2026-08-20T13:54:35.121Z
2025-01-02,0056,元大高股息,10003034000,51582981,0.51,9951451019,99.48,100,TWSE_MI_QFIIS_DAILY_FOREIGN_INVESTMENT,2026-08-20T13:54:35.121Z
2025-01-03,0056,元大高股息,10041534000,47845836,0.47,9993688164,99.52,100,TWSE_MI_QFIIS_DAILY_FOREIGN_INVESTMENT,2026-08-20T13:54:35.121Z
2025-01-06,0056,元大高股息,10079034000,63952942,0.63,10015081058,99.36,100,TWSE_MI_QFIIS_DAILY_FOREIGN_INVESTMENT,2026-08-20T13:54:35.121Z
2025-01-07,0056,元大高股息,10094534000,58308634,0.57,10036225366,99.42,100,TWSE_MI_QFIIS_DAILY_FOREIGN_INVESTMENT,2026-08-20T13:54:35.121Z
2025-01-08,0056,元大高股息,10115534000,56260244,0.55,10059273756,99.44,100,TWSE_MI_QFIIS_DAILY_FOREIGN_INVESTMENT,2026-08-20T13:54:35.121Z
2025-01-09,0056,元大高股息,10202534000,54321535,0.53,10148212465,99.46,100,TWSE_MI_QFIIS_DAILY_FOREIGN_INVESTMENT,2026-08-20T13:54:35.121Z
2025-01-10,0056,元大高股息,10282034000,47023830,0.45,10235010170,99.54,100,TWSE_MI_QFIIS_DAILY_FOREIGN_INVESTMENT,2026-08-20T13:54:35.121Z
2025-01-13,0056,元大高股息,10435534000,43872135,0.42,10391661865,99.57,100,TWSE_MI_QFIIS_DAILY_FOREIGN_INVESTMENT,2026-08-20T13:54:35.121Z
2025-01-14,0056,元大高股息,10488034000,44965130,0.42,10443068870,99.57,100,TWSE_MI_QFIIS_DAILY_FOREIGN_INVESTMENT,2026-08-20T13:54:35.121Z
2025-01-15,0056,元大高股息,10578534000,52216269,0.49,10526317731,99.5,100,TWSE_MI_QFIIS_DAILY_FOREIGN_INVESTMENT,2026-08-20T13:54:35.121Z
2025-01-16,0056,元大高股息,10633534000,83995496,0.78,10549538504,99.21,100,TWSE_MI_QFIIS_DAILY_FOREIGN_INVESTMENT,2026-08-20T13:54:35.121Z
2025-01-17,0056,元大高股息,10722034000,46957321,0.43,10675076679,99.56,100,TWSE_MI_QFIIS_DAILY_FOREIGN_INVESTMENT,2026-08-20T13:54:35.121Z
2025-01-20,0056,元大高股息,10756034000,45133686,0.41,10710900314,99.58,100,TWSE_MI_QFIIS_DAILY_FOREIGN_INVESTMENT,2026-08-20T13:54:35.121Z
2025-01-21,0056,元大高股息,10783034000,44335396,0.41,10738698604,99.58,100,TWSE_MI_QFIIS_DAILY_FOREIGN_INVESTMENT,2026-08-20T13:54:35.121Z
2025-01-22,0056,元大高股息,10795534000,33158898,0.3,10762375102,99.69,100,TWSE_MI_QFIIS_DAILY_FOREIGN_INVESTMENT,2026-08-20T13:54:35.121Z
2025-01-23,0056,元大高股息,10795534000,34656898,0.32,10760877102,99.67,100,TWSE_MI_QFIIS_DAILY_FOREIGN_INVESTMENT,2026-08-20T13:54:35.121Z
2025-01-24,0056,元大高股息,10795534000,34656898,0.32,10760877102,99.67,100,TWSE_MI_QFIIS_DAILY_FOREIGN_INVESTMENT,2026-08-20T13:54:35.121Z
2025-02-03,0056,元大高股息,10856034000,33141072,0.3,10822892928,99.69,100,TWSE_MI_QFIIS_DAILY_FOREIGN_INVESTMENT,2026-08-20T13:54:35.121Z
2025-02-04,0056,元大高股息,10921534000,45691126,0.41,10875842874,99.58,100,TWSE_MI_QFIIS_DAILY_FOREIGN_INVESTMENT,2026-08-20T13:54:35.121Z
2025-02-05,0056,元大高股息,10925034000,47075449,0.43,10877958551,99.56,100,TWSE_MI_QFIIS_DAILY_FOREIGN_INVESTMENT,2026-08-20T13:54:35.121Z
2025-02-06,0056,元大高股息,10928034000,45544266,0.41,10882489734,99.58,100,TWSE_MI_QFIIS_DAILY_FOREIGN_INVESTMENT,2026-08-20T13:54:35.121Z
2025-02-07,0056,元大高股息,10928034000,45451909,0.41,10882582091,99.58,100,TWSE_MI_QFIIS_DAILY_FOREIGN_INVESTMENT,2026-08-20T13:54:35.121Z
2025-02-10,0056,元大高股息,10934034000,41704303,0.38,10892329697,99.61,100,TWSE_MI_QFIIS_DAILY_FOREIGN_INVESTMENT,2026-08-20T13:54:35.121Z
2025-02-11,0056,元大高股息,10938034000,43630696,0.39,10894403304,99.6,100,TWSE_MI_QFIIS_DAILY_FOREIGN_INVESTMENT,2026-08-20T13:54:35.121Z
2025-02-12,0056,元大高股息,10938034000,42343126,0.38,10895690874,99.61,100,TWSE_MI_QFIIS_DAILY_FOREIGN_INVESTMENT,2026-08-20T13:54:35.121Z
2025-02-13,0056,元大高股息,10938034000,48640312,0.44,10889393688,99.55,100,TWSE_MI_QFIIS_DAILY_FOREIGN_INVESTMENT,2026-08-20T13:54:35.121Z
2025-02-14,0056,元大高股息,10938034000,45308674,0.41,10892725326,99.58,100,TWSE_MI_QFIIS_DAILY_FOREIGN_INVESTMENT,2026-08-20T13:54:35.121Z
2025-02-17,0056,元大高股息,10938034000,48288449,0.44,10889745551,99.55,100,TWSE_MI_QFIIS_DAILY_FOREIGN_INVESTMENT,2026-08-20T13:54:35.121Z
2025-02-18,0056,元大高股息,10938034000,49432538,0.45,10888601462,99.54,100,TWSE_MI_QFIIS_DAILY_FOREIGN_INVESTMENT,2026-08-20T13:54:35.121Z
2025-02-19,0056,元大高股息,10938034000,48350622,0.44,10889683378,99.55,100,TWSE_MI_QFIIS_DAILY_FOREIGN_INVESTMENT,2026-08-20T13:54:35.121Z
2025-02-20,0056,元大高股息,10942034000,40753992,0.37,10901280008,99.62,100,TWSE_MI_QFIIS_DAILY_FOREIGN_INVESTMENT,2026-08-20T13:54:35.121Z
2025-02-21,0056,元大高股息,10942034000,48747866,0.44,10893286134,99.55,100,TWSE_MI_QFIIS_DAILY_FOREIGN_INVESTMENT,2026-08-20T13:54:35.121Z
2025-02-24,0056,元大高股息,10943034000,43539643,0.39,10899494357,99.6,100,TWSE_MI_QFIIS_DAILY_FOREIGN_INVESTMENT,2026-08-20T13:54:35.121Z
2025-02-25,0056,元大高股息,10948034000,38019641,0.34,10910014359,99.65,100,TWSE_MI_QFIIS_DAILY_FOREIGN_INVESTMENT,2026-08-20T13:54:35.121Z
2025-02-26,0056,元大高股息,10952034000,43054109,0.39,10908979891,99.6,100,TWSE_MI_QFIIS_DAILY_FOREIGN_INVESTMENT,2026-08-20T13:54:35.121Z
2025-02-27,0056,元大高股息,10983534000,37830307,0.34,10945703693,99.65,100,TWSE_MI_QFIIS_DAILY_FOREIGN_INVESTMENT,2026-08-20T13:54:35.121Z
2025-03-03,0056,元大高股息,11020534000,36402657,0.33,10984131343,99.66,100,TWSE_MI_QFIIS_DAILY_FOREIGN_INVESTMENT,2026-08-20T13:54:35.121Z
2025-03-04,0056,元大高股息,11049034000,33705613,0.3,11015328387,99.69,100,TWSE_MI_QFIIS_DAILY_FOREIGN_INVESTMENT,2026-08-20T13:54:35.121Z
2025-03-05,0056,元大高股息,11050534000,35666367,0.32,11014867633,99.67,100,TWSE_MI_QFIIS_DAILY_FOREIGN_INVESTMENT,2026-08-20T13:54:35.121Z
2025-03-06,0056,元大高股息,11055034000,35107314,0.31,11019926686,99.68,100,TWSE_MI_QFIIS_DAILY_FOREIGN_INVESTMENT,2026-08-20T13:54:35.121Z
2025-03-07,0056,元大高股息,11066534000,33318041,0.3,11033215959,99.69,100,TWSE_MI_QFIIS_DAILY_FOREIGN_INVESTMENT,2026-08-20T13:54:35.121Z
2025-03-10,0056,元大高股息,11090534000,28882551,0.26,11061651449,99.73,100,TWSE_MI_QFIIS_DAILY_FOREIGN_INVESTMENT,2026-08-20T13:54:35.121Z
2025-03-11,0056,元大高股息,11175034000,33148545,0.29,11141885455,99.7,100,TWSE_MI_QFIIS_DAILY_FOREIGN_INVESTMENT,2026-08-20T13:54:35.121Z
2025-03-12,0056,元大高股息,11190534000,54877754,0.49,11135656246,99.5,100,TWSE_MI_QFIIS_DAILY_FOREIGN_INVESTMENT,2026-08-20T13:54:35.121Z
2025-03-13,0056,元大高股息,11220534000,50362359,0.44,11170171641,99.55,100,TWSE_MI_QFIIS_DAILY_FOREIGN_INVESTMENT,2026-08-20T13:54:35.121Z
2025-03-14,0056,元大高股息,11249534000,50149204,0.44,11199384796,99.55,100,TWSE_MI_QFIIS_DAILY_FOREIGN_INVESTMENT,2026-08-20T13:54:35.121Z
2025-03-17,0056,元大高股息,11263034000,45921586,0.4,11217112414,99.59,100,TWSE_MI_QFIIS_DAILY_FOREIGN_INVESTMENT,2026-08-20T13:54:35.121Z
2025-03-18,0056,元大高股息,11270534000,45723147,0.4,11224810853,99.59,100,TWSE_MI_QFIIS_DAILY_FOREIGN_INVESTMENT,2026-08-20T13:54:35.121Z
2025-03-19,0056,元大高股息,11290034000,44070369,0.39,11245963631,99.6,100,TWSE_MI_QFIIS_DAILY_FOREIGN_INVESTMENT,2026-08-20T13:54:35.121Z
2025-03-20,0056,元大高股息,11297034000,44445537,0.39,11252588463,99.6,100,TWSE_MI_QFIIS_DAILY_FOREIGN_INVESTMENT,2026-08-20T13:54:35.121Z
2025-03-21,0056,元大高股息,11300034000,42777585,0.37,11257256415,99.62,100,TWSE_MI_QFIIS_DAILY_FOREIGN_INVESTMENT,2026-08-20T13:54:35.121Z
2025-03-24,0056,元大高股息,11324534000,37567605,0.33,11286966395,99.66,100,TWSE_MI_QFIIS_DAILY_FOREIGN_INVESTMENT,2026-08-20T13:54:35.121Z
2025-03-25,0056,元大高股息,11352534000,37092804,0.32,11315441196,99.67,100,TWSE_MI_QFIIS_DAILY_FOREIGN_INVESTMENT,2026-08-20T13:54:35.121Z
2025-03-26,0056,元大高股息,11363034000,40952380,0.36,11322081620,99.63,100,TWSE_MI_QFIIS_DAILY_FOREIGN_INVESTMENT,2026-08-20T13:54:35.121Z
2025-03-27,0056,元大高股息,11435534000,62829996,0.54,11372704004,99.45,100,TWSE_MI_QFIIS_DAILY_FOREIGN_INVESTMENT,2026-08-20T13:54:35.121Z
2025-03-28,0056,元大高股息,11549534000,57202957,0.49,11492331043,99.5,100,TWSE_MI_QFIIS_DAILY_FOREIGN_INVESTMENT,2026-08-20T13:54:35.121Z
2025-03-31,0056,元大高股息,11774534000,58000765,0.49,11716533235,99.5,100,TWSE_MI_QFIIS_DAILY_FOREIGN_INVESTMENT,2026-08-20T13:54:35.121Z
2025-04-01,0056,元大高股息,11837034000,59638088,0.5,11777395912,99.49,100,TWSE_MI_QFIIS_DAILY_FOREIGN_INVESTMENT,2026-08-20T13:54:35.121Z
2025-04-02,0056,元大高股息,11902034000,49877978,0.41,11852156022,99.58,100,TWSE_MI_QFIIS_DAILY_FOREIGN_INVESTMENT,2026-08-20T13:54:35.121Z
2025-04-07,0056,元大高股息,11919534000,51899010,0.43,11867634990,99.56,100,TWSE_MI_QFIIS_DAILY_FOREIGN_INVESTMENT,2026-08-20T13:54:35.121Z
2025-04-08,0056,元大高股息,12130534000,30678596,0.25,12099855404,99.74,100,TWSE_MI_QFIIS_DAILY_FOREIGN_INVESTMENT,2026-08-20T13:54:35.121Z
2025-04-09,0056,元大高股息,12489034000,22563652,0.18,12466470348,99.81,100,TWSE_MI_QFIIS_DAILY_FOREIGN_INVESTMENT,2026-08-20T13:54:35.121Z
2025-04-10,0056,元大高股息,12541034000,45210569,0.36,12495823431,99.63,100,TWSE_MI_QFIIS_DAILY_FOREIGN_INVESTMENT,2026-08-20T13:54:35.121Z
2025-04-11,0056,元大高股息,12576534000,84168656,0.66,12492365344,99.33,100,TWSE_MI_QFIIS_DAILY_FOREIGN_INVESTMENT,2026-08-20T13:54:35.121Z
2025-04-14,0056,元大高股息,12606534000,57740377,0.45,12548793623,99.54,100,TWSE_MI_QFIIS_DAILY_FOREIGN_INVESTMENT,2026-08-20T13:54:35.121Z
2025-04-15,0056,元大高股息,12645534000,62571435,0.49,12582962565,99.5,100,TWSE_MI_QFIIS_DAILY_FOREIGN_INVESTMENT,2026-08-20T13:54:35.121Z
2025-04-16,0056,元大高股息,12700034000,55108787,0.43,12644925213,99.56,100,TWSE_MI_QFIIS_DAILY_FOREIGN_INVESTMENT,2026-08-20T13:54:35.121Z
2025-04-17,0056,元大高股息,12750034000,51452165,0.4,12698581835,99.59,100,TWSE_MI_QFIIS_DAILY_FOREIGN_INVESTMENT,2026-08-20T13:54:35.121Z
2025-04-18,0056,元大高股息,12791534000,50708947,0.39,12740825053,99.6,100,TWSE_MI_QFIIS_DAILY_FOREIGN_INVESTMENT,2026-08-20T13:54:35.121Z
2025-04-21,0056,元大高股息,12874534000,40219879,0.31,12834314121,99.68,100,TWSE_MI_QFIIS_DAILY_FOREIGN_INVESTMENT,2026-08-20T13:54:35.121Z
2025-04-22,0056,元大高股息,12984534000,27468969,0.21,12957065031,99.78,100,TWSE_MI_QFIIS_DAILY_FOREIGN_INVESTMENT,2026-08-20T13:54:35.121Z
2025-04-23,0056,元大高股息,13027034000,36101569,0.27,12990932431,99.72,100,TWSE_MI_QFIIS_DAILY_FOREIGN_INVESTMENT,2026-08-20T13:54:35.121Z
2025-04-24,0056,元大高股息,13050034000,34024020,0.26,13016009980,99.73,100,TWSE_MI_QFIIS_DAILY_FOREIGN_INVESTMENT,2026-08-20T13:54:35.121Z
2025-04-25,0056,元大高股息,13050034000,51309739,0.39,12998724261,99.6,100,TWSE_MI_QFIIS_DAILY_FOREIGN_INVESTMENT,2026-08-20T13:54:35.121Z
2025-04-28,0056,元大高股息,13053534000,56094544,0.42,12997439456,99.57,100,TWSE_MI_QFIIS_DAILY_FOREIGN_INVESTMENT,2026-08-20T13:54:35.121Z
2025-04-29,0056,元大高股息,13057034000,58852499,0.45,12998181501,99.54,100,TWSE_MI_QFIIS_DAILY_FOREIGN_INVESTMENT,2026-08-20T13:54:35.121Z
2025-04-30,0056,元大高股息,13057534000,50638251,0.38,13006895749,99.61,100,TWSE_MI_QFIIS_DAILY_FOREIGN_INVESTMENT,2026-08-20T13:54:35.121Z
2025-05-02,0056,元大高股息,13057534000,62112892,0.47,12995421108,99.52,100,TWSE_MI_QFIIS_DAILY_FOREIGN_INVESTMENT,2026-08-20T13:54:35.121Z
2025-05-05,0056,元大高股息,13052534000,59992228,0.45,12992541772,99.54,100,TWSE_MI_QFIIS_DAILY_FOREIGN_INVESTMENT,2026-08-20T13:54:35.121Z
2025-05-06,0056,元大高股息,13037034000,59044053,0.45,12977989947,99.54,100,TWSE_MI_QFIIS_DAILY_FOREIGN_INVESTMENT,2026-08-20T13:54:35.121Z
2025-05-07,0056,元大高股息,13039034000,64238209,0.49,12974795791,99.5,100,TWSE_MI_QFIIS_DAILY_FOREIGN_INVESTMENT,2026-08-20T13:54:35.121Z
2025-05-08,0056,元大高股息,13038034000,67702244,0.51,12970331756,99.48,100,TWSE_MI_QFIIS_DAILY_FOREIGN_INVESTMENT,2026-08-20T13:54:35.121Z
2025-05-09,0056,元大高股息,13032034000,76897041,0.59,12955136959,99.4,100,TWSE_MI_QFIIS_DAILY_FOREIGN_INVESTMENT,2026-08-20T13:54:35.121Z
2025-05-12,0056,元大高股息,13035534000,73997441,0.56,12961536559,99.43,100,TWSE_MI_QFIIS_DAILY_FOREIGN_INVESTMENT,2026-08-20T13:54:35.121Z
2025-05-13,0056,元大高股息,13034534000,70462356,0.54,12964071644,99.45,100,TWSE_MI_QFIIS_DAILY_FOREIGN_INVESTMENT,2026-08-20T13:54:35.121Z
2025-05-14,0056,元大高股息,13033034000,81825041,0.62,12951208959,99.37,100,TWSE_MI_QFIIS_DAILY_FOREIGN_INVESTMENT,2026-08-20T13:54:35.121Z
2025-05-15,0056,元大高股息,13033034000,79790447,0.61,12953243553,99.38,100,TWSE_MI_QFIIS_DAILY_FOREIGN_INVESTMENT,2026-08-20T13:54:35.121Z
2025-05-16,0056,元大高股息,13033034000,80374542,0.61,12952659458,99.38,100,TWSE_MI_QFIIS_DAILY_FOREIGN_INVESTMENT,2026-08-20T13:54:35.121Z
2025-05-19,0056,元大高股息,13033534000,75115721,0.57,12958418279,99.42,100,TWSE_MI_QFIIS_DAILY_FOREIGN_INVESTMENT,2026-08-20T13:54:35.121Z
2025-05-20,0056,元大高股息,13033534000,75032128,0.57,12958501872,99.42,100,TWSE_MI_QFIIS_DAILY_FOREIGN_INVESTMENT,2026-08-20T13:54:35.121Z
2025-05-21,0056,元大高股息,13037034000,66938503,0.51,12970095497,99.48,100,TWSE_MI_QFIIS_DAILY_FOREIGN_INVESTMENT,2026-08-20T13:54:35.121Z
2025-05-22,0056,元大高股息,13037534000,65363266,0.5,12972170734,99.49,100,TWSE_MI_QFIIS_DAILY_FOREIGN_INVESTMENT,2026-08-20T13:54:35.121Z
2025-05-23,0056,元大高股息,13038034000,54101223,0.41,12983932777,99.58,100,TWSE_MI_QFIIS_DAILY_FOREIGN_INVESTMENT,2026-08-20T13:54:35.121Z
2025-05-26,0056,元大高股息,13041034000,48547332,0.37,12992486668,99.62,100,TWSE_MI_QFIIS_DAILY_FOREIGN_INVESTMENT,2026-08-20T13:54:35.121Z
2025-05-27,0056,元大高股息,13056034000,49030876,0.37,13007003124,99.62,100,TWSE_MI_QFIIS_DAILY_FOREIGN_INVESTMENT,2026-08-20T13:54:35.121Z
2025-05-28,0056,元大高股息,13068034000,49207558,0.37,13018826442,99.62,100,TWSE_MI_QFIIS_DAILY_FOREIGN_INVESTMENT,2026-08-20T13:54:35.121Z
2025-05-29,0056,元大高股息,13070534000,56222057,0.43,13014311943,99.56,100,TWSE_MI_QFIIS_DAILY_FOREIGN_INVESTMENT,2026-08-20T13:54:35.121Z
2025-06-02,0056,元大高股息,13102034000,48434236,0.36,13053599764,99.63,100,TWSE_MI_QFIIS_DAILY_FOREIGN_INVESTMENT,2026-08-20T13:54:35.121Z
2025-06-03,0056,元大高股息,13105034000,48277598,0.36,13056756402,99.63,100,TWSE_MI_QFIIS_DAILY_FOREIGN_INVESTMENT,2026-08-20T13:54:35.121Z
2025-06-04,0056,元大高股息,13106034000,52334395,0.39,13053699605,99.6,100,TWSE_MI_QFIIS_DAILY_FOREIGN_INVESTMENT,2026-08-20T13:54:35.121Z
2025-06-05,0056,元大高股息,13108534000,54372407,0.41,13054161593,99.58,100,TWSE_MI_QFIIS_DAILY_FOREIGN_INVESTMENT,2026-08-20T13:54:35.121Z
2025-06-06,0056,元大高股息,13115534000,50924100,0.38,13064609900,99.61,100,TWSE_MI_QFIIS_DAILY_FOREIGN_INVESTMENT,2026-08-20T13:54:35.121Z
2025-06-09,0056,元大高股息,13126534000,53186675,0.4,13073347325,99.59,100,TWSE_MI_QFIIS_DAILY_FOREIGN_INVESTMENT,2026-08-20T13:54:35.121Z
2025-06-10,0056,元大高股息,13137034000,60020224,0.45,13077013776,99.54,100,TWSE_MI_QFIIS_DAILY_FOREIGN_INVESTMENT,2026-08-20T13:54:35.121Z
2025-06-11,0056,元大高股息,13141534000,56372972,0.42,13085161028,99.57,100,TWSE_MI_QFIIS_DAILY_FOREIGN_INVESTMENT,2026-08-20T13:54:35.121Z
2025-06-12,0056,元大高股息,13145534000,55357836,0.42,13090176164,99.57,100,TWSE_MI_QFIIS_DAILY_FOREIGN_INVESTMENT,2026-08-20T13:54:35.121Z
2025-06-13,0056,元大高股息,13149534000,52916952,0.4,13096617048,99.59,100,TWSE_MI_QFIIS_DAILY_FOREIGN_INVESTMENT,2026-08-20T13:54:35.121Z
2025-06-16,0056,元大高股息,13158534000,50901796,0.38,13107632204,99.61,100,TWSE_MI_QFIIS_DAILY_FOREIGN_INVESTMENT,2026-08-20T13:54:35.121Z
2025-06-17,0056,元大高股息,13163534000,44242249,0.33,13119291751,99.66,100,TWSE_MI_QFIIS_DAILY_FOREIGN_INVESTMENT,2026-08-20T13:54:35.121Z
2025-06-18,0056,元大高股息,13173034000,52813480,0.4,13120220520,99.59,100,TWSE_MI_QFIIS_DAILY_FOREIGN_INVESTMENT,2026-08-20T13:54:35.121Z
2025-06-19,0056,元大高股息,13217034000,61904052,0.46,13155129948,99.53,100,TWSE_MI_QFIIS_DAILY_FOREIGN_INVESTMENT,2026-08-20T13:54:35.121Z
2025-06-20,0056,元大高股息,13257034000,66653685,0.5,13190380315,99.49,100,TWSE_MI_QFIIS_DAILY_FOREIGN_INVESTMENT,2026-08-20T13:54:35.121Z
2025-06-23,0056,元大高股息,13315534000,67261881,0.5,13248272119,99.49,100,TWSE_MI_QFIIS_DAILY_FOREIGN_INVESTMENT,2026-08-20T13:54:35.121Z
2025-06-24,0056,元大高股息,13334534000,70047048,0.52,13264486952,99.47,100,TWSE_MI_QFIIS_DAILY_FOREIGN_INVESTMENT,2026-08-20T13:54:35.121Z
2025-06-25,0056,元大高股息,13357034000,88532218,0.66,13268501782,99.33,100,TWSE_MI_QFIIS_DAILY_FOREIGN_INVESTMENT,2026-08-20T13:54:35.121Z
2025-06-26,0056,元大高股息,13432534000,74446668,0.55,13358087332,99.44,100,TWSE_MI_QFIIS_DAILY_FOREIGN_INVESTMENT,2026-08-20T13:54:35.121Z
2025-06-27,0056,元大高股息,13481534000,108975818,0.8,13372558182,99.19,100,TWSE_MI_QFIIS_DAILY_FOREIGN_INVESTMENT,2026-08-20T13:54:35.121Z
2025-06-30,0056,元大高股息,13509534000,104252206,0.77,13405281794,99.22,100,TWSE_MI_QFIIS_DAILY_FOREIGN_INVESTMENT,2026-08-20T13:54:35.121Z
2025-07-01,0056,元大高股息,13523534000,103081649,0.76,13420452351,99.23,100,TWSE_MI_QFIIS_DAILY_FOREIGN_INVESTMENT,2026-08-20T13:54:35.121Z
2025-07-02,0056,元大高股息,13521034000,93330933,0.69,13427703067,99.3,100,TWSE_MI_QFIIS_DAILY_FOREIGN_INVESTMENT,2026-08-20T13:54:35.121Z
2025-07-03,0056,元大高股息,13521034000,97722378,0.72,13423311622,99.27,100,TWSE_MI_QFIIS_DAILY_FOREIGN_INVESTMENT,2026-08-20T13:54:35.121Z
2025-07-04,0056,元大高股息,13547534000,89422601,0.66,13458111399,99.33,100,TWSE_MI_QFIIS_DAILY_FOREIGN_INVESTMENT,2026-08-20T13:54:35.121Z
2025-07-07,0056,元大高股息,13582034000,89237766,0.65,13492796234,99.34,100,TWSE_MI_QFIIS_DAILY_FOREIGN_INVESTMENT,2026-08-20T13:54:35.121Z
2025-07-08,0056,元大高股息,13609534000,88485260,0.65,13521048740,99.34,100,TWSE_MI_QFIIS_DAILY_FOREIGN_INVESTMENT,2026-08-20T13:54:35.121Z
2025-07-09,0056,元大高股息,13618534000,87048700,0.63,13531485300,99.36,100,TWSE_MI_QFIIS_DAILY_FOREIGN_INVESTMENT,2026-08-20T13:54:35.121Z
2025-07-10,0056,元大高股息,13632534000,85457094,0.62,13547076906,99.37,100,TWSE_MI_QFIIS_DAILY_FOREIGN_INVESTMENT,2026-08-20T13:54:35.121Z
2025-07-11,0056,元大高股息,13642034000,83727873,0.61,13558306127,99.38,100,TWSE_MI_QFIIS_DAILY_FOREIGN_INVESTMENT,2026-08-20T13:54:35.121Z
2025-07-14,0056,元大高股息,13685534000,87470251,0.63,13598063749,99.36,100,TWSE_MI_QFIIS_DAILY_FOREIGN_INVESTMENT,2026-08-20T13:54:35.121Z
2025-07-15,0056,元大高股息,13707034000,97080557,0.7,13609953443,99.29,100,TWSE_MI_QFIIS_DAILY_FOREIGN_INVESTMENT,2026-08-20T13:54:35.121Z
2025-07-16,0056,元大高股息,13719534000,99579840,0.72,13619954160,99.27,100,TWSE_MI_QFIIS_DAILY_FOREIGN_INVESTMENT,2026-08-20T13:54:35.121Z
2025-07-17,0056,元大高股息,13751034000,98047951,0.71,13652986049,99.28,100,TWSE_MI_QFIIS_DAILY_FOREIGN_INVESTMENT,2026-08-20T13:54:35.121Z
2025-07-18,0056,元大高股息,13802534000,67893036,0.49,13734640964,99.5,100,TWSE_MI_QFIIS_DAILY_FOREIGN_INVESTMENT,2026-08-20T13:54:35.121Z
2025-07-21,0056,元大高股息,13834534000,56183063,0.4,13778350937,99.59,100,TWSE_MI_QFIIS_DAILY_FOREIGN_INVESTMENT,2026-08-20T13:54:35.121Z
2025-07-22,0056,元大高股息,13864034000,55328136,0.39,13808705864,99.6,100,TWSE_MI_QFIIS_DAILY_FOREIGN_INVESTMENT,2026-08-20T13:54:35.121Z
2025-07-23,0056,元大高股息,13875034000,64272638,0.46,13810761362,99.53,100,TWSE_MI_QFIIS_DAILY_FOREIGN_INVESTMENT,2026-08-20T13:54:35.121Z
2025-07-24,0056,元大高股息,13875534000,66937197,0.48,13808596803,99.51,100,TWSE_MI_QFIIS_DAILY_FOREIGN_INVESTMENT,2026-08-20T13:54:35.121Z
2025-07-25,0056,元大高股息,13875534000,71131290,0.51,13804402710,99.48,100,TWSE_MI_QFIIS_DAILY_FOREIGN_INVESTMENT,2026-08-20T13:54:35.121Z
2025-07-28,0056,元大高股息,13875534000,78328445,0.56,13797205555,99.43,100,TWSE_MI_QFIIS_DAILY_FOREIGN_INVESTMENT,2026-08-20T13:54:35.121Z
2025-07-29,0056,元大高股息,13889034000,81644401,0.58,13807389599,99.41,100,TWSE_MI_QFIIS_DAILY_FOREIGN_INVESTMENT,2026-08-20T13:54:35.121Z
2025-07-30,0056,元大高股息,13906034000,68022256,0.48,13838011744,99.51,100,TWSE_MI_QFIIS_DAILY_FOREIGN_INVESTMENT,2026-08-20T13:54:35.121Z
2025-07-31,0056,元大高股息,13908534000,78115223,0.56,13830418777,99.43,100,TWSE_MI_QFIIS_DAILY_FOREIGN_INVESTMENT,2026-08-20T13:54:35.121Z
2025-08-01,0056,元大高股息,13912534000,82573760,0.59,13829960240,99.4,100,TWSE_MI_QFIIS_DAILY_FOREIGN_INVESTMENT,2026-08-20T13:54:35.121Z
2025-08-04,0056,元大高股息,13915034000,90572194,0.65,13824461806,99.34,100,TWSE_MI_QFIIS_DAILY_FOREIGN_INVESTMENT,2026-08-20T13:54:35.121Z
2025-08-05,0056,元大高股息,13911534000,82165028,0.59,13829368972,99.4,100,TWSE_MI_QFIIS_DAILY_FOREIGN_INVESTMENT,2026-08-20T13:54:35.121Z
2025-08-06,0056,元大高股息,13906534000,68169208,0.49,13838364792,99.5,100,TWSE_MI_QFIIS_DAILY_FOREIGN_INVESTMENT,2026-08-20T13:54:35.121Z
2025-08-07,0056,元大高股息,13900534000,86111175,0.61,13814422825,99.38,100,TWSE_MI_QFIIS_DAILY_FOREIGN_INVESTMENT,2026-08-20T13:54:35.121Z
2025-08-08,0056,元大高股息,13900034000,86883389,0.62,13813150611,99.37,100,TWSE_MI_QFIIS_DAILY_FOREIGN_INVESTMENT,2026-08-20T13:54:35.121Z
2025-08-11,0056,元大高股息,13897534000,85410773,0.61,13812123227,99.38,100,TWSE_MI_QFIIS_DAILY_FOREIGN_INVESTMENT,2026-08-20T13:54:35.121Z
2025-08-12,0056,元大高股息,13895034000,80213970,0.57,13814820030,99.42,100,TWSE_MI_QFIIS_DAILY_FOREIGN_INVESTMENT,2026-08-20T13:54:35.121Z
2025-08-13,0056,元大高股息,13890534000,80008392,0.57,13810525608,99.42,100,TWSE_MI_QFIIS_DAILY_FOREIGN_INVESTMENT,2026-08-20T13:54:35.121Z
2025-08-14,0056,元大高股息,13888534000,67000714,0.48,13821533286,99.51,100,TWSE_MI_QFIIS_DAILY_FOREIGN_INVESTMENT,2026-08-20T13:54:35.121Z
2025-08-15,0056,元大高股息,13888534000,62916212,0.45,13825617788,99.54,100,TWSE_MI_QFIIS_DAILY_FOREIGN_INVESTMENT,2026-08-20T13:54:35.121Z
2025-08-18,0056,元大高股息,13887534000,64115454,0.46,13823418546,99.53,100,TWSE_MI_QFIIS_DAILY_FOREIGN_INVESTMENT,2026-08-20T13:54:35.121Z
2025-08-19,0056,元大高股息,13887534000,61697069,0.44,13825836931,99.55,100,TWSE_MI_QFIIS_DAILY_FOREIGN_INVESTMENT,2026-08-20T13:54:35.121Z
2025-08-20,0056,元大高股息,13954034000,42213440,0.3,13911820560,99.69,100,TWSE_MI_QFIIS_DAILY_FOREIGN_INVESTMENT,2026-08-20T13:54:35.121Z
2025-08-21,0056,元大高股息,13961034000,43334014,0.31,13917699986,99.68,100,TWSE_MI_QFIIS_DAILY_FOREIGN_INVESTMENT,2026-08-20T13:54:35.121Z
2025-08-22,0056,元大高股息,13970534000,35735704,0.25,13934798296,99.74,100,TWSE_MI_QFIIS_DAILY_FOREIGN_INVESTMENT,2026-08-20T13:54:35.121Z
2025-08-25,0056,元大高股息,13974534000,41744208,0.29,13932789792,99.7,100,TWSE_MI_QFIIS_DAILY_FOREIGN_INVESTMENT,2026-08-20T13:54:35.121Z
2025-08-26,0056,元大高股息,13975534000,41061835,0.29,13934472165,99.7,100,TWSE_MI_QFIIS_DAILY_FOREIGN_INVESTMENT,2026-08-20T13:54:35.121Z
2025-08-27,0056,元大高股息,13975534000,50587711,0.36,13924946289,99.63,100,TWSE_MI_QFIIS_DAILY_FOREIGN_INVESTMENT,2026-08-20T13:54:35.121Z
2025-08-28,0056,元大高股息,13975534000,52999344,0.37,13922534656,99.62,100,TWSE_MI_QFIIS_DAILY_FOREIGN_INVESTMENT,2026-08-20T13:54:35.121Z
2025-08-29,0056,元大高股息,13974034000,53888420,0.38,13920145580,99.61,100,TWSE_MI_QFIIS_DAILY_FOREIGN_INVESTMENT,2026-08-20T13:54:35.121Z
2025-09-01,0056,元大高股息,13977534000,33792750,0.24,13943741250,99.75,100,TWSE_MI_QFIIS_DAILY_FOREIGN_INVESTMENT,2026-08-20T13:54:35.121Z
2025-09-02,0056,元大高股息,13990534000,31797763,0.22,13958736237,99.77,100,TWSE_MI_QFIIS_DAILY_FOREIGN_INVESTMENT,2026-08-20T13:54:35.121Z
2025-09-03,0056,元大高股息,13995034000,31669685,0.22,13963364315,99.77,100,TWSE_MI_QFIIS_DAILY_FOREIGN_INVESTMENT,2026-08-20T13:54:35.121Z
2025-09-04,0056,元大高股息,13994534000,38116234,0.27,13956417766,99.72,100,TWSE_MI_QFIIS_DAILY_FOREIGN_INVESTMENT,2026-08-20T13:54:35.121Z
2025-09-05,0056,元大高股息,13994534000,49396254,0.35,13945137746,99.64,100,TWSE_MI_QFIIS_DAILY_FOREIGN_INVESTMENT,2026-08-20T13:54:35.121Z
2025-09-08,0056,元大高股息,13986034000,64882205,0.46,13921151795,99.53,100,TWSE_MI_QFIIS_DAILY_FOREIGN_INVESTMENT,2026-08-20T13:54:35.121Z
2025-09-09,0056,元大高股息,13962534000,78273721,0.56,13884260279,99.43,100,TWSE_MI_QFIIS_DAILY_FOREIGN_INVESTMENT,2026-08-20T13:54:35.121Z
2025-09-10,0056,元大高股息,13914034000,105800596,0.76,13808233404,99.23,100,TWSE_MI_QFIIS_DAILY_FOREIGN_INVESTMENT,2026-08-20T13:54:35.121Z
2025-09-11,0056,元大高股息,13873034000,107601067,0.77,13765432933,99.22,100,TWSE_MI_QFIIS_DAILY_FOREIGN_INVESTMENT,2026-08-20T13:54:35.121Z
2025-09-12,0056,元大高股息,13842034000,108381455,0.78,13733652545,99.21,100,TWSE_MI_QFIIS_DAILY_FOREIGN_INVESTMENT,2026-08-20T13:54:35.121Z
2025-09-15,0056,元大高股息,13826534000,108424569,0.78,13718109431,99.21,100,TWSE_MI_QFIIS_DAILY_FOREIGN_INVESTMENT,2026-08-20T13:54:35.121Z
2025-09-16,0056,元大高股息,13809034000,108683211,0.78,13700350789,99.21,100,TWSE_MI_QFIIS_DAILY_FOREIGN_INVESTMENT,2026-08-20T13:54:35.121Z
2025-09-17,0056,元大高股息,13802534000,106023901,0.76,13696510099,99.23,100,TWSE_MI_QFIIS_DAILY_FOREIGN_INVESTMENT,2026-08-20T13:54:35.121Z
2025-09-18,0056,元大高股息,13786034000,106788495,0.77,13679245505,99.22,100,TWSE_MI_QFIIS_DAILY_FOREIGN_INVESTMENT,2026-08-20T13:54:35.121Z
2025-09-19,0056,元大高股息,13768534000,107564560,0.78,13660969440,99.21,100,TWSE_MI_QFIIS_DAILY_FOREIGN_INVESTMENT,2026-08-20T13:54:35.121Z
2025-09-22,0056,元大高股息,13757034000,108072938,0.78,13648961062,99.21,100,TWSE_MI_QFIIS_DAILY_FOREIGN_INVESTMENT,2026-08-20T13:54:35.121Z
2025-09-23,0056,元大高股息,13728034000,106066914,0.77,13621967086,99.22,100,TWSE_MI_QFIIS_DAILY_FOREIGN_INVESTMENT,2026-08-20T13:54:35.121Z
2025-09-24,0056,元大高股息,13716534000,103820410,0.75,13612713590,99.24,100,TWSE_MI_QFIIS_DAILY_FOREIGN_INVESTMENT,2026-08-20T13:54:35.121Z
2025-09-25,0056,元大高股息,13684534000,100390268,0.73,13584143732,99.26,100,TWSE_MI_QFIIS_DAILY_FOREIGN_INVESTMENT,2026-08-20T13:54:35.121Z
2025-09-26,0056,元大高股息,13684534000,69876971,0.51,13614657029,99.48,100,TWSE_MI_QFIIS_DAILY_FOREIGN_INVESTMENT,2026-08-20T13:54:35.121Z
2025-09-30,0056,元大高股息,13684034000,86182023,0.62,13597851977,99.37,100,TWSE_MI_QFIIS_DAILY_FOREIGN_INVESTMENT,2026-08-20T13:54:35.121Z
2025-10-01,0056,元大高股息,13680034000,83490061,0.61,13596543939,99.38,100,TWSE_MI_QFIIS_DAILY_FOREIGN_INVESTMENT,2026-08-20T13:54:35.121Z
2025-10-02,0056,元大高股息,13680034000,90781535,0.66,13589252465,99.33,100,TWSE_MI_QFIIS_DAILY_FOREIGN_INVESTMENT,2026-08-20T13:54:35.121Z
2025-10-03,0056,元大高股息,13680034000,86455920,0.63,13593578080,99.36,100,TWSE_MI_QFIIS_DAILY_FOREIGN_INVESTMENT,2026-08-20T13:54:35.121Z
2025-10-07,0056,元大高股息,13664534000,97343690,0.71,13567190310,99.28,100,TWSE_MI_QFIIS_DAILY_FOREIGN_INVESTMENT,2026-08-20T13:54:35.121Z
2025-10-08,0056,元大高股息,13661034000,90730886,0.66,13570303114,99.33,100,TWSE_MI_QFIIS_DAILY_FOREIGN_INVESTMENT,2026-08-20T13:54:35.121Z
2025-10-09,0056,元大高股息,13653034000,85517360,0.62,13567516640,99.37,100,TWSE_MI_QFIIS_DAILY_FOREIGN_INVESTMENT,2026-08-20T13:54:35.121Z
2025-10-13,0056,元大高股息,13709034000,54565804,0.39,13654468196,99.6,100,TWSE_MI_QFIIS_DAILY_FOREIGN_INVESTMENT,2026-08-20T13:54:35.121Z
2025-10-14,0056,元大高股息,13768534000,52716485,0.38,13715817515,99.61,100,TWSE_MI_QFIIS_DAILY_FOREIGN_INVESTMENT,2026-08-20T13:54:35.121Z
2025-10-15,0056,元大高股息,13826534000,53188421,0.38,13773345579,99.61,100,TWSE_MI_QFIIS_DAILY_FOREIGN_INVESTMENT,2026-08-20T13:54:35.121Z
2025-10-16,0056,元大高股息,13826534000,65142019,0.47,13761391981,99.52,100,TWSE_MI_QFIIS_DAILY_FOREIGN_INVESTMENT,2026-08-20T13:54:35.121Z
2025-10-17,0056,元大高股息,13795034000,96967453,0.7,13698066547,99.29,100,TWSE_MI_QFIIS_DAILY_FOREIGN_INVESTMENT,2026-08-20T13:54:35.121Z
2025-10-20,0056,元大高股息,13787534000,91062538,0.66,13696471462,99.33,100,TWSE_MI_QFIIS_DAILY_FOREIGN_INVESTMENT,2026-08-20T13:54:35.121Z
2025-10-21,0056,元大高股息,13777534000,75077734,0.54,13702456266,99.45,100,TWSE_MI_QFIIS_DAILY_FOREIGN_INVESTMENT,2026-08-20T13:54:35.121Z
2025-10-22,0056,元大高股息,13805534000,57792011,0.41,13747741989,99.58,100,TWSE_MI_QFIIS_DAILY_FOREIGN_INVESTMENT,2026-08-20T13:54:35.121Z
2025-10-23,0056,元大高股息,13864534000,42194413,0.3,13822339587,99.69,100,TWSE_MI_QFIIS_DAILY_FOREIGN_INVESTMENT,2026-08-20T13:54:35.121Z
2025-10-27,0056,元大高股息,13863534000,78938510,0.56,13784595490,99.43,100,TWSE_MI_QFIIS_DAILY_FOREIGN_INVESTMENT,2026-08-20T13:54:35.121Z
2025-10-28,0056,元大高股息,13855534000,90546312,0.65,13764987688,99.34,100,TWSE_MI_QFIIS_DAILY_FOREIGN_INVESTMENT,2026-08-20T13:54:35.121Z
2025-10-29,0056,元大高股息,13802034000,101451602,0.73,13700582398,99.26,100,TWSE_MI_QFIIS_DAILY_FOREIGN_INVESTMENT,2026-08-20T13:54:35.121Z
2025-10-30,0056,元大高股息,13778034000,102100079,0.74,13675933921,99.25,100,TWSE_MI_QFIIS_DAILY_FOREIGN_INVESTMENT,2026-08-20T13:54:35.121Z
2025-10-31,0056,元大高股息,13743034000,116921357,0.85,13626112643,99.14,100,TWSE_MI_QFIIS_DAILY_FOREIGN_INVESTMENT,2026-08-20T13:54:35.121Z
2025-11-03,0056,元大高股息,13731034000,105487281,0.76,13625546719,99.23,100,TWSE_MI_QFIIS_DAILY_FOREIGN_INVESTMENT,2026-08-20T13:54:35.121Z
2025-11-04,0056,元大高股息,13717034000,86334162,0.62,13630699838,99.37,100,TWSE_MI_QFIIS_DAILY_FOREIGN_INVESTMENT,2026-08-20T13:54:35.121Z
2025-11-05,0056,元大高股息,13714534000,75841494,0.55,13638692506,99.44,100,TWSE_MI_QFIIS_DAILY_FOREIGN_INVESTMENT,2026-08-20T13:54:35.121Z
2025-11-06,0056,元大高股息,13707034000,89461494,0.65,13617572506,99.34,100,TWSE_MI_QFIIS_DAILY_FOREIGN_INVESTMENT,2026-08-20T13:54:35.121Z
2025-11-07,0056,元大高股息,13707034000,75848412,0.55,13631185588,99.44,100,TWSE_MI_QFIIS_DAILY_FOREIGN_INVESTMENT,2026-08-20T13:54:35.121Z
2025-11-10,0056,元大高股息,13707534000,69400087,0.5,13638133913,99.49,100,TWSE_MI_QFIIS_DAILY_FOREIGN_INVESTMENT,2026-08-20T13:54:35.121Z
2025-11-11,0056,元大高股息,13707034000,72441114,0.52,13634592886,99.47,100,TWSE_MI_QFIIS_DAILY_FOREIGN_INVESTMENT,2026-08-20T13:54:35.121Z
2025-11-12,0056,元大高股息,13707034000,77609837,0.56,13629424163,99.43,100,TWSE_MI_QFIIS_DAILY_FOREIGN_INVESTMENT,2026-08-20T13:54:35.121Z
2025-11-13,0056,元大高股息,13707034000,74010867,0.53,13633023133,99.46,100,TWSE_MI_QFIIS_DAILY_FOREIGN_INVESTMENT,2026-08-20T13:54:35.121Z
2025-11-14,0056,元大高股息,13725034000,37190968,0.27,13687843032,99.72,100,TWSE_MI_QFIIS_DAILY_FOREIGN_INVESTMENT,2026-08-20T13:54:35.121Z
2025-11-17,0056,元大高股息,13799034000,24542083,0.17,13774491917,99.82,100,TWSE_MI_QFIIS_DAILY_FOREIGN_INVESTMENT,2026-08-20T13:54:35.121Z
2025-11-18,0056,元大高股息,13922034000,22402963,0.16,13899631037,99.83,100,TWSE_MI_QFIIS_DAILY_FOREIGN_INVESTMENT,2026-08-20T13:54:35.121Z
2025-11-19,0056,元大高股息,13982034000,22093034,0.15,13959940966,99.84,100,TWSE_MI_QFIIS_DAILY_FOREIGN_INVESTMENT,2026-08-20T13:54:35.121Z
2025-11-20,0056,元大高股息,13991034000,32406557,0.23,13958627443,99.76,100,TWSE_MI_QFIIS_DAILY_FOREIGN_INVESTMENT,2026-08-20T13:54:35.121Z
2025-11-21,0056,元大高股息,14040034000,25156020,0.17,14014877980,99.82,100,TWSE_MI_QFIIS_DAILY_FOREIGN_INVESTMENT,2026-08-20T13:54:35.121Z
2025-11-24,0056,元大高股息,14054534000,37288317,0.26,14017245683,99.73,100,TWSE_MI_QFIIS_DAILY_FOREIGN_INVESTMENT,2026-08-20T13:54:35.121Z
2025-11-25,0056,元大高股息,14066034000,38551141,0.27,14027482859,99.72,100,TWSE_MI_QFIIS_DAILY_FOREIGN_INVESTMENT,2026-08-20T13:54:35.121Z
2025-11-26,0056,元大高股息,14066034000,46223648,0.32,14019810352,99.67,100,TWSE_MI_QFIIS_DAILY_FOREIGN_INVESTMENT,2026-08-20T13:54:35.121Z
2025-11-27,0056,元大高股息,14066034000,60852017,0.43,14005181983,99.56,100,TWSE_MI_QFIIS_DAILY_FOREIGN_INVESTMENT,2026-08-20T13:54:35.121Z
2025-11-28,0056,元大高股息,14071534000,63267405,0.44,14008266595,99.55,100,TWSE_MI_QFIIS_DAILY_FOREIGN_INVESTMENT,2026-08-20T13:54:35.121Z
2025-12-01,0056,元大高股息,14071534000,64431442,0.45,14007102558,99.54,100,TWSE_MI_QFIIS_DAILY_FOREIGN_INVESTMENT,2026-08-20T13:54:35.121Z
2025-12-02,0056,元大高股息,14071534000,68390322,0.48,14003143678,99.51,100,TWSE_MI_QFIIS_DAILY_FOREIGN_INVESTMENT,2026-08-20T13:54:35.121Z
2025-12-03,0056,元大高股息,14073534000,68908155,0.48,14004625845,99.51,100,TWSE_MI_QFIIS_DAILY_FOREIGN_INVESTMENT,2026-08-20T13:54:35.121Z
2025-12-04,0056,元大高股息,14073034000,73528410,0.52,13999505590,99.47,100,TWSE_MI_QFIIS_DAILY_FOREIGN_INVESTMENT,2026-08-20T13:54:35.121Z
2025-12-05,0056,元大高股息,14072534000,77798102,0.55,13994735898,99.44,100,TWSE_MI_QFIIS_DAILY_FOREIGN_INVESTMENT,2026-08-20T13:54:35.121Z
2025-12-08,0056,元大高股息,14072534000,83591618,0.59,13988942382,99.4,100,TWSE_MI_QFIIS_DAILY_FOREIGN_INVESTMENT,2026-08-20T13:54:35.121Z
2025-12-09,0056,元大高股息,14072534000,77277544,0.54,13995256456,99.45,100,TWSE_MI_QFIIS_DAILY_FOREIGN_INVESTMENT,2026-08-20T13:54:35.121Z
2025-12-10,0056,元大高股息,14076034000,76466464,0.54,13999567536,99.45,100,TWSE_MI_QFIIS_DAILY_FOREIGN_INVESTMENT,2026-08-20T13:54:35.121Z
2025-12-11,0056,元大高股息,14076034000,64500975,0.45,14011533025,99.54,100,TWSE_MI_QFIIS_DAILY_FOREIGN_INVESTMENT,2026-08-20T13:54:35.121Z
2025-12-12,0056,元大高股息,14076034000,61786295,0.43,14014247705,99.56,100,TWSE_MI_QFIIS_DAILY_FOREIGN_INVESTMENT,2026-08-20T13:54:35.121Z
2025-12-15,0056,元大高股息,14078034000,48408441,0.34,14029625559,99.65,100,TWSE_MI_QFIIS_DAILY_FOREIGN_INVESTMENT,2026-08-20T13:54:35.121Z
2025-12-16,0056,元大高股息,14116034000,36733113,0.26,14079300887,99.73,100,TWSE_MI_QFIIS_DAILY_FOREIGN_INVESTMENT,2026-08-20T13:54:35.121Z
2025-12-17,0056,元大高股息,14117034000,38894292,0.27,14078139708,99.72,100,TWSE_MI_QFIIS_DAILY_FOREIGN_INVESTMENT,2026-08-20T13:54:35.121Z
2025-12-18,0056,元大高股息,14138034000,29243151,0.2,14108790849,99.79,100,TWSE_MI_QFIIS_DAILY_FOREIGN_INVESTMENT,2026-08-20T13:54:35.121Z
2025-12-19,0056,元大高股息,14138034000,31594655,0.22,14106439345,99.77,100,TWSE_MI_QFIIS_DAILY_FOREIGN_INVESTMENT,2026-08-20T13:54:35.121Z
2025-12-22,0056,元大高股息,14138034000,43732338,0.3,14094301662,99.69,100,TWSE_MI_QFIIS_DAILY_FOREIGN_INVESTMENT,2026-08-20T13:54:35.121Z
2025-12-23,0056,元大高股息,14154534000,39115383,0.27,14115418617,99.72,100,TWSE_MI_QFIIS_DAILY_FOREIGN_INVESTMENT,2026-08-20T13:54:35.121Z
2025-12-24,0056,元大高股息,14163534000,36233291,0.25,14127300709,99.74,100,TWSE_MI_QFIIS_DAILY_FOREIGN_INVESTMENT,2026-08-20T13:54:35.121Z
2025-12-26,0056,元大高股息,14175034000,37811297,0.26,14137222703,99.73,100,TWSE_MI_QFIIS_DAILY_FOREIGN_INVESTMENT,2026-08-20T13:54:35.121Z
2025-12-29,0056,元大高股息,14175034000,43498023,0.3,14131535977,99.69,100,TWSE_MI_QFIIS_DAILY_FOREIGN_INVESTMENT,2026-08-20T13:54:35.121Z
2025-12-30,0056,元大高股息,14192034000,42951726,0.3,14149082274,99.69,100,TWSE_MI_QFIIS_DAILY_FOREIGN_INVESTMENT,2026-08-20T13:54:35.121Z
2025-12-31,0056,元大高股息,14192034000,43074314,0.3,14148959686,99.69,100,TWSE_MI_QFIIS_DAILY_FOREIGN_INVESTMENT,2026-08-20T13:54:35.121Z
2026-01-02,0056,元大高股息,14192034000,52171684,0.36,14139862316,99.63,100,TWSE_MI_QFIIS_DAILY_FOREIGN_INVESTMENT,2026-08-20T13:54:35.121Z
2026-01-05,0056,元大高股息,14191034000,56180398,0.39,14134853602,99.6,100,TWSE_MI_QFIIS_DAILY_FOREIGN_INVESTMENT,2026-08-20T13:54:35.121Z
2026-01-06,0056,元大高股息,14189534000,72769796,0.51,14116764204,99.48,100,TWSE_MI_QFIIS_DAILY_FOREIGN_INVESTMENT,2026-08-20T13:54:35.121Z
2026-01-07,0056,元大高股息,14155034000,84099096,0.59,14070934904,99.4,100,TWSE_MI_QFIIS_DAILY_FOREIGN_INVESTMENT,2026-08-20T13:54:35.121Z
2026-01-08,0056,元大高股息,14155534000,67933160,0.47,14087600840,99.52,100,TWSE_MI_QFIIS_DAILY_FOREIGN_INVESTMENT,2026-08-20T13:54:35.121Z
2026-01-09,0056,元大高股息,14155534000,67113169,0.47,14088420831,99.52,100,TWSE_MI_QFIIS_DAILY_FOREIGN_INVESTMENT,2026-08-20T13:54:35.121Z
2026-01-12,0056,元大高股息,14155534000,71274151,0.5,14084259849,99.49,100,TWSE_MI_QFIIS_DAILY_FOREIGN_INVESTMENT,2026-08-20T13:54:35.121Z
2026-01-13,0056,元大高股息,14149534000,69228017,0.48,14080305983,99.51,100,TWSE_MI_QFIIS_DAILY_FOREIGN_INVESTMENT,2026-08-20T13:54:35.121Z
2026-01-14,0056,元大高股息,14145034000,77157309,0.54,14067876691,99.45,100,TWSE_MI_QFIIS_DAILY_FOREIGN_INVESTMENT,2026-08-20T13:54:35.121Z
2026-01-15,0056,元大高股息,14144534000,90775590,0.64,14053758410,99.35,100,TWSE_MI_QFIIS_DAILY_FOREIGN_INVESTMENT,2026-08-20T13:54:35.121Z
2026-01-16,0056,元大高股息,14138534000,83748245,0.59,14054785755,99.4,100,TWSE_MI_QFIIS_DAILY_FOREIGN_INVESTMENT,2026-08-20T13:54:35.121Z
2026-01-19,0056,元大高股息,14137034000,77097098,0.54,14059936902,99.45,100,TWSE_MI_QFIIS_DAILY_FOREIGN_INVESTMENT,2026-08-20T13:54:35.121Z
2026-01-20,0056,元大高股息,14137534000,59683081,0.42,14077850919,99.57,100,TWSE_MI_QFIIS_DAILY_FOREIGN_INVESTMENT,2026-08-20T13:54:35.121Z
2026-01-21,0056,元大高股息,14175534000,32071710,0.22,14143462290,99.77,100,TWSE_MI_QFIIS_DAILY_FOREIGN_INVESTMENT,2026-08-20T13:54:35.121Z
2026-01-22,0056,元大高股息,14193034000,68511847,0.48,14124522153,99.51,100,TWSE_MI_QFIIS_DAILY_FOREIGN_INVESTMENT,2026-08-20T13:54:35.121Z
2026-01-23,0056,元大高股息,14183534000,103164675,0.72,14080369325,99.27,100,TWSE_MI_QFIIS_DAILY_FOREIGN_INVESTMENT,2026-08-20T13:54:35.121Z
2026-01-26,0056,元大高股息,14129534000,102986377,0.72,14026547623,99.27,100,TWSE_MI_QFIIS_DAILY_FOREIGN_INVESTMENT,2026-08-20T13:54:35.121Z
2026-01-27,0056,元大高股息,14067034000,96186615,0.68,13970847385,99.31,100,TWSE_MI_QFIIS_DAILY_FOREIGN_INVESTMENT,2026-08-20T13:54:35.121Z
2026-01-28,0056,元大高股息,14035534000,87567088,0.62,13947966912,99.37,100,TWSE_MI_QFIIS_DAILY_FOREIGN_INVESTMENT,2026-08-20T13:54:35.121Z
2026-01-29,0056,元大高股息,14015534000,69094019,0.49,13946439981,99.5,100,TWSE_MI_QFIIS_DAILY_FOREIGN_INVESTMENT,2026-08-20T13:54:35.121Z
2026-01-30,0056,元大高股息,14014534000,50079638,0.35,13964454362,99.64,100,TWSE_MI_QFIIS_DAILY_FOREIGN_INVESTMENT,2026-08-20T13:54:35.121Z
2026-02-02,0056,元大高股息,14014034000,42042374,0.3,13971991626,99.69,100,TWSE_MI_QFIIS_DAILY_FOREIGN_INVESTMENT,2026-08-20T13:54:35.121Z
2026-02-03,0056,元大高股息,14012534000,47417900,0.33,13965116100,99.66,100,TWSE_MI_QFIIS_DAILY_FOREIGN_INVESTMENT,2026-08-20T13:54:35.121Z
2026-02-04,0056,元大高股息,14012534000,55740438,0.39,13956793562,99.6,100,TWSE_MI_QFIIS_DAILY_FOREIGN_INVESTMENT,2026-08-20T13:54:35.121Z
2026-02-05,0056,元大高股息,14012034000,50197001,0.35,13961836999,99.64,100,TWSE_MI_QFIIS_DAILY_FOREIGN_INVESTMENT,2026-08-20T13:54:35.121Z
2026-02-06,0056,元大高股息,14019534000,48034392,0.34,13971499608,99.65,100,TWSE_MI_QFIIS_DAILY_FOREIGN_INVESTMENT,2026-08-20T13:54:35.121Z
2026-02-09,0056,元大高股息,13990034000,62752949,0.44,13927281051,99.55,100,TWSE_MI_QFIIS_DAILY_FOREIGN_INVESTMENT,2026-08-20T13:54:35.121Z
2026-02-10,0056,元大高股息,13949034000,67986722,0.48,13881047278,99.51,100,TWSE_MI_QFIIS_DAILY_FOREIGN_INVESTMENT,2026-08-20T13:54:35.121Z
2026-02-11,0056,元大高股息,13868034000,78462771,0.56,13789571229,99.43,100,TWSE_MI_QFIIS_DAILY_FOREIGN_INVESTMENT,2026-08-20T13:54:35.121Z
2026-02-12,0056,元大高股息,13868034000,78462771,0.56,13789571229,99.43,100,TWSE_MI_QFIIS_DAILY_FOREIGN_INVESTMENT,2026-08-20T13:54:35.121Z
2026-02-13,0056,元大高股息,13868034000,78462771,0.56,13789571229,99.43,100,TWSE_MI_QFIIS_DAILY_FOREIGN_INVESTMENT,2026-08-20T13:54:35.121Z
2026-02-23,0056,元大高股息,13816534000,80974302,0.58,13735559698,99.41,100,TWSE_MI_QFIIS_DAILY_FOREIGN_INVESTMENT,2026-08-20T13:54:35.121Z
2026-02-24,0056,元大高股息,13766534000,87437347,0.63,13679096653,99.36,100,TWSE_MI_QFIIS_DAILY_FOREIGN_INVESTMENT,2026-08-20T13:54:35.121Z
2026-02-25,0056,元大高股息,13709534000,92602513,0.67,13616931487,99.32,100,TWSE_MI_QFIIS_DAILY_FOREIGN_INVESTMENT,2026-08-20T13:54:35.121Z
2026-02-26,0056,元大高股息,13687034000,97688391,0.71,13589345609,99.28,100,TWSE_MI_QFIIS_DAILY_FOREIGN_INVESTMENT,2026-08-20T13:54:35.121Z
2026-03-02,0056,元大高股息,13683534000,94290886,0.68,13589243114,99.31,100,TWSE_MI_QFIIS_DAILY_FOREIGN_INVESTMENT,2026-08-20T13:54:35.121Z
2026-03-03,0056,元大高股息,13676534000,68810083,0.5,13607723917,99.49,100,TWSE_MI_QFIIS_DAILY_FOREIGN_INVESTMENT,2026-08-20T13:54:35.121Z
2026-03-04,0056,元大高股息,13688034000,46260198,0.33,13641773802,99.66,100,TWSE_MI_QFIIS_DAILY_FOREIGN_INVESTMENT,2026-08-20T13:54:35.121Z
2026-03-05,0056,元大高股息,13694034000,39406141,0.28,13654627859,99.71,100,TWSE_MI_QFIIS_DAILY_FOREIGN_INVESTMENT,2026-08-20T13:54:35.121Z
2026-03-06,0056,元大高股息,13699534000,43311486,0.31,13656222514,99.68,100,TWSE_MI_QFIIS_DAILY_FOREIGN_INVESTMENT,2026-08-20T13:54:35.121Z
2026-03-09,0056,元大高股息,13792534000,59957846,0.43,13732576154,99.56,100,TWSE_MI_QFIIS_DAILY_FOREIGN_INVESTMENT,2026-08-20T13:54:35.121Z
2026-03-10,0056,元大高股息,13797034000,52021165,0.37,13745012835,99.62,100,TWSE_MI_QFIIS_DAILY_FOREIGN_INVESTMENT,2026-08-20T13:54:35.121Z
2026-03-11,0056,元大高股息,13786034000,49867872,0.36,13736166128,99.63,100,TWSE_MI_QFIIS_DAILY_FOREIGN_INVESTMENT,2026-08-20T13:54:35.121Z
2026-03-12,0056,元大高股息,13784534000,47332223,0.34,13737201777,99.65,100,TWSE_MI_QFIIS_DAILY_FOREIGN_INVESTMENT,2026-08-20T13:54:35.121Z
2026-03-13,0056,元大高股息,13784034000,41602476,0.3,13742431524,99.69,100,TWSE_MI_QFIIS_DAILY_FOREIGN_INVESTMENT,2026-08-20T13:54:35.121Z
2026-03-16,0056,元大高股息,13779034000,42642896,0.3,13736391104,99.69,100,TWSE_MI_QFIIS_DAILY_FOREIGN_INVESTMENT,2026-08-20T13:54:35.121Z
2026-03-17,0056,元大高股息,13776534000,45053682,0.32,13731480318,99.67,100,TWSE_MI_QFIIS_DAILY_FOREIGN_INVESTMENT,2026-08-20T13:54:35.121Z
2026-03-18,0056,元大高股息,13776034000,47367792,0.34,13728666208,99.65,100,TWSE_MI_QFIIS_DAILY_FOREIGN_INVESTMENT,2026-08-20T13:54:35.121Z
2026-03-19,0056,元大高股息,13784034000,35887308,0.26,13748146692,99.73,100,TWSE_MI_QFIIS_DAILY_FOREIGN_INVESTMENT,2026-08-20T13:54:35.121Z
2026-03-20,0056,元大高股息,13790534000,27952147,0.2,13762581853,99.79,100,TWSE_MI_QFIIS_DAILY_FOREIGN_INVESTMENT,2026-08-20T13:54:35.121Z
2026-03-23,0056,元大高股息,13857534000,25032889,0.18,13832501111,99.81,100,TWSE_MI_QFIIS_DAILY_FOREIGN_INVESTMENT,2026-08-20T13:54:35.121Z
2026-03-24,0056,元大高股息,13881034000,29370466,0.21,13851663534,99.78,100,TWSE_MI_QFIIS_DAILY_FOREIGN_INVESTMENT,2026-08-20T13:54:35.121Z
2026-03-25,0056,元大高股息,13882534000,31841199,0.22,13850692801,99.77,100,TWSE_MI_QFIIS_DAILY_FOREIGN_INVESTMENT,2026-08-20T13:54:35.121Z
2026-03-26,0056,元大高股息,13885534000,30189241,0.21,13855344759,99.78,100,TWSE_MI_QFIIS_DAILY_FOREIGN_INVESTMENT,2026-08-20T13:54:35.121Z
2026-03-27,0056,元大高股息,13918534000,30641080,0.22,13887892920,99.77,100,TWSE_MI_QFIIS_DAILY_FOREIGN_INVESTMENT,2026-08-20T13:54:35.121Z
2026-03-30,0056,元大高股息,13999034000,29568251,0.21,13969465749,99.78,100,TWSE_MI_QFIIS_DAILY_FOREIGN_INVESTMENT,2026-08-20T13:54:35.121Z
2026-03-31,0056,元大高股息,14103034000,27722933,0.19,14075311067,99.8,100,TWSE_MI_QFIIS_DAILY_FOREIGN_INVESTMENT,2026-08-20T13:54:35.121Z
2026-04-01,0056,元大高股息,14113534000,38630814,0.27,14074903186,99.72,100,TWSE_MI_QFIIS_DAILY_FOREIGN_INVESTMENT,2026-08-20T13:54:35.121Z
2026-04-02,0056,元大高股息,14239034000,43948045,0.3,14195085955,99.69,100,TWSE_MI_QFIIS_DAILY_FOREIGN_INVESTMENT,2026-08-20T13:54:35.121Z
2026-04-07,0056,元大高股息,14296534000,68274428,0.47,14228259572,99.52,100,TWSE_MI_QFIIS_DAILY_FOREIGN_INVESTMENT,2026-08-20T13:54:35.121Z
2026-04-08,0056,元大高股息,14310034000,108888224,0.76,14201145776,99.23,100,TWSE_MI_QFIIS_DAILY_FOREIGN_INVESTMENT,2026-08-20T13:54:35.121Z
2026-04-09,0056,元大高股息,14306534000,125593809,0.87,14180940191,99.12,100,TWSE_MI_QFIIS_DAILY_FOREIGN_INVESTMENT,2026-08-20T13:54:35.121Z
2026-04-10,0056,元大高股息,14294034000,110524476,0.77,14183509524,99.22,100,TWSE_MI_QFIIS_DAILY_FOREIGN_INVESTMENT,2026-08-20T13:54:35.121Z
2026-04-13,0056,元大高股息,14289534000,112361807,0.78,14177172193,99.21,100,TWSE_MI_QFIIS_DAILY_FOREIGN_INVESTMENT,2026-08-20T13:54:35.121Z
2026-04-14,0056,元大高股息,14272534000,111039177,0.77,14161494823,99.22,100,TWSE_MI_QFIIS_DAILY_FOREIGN_INVESTMENT,2026-08-20T13:54:35.121Z
2026-04-15,0056,元大高股息,14242034000,98516669,0.69,14143517331,99.3,100,TWSE_MI_QFIIS_DAILY_FOREIGN_INVESTMENT,2026-08-20T13:54:35.121Z
2026-04-16,0056,元大高股息,14227034000,93463952,0.65,14133570048,99.34,100,TWSE_MI_QFIIS_DAILY_FOREIGN_INVESTMENT,2026-08-20T13:54:35.121Z
2026-04-17,0056,元大高股息,14213034000,91704150,0.64,14121329850,99.35,100,TWSE_MI_QFIIS_DAILY_FOREIGN_INVESTMENT,2026-08-20T13:54:35.121Z
2026-04-20,0056,元大高股息,14211034000,90211402,0.63,14120822598,99.36,100,TWSE_MI_QFIIS_DAILY_FOREIGN_INVESTMENT,2026-08-20T13:54:35.121Z
2026-04-21,0056,元大高股息,14210034000,89184116,0.62,14120849884,99.37,100,TWSE_MI_QFIIS_DAILY_FOREIGN_INVESTMENT,2026-08-20T13:54:35.121Z
2026-04-22,0056,元大高股息,14202034000,52002132,0.36,14150031868,99.63,100,TWSE_MI_QFIIS_DAILY_FOREIGN_INVESTMENT,2026-08-20T13:54:35.121Z
2026-04-23,0056,元大高股息,14230034000,34671762,0.24,14195362238,99.75,100,TWSE_MI_QFIIS_DAILY_FOREIGN_INVESTMENT,2026-08-20T13:54:35.121Z
2026-04-24,0056,元大高股息,14215034000,43052148,0.3,14171981852,99.69,100,TWSE_MI_QFIIS_DAILY_FOREIGN_INVESTMENT,2026-08-20T13:54:35.121Z
2026-04-27,0056,元大高股息,14150534000,69755173,0.49,14080778827,99.5,100,TWSE_MI_QFIIS_DAILY_FOREIGN_INVESTMENT,2026-08-20T13:54:35.121Z
2026-04-28,0056,元大高股息,14106534000,80226868,0.56,14026307132,99.43,100,TWSE_MI_QFIIS_DAILY_FOREIGN_INVESTMENT,2026-08-20T13:54:35.121Z
2026-04-29,0056,元大高股息,14100534000,79052574,0.56,14021481426,99.43,100,TWSE_MI_QFIIS_DAILY_FOREIGN_INVESTMENT,2026-08-20T13:54:35.121Z
2026-04-30,0056,元大高股息,14086034000,63060098,0.44,14022973902,99.55,100,TWSE_MI_QFIIS_DAILY_FOREIGN_INVESTMENT,2026-08-20T13:54:35.121Z
2026-05-04,0056,元大高股息,14062034000,121476360,0.86,13940557640,99.13,100,TWSE_MI_QFIIS_DAILY_FOREIGN_INVESTMENT,2026-08-20T13:54:35.121Z
2026-05-05,0056,元大高股息,14033034000,156379784,1.11,13876654216,98.88,100,TWSE_MI_QFIIS_DAILY_FOREIGN_INVESTMENT,2026-08-20T13:54:35.121Z
2026-05-06,0056,元大高股息,14012034000,190218383,1.35,13821815617,98.64,100,TWSE_MI_QFIIS_DAILY_FOREIGN_INVESTMENT,2026-08-20T13:54:35.121Z
2026-05-07,0056,元大高股息,13984534000,204608979,1.46,13779925021,98.53,100,TWSE_MI_QFIIS_DAILY_FOREIGN_INVESTMENT,2026-08-20T13:54:35.121Z
2026-05-08,0056,元大高股息,13937034000,252411978,1.81,13684622022,98.18,100,TWSE_MI_QFIIS_DAILY_FOREIGN_INVESTMENT,2026-08-20T13:54:35.121Z
2026-05-11,0056,元大高股息,13871534000,180557670,1.3,13690976330,98.69,100,TWSE_MI_QFIIS_DAILY_FOREIGN_INVESTMENT,2026-08-20T13:54:35.121Z
2026-05-12,0056,元大高股息,13817034000,141478939,1.02,13675555061,98.97,100,TWSE_MI_QFIIS_DAILY_FOREIGN_INVESTMENT,2026-08-20T13:54:35.121Z
2026-05-13,0056,元大高股息,13789534000,147064813,1.06,13642469187,98.93,100,TWSE_MI_QFIIS_DAILY_FOREIGN_INVESTMENT,2026-08-20T13:54:35.121Z
2026-05-14,0056,元大高股息,13761534000,119759393,0.87,13641774607,99.12,100,TWSE_MI_QFIIS_DAILY_FOREIGN_INVESTMENT,2026-08-20T13:54:35.121Z
2026-05-15,0056,元大高股息,13752034000,116096680,0.84,13635937320,99.15,100,TWSE_MI_QFIIS_DAILY_FOREIGN_INVESTMENT,2026-08-20T13:54:35.121Z
2026-05-18,0056,元大高股息,13751034000,124004857,0.9,13627029143,99.09,100,TWSE_MI_QFIIS_DAILY_FOREIGN_INVESTMENT,2026-08-20T13:54:35.121Z
2026-05-19,0056,元大高股息,13747034000,120019464,0.87,13627014536,99.12,100,TWSE_MI_QFIIS_DAILY_FOREIGN_INVESTMENT,2026-08-20T13:54:35.121Z
2026-05-20,0056,元大高股息,13745534000,123048976,0.89,13622485024,99.1,100,TWSE_MI_QFIIS_DAILY_FOREIGN_INVESTMENT,2026-08-20T13:54:35.121Z
2026-05-21,0056,元大高股息,13724034000,123410065,0.89,13600623935,99.1,100,TWSE_MI_QFIIS_DAILY_FOREIGN_INVESTMENT,2026-08-20T13:54:35.121Z
2026-05-22,0056,元大高股息,13682034000,119618330,0.87,13562415670,99.12,100,TWSE_MI_QFIIS_DAILY_FOREIGN_INVESTMENT,2026-08-20T13:54:35.121Z
2026-05-25,0056,元大高股息,13667534000,136699275,1,13530834725,98.99,100,TWSE_MI_QFIIS_DAILY_FOREIGN_INVESTMENT,2026-08-20T13:54:35.121Z
2026-05-26,0056,元大高股息,13647034000,123899209,0.9,13523134791,99.09,100,TWSE_MI_QFIIS_DAILY_FOREIGN_INVESTMENT,2026-08-20T13:54:35.121Z
2026-05-27,0056,元大高股息,13632534000,127958869,0.93,13504575131,99.06,100,TWSE_MI_QFIIS_DAILY_FOREIGN_INVESTMENT,2026-08-20T13:54:35.121Z
2026-05-28,0056,元大高股息,13616534000,116776348,0.85,13499757652,99.14,100,TWSE_MI_QFIIS_DAILY_FOREIGN_INVESTMENT,2026-08-20T13:54:35.121Z
2026-05-29,0056,元大高股息,13597534000,131176812,0.96,13466357188,99.03,100,TWSE_MI_QFIIS_DAILY_FOREIGN_INVESTMENT,2026-08-20T13:54:35.121Z
2026-06-01,0056,元大高股息,13591034000,134018929,0.98,13457015071,99.01,100,TWSE_MI_QFIIS_DAILY_FOREIGN_INVESTMENT,2026-08-20T13:54:35.121Z
2026-06-02,0056,元大高股息,13576034000,140498081,1.03,13435535919,98.96,100,TWSE_MI_QFIIS_DAILY_FOREIGN_INVESTMENT,2026-08-20T13:54:35.121Z
2026-06-03,0056,元大高股息,13566034000,136563574,1,13429470426,98.99,100,TWSE_MI_QFIIS_DAILY_FOREIGN_INVESTMENT,2026-08-20T13:54:35.121Z
2026-06-04,0056,元大高股息,13562534000,115637610,0.85,13446896390,99.14,100,TWSE_MI_QFIIS_DAILY_FOREIGN_INVESTMENT,2026-08-20T13:54:35.121Z
2026-06-05,0056,元大高股息,13557534000,113711646,0.83,13443822354,99.16,100,TWSE_MI_QFIIS_DAILY_FOREIGN_INVESTMENT,2026-08-20T13:54:35.121Z
2026-06-08,0056,元大高股息,13560034000,101015017,0.74,13459018983,99.25,100,TWSE_MI_QFIIS_DAILY_FOREIGN_INVESTMENT,2026-08-20T13:54:35.121Z
2026-06-09,0056,元大高股息,13553034000,106471526,0.78,13446562474,99.21,100,TWSE_MI_QFIIS_DAILY_FOREIGN_INVESTMENT,2026-08-20T13:54:35.121Z
2026-06-10,0056,元大高股息,13564534000,95765336,0.7,13468768664,99.29,100,TWSE_MI_QFIIS_DAILY_FOREIGN_INVESTMENT,2026-08-20T13:54:35.121Z
2026-06-11,0056,元大高股息,13587534000,107040743,0.78,13480493257,99.21,100,TWSE_MI_QFIIS_DAILY_FOREIGN_INVESTMENT,2026-08-20T13:54:35.121Z
2026-06-12,0056,元大高股息,13584534000,127611646,0.93,13456922354,99.06,100,TWSE_MI_QFIIS_DAILY_FOREIGN_INVESTMENT,2026-08-20T13:54:35.121Z
2026-06-15,0056,元大高股息,13584534000,125557670,0.92,13458976330,99.07,100,TWSE_MI_QFIIS_DAILY_FOREIGN_INVESTMENT,2026-08-20T13:54:35.121Z
2026-06-16,0056,元大高股息,13583034000,125843820,0.92,13457190180,99.07,100,TWSE_MI_QFIIS_DAILY_FOREIGN_INVESTMENT,2026-08-20T13:54:35.121Z
2026-06-17,0056,元大高股息,13576034000,121391205,0.89,13454642795,99.1,100,TWSE_MI_QFIIS_DAILY_FOREIGN_INVESTMENT,2026-08-20T13:54:35.121Z
2026-06-18,0056,元大高股息,13573534000,129431056,0.95,13444102944,99.04,100,TWSE_MI_QFIIS_DAILY_FOREIGN_INVESTMENT,2026-08-20T13:54:35.121Z
2026-06-22,0056,元大高股息,13587034000,129895423,0.95,13457138577,99.04,100,TWSE_MI_QFIIS_DAILY_FOREIGN_INVESTMENT,2026-08-20T13:54:35.121Z
2026-06-23,0056,元大高股息,13585534000,115337726,0.84,13470196274,99.15,100,TWSE_MI_QFIIS_DAILY_FOREIGN_INVESTMENT,2026-08-20T13:54:35.121Z
2026-06-24,0056,元大高股息,13587034000,100722359,0.74,13486311641,99.25,100,TWSE_MI_QFIIS_DAILY_FOREIGN_INVESTMENT,2026-08-20T13:54:35.121Z
2026-06-25,0056,元大高股息,13586034000,102536305,0.75,13483497695,99.24,100,TWSE_MI_QFIIS_DAILY_FOREIGN_INVESTMENT,2026-08-20T13:54:35.121Z
2026-06-26,0056,元大高股息,13603034000,83670994,0.61,13519363006,99.38,100,TWSE_MI_QFIIS_DAILY_FOREIGN_INVESTMENT,2026-08-20T13:54:35.121Z
2026-06-29,0056,元大高股息,13610034000,86045937,0.63,13523988063,99.36,100,TWSE_MI_QFIIS_DAILY_FOREIGN_INVESTMENT,2026-08-20T13:54:35.121Z
2026-06-30,0056,元大高股息,13610034000,102165707,0.75,13507868293,99.24,100,TWSE_MI_QFIIS_DAILY_FOREIGN_INVESTMENT,2026-08-20T13:54:35.121Z
2026-07-01,0056,元大高股息,13628034000,101867161,0.74,13526166839,99.25,100,TWSE_MI_QFIIS_DAILY_FOREIGN_INVESTMENT,2026-08-20T13:54:35.121Z
2026-07-02,0056,元大高股息,13676034000,99845415,0.73,13576188585,99.26,100,TWSE_MI_QFIIS_DAILY_FOREIGN_INVESTMENT,2026-08-20T13:54:35.121Z
2026-07-03,0056,元大高股息,13706534000,105541877,0.77,13600992123,99.22,100,TWSE_MI_QFIIS_DAILY_FOREIGN_INVESTMENT,2026-08-20T13:54:35.121Z
2026-07-06,0056,元大高股息,13717534000,121392324,0.88,13596141676,99.11,100,TWSE_MI_QFIIS_DAILY_FOREIGN_INVESTMENT,2026-08-20T13:54:35.121Z
2026-07-07,0056,元大高股息,13770534000,116413541,0.84,13654120459,99.15,100,TWSE_MI_QFIIS_DAILY_FOREIGN_INVESTMENT,2026-08-20T13:54:35.121Z
2026-07-08,0056,元大高股息,13787534000,109184351,0.79,13678349649,99.2,100,TWSE_MI_QFIIS_DAILY_FOREIGN_INVESTMENT,2026-08-20T13:54:35.121Z
2026-07-09,0056,元大高股息,13803534000,111789714,0.8,13691744286,99.19,100,TWSE_MI_QFIIS_DAILY_FOREIGN_INVESTMENT,2026-08-20T13:54:35.121Z
2026-07-13,0056,元大高股息,13818534000,103780403,0.75,13714753597,99.24,100,TWSE_MI_QFIIS_DAILY_FOREIGN_INVESTMENT,2026-08-20T13:54:35.121Z
2026-07-14,0056,元大高股息,13917534000,100076803,0.71,13817457197,99.28,100,TWSE_MI_QFIIS_DAILY_FOREIGN_INVESTMENT,2026-08-20T13:54:35.121Z
2026-07-15,0056,元大高股息,13927534000,107252326,0.77,13820281674,99.22,100,TWSE_MI_QFIIS_DAILY_FOREIGN_INVESTMENT,2026-08-20T13:54:35.121Z
2026-07-16,0056,元大高股息,13935034000,95610588,0.68,13839423412,99.31,100,TWSE_MI_QFIIS_DAILY_FOREIGN_INVESTMENT,2026-08-20T13:54:35.121Z
2026-07-17,0056,元大高股息,14071534000,94729760,0.67,13976804240,99.32,100,TWSE_MI_QFIIS_DAILY_FOREIGN_INVESTMENT,2026-08-20T13:54:35.121Z
2026-07-20,0056,元大高股息,14160034000,89335124,0.63,14070698876,99.36,100,TWSE_MI_QFIIS_DAILY_FOREIGN_INVESTMENT,2026-08-20T13:54:35.121Z
2026-07-21,0056,元大高股息,14210534000,87682522,0.61,14122851478,99.38,100,TWSE_MI_QFIIS_DAILY_FOREIGN_INVESTMENT,2026-08-20T13:54:35.121Z
2026-07-22,0056,元大高股息,14203034000,118063595,0.83,14084970405,99.16,100,TWSE_MI_QFIIS_DAILY_FOREIGN_INVESTMENT,2026-08-20T13:54:35.121Z
2026-07-23,0056,元大高股息,14202034000,118683036,0.83,14083350964,99.16,100,TWSE_MI_QFIIS_DAILY_FOREIGN_INVESTMENT,2026-08-20T13:54:35.121Z
2026-07-24,0056,元大高股息,14200034000,114782484,0.8,14085251516,99.19,100,TWSE_MI_QFIIS_DAILY_FOREIGN_INVESTMENT,2026-08-20T13:54:35.121Z
2026-07-27,0056,元大高股息,14222534000,118443418,0.83,14104090582,99.16,100,TWSE_MI_QFIIS_DAILY_FOREIGN_INVESTMENT,2026-08-20T13:54:35.121Z
2026-07-28,0056,元大高股息,14264034000,97622452,0.68,14166411548,99.31,100,TWSE_MI_QFIIS_DAILY_FOREIGN_INVESTMENT,2026-08-20T13:54:35.121Z
2026-07-29,0056,元大高股息,14301534000,108022406,0.75,14193511594,99.24,100,TWSE_MI_QFIIS_DAILY_FOREIGN_INVESTMENT,2026-08-20T13:54:35.121Z
2026-07-30,0056,元大高股息,14333534000,127608010,0.89,14205925990,99.1,100,TWSE_MI_QFIIS_DAILY_FOREIGN_INVESTMENT,2026-08-20T13:54:35.121Z
2026-07-31,0056,元大高股息,14358034000,164161676,1.14,14193872324,98.85,100,TWSE_MI_QFIIS_DAILY_FOREIGN_INVESTMENT,2026-08-20T13:54:35.121Z
2026-08-03,0056,元大高股息,14357534000,173471412,1.2,14184062588,98.79,100,TWSE_MI_QFIIS_DAILY_FOREIGN_INVESTMENT,2026-08-20T13:54:35.121Z
2026-08-04,0056,元大高股息,14351534000,171907877,1.19,14179626123,98.8,100,TWSE_MI_QFIIS_DAILY_FOREIGN_INVESTMENT,2026-08-20T13:54:35.121Z
2026-08-05,0056,元大高股息,14330034000,186833054,1.3,14143200946,98.69,100,TWSE_MI_QFIIS_DAILY_FOREIGN_INVESTMENT,2026-08-20T13:54:35.121Z
2026-08-06,0056,元大高股息,14329534000,165068440,1.15,14164465560,98.84,100,TWSE_MI_QFIIS_DAILY_FOREIGN_INVESTMENT,2026-08-20T13:54:35.121Z
2026-08-07,0056,元大高股息,14329034000,154782729,1.08,14174251271,98.91,100,TWSE_MI_QFIIS_DAILY_FOREIGN_INVESTMENT,2026-08-20T13:54:35.121Z
2026-08-10,0056,元大高股息,14299534000,172424777,1.2,14127109223,98.79,100,TWSE_MI_QFIIS_DAILY_FOREIGN_INVESTMENT,2026-08-20T13:54:35.121Z
2026-08-11,0056,元大高股息,14286534000,157554387,1.1,14128979613,98.89,100,TWSE_MI_QFIIS_DAILY_FOREIGN_INVESTMENT,2026-08-20T13:54:35.121Z
