tradeDate,symbol,securityName,issuedShares,foreignHeldShares,foreignHoldingRatio,foreignRemainingInvestableShares,foreignRemainingInvestableRatio,statutoryInvestmentLimitRatio,sourceIdentity,sourceRetrievedAt
2020-01-02,0050,元大台灣50,687000000,191493479,27.87,495506521,72.12,100,TWSE_MI_QFIIS_DAILY_FOREIGN_INVESTMENT,2026-08-21T09:59:05.591Z
2020-01-02,2317,鴻海,13862990609,6482600804,46.76,7380389805,53.23,100,TWSE_MI_QFIIS_DAILY_FOREIGN_INVESTMENT,2026-08-21T09:59:05.591Z
2020-01-02,2330,台積電,25930380458,20318688414,78.35,5611692044,21.64,100,TWSE_MI_QFIIS_DAILY_FOREIGN_INVESTMENT,2026-08-21T09:59:05.591Z
2020-01-02,2454,聯發科,1589682512,1001227752,62.98,588454760,37.01,100,TWSE_MI_QFIIS_DAILY_FOREIGN_INVESTMENT,2026-08-21T09:59:05.591Z
2020-01-03,0050,元大台灣50,669500000,171600479,25.63,497899521,74.36,100,TWSE_MI_QFIIS_DAILY_FOREIGN_INVESTMENT,2026-08-21T09:59:05.591Z
2020-01-03,2317,鴻海,13862990609,6489999546,46.81,7372991063,53.18,100,TWSE_MI_QFIIS_DAILY_FOREIGN_INVESTMENT,2026-08-21T09:59:05.591Z
2020-01-03,2330,台積電,25930380458,20323712399,78.37,5606668059,21.62,100,TWSE_MI_QFIIS_DAILY_FOREIGN_INVESTMENT,2026-08-21T09:59:05.591Z
2020-01-03,2454,聯發科,1589682512,999402589,62.86,590279923,37.13,100,TWSE_MI_QFIIS_DAILY_FOREIGN_INVESTMENT,2026-08-21T09:59:05.591Z
2020-01-06,0050,元大台灣50,669500000,169579579,25.32,499920421,74.67,100,TWSE_MI_QFIIS_DAILY_FOREIGN_INVESTMENT,2026-08-21T09:59:05.591Z
2020-01-06,2317,鴻海,13862990609,6489142747,46.8,7373847862,53.19,100,TWSE_MI_QFIIS_DAILY_FOREIGN_INVESTMENT,2026-08-21T09:59:05.591Z
2020-01-06,2330,台積電,25930380458,20307992609,78.31,5622387849,21.68,100,TWSE_MI_QFIIS_DAILY_FOREIGN_INVESTMENT,2026-08-21T09:59:05.591Z
2020-01-06,2454,聯發科,1589682512,997862151,62.77,591820361,37.22,100,TWSE_MI_QFIIS_DAILY_FOREIGN_INVESTMENT,2026-08-21T09:59:05.591Z
2020-01-07,0050,元大台灣50,669500000,168752079,25.2,500747921,74.79,100,TWSE_MI_QFIIS_DAILY_FOREIGN_INVESTMENT,2026-08-21T09:59:05.591Z
2020-01-07,2317,鴻海,13862990609,6484555211,46.77,7378435398,53.22,100,TWSE_MI_QFIIS_DAILY_FOREIGN_INVESTMENT,2026-08-21T09:59:05.591Z
2020-01-07,2330,台積電,25930380458,20294292747,78.26,5636087711,21.73,100,TWSE_MI_QFIIS_DAILY_FOREIGN_INVESTMENT,2026-08-21T09:59:05.591Z
2020-01-07,2454,聯發科,1589682512,996361347,62.67,593321165,37.32,100,TWSE_MI_QFIIS_DAILY_FOREIGN_INVESTMENT,2026-08-21T09:59:05.591Z
2020-01-08,0050,元大台灣50,660500000,155536079,23.54,504963921,76.45,100,TWSE_MI_QFIIS_DAILY_FOREIGN_INVESTMENT,2026-08-21T09:59:05.591Z
2020-01-08,2317,鴻海,13862990609,6478277660,46.73,7384712949,53.26,100,TWSE_MI_QFIIS_DAILY_FOREIGN_INVESTMENT,2026-08-21T09:59:05.591Z
2020-01-08,2330,台積電,25930380458,20295939752,78.27,5634440706,21.72,100,TWSE_MI_QFIIS_DAILY_FOREIGN_INVESTMENT,2026-08-21T09:59:05.591Z
2020-01-08,2454,聯發科,1589682512,997162615,62.72,592519897,37.27,100,TWSE_MI_QFIIS_DAILY_FOREIGN_INVESTMENT,2026-08-21T09:59:05.591Z
2020-01-09,0050,元大台灣50,660500000,155492079,23.54,505007921,76.45,100,TWSE_MI_QFIIS_DAILY_FOREIGN_INVESTMENT,2026-08-21T09:59:05.591Z
2020-01-09,2317,鴻海,13862990609,6478732678,46.73,7384257931,53.26,100,TWSE_MI_QFIIS_DAILY_FOREIGN_INVESTMENT,2026-08-21T09:59:05.591Z
2020-01-09,2330,台積電,25930380458,20307104408,78.31,5623276050,21.68,100,TWSE_MI_QFIIS_DAILY_FOREIGN_INVESTMENT,2026-08-21T09:59:05.591Z
2020-01-09,2454,聯發科,1589682512,997519441,62.74,592163071,37.25,100,TWSE_MI_QFIIS_DAILY_FOREIGN_INVESTMENT,2026-08-21T09:59:05.591Z
2020-01-10,0050,元大台灣50,666500000,153706079,23.06,512793921,76.93,100,TWSE_MI_QFIIS_DAILY_FOREIGN_INVESTMENT,2026-08-21T09:59:05.591Z
2020-01-10,2317,鴻海,13862990609,6493442954,46.84,7369547655,53.15,100,TWSE_MI_QFIIS_DAILY_FOREIGN_INVESTMENT,2026-08-21T09:59:05.591Z
2020-01-10,2330,台積電,25930380458,20310469507,78.32,5619910951,21.67,100,TWSE_MI_QFIIS_DAILY_FOREIGN_INVESTMENT,2026-08-21T09:59:05.591Z
2020-01-10,2454,聯發科,1589682512,996359047,62.67,593323465,37.32,100,TWSE_MI_QFIIS_DAILY_FOREIGN_INVESTMENT,2026-08-21T09:59:05.591Z
2020-01-13,0050,元大台灣50,666500000,153369079,23.01,513130921,76.98,100,TWSE_MI_QFIIS_DAILY_FOREIGN_INVESTMENT,2026-08-21T09:59:05.591Z
2020-01-13,2317,鴻海,13862990609,6499710341,46.88,7363280268,53.11,100,TWSE_MI_QFIIS_DAILY_FOREIGN_INVESTMENT,2026-08-21T09:59:05.591Z
2020-01-13,2330,台積電,25930380458,20317156221,78.35,5613224237,21.64,100,TWSE_MI_QFIIS_DAILY_FOREIGN_INVESTMENT,2026-08-21T09:59:05.591Z
2020-01-13,2454,聯發科,1589682512,995255053,62.6,594427459,37.39,100,TWSE_MI_QFIIS_DAILY_FOREIGN_INVESTMENT,2026-08-21T09:59:05.591Z
2020-01-14,0050,元大台灣50,669000000,148879079,22.25,520120921,77.74,100,TWSE_MI_QFIIS_DAILY_FOREIGN_INVESTMENT,2026-08-21T09:59:05.591Z
2020-01-14,2317,鴻海,13862990609,6502644838,46.9,7360345771,53.09,100,TWSE_MI_QFIIS_DAILY_FOREIGN_INVESTMENT,2026-08-21T09:59:05.591Z
2020-01-14,2330,台積電,25930380458,20322574813,78.37,5607805645,21.62,100,TWSE_MI_QFIIS_DAILY_FOREIGN_INVESTMENT,2026-08-21T09:59:05.591Z
2020-01-14,2454,聯發科,1589682512,991709607,62.38,597972905,37.61,100,TWSE_MI_QFIIS_DAILY_FOREIGN_INVESTMENT,2026-08-21T09:59:05.591Z
2020-01-15,0050,元大台灣50,668000000,144588979,21.64,523411021,78.35,100,TWSE_MI_QFIIS_DAILY_FOREIGN_INVESTMENT,2026-08-21T09:59:05.591Z
2020-01-15,2317,鴻海,13862990609,6511147791,46.96,7351842818,53.03,100,TWSE_MI_QFIIS_DAILY_FOREIGN_INVESTMENT,2026-08-21T09:59:05.591Z
2020-01-15,2330,台積電,25930380458,20305551928,78.3,5624828530,21.69,100,TWSE_MI_QFIIS_DAILY_FOREIGN_INVESTMENT,2026-08-21T09:59:05.591Z
2020-01-15,2454,聯發科,1589682512,987719720,62.13,601962792,37.86,100,TWSE_MI_QFIIS_DAILY_FOREIGN_INVESTMENT,2026-08-21T09:59:05.591Z
2020-01-16,0050,元大台灣50,668500000,138918979,20.78,529581021,79.21,100,TWSE_MI_QFIIS_DAILY_FOREIGN_INVESTMENT,2026-08-21T09:59:05.591Z
2020-01-16,2317,鴻海,13862990609,6513265151,46.98,7349725458,53.01,100,TWSE_MI_QFIIS_DAILY_FOREIGN_INVESTMENT,2026-08-21T09:59:05.591Z
2020-01-16,2330,台積電,25930380458,20280982375,78.21,5649398083,21.78,100,TWSE_MI_QFIIS_DAILY_FOREIGN_INVESTMENT,2026-08-21T09:59:05.591Z
2020-01-16,2454,聯發科,1589682512,989936243,62.27,599746269,37.72,100,TWSE_MI_QFIIS_DAILY_FOREIGN_INVESTMENT,2026-08-21T09:59:05.591Z
2020-01-17,0050,元大台灣50,670000000,135432979,20.21,534567021,79.78,100,TWSE_MI_QFIIS_DAILY_FOREIGN_INVESTMENT,2026-08-21T09:59:05.591Z
2020-01-17,2317,鴻海,13862990609,6548733706,47.23,7314256903,52.76,100,TWSE_MI_QFIIS_DAILY_FOREIGN_INVESTMENT,2026-08-21T09:59:05.591Z
2020-01-17,2330,台積電,25930380458,20262222988,78.14,5668157470,21.85,100,TWSE_MI_QFIIS_DAILY_FOREIGN_INVESTMENT,2026-08-21T09:59:05.591Z
2020-01-17,2454,聯發科,1589682512,990621417,62.31,599061095,37.68,100,TWSE_MI_QFIIS_DAILY_FOREIGN_INVESTMENT,2026-08-21T09:59:05.591Z
2020-01-20,0050,元大台灣50,649000000,109503979,16.87,539496021,83.12,100,TWSE_MI_QFIIS_DAILY_FOREIGN_INVESTMENT,2026-08-21T09:59:05.591Z
2020-01-20,2317,鴻海,13862990609,6559360800,47.31,7303629809,52.68,100,TWSE_MI_QFIIS_DAILY_FOREIGN_INVESTMENT,2026-08-21T09:59:05.591Z
2020-01-20,2330,台積電,25930380458,20261694944,78.13,5668685514,21.86,100,TWSE_MI_QFIIS_DAILY_FOREIGN_INVESTMENT,2026-08-21T09:59:05.591Z
2020-01-20,2454,聯發科,1589682512,990719213,62.32,598963299,37.67,100,TWSE_MI_QFIIS_DAILY_FOREIGN_INVESTMENT,2026-08-21T09:59:05.591Z
2020-01-21,0050,元大台灣50,649000000,109503979,16.87,539496021,83.12,100,TWSE_MI_QFIIS_DAILY_FOREIGN_INVESTMENT,2026-08-21T09:59:05.591Z
2020-01-21,2317,鴻海,13862990609,6559360800,47.31,7303629809,52.68,100,TWSE_MI_QFIIS_DAILY_FOREIGN_INVESTMENT,2026-08-21T09:59:05.591Z
2020-01-21,2330,台積電,25930380458,20261694944,78.13,5668685514,21.86,100,TWSE_MI_QFIIS_DAILY_FOREIGN_INVESTMENT,2026-08-21T09:59:05.591Z
2020-01-21,2454,聯發科,1589682512,990719213,62.32,598963299,37.67,100,TWSE_MI_QFIIS_DAILY_FOREIGN_INVESTMENT,2026-08-21T09:59:05.591Z
2020-01-22,0050,元大台灣50,649000000,109503979,16.87,539496021,83.12,100,TWSE_MI_QFIIS_DAILY_FOREIGN_INVESTMENT,2026-08-21T09:59:05.591Z
2020-01-22,2317,鴻海,13862990609,6559360800,47.31,7303629809,52.68,100,TWSE_MI_QFIIS_DAILY_FOREIGN_INVESTMENT,2026-08-21T09:59:05.591Z
2020-01-22,2330,台積電,25930380458,20261694944,78.13,5668685514,21.86,100,TWSE_MI_QFIIS_DAILY_FOREIGN_INVESTMENT,2026-08-21T09:59:05.591Z
2020-01-22,2454,聯發科,1589682512,990719213,62.32,598963299,37.67,100,TWSE_MI_QFIIS_DAILY_FOREIGN_INVESTMENT,2026-08-21T09:59:05.591Z
2020-01-30,0050,元大台灣50,658500000,101025382,15.34,557474618,84.65,100,TWSE_MI_QFIIS_DAILY_FOREIGN_INVESTMENT,2026-08-21T09:59:05.591Z
2020-01-30,2317,鴻海,13862990609,6541752007,47.18,7321238602,52.81,100,TWSE_MI_QFIIS_DAILY_FOREIGN_INVESTMENT,2026-08-21T09:59:05.591Z
2020-01-30,2330,台積電,25930380458,20233594652,78.03,5696785806,21.96,100,TWSE_MI_QFIIS_DAILY_FOREIGN_INVESTMENT,2026-08-21T09:59:05.591Z
2020-01-30,2454,聯發科,1589682512,990096853,62.28,599585659,37.71,100,TWSE_MI_QFIIS_DAILY_FOREIGN_INVESTMENT,2026-08-21T09:59:05.591Z
2020-01-31,0050,元大台灣50,686000000,95626382,13.93,590373618,86.06,100,TWSE_MI_QFIIS_DAILY_FOREIGN_INVESTMENT,2026-08-21T09:59:05.591Z
2020-01-31,2317,鴻海,13862990609,6531725393,47.11,7331265216,52.88,100,TWSE_MI_QFIIS_DAILY_FOREIGN_INVESTMENT,2026-08-21T09:59:05.591Z
2020-01-31,2330,台積電,25930380458,20216263930,77.96,5714116528,22.03,100,TWSE_MI_QFIIS_DAILY_FOREIGN_INVESTMENT,2026-08-21T09:59:05.591Z
2020-01-31,2454,聯發科,1589682512,989089240,62.21,600593272,37.78,100,TWSE_MI_QFIIS_DAILY_FOREIGN_INVESTMENT,2026-08-21T09:59:05.591Z
2020-02-03,0050,元大台灣50,688500000,101323382,14.71,587176618,85.28,100,TWSE_MI_QFIIS_DAILY_FOREIGN_INVESTMENT,2026-08-21T09:59:05.591Z
2020-02-03,2317,鴻海,13862990609,6540873980,47.18,7322116629,52.81,100,TWSE_MI_QFIIS_DAILY_FOREIGN_INVESTMENT,2026-08-21T09:59:05.591Z
2020-02-03,2330,台積電,25930380458,20203980117,77.91,5726400341,22.08,100,TWSE_MI_QFIIS_DAILY_FOREIGN_INVESTMENT,2026-08-21T09:59:05.591Z
2020-02-03,2454,聯發科,1589682512,989081976,62.21,600600536,37.78,100,TWSE_MI_QFIIS_DAILY_FOREIGN_INVESTMENT,2026-08-21T09:59:05.591Z
2020-02-04,0050,元大台灣50,705500000,113627382,16.1,591872618,83.89,100,TWSE_MI_QFIIS_DAILY_FOREIGN_INVESTMENT,2026-08-21T09:59:05.591Z
2020-02-04,2317,鴻海,13862990609,6536051939,47.14,7326938670,52.85,100,TWSE_MI_QFIIS_DAILY_FOREIGN_INVESTMENT,2026-08-21T09:59:05.591Z
2020-02-04,2330,台積電,25930380458,20208313193,77.93,5722067265,22.06,100,TWSE_MI_QFIIS_DAILY_FOREIGN_INVESTMENT,2026-08-21T09:59:05.591Z
2020-02-04,2454,聯發科,1589682512,987363182,62.11,602319330,37.88,100,TWSE_MI_QFIIS_DAILY_FOREIGN_INVESTMENT,2026-08-21T09:59:05.591Z
2020-02-05,0050,元大台灣50,708000000,112494382,15.88,595505618,84.11,100,TWSE_MI_QFIIS_DAILY_FOREIGN_INVESTMENT,2026-08-21T09:59:05.591Z
2020-02-05,2317,鴻海,13862990609,6531956751,47.11,7331033858,52.88,100,TWSE_MI_QFIIS_DAILY_FOREIGN_INVESTMENT,2026-08-21T09:59:05.591Z
2020-02-05,2330,台積電,25930380458,20211366105,77.94,5719014353,22.05,100,TWSE_MI_QFIIS_DAILY_FOREIGN_INVESTMENT,2026-08-21T09:59:05.591Z
2020-02-05,2454,聯發科,1589682512,984451265,61.92,605231247,38.07,100,TWSE_MI_QFIIS_DAILY_FOREIGN_INVESTMENT,2026-08-21T09:59:05.591Z
2020-02-06,0050,元大台灣50,704500000,114866382,16.3,589633618,83.69,100,TWSE_MI_QFIIS_DAILY_FOREIGN_INVESTMENT,2026-08-21T09:59:05.591Z
2020-02-06,2317,鴻海,13862990609,6536433987,47.15,7326556622,52.84,100,TWSE_MI_QFIIS_DAILY_FOREIGN_INVESTMENT,2026-08-21T09:59:05.591Z
2020-02-06,2330,台積電,25930380458,20212254176,77.94,5718126282,22.05,100,TWSE_MI_QFIIS_DAILY_FOREIGN_INVESTMENT,2026-08-21T09:59:05.591Z
2020-02-06,2454,聯發科,1589682512,984359164,61.92,605323348,38.07,100,TWSE_MI_QFIIS_DAILY_FOREIGN_INVESTMENT,2026-08-21T09:59:05.591Z
2020-02-07,0050,元大台灣50,709500000,111241982,15.67,598258018,84.32,100,TWSE_MI_QFIIS_DAILY_FOREIGN_INVESTMENT,2026-08-21T09:59:05.591Z
2020-02-07,2317,鴻海,13862990609,6539988617,47.17,7323001992,52.82,100,TWSE_MI_QFIIS_DAILY_FOREIGN_INVESTMENT,2026-08-21T09:59:05.591Z
2020-02-07,2330,台積電,25930380458,20207321739,77.92,5723058719,22.07,100,TWSE_MI_QFIIS_DAILY_FOREIGN_INVESTMENT,2026-08-21T09:59:05.591Z
2020-02-07,2454,聯發科,1589682512,985180200,61.97,604502312,38.02,100,TWSE_MI_QFIIS_DAILY_FOREIGN_INVESTMENT,2026-08-21T09:59:05.591Z
2020-02-10,0050,元大台灣50,718500000,120103982,16.71,598396018,83.28,100,TWSE_MI_QFIIS_DAILY_FOREIGN_INVESTMENT,2026-08-21T09:59:05.591Z
2020-02-10,2317,鴻海,13862990609,6540672992,47.18,7322317617,52.81,100,TWSE_MI_QFIIS_DAILY_FOREIGN_INVESTMENT,2026-08-21T09:59:05.591Z
2020-02-10,2330,台積電,25930380458,20195984447,77.88,5734396011,22.11,100,TWSE_MI_QFIIS_DAILY_FOREIGN_INVESTMENT,2026-08-21T09:59:05.591Z
2020-02-10,2454,聯發科,1589682512,982297658,61.79,607384854,38.2,100,TWSE_MI_QFIIS_DAILY_FOREIGN_INVESTMENT,2026-08-21T09:59:05.591Z
2020-02-11,0050,元大台灣50,718500000,120151982,16.72,598348018,83.27,100,TWSE_MI_QFIIS_DAILY_FOREIGN_INVESTMENT,2026-08-21T09:59:05.591Z
2020-02-11,2317,鴻海,13862990609,6540696312,47.18,7322294297,52.81,100,TWSE_MI_QFIIS_DAILY_FOREIGN_INVESTMENT,2026-08-21T09:59:05.591Z
2020-02-11,2330,台積電,25930380458,20196049925,77.88,5734330533,22.11,100,TWSE_MI_QFIIS_DAILY_FOREIGN_INVESTMENT,2026-08-21T09:59:05.591Z
2020-02-11,2454,聯發科,1589682512,984475880,61.92,605206632,38.07,100,TWSE_MI_QFIIS_DAILY_FOREIGN_INVESTMENT,2026-08-21T09:59:05.591Z
2020-02-12,0050,元大台灣50,722500000,126028036,17.44,596471964,82.55,100,TWSE_MI_QFIIS_DAILY_FOREIGN_INVESTMENT,2026-08-21T09:59:05.591Z
2020-02-12,2317,鴻海,13862990609,6551871103,47.26,7311119506,52.73,100,TWSE_MI_QFIIS_DAILY_FOREIGN_INVESTMENT,2026-08-21T09:59:05.591Z
2020-02-12,2330,台積電,25930380458,20200514553,77.9,5729865905,22.09,100,TWSE_MI_QFIIS_DAILY_FOREIGN_INVESTMENT,2026-08-21T09:59:05.591Z
2020-02-12,2454,聯發科,1589682512,989241660,62.22,600440852,37.77,100,TWSE_MI_QFIIS_DAILY_FOREIGN_INVESTMENT,2026-08-21T09:59:05.591Z
2020-02-13,0050,元大台灣50,722500000,124848036,17.28,597651964,82.71,100,TWSE_MI_QFIIS_DAILY_FOREIGN_INVESTMENT,2026-08-21T09:59:05.591Z
2020-02-13,2317,鴻海,13862990609,6558604091,47.31,7304386518,52.68,100,TWSE_MI_QFIIS_DAILY_FOREIGN_INVESTMENT,2026-08-21T09:59:05.591Z
2020-02-13,2330,台積電,25930380458,20202445564,77.91,5727934894,22.08,100,TWSE_MI_QFIIS_DAILY_FOREIGN_INVESTMENT,2026-08-21T09:59:05.591Z
2020-02-13,2454,聯發科,1589682512,994091766,62.53,595590746,37.46,100,TWSE_MI_QFIIS_DAILY_FOREIGN_INVESTMENT,2026-08-21T09:59:05.591Z
2020-02-14,0050,元大台灣50,722500000,123121236,17.04,599378764,82.95,100,TWSE_MI_QFIIS_DAILY_FOREIGN_INVESTMENT,2026-08-21T09:59:05.591Z
2020-02-14,2317,鴻海,13862990609,6555983020,47.29,7307007589,52.7,100,TWSE_MI_QFIIS_DAILY_FOREIGN_INVESTMENT,2026-08-21T09:59:05.591Z
2020-02-14,2330,台積電,25930380458,20201700834,77.9,5728679624,22.09,100,TWSE_MI_QFIIS_DAILY_FOREIGN_INVESTMENT,2026-08-21T09:59:05.591Z
2020-02-14,2454,聯發科,1589682512,994352836,62.55,595329676,37.44,100,TWSE_MI_QFIIS_DAILY_FOREIGN_INVESTMENT,2026-08-21T09:59:05.591Z
2020-02-17,0050,元大台灣50,722500000,119774236,16.57,602725764,83.42,100,TWSE_MI_QFIIS_DAILY_FOREIGN_INVESTMENT,2026-08-21T09:59:05.591Z
2020-02-17,2317,鴻海,13862990609,6554015884,47.27,7308974725,52.72,100,TWSE_MI_QFIIS_DAILY_FOREIGN_INVESTMENT,2026-08-21T09:59:05.591Z
2020-02-17,2330,台積電,25930380458,20194916299,77.88,5735464159,22.11,100,TWSE_MI_QFIIS_DAILY_FOREIGN_INVESTMENT,2026-08-21T09:59:05.591Z
2020-02-17,2454,聯發科,1589682512,993062996,62.46,596619516,37.53,100,TWSE_MI_QFIIS_DAILY_FOREIGN_INVESTMENT,2026-08-21T09:59:05.591Z
2020-02-18,0050,元大台灣50,719000000,108702236,15.11,610297764,84.88,100,TWSE_MI_QFIIS_DAILY_FOREIGN_INVESTMENT,2026-08-21T09:59:05.591Z
2020-02-18,2317,鴻海,13862990609,6554241107,47.27,7308749502,52.72,100,TWSE_MI_QFIIS_DAILY_FOREIGN_INVESTMENT,2026-08-21T09:59:05.591Z
2020-02-18,2330,台積電,25930380458,20151681395,77.71,5778699063,22.28,100,TWSE_MI_QFIIS_DAILY_FOREIGN_INVESTMENT,2026-08-21T09:59:05.591Z
2020-02-18,2454,聯發科,1589682512,991912111,62.39,597770401,37.6,100,TWSE_MI_QFIIS_DAILY_FOREIGN_INVESTMENT,2026-08-21T09:59:05.591Z
2020-02-19,0050,元大台灣50,721500000,108742236,15.07,612757764,84.92,100,TWSE_MI_QFIIS_DAILY_FOREIGN_INVESTMENT,2026-08-21T09:59:05.591Z
2020-02-19,2317,鴻海,13862990609,6553534286,47.27,7309456323,52.72,100,TWSE_MI_QFIIS_DAILY_FOREIGN_INVESTMENT,2026-08-21T09:59:05.591Z
2020-02-19,2330,台積電,25930380458,20151104094,77.71,5779276364,22.28,100,TWSE_MI_QFIIS_DAILY_FOREIGN_INVESTMENT,2026-08-21T09:59:05.591Z
2020-02-19,2454,聯發科,1589682512,990666217,62.31,599016295,37.68,100,TWSE_MI_QFIIS_DAILY_FOREIGN_INVESTMENT,2026-08-21T09:59:05.591Z
2020-02-20,0050,元大台灣50,733000000,116377516,15.87,616622484,84.12,100,TWSE_MI_QFIIS_DAILY_FOREIGN_INVESTMENT,2026-08-21T09:59:05.591Z
2020-02-20,2317,鴻海,13862990609,6530851513,47.1,7332139096,52.89,100,TWSE_MI_QFIIS_DAILY_FOREIGN_INVESTMENT,2026-08-21T09:59:05.591Z
2020-02-20,2330,台積電,25930380458,20141641227,77.67,5788739231,22.32,100,TWSE_MI_QFIIS_DAILY_FOREIGN_INVESTMENT,2026-08-21T09:59:05.591Z
2020-02-20,2454,聯發科,1589682512,990151705,62.28,599530807,37.71,100,TWSE_MI_QFIIS_DAILY_FOREIGN_INVESTMENT,2026-08-21T09:59:05.591Z
2020-02-21,0050,元大台灣50,749500000,130172070,17.36,619327930,82.63,100,TWSE_MI_QFIIS_DAILY_FOREIGN_INVESTMENT,2026-08-21T09:59:05.591Z
2020-02-21,2317,鴻海,13862990609,6513751924,46.98,7349238685,53.01,100,TWSE_MI_QFIIS_DAILY_FOREIGN_INVESTMENT,2026-08-21T09:59:05.591Z
2020-02-21,2330,台積電,25930380458,20132633410,77.64,5797747048,22.35,100,TWSE_MI_QFIIS_DAILY_FOREIGN_INVESTMENT,2026-08-21T09:59:05.591Z
2020-02-21,2454,聯發科,1589682512,990231721,62.29,599450791,37.7,100,TWSE_MI_QFIIS_DAILY_FOREIGN_INVESTMENT,2026-08-21T09:59:05.591Z
2020-02-24,0050,元大台灣50,749500000,120855070,16.12,628644930,83.87,100,TWSE_MI_QFIIS_DAILY_FOREIGN_INVESTMENT,2026-08-21T09:59:05.591Z
2020-02-24,2317,鴻海,13862990609,6502648931,46.9,7360341678,53.09,100,TWSE_MI_QFIIS_DAILY_FOREIGN_INVESTMENT,2026-08-21T09:59:05.591Z
2020-02-24,2330,台積電,25930380458,20108279174,77.54,5822101284,22.45,100,TWSE_MI_QFIIS_DAILY_FOREIGN_INVESTMENT,2026-08-21T09:59:05.591Z
2020-02-24,2454,聯發科,1589682512,985855117,62.01,603827395,37.98,100,TWSE_MI_QFIIS_DAILY_FOREIGN_INVESTMENT,2026-08-21T09:59:05.591Z
2020-02-25,0050,元大台灣50,761500000,126056070,16.55,635443930,83.44,100,TWSE_MI_QFIIS_DAILY_FOREIGN_INVESTMENT,2026-08-21T09:59:05.591Z
2020-02-25,2317,鴻海,13862990609,6518419993,47.02,7344570616,52.97,100,TWSE_MI_QFIIS_DAILY_FOREIGN_INVESTMENT,2026-08-21T09:59:05.591Z
2020-02-25,2330,台積電,25930380458,20093374464,77.48,5837005994,22.51,100,TWSE_MI_QFIIS_DAILY_FOREIGN_INVESTMENT,2026-08-21T09:59:05.591Z
2020-02-25,2454,聯發科,1589682512,986414455,62.05,603268057,37.94,100,TWSE_MI_QFIIS_DAILY_FOREIGN_INVESTMENT,2026-08-21T09:59:05.591Z
2020-02-26,0050,元大台灣50,764000000,121141150,15.85,642858850,84.14,100,TWSE_MI_QFIIS_DAILY_FOREIGN_INVESTMENT,2026-08-21T09:59:05.591Z
2020-02-26,2317,鴻海,13862990609,6505401243,46.92,7357589366,53.07,100,TWSE_MI_QFIIS_DAILY_FOREIGN_INVESTMENT,2026-08-21T09:59:05.591Z
2020-02-26,2330,台積電,25930380458,20055240742,77.34,5875139716,22.65,100,TWSE_MI_QFIIS_DAILY_FOREIGN_INVESTMENT,2026-08-21T09:59:05.591Z
2020-02-26,2454,聯發科,1589682512,985541208,61.99,604141304,38,100,TWSE_MI_QFIIS_DAILY_FOREIGN_INVESTMENT,2026-08-21T09:59:05.591Z
2020-02-27,0050,元大台灣50,765500000,108492158,14.17,657007842,85.82,100,TWSE_MI_QFIIS_DAILY_FOREIGN_INVESTMENT,2026-08-21T09:59:05.591Z
2020-02-27,2317,鴻海,13862990609,6485416359,46.78,7377574250,53.21,100,TWSE_MI_QFIIS_DAILY_FOREIGN_INVESTMENT,2026-08-21T09:59:05.591Z
2020-02-27,2330,台積電,25930380458,20031114932,77.24,5899265526,22.75,100,TWSE_MI_QFIIS_DAILY_FOREIGN_INVESTMENT,2026-08-21T09:59:05.591Z
2020-02-27,2454,聯發科,1589981632,983063784,61.82,606917848,38.17,100,TWSE_MI_QFIIS_DAILY_FOREIGN_INVESTMENT,2026-08-21T09:59:05.591Z
2020-03-02,0050,元大台灣50,774000000,92544058,11.95,681455942,88.04,100,TWSE_MI_QFIIS_DAILY_FOREIGN_INVESTMENT,2026-08-21T09:59:05.591Z
2020-03-02,2317,鴻海,13862990609,6471284513,46.68,7391706096,53.31,100,TWSE_MI_QFIIS_DAILY_FOREIGN_INVESTMENT,2026-08-21T09:59:05.591Z
2020-03-02,2330,台積電,25930380458,19995226107,77.11,5935154351,22.88,100,TWSE_MI_QFIIS_DAILY_FOREIGN_INVESTMENT,2026-08-21T09:59:05.591Z
2020-03-02,2454,聯發科,1589981632,986036751,62.01,603944881,37.98,100,TWSE_MI_QFIIS_DAILY_FOREIGN_INVESTMENT,2026-08-21T09:59:05.591Z
2020-03-03,0050,元大台灣50,807500000,108414158,13.42,699085842,86.57,100,TWSE_MI_QFIIS_DAILY_FOREIGN_INVESTMENT,2026-08-21T09:59:05.591Z
2020-03-03,2317,鴻海,13862990609,6472637571,46.69,7390353038,53.3,100,TWSE_MI_QFIIS_DAILY_FOREIGN_INVESTMENT,2026-08-21T09:59:05.591Z
2020-03-03,2330,台積電,25930380458,19988044541,77.08,5942335917,22.91,100,TWSE_MI_QFIIS_DAILY_FOREIGN_INVESTMENT,2026-08-21T09:59:05.591Z
2020-03-03,2454,聯發科,1589981632,984517599,61.92,605464033,38.07,100,TWSE_MI_QFIIS_DAILY_FOREIGN_INVESTMENT,2026-08-21T09:59:05.591Z
2020-03-04,0050,元大台灣50,807500000,127467658,15.78,680032342,84.21,100,TWSE_MI_QFIIS_DAILY_FOREIGN_INVESTMENT,2026-08-21T09:59:05.591Z
2020-03-04,2317,鴻海,13862990609,6480091190,46.74,7382899419,53.25,100,TWSE_MI_QFIIS_DAILY_FOREIGN_INVESTMENT,2026-08-21T09:59:05.591Z
2020-03-04,2330,台積電,25930380458,19996928850,77.11,5933451608,22.88,100,TWSE_MI_QFIIS_DAILY_FOREIGN_INVESTMENT,2026-08-21T09:59:05.591Z
2020-03-04,2454,聯發科,1589981632,983749798,61.87,606231834,38.12,100,TWSE_MI_QFIIS_DAILY_FOREIGN_INVESTMENT,2026-08-21T09:59:05.591Z
2020-03-05,0050,元大台灣50,807500000,130134708,16.11,677365292,83.88,100,TWSE_MI_QFIIS_DAILY_FOREIGN_INVESTMENT,2026-08-21T09:59:05.591Z
2020-03-05,2317,鴻海,13862990609,6479631462,46.74,7383359147,53.25,100,TWSE_MI_QFIIS_DAILY_FOREIGN_INVESTMENT,2026-08-21T09:59:05.591Z
2020-03-05,2330,台積電,25930380458,19989583390,77.08,5940797068,22.91,100,TWSE_MI_QFIIS_DAILY_FOREIGN_INVESTMENT,2026-08-21T09:59:05.591Z
2020-03-05,2454,聯發科,1589981632,988013783,62.13,601967849,37.86,100,TWSE_MI_QFIIS_DAILY_FOREIGN_INVESTMENT,2026-08-21T09:59:05.591Z
2020-03-06,0050,元大台灣50,815000000,122149908,14.98,692850092,85.01,100,TWSE_MI_QFIIS_DAILY_FOREIGN_INVESTMENT,2026-08-21T09:59:05.591Z
2020-03-06,2317,鴻海,13862990609,6461558142,46.61,7401432467,53.38,100,TWSE_MI_QFIIS_DAILY_FOREIGN_INVESTMENT,2026-08-21T09:59:05.591Z
2020-03-06,2330,台積電,25930380458,19953024365,76.94,5977356093,23.05,100,TWSE_MI_QFIIS_DAILY_FOREIGN_INVESTMENT,2026-08-21T09:59:05.591Z
2020-03-06,2454,聯發科,1589981632,987275971,62.09,602705661,37.9,100,TWSE_MI_QFIIS_DAILY_FOREIGN_INVESTMENT,2026-08-21T09:59:05.591Z
2020-03-09,0050,元大台灣50,815000000,105482008,12.94,709517992,87.05,100,TWSE_MI_QFIIS_DAILY_FOREIGN_INVESTMENT,2026-08-21T09:59:05.591Z
2020-03-09,2317,鴻海,13862990609,6442679043,46.47,7420311566,53.52,100,TWSE_MI_QFIIS_DAILY_FOREIGN_INVESTMENT,2026-08-21T09:59:05.591Z
2020-03-09,2330,台積電,25930380458,19899308253,76.74,6031072205,23.25,100,TWSE_MI_QFIIS_DAILY_FOREIGN_INVESTMENT,2026-08-21T09:59:05.591Z
2020-03-09,2454,聯發科,1589981632,985175977,61.96,604805655,38.03,100,TWSE_MI_QFIIS_DAILY_FOREIGN_INVESTMENT,2026-08-21T09:59:05.591Z
2020-03-10,0050,元大台灣50,830000000,108458008,13.06,721541992,86.93,100,TWSE_MI_QFIIS_DAILY_FOREIGN_INVESTMENT,2026-08-21T09:59:05.591Z
2020-03-10,2317,鴻海,13862990609,6434454917,46.41,7428535692,53.58,100,TWSE_MI_QFIIS_DAILY_FOREIGN_INVESTMENT,2026-08-21T09:59:05.591Z
2020-03-10,2330,台積電,25930380458,19874223966,76.64,6056156492,23.35,100,TWSE_MI_QFIIS_DAILY_FOREIGN_INVESTMENT,2026-08-21T09:59:05.591Z
2020-03-10,2454,聯發科,1589981632,984810214,61.93,605171418,38.06,100,TWSE_MI_QFIIS_DAILY_FOREIGN_INVESTMENT,2026-08-21T09:59:05.591Z
2020-03-11,0050,元大台灣50,845000000,101655008,12.03,743344992,87.96,100,TWSE_MI_QFIIS_DAILY_FOREIGN_INVESTMENT,2026-08-21T09:59:05.591Z
2020-03-11,2317,鴻海,13862990609,6424785455,46.34,7438205154,53.65,100,TWSE_MI_QFIIS_DAILY_FOREIGN_INVESTMENT,2026-08-21T09:59:05.591Z
2020-03-11,2330,台積電,25930380458,19849202933,76.54,6081177525,23.45,100,TWSE_MI_QFIIS_DAILY_FOREIGN_INVESTMENT,2026-08-21T09:59:05.591Z
2020-03-11,2454,聯發科,1589981632,983094191,61.83,606887441,38.16,100,TWSE_MI_QFIIS_DAILY_FOREIGN_INVESTMENT,2026-08-21T09:59:05.591Z
2020-03-12,0050,元大台灣50,887500000,82353258,9.27,805146742,90.72,100,TWSE_MI_QFIIS_DAILY_FOREIGN_INVESTMENT,2026-08-21T09:59:05.591Z
2020-03-12,2317,鴻海,13862990609,6396286624,46.13,7466703985,53.86,100,TWSE_MI_QFIIS_DAILY_FOREIGN_INVESTMENT,2026-08-21T09:59:05.591Z
2020-03-12,2330,台積電,25930380458,19811695174,76.4,6118685284,23.59,100,TWSE_MI_QFIIS_DAILY_FOREIGN_INVESTMENT,2026-08-21T09:59:05.591Z
2020-03-12,2454,聯發科,1589981632,979808853,61.62,610172779,38.37,100,TWSE_MI_QFIIS_DAILY_FOREIGN_INVESTMENT,2026-08-21T09:59:05.591Z
2020-03-13,0050,元大台灣50,940500000,94060894,10,846439106,89.99,100,TWSE_MI_QFIIS_DAILY_FOREIGN_INVESTMENT,2026-08-21T09:59:05.591Z
2020-03-13,2317,鴻海,13862990609,6364073283,45.9,7498917326,54.09,100,TWSE_MI_QFIIS_DAILY_FOREIGN_INVESTMENT,2026-08-21T09:59:05.591Z
2020-03-13,2330,台積電,25930380458,19773132023,76.25,6157248435,23.74,100,TWSE_MI_QFIIS_DAILY_FOREIGN_INVESTMENT,2026-08-21T09:59:05.591Z
2020-03-13,2454,聯發科,1589981632,980966469,61.69,609015163,38.3,100,TWSE_MI_QFIIS_DAILY_FOREIGN_INVESTMENT,2026-08-21T09:59:05.591Z
2020-03-16,0050,元大台灣50,961000000,100783033,10.48,860216967,89.51,100,TWSE_MI_QFIIS_DAILY_FOREIGN_INVESTMENT,2026-08-21T09:59:05.591Z
2020-03-16,2317,鴻海,13862990609,6341364897,45.74,7521625712,54.25,100,TWSE_MI_QFIIS_DAILY_FOREIGN_INVESTMENT,2026-08-21T09:59:05.591Z
2020-03-16,2330,台積電,25930380458,19725937902,76.07,6204442556,23.92,100,TWSE_MI_QFIIS_DAILY_FOREIGN_INVESTMENT,2026-08-21T09:59:05.591Z
2020-03-16,2454,聯發科,1589981632,978886021,61.56,611095611,38.43,100,TWSE_MI_QFIIS_DAILY_FOREIGN_INVESTMENT,2026-08-21T09:59:05.591Z
2020-03-17,0050,元大台灣50,984500000,90123093,9.15,894376907,90.84,100,TWSE_MI_QFIIS_DAILY_FOREIGN_INVESTMENT,2026-08-21T09:59:05.591Z
2020-03-17,2317,鴻海,13862990609,6330679135,45.66,7532311474,54.33,100,TWSE_MI_QFIIS_DAILY_FOREIGN_INVESTMENT,2026-08-21T09:59:05.591Z
2020-03-17,2330,台積電,25930380458,19675417313,75.87,6254963145,24.12,100,TWSE_MI_QFIIS_DAILY_FOREIGN_INVESTMENT,2026-08-21T09:59:05.591Z
2020-03-17,2454,聯發科,1589981632,976772045,61.43,613209587,38.56,100,TWSE_MI_QFIIS_DAILY_FOREIGN_INVESTMENT,2026-08-21T09:59:05.591Z
2020-03-18,0050,元大台灣50,1045500000,83586177,7.99,961913823,92,100,TWSE_MI_QFIIS_DAILY_FOREIGN_INVESTMENT,2026-08-21T09:59:05.591Z
2020-03-18,2317,鴻海,13862990609,6312345605,45.53,7550645004,54.46,100,TWSE_MI_QFIIS_DAILY_FOREIGN_INVESTMENT,2026-08-21T09:59:05.591Z
2020-03-18,2330,台積電,25930380458,19646716308,75.76,6283664150,24.23,100,TWSE_MI_QFIIS_DAILY_FOREIGN_INVESTMENT,2026-08-21T09:59:05.591Z
2020-03-18,2454,聯發科,1589981632,975416407,61.34,614565225,38.65,100,TWSE_MI_QFIIS_DAILY_FOREIGN_INVESTMENT,2026-08-21T09:59:05.591Z
2020-03-19,0050,元大台灣50,1066000000,117446304,11.01,948553696,88.98,100,TWSE_MI_QFIIS_DAILY_FOREIGN_INVESTMENT,2026-08-21T09:59:05.591Z
2020-03-19,2317,鴻海,13862990609,6283911123,45.32,7579079486,54.67,100,TWSE_MI_QFIIS_DAILY_FOREIGN_INVESTMENT,2026-08-21T09:59:05.591Z
2020-03-19,2330,台積電,25930380458,19610718741,75.62,6319661717,24.37,100,TWSE_MI_QFIIS_DAILY_FOREIGN_INVESTMENT,2026-08-21T09:59:05.591Z
2020-03-19,2454,聯發科,1589981632,974335045,61.27,615646587,38.72,100,TWSE_MI_QFIIS_DAILY_FOREIGN_INVESTMENT,2026-08-21T09:59:05.591Z
2020-03-20,0050,元大台灣50,1071000000,115745804,10.8,955254196,89.19,100,TWSE_MI_QFIIS_DAILY_FOREIGN_INVESTMENT,2026-08-21T09:59:05.591Z
2020-03-20,2317,鴻海,13862990609,6257397443,45.13,7605593166,54.86,100,TWSE_MI_QFIIS_DAILY_FOREIGN_INVESTMENT,2026-08-21T09:59:05.591Z
2020-03-20,2330,台積電,25930380458,19592913559,75.55,6337466899,24.44,100,TWSE_MI_QFIIS_DAILY_FOREIGN_INVESTMENT,2026-08-21T09:59:05.591Z
2020-03-20,2454,聯發科,1589981632,975939755,61.38,614041877,38.61,100,TWSE_MI_QFIIS_DAILY_FOREIGN_INVESTMENT,2026-08-21T09:59:05.591Z
2020-03-23,0050,元大台灣50,1061000000,111466804,10.5,949533196,89.49,100,TWSE_MI_QFIIS_DAILY_FOREIGN_INVESTMENT,2026-08-21T09:59:05.591Z
2020-03-23,2317,鴻海,13862990609,6226766463,44.91,7636224146,55.08,100,TWSE_MI_QFIIS_DAILY_FOREIGN_INVESTMENT,2026-08-21T09:59:05.591Z
2020-03-23,2330,台積電,25930380458,19577259525,75.49,6353120933,24.5,100,TWSE_MI_QFIIS_DAILY_FOREIGN_INVESTMENT,2026-08-21T09:59:05.591Z
2020-03-23,2454,聯發科,1589981632,975327126,61.34,614654506,38.65,100,TWSE_MI_QFIIS_DAILY_FOREIGN_INVESTMENT,2026-08-21T09:59:05.591Z
2020-03-24,0050,元大台灣50,1061000000,106361804,10.02,954638196,89.97,100,TWSE_MI_QFIIS_DAILY_FOREIGN_INVESTMENT,2026-08-21T09:59:05.591Z
2020-03-24,2317,鴻海,13862990609,6229018901,44.93,7633971708,55.06,100,TWSE_MI_QFIIS_DAILY_FOREIGN_INVESTMENT,2026-08-21T09:59:05.591Z
2020-03-24,2330,台積電,25930380458,19594256756,75.56,6336123702,24.43,100,TWSE_MI_QFIIS_DAILY_FOREIGN_INVESTMENT,2026-08-21T09:59:05.591Z
2020-03-24,2454,聯發科,1589981632,977752472,61.49,612229160,38.5,100,TWSE_MI_QFIIS_DAILY_FOREIGN_INVESTMENT,2026-08-21T09:59:05.591Z
2020-03-25,0050,元大台灣50,1056000000,98446904,9.32,957553096,90.67,100,TWSE_MI_QFIIS_DAILY_FOREIGN_INVESTMENT,2026-08-21T09:59:05.591Z
2020-03-25,2317,鴻海,13862990609,6231216545,44.94,7631774064,55.05,100,TWSE_MI_QFIIS_DAILY_FOREIGN_INVESTMENT,2026-08-21T09:59:05.591Z
2020-03-25,2330,台積電,25930380458,19606514850,75.61,6323865608,24.38,100,TWSE_MI_QFIIS_DAILY_FOREIGN_INVESTMENT,2026-08-21T09:59:05.591Z
2020-03-25,2454,聯發科,1589981632,976666539,61.42,613315093,38.57,100,TWSE_MI_QFIIS_DAILY_FOREIGN_INVESTMENT,2026-08-21T09:59:05.591Z
2020-03-26,0050,元大台灣50,1056000000,101741998,9.63,954258002,90.36,100,TWSE_MI_QFIIS_DAILY_FOREIGN_INVESTMENT,2026-08-21T09:59:05.591Z
2020-03-26,2317,鴻海,13862990609,6231415876,44.95,7631574733,55.04,100,TWSE_MI_QFIIS_DAILY_FOREIGN_INVESTMENT,2026-08-21T09:59:05.591Z
2020-03-26,2330,台積電,25930380458,19626525037,75.68,6303855421,24.31,100,TWSE_MI_QFIIS_DAILY_FOREIGN_INVESTMENT,2026-08-21T09:59:05.591Z
2020-03-26,2454,聯發科,1589981632,978708646,61.55,611272986,38.44,100,TWSE_MI_QFIIS_DAILY_FOREIGN_INVESTMENT,2026-08-21T09:59:05.591Z
2020-03-27,0050,元大台灣50,1055000000,99643106,9.44,955356894,90.55,100,TWSE_MI_QFIIS_DAILY_FOREIGN_INVESTMENT,2026-08-21T09:59:05.591Z
2020-03-27,2317,鴻海,13862990609,6221137293,44.87,7641853316,55.12,100,TWSE_MI_QFIIS_DAILY_FOREIGN_INVESTMENT,2026-08-21T09:59:05.591Z
2020-03-27,2330,台積電,25930380458,19624169686,75.68,6306210772,24.31,100,TWSE_MI_QFIIS_DAILY_FOREIGN_INVESTMENT,2026-08-21T09:59:05.591Z
2020-03-27,2454,聯發科,1589981632,980261256,61.65,609720376,38.34,100,TWSE_MI_QFIIS_DAILY_FOREIGN_INVESTMENT,2026-08-21T09:59:05.591Z
2020-03-30,0050,元大台灣50,1055000000,99199956,9.4,955800044,90.59,100,TWSE_MI_QFIIS_DAILY_FOREIGN_INVESTMENT,2026-08-21T09:59:05.591Z
2020-03-30,2317,鴻海,13862990609,6211352808,44.8,7651637801,55.19,100,TWSE_MI_QFIIS_DAILY_FOREIGN_INVESTMENT,2026-08-21T09:59:05.591Z
2020-03-30,2330,台積電,25930380458,19609421857,75.62,6320958601,24.37,100,TWSE_MI_QFIIS_DAILY_FOREIGN_INVESTMENT,2026-08-21T09:59:05.591Z
2020-03-30,2454,聯發科,1589981632,979141620,61.58,610840012,38.41,100,TWSE_MI_QFIIS_DAILY_FOREIGN_INVESTMENT,2026-08-21T09:59:05.591Z
2020-03-31,0050,元大台灣50,1055000000,98776956,9.36,956223044,90.63,100,TWSE_MI_QFIIS_DAILY_FOREIGN_INVESTMENT,2026-08-21T09:59:05.591Z
2020-03-31,2317,鴻海,13862990609,6205911260,44.76,7657079349,55.23,100,TWSE_MI_QFIIS_DAILY_FOREIGN_INVESTMENT,2026-08-21T09:59:05.591Z
2020-03-31,2330,台積電,25930380458,19619017550,75.66,6311362908,24.33,100,TWSE_MI_QFIIS_DAILY_FOREIGN_INVESTMENT,2026-08-21T09:59:05.591Z
2020-03-31,2454,聯發科,1589981632,977790108,61.49,612191524,38.5,100,TWSE_MI_QFIIS_DAILY_FOREIGN_INVESTMENT,2026-08-21T09:59:05.591Z
2020-04-01,0050,元大台灣50,1055000000,94743205,8.98,960256795,91.01,100,TWSE_MI_QFIIS_DAILY_FOREIGN_INVESTMENT,2026-08-21T09:59:05.591Z
2020-04-01,2317,鴻海,13862990609,6196653275,44.69,7666337334,55.3,100,TWSE_MI_QFIIS_DAILY_FOREIGN_INVESTMENT,2026-08-21T09:59:05.591Z
2020-04-01,2330,台積電,25930380458,19621337616,75.66,6309042842,24.33,100,TWSE_MI_QFIIS_DAILY_FOREIGN_INVESTMENT,2026-08-21T09:59:05.591Z
2020-04-01,2454,聯發科,1589981632,978776928,61.55,611204704,38.44,100,TWSE_MI_QFIIS_DAILY_FOREIGN_INVESTMENT,2026-08-21T09:59:05.591Z
2020-04-06,0050,元大台灣50,1056000000,94977205,8.99,961022795,91,100,TWSE_MI_QFIIS_DAILY_FOREIGN_INVESTMENT,2026-08-21T09:59:05.591Z
2020-04-06,2317,鴻海,13862990609,6187202999,44.63,7675787610,55.36,100,TWSE_MI_QFIIS_DAILY_FOREIGN_INVESTMENT,2026-08-21T09:59:05.591Z
2020-04-06,2330,台積電,25930380458,19625827775,75.68,6304552683,24.31,100,TWSE_MI_QFIIS_DAILY_FOREIGN_INVESTMENT,2026-08-21T09:59:05.591Z
2020-04-06,2454,聯發科,1589981632,981319299,61.71,608662333,38.28,100,TWSE_MI_QFIIS_DAILY_FOREIGN_INVESTMENT,2026-08-21T09:59:05.591Z
2020-04-07,0050,元大台灣50,1061500000,98333305,9.26,963166695,90.73,100,TWSE_MI_QFIIS_DAILY_FOREIGN_INVESTMENT,2026-08-21T09:59:05.591Z
2020-04-07,2317,鴻海,13862990609,6183770275,44.6,7679220334,55.39,100,TWSE_MI_QFIIS_DAILY_FOREIGN_INVESTMENT,2026-08-21T09:59:05.591Z
2020-04-07,2330,台積電,25930380458,19646818212,75.76,6283562246,24.23,100,TWSE_MI_QFIIS_DAILY_FOREIGN_INVESTMENT,2026-08-21T09:59:05.591Z
2020-04-07,2454,聯發科,1589981632,979838195,61.62,610143437,38.37,100,TWSE_MI_QFIIS_DAILY_FOREIGN_INVESTMENT,2026-08-21T09:59:05.591Z
2020-04-08,0050,元大台灣50,1061500000,98103405,9.24,963396595,90.75,100,TWSE_MI_QFIIS_DAILY_FOREIGN_INVESTMENT,2026-08-21T09:59:05.591Z
2020-04-08,2317,鴻海,13862990609,6181786965,44.59,7681203644,55.4,100,TWSE_MI_QFIIS_DAILY_FOREIGN_INVESTMENT,2026-08-21T09:59:05.591Z
2020-04-08,2330,台積電,25930380458,19657041527,75.8,6273338931,24.19,100,TWSE_MI_QFIIS_DAILY_FOREIGN_INVESTMENT,2026-08-21T09:59:05.591Z
2020-04-08,2454,聯發科,1589981632,980697729,61.67,609283903,38.32,100,TWSE_MI_QFIIS_DAILY_FOREIGN_INVESTMENT,2026-08-21T09:59:05.591Z
2020-04-09,0050,元大台灣50,1051500000,96786404,9.2,954713596,90.79,100,TWSE_MI_QFIIS_DAILY_FOREIGN_INVESTMENT,2026-08-21T09:59:05.591Z
2020-04-09,2317,鴻海,13862990609,6171571481,44.51,7691419128,55.48,100,TWSE_MI_QFIIS_DAILY_FOREIGN_INVESTMENT,2026-08-21T09:59:05.591Z
2020-04-09,2330,台積電,25930380458,19662391736,75.82,6267988722,24.17,100,TWSE_MI_QFIIS_DAILY_FOREIGN_INVESTMENT,2026-08-21T09:59:05.591Z
2020-04-09,2454,聯發科,1589981632,982429691,61.78,607551941,38.21,100,TWSE_MI_QFIIS_DAILY_FOREIGN_INVESTMENT,2026-08-21T09:59:05.591Z
2020-04-10,0050,元大台灣50,1046500000,96927404,9.26,949572596,90.73,100,TWSE_MI_QFIIS_DAILY_FOREIGN_INVESTMENT,2026-08-21T09:59:05.591Z
2020-04-10,2317,鴻海,13862990609,6170623434,44.51,7692367175,55.48,100,TWSE_MI_QFIIS_DAILY_FOREIGN_INVESTMENT,2026-08-21T09:59:05.591Z
2020-04-10,2330,台積電,25930380458,19658599766,75.81,6271780692,24.18,100,TWSE_MI_QFIIS_DAILY_FOREIGN_INVESTMENT,2026-08-21T09:59:05.591Z
2020-04-10,2454,聯發科,1589981632,983650691,61.86,606330941,38.13,100,TWSE_MI_QFIIS_DAILY_FOREIGN_INVESTMENT,2026-08-21T09:59:05.591Z
2020-04-13,0050,元大台灣50,1046500000,96383404,9.21,950116596,90.78,100,TWSE_MI_QFIIS_DAILY_FOREIGN_INVESTMENT,2026-08-21T09:59:05.591Z
2020-04-13,2317,鴻海,13862990609,6162842004,44.45,7700148605,55.54,100,TWSE_MI_QFIIS_DAILY_FOREIGN_INVESTMENT,2026-08-21T09:59:05.591Z
2020-04-13,2330,台積電,25930380458,19652407096,75.78,6277973362,24.21,100,TWSE_MI_QFIIS_DAILY_FOREIGN_INVESTMENT,2026-08-21T09:59:05.591Z
2020-04-13,2454,聯發科,1589981632,984266981,61.9,605714651,38.09,100,TWSE_MI_QFIIS_DAILY_FOREIGN_INVESTMENT,2026-08-21T09:59:05.591Z
2020-04-14,0050,元大台灣50,1046500000,98751440,9.43,947748560,90.56,100,TWSE_MI_QFIIS_DAILY_FOREIGN_INVESTMENT,2026-08-21T09:59:05.591Z
2020-04-14,2317,鴻海,13862990609,6162882158,44.45,7700108451,55.54,100,TWSE_MI_QFIIS_DAILY_FOREIGN_INVESTMENT,2026-08-21T09:59:05.591Z
2020-04-14,2330,台積電,25930380458,19667778055,75.84,6262602403,24.15,100,TWSE_MI_QFIIS_DAILY_FOREIGN_INVESTMENT,2026-08-21T09:59:05.591Z
2020-04-14,2454,聯發科,1589981632,989643432,62.24,600338200,37.75,100,TWSE_MI_QFIIS_DAILY_FOREIGN_INVESTMENT,2026-08-21T09:59:05.591Z
2020-04-15,0050,元大台灣50,1041500000,99922565,9.59,941577435,90.4,100,TWSE_MI_QFIIS_DAILY_FOREIGN_INVESTMENT,2026-08-21T09:59:05.591Z
2020-04-15,2317,鴻海,13862990609,6152106852,44.37,7710883757,55.62,100,TWSE_MI_QFIIS_DAILY_FOREIGN_INVESTMENT,2026-08-21T09:59:05.591Z
2020-04-15,2330,台積電,25930380458,19667690798,75.84,6262689660,24.15,100,TWSE_MI_QFIIS_DAILY_FOREIGN_INVESTMENT,2026-08-21T09:59:05.591Z
2020-04-15,2454,聯發科,1589981632,989798590,62.25,600183042,37.74,100,TWSE_MI_QFIIS_DAILY_FOREIGN_INVESTMENT,2026-08-21T09:59:05.591Z
2020-04-16,0050,元大台灣50,1041500000,102406565,9.83,939093435,90.16,100,TWSE_MI_QFIIS_DAILY_FOREIGN_INVESTMENT,2026-08-21T09:59:05.591Z
2020-04-16,2317,鴻海,13862990609,6143827690,44.31,7719162919,55.68,100,TWSE_MI_QFIIS_DAILY_FOREIGN_INVESTMENT,2026-08-21T09:59:05.591Z
2020-04-16,2330,台積電,25930380458,19660158961,75.81,6270221497,24.18,100,TWSE_MI_QFIIS_DAILY_FOREIGN_INVESTMENT,2026-08-21T09:59:05.591Z
2020-04-16,2454,聯發科,1589981632,990352363,62.28,599629269,37.71,100,TWSE_MI_QFIIS_DAILY_FOREIGN_INVESTMENT,2026-08-21T09:59:05.591Z
2020-04-17,0050,元大台灣50,1038500000,118334280,11.39,920165720,88.6,100,TWSE_MI_QFIIS_DAILY_FOREIGN_INVESTMENT,2026-08-21T09:59:05.591Z
2020-04-17,2317,鴻海,13862990609,6163113536,44.45,7699877073,55.54,100,TWSE_MI_QFIIS_DAILY_FOREIGN_INVESTMENT,2026-08-21T09:59:05.591Z
2020-04-17,2330,台積電,25930380458,19717930102,76.04,6212450356,23.95,100,TWSE_MI_QFIIS_DAILY_FOREIGN_INVESTMENT,2026-08-21T09:59:05.591Z
2020-04-17,2454,聯發科,1589981632,994975761,62.57,595005871,37.42,100,TWSE_MI_QFIIS_DAILY_FOREIGN_INVESTMENT,2026-08-21T09:59:05.591Z
2020-04-20,0050,元大台灣50,1038500000,122090381,11.75,916409619,88.24,100,TWSE_MI_QFIIS_DAILY_FOREIGN_INVESTMENT,2026-08-21T09:59:05.591Z
2020-04-20,2317,鴻海,13862990609,6159301138,44.42,7703689471,55.57,100,TWSE_MI_QFIIS_DAILY_FOREIGN_INVESTMENT,2026-08-21T09:59:05.591Z
2020-04-20,2330,台積電,25930380458,19717702730,76.04,6212677728,23.95,100,TWSE_MI_QFIIS_DAILY_FOREIGN_INVESTMENT,2026-08-21T09:59:05.591Z
2020-04-20,2454,聯發科,1589981632,996586160,62.67,593395472,37.32,100,TWSE_MI_QFIIS_DAILY_FOREIGN_INVESTMENT,2026-08-21T09:59:05.591Z
2020-04-21,0050,元大台灣50,1038500000,121206381,11.67,917293619,88.32,100,TWSE_MI_QFIIS_DAILY_FOREIGN_INVESTMENT,2026-08-21T09:59:05.591Z
2020-04-21,2317,鴻海,13862990609,6142367148,44.3,7720623461,55.69,100,TWSE_MI_QFIIS_DAILY_FOREIGN_INVESTMENT,2026-08-21T09:59:05.591Z
2020-04-21,2330,台積電,25930380458,19702075491,75.98,6228304967,24.01,100,TWSE_MI_QFIIS_DAILY_FOREIGN_INVESTMENT,2026-08-21T09:59:05.591Z
2020-04-21,2454,聯發科,1589981632,993141408,62.46,596840224,37.53,100,TWSE_MI_QFIIS_DAILY_FOREIGN_INVESTMENT,2026-08-21T09:59:05.591Z
2020-04-22,0050,元大台灣50,1021500000,104980381,10.27,916519619,89.72,100,TWSE_MI_QFIIS_DAILY_FOREIGN_INVESTMENT,2026-08-21T09:59:05.591Z
2020-04-22,2317,鴻海,13862990609,6142110819,44.3,7720879790,55.69,100,TWSE_MI_QFIIS_DAILY_FOREIGN_INVESTMENT,2026-08-21T09:59:05.591Z
2020-04-22,2330,台積電,25930380458,19697330454,75.96,6233050004,24.03,100,TWSE_MI_QFIIS_DAILY_FOREIGN_INVESTMENT,2026-08-21T09:59:05.591Z
2020-04-22,2454,聯發科,1589981632,990204878,62.27,599776754,37.72,100,TWSE_MI_QFIIS_DAILY_FOREIGN_INVESTMENT,2026-08-21T09:59:05.591Z
2020-04-23,0050,元大台灣50,1021500000,104698531,10.24,916801469,89.75,100,TWSE_MI_QFIIS_DAILY_FOREIGN_INVESTMENT,2026-08-21T09:59:05.591Z
2020-04-23,2317,鴻海,13862990609,6144316569,44.32,7718674040,55.67,100,TWSE_MI_QFIIS_DAILY_FOREIGN_INVESTMENT,2026-08-21T09:59:05.591Z
2020-04-23,2330,台積電,25930380458,19702333771,75.98,6228046687,24.01,100,TWSE_MI_QFIIS_DAILY_FOREIGN_INVESTMENT,2026-08-21T09:59:05.591Z
2020-04-23,2454,聯發科,1589981632,991354872,62.35,598626760,37.64,100,TWSE_MI_QFIIS_DAILY_FOREIGN_INVESTMENT,2026-08-21T09:59:05.591Z
2020-04-24,0050,元大台灣50,1021500000,104662568,10.24,916837432,89.75,100,TWSE_MI_QFIIS_DAILY_FOREIGN_INVESTMENT,2026-08-21T09:59:05.591Z
2020-04-24,2317,鴻海,13862990609,6142015252,44.3,7720975357,55.69,100,TWSE_MI_QFIIS_DAILY_FOREIGN_INVESTMENT,2026-08-21T09:59:05.591Z
2020-04-24,2330,台積電,25930380458,19700784013,75.97,6229596445,24.02,100,TWSE_MI_QFIIS_DAILY_FOREIGN_INVESTMENT,2026-08-21T09:59:05.591Z
2020-04-24,2454,聯發科,1589981632,990849312,62.31,599132320,37.68,100,TWSE_MI_QFIIS_DAILY_FOREIGN_INVESTMENT,2026-08-21T09:59:05.591Z
2020-04-27,0050,元大台灣50,1021500000,106361657,10.41,915138343,89.58,100,TWSE_MI_QFIIS_DAILY_FOREIGN_INVESTMENT,2026-08-21T09:59:05.591Z
2020-04-27,2317,鴻海,13862990609,6145331239,44.32,7717659370,55.67,100,TWSE_MI_QFIIS_DAILY_FOREIGN_INVESTMENT,2026-08-21T09:59:05.591Z
2020-04-27,2330,台積電,25930380458,19709249564,76,6221130894,23.99,100,TWSE_MI_QFIIS_DAILY_FOREIGN_INVESTMENT,2026-08-21T09:59:05.591Z
2020-04-27,2454,聯發科,1589981632,996731247,62.68,593250385,37.31,100,TWSE_MI_QFIIS_DAILY_FOREIGN_INVESTMENT,2026-08-21T09:59:05.591Z
2020-04-28,0050,元大台灣50,1021500000,105628663,10.34,915871337,89.65,100,TWSE_MI_QFIIS_DAILY_FOREIGN_INVESTMENT,2026-08-21T09:59:05.591Z
2020-04-28,2317,鴻海,13862990609,6145783624,44.33,7717206985,55.66,100,TWSE_MI_QFIIS_DAILY_FOREIGN_INVESTMENT,2026-08-21T09:59:05.591Z
2020-04-28,2330,台積電,25930380458,19707800555,76,6222579903,23.99,100,TWSE_MI_QFIIS_DAILY_FOREIGN_INVESTMENT,2026-08-21T09:59:05.591Z
2020-04-28,2454,聯發科,1589981632,996772819,62.69,593208813,37.3,100,TWSE_MI_QFIIS_DAILY_FOREIGN_INVESTMENT,2026-08-21T09:59:05.591Z
2020-04-29,0050,元大台灣50,1021500000,109463914,10.71,912036086,89.28,100,TWSE_MI_QFIIS_DAILY_FOREIGN_INVESTMENT,2026-08-21T09:59:05.591Z
2020-04-29,2317,鴻海,13862990609,6151591409,44.37,7711399200,55.62,100,TWSE_MI_QFIIS_DAILY_FOREIGN_INVESTMENT,2026-08-21T09:59:05.591Z
2020-04-29,2330,台積電,25930380458,19723789751,76.06,6206590707,23.93,100,TWSE_MI_QFIIS_DAILY_FOREIGN_INVESTMENT,2026-08-21T09:59:05.591Z
2020-04-29,2454,聯發科,1589981632,1013677043,63.75,576304589,36.24,100,TWSE_MI_QFIIS_DAILY_FOREIGN_INVESTMENT,2026-08-21T09:59:05.591Z
2020-04-30,0050,元大台灣50,1021500000,117582914,11.51,903917086,88.48,100,TWSE_MI_QFIIS_DAILY_FOREIGN_INVESTMENT,2026-08-21T09:59:05.591Z
2020-04-30,2317,鴻海,13862990609,6165847652,44.47,7697142957,55.52,100,TWSE_MI_QFIIS_DAILY_FOREIGN_INVESTMENT,2026-08-21T09:59:05.591Z
2020-04-30,2330,台積電,25930380458,19737776210,76.11,6192604248,23.88,100,TWSE_MI_QFIIS_DAILY_FOREIGN_INVESTMENT,2026-08-21T09:59:05.591Z
2020-04-30,2454,聯發科,1589981632,1025706834,64.51,564274798,35.48,100,TWSE_MI_QFIIS_DAILY_FOREIGN_INVESTMENT,2026-08-21T09:59:05.591Z
2020-05-04,0050,元大台灣50,1021500000,111264038,10.89,910235962,89.1,100,TWSE_MI_QFIIS_DAILY_FOREIGN_INVESTMENT,2026-08-21T09:59:05.591Z
2020-05-04,2317,鴻海,13862990609,6139498138,44.28,7723492471,55.71,100,TWSE_MI_QFIIS_DAILY_FOREIGN_INVESTMENT,2026-08-21T09:59:05.591Z
2020-05-04,2330,台積電,25930380458,19699787645,75.97,6230592813,24.02,100,TWSE_MI_QFIIS_DAILY_FOREIGN_INVESTMENT,2026-08-21T09:59:05.591Z
2020-05-04,2454,聯發科,1589981632,1024402738,64.42,565578894,35.57,100,TWSE_MI_QFIIS_DAILY_FOREIGN_INVESTMENT,2026-08-21T09:59:05.591Z
2020-05-05,0050,元大台灣50,1021500000,112700038,11.03,908799962,88.96,100,TWSE_MI_QFIIS_DAILY_FOREIGN_INVESTMENT,2026-08-21T09:59:05.591Z
2020-05-05,2317,鴻海,13862990609,6125424913,44.18,7737565696,55.81,100,TWSE_MI_QFIIS_DAILY_FOREIGN_INVESTMENT,2026-08-21T09:59:05.591Z
2020-05-05,2330,台積電,25930380458,19693683356,75.94,6236697102,24.05,100,TWSE_MI_QFIIS_DAILY_FOREIGN_INVESTMENT,2026-08-21T09:59:05.591Z
2020-05-05,2454,聯發科,1589981632,1024129366,64.41,565852266,35.58,100,TWSE_MI_QFIIS_DAILY_FOREIGN_INVESTMENT,2026-08-21T09:59:05.591Z
2020-05-06,0050,元大台灣50,1021500000,112807188,11.04,908692812,88.95,100,TWSE_MI_QFIIS_DAILY_FOREIGN_INVESTMENT,2026-08-21T09:59:05.591Z
2020-05-06,2317,鴻海,13862990609,6117804592,44.13,7745186017,55.86,100,TWSE_MI_QFIIS_DAILY_FOREIGN_INVESTMENT,2026-08-21T09:59:05.591Z
2020-05-06,2330,台積電,25930380458,19686721460,75.92,6243658998,24.07,100,TWSE_MI_QFIIS_DAILY_FOREIGN_INVESTMENT,2026-08-21T09:59:05.591Z
2020-05-06,2454,聯發科,1589981632,1026373159,64.55,563608473,35.44,100,TWSE_MI_QFIIS_DAILY_FOREIGN_INVESTMENT,2026-08-21T09:59:05.591Z
2020-05-07,0050,元大台灣50,1021500000,111978188,10.96,909521812,89.03,100,TWSE_MI_QFIIS_DAILY_FOREIGN_INVESTMENT,2026-08-21T09:59:05.591Z
2020-05-07,2317,鴻海,13862990609,6120695672,44.15,7742294937,55.84,100,TWSE_MI_QFIIS_DAILY_FOREIGN_INVESTMENT,2026-08-21T09:59:05.591Z
2020-05-07,2330,台積電,25930380458,19682920259,75.9,6247460199,24.09,100,TWSE_MI_QFIIS_DAILY_FOREIGN_INVESTMENT,2026-08-21T09:59:05.591Z
2020-05-07,2454,聯發科,1589981632,1028503446,64.68,561478186,35.31,100,TWSE_MI_QFIIS_DAILY_FOREIGN_INVESTMENT,2026-08-21T09:59:05.591Z
2020-05-08,0050,元大台灣50,1021500000,111772153,10.94,909727847,89.05,100,TWSE_MI_QFIIS_DAILY_FOREIGN_INVESTMENT,2026-08-21T09:59:05.591Z
2020-05-08,2317,鴻海,13862990609,6131877463,44.23,7731113146,55.76,100,TWSE_MI_QFIIS_DAILY_FOREIGN_INVESTMENT,2026-08-21T09:59:05.591Z
2020-05-08,2330,台積電,25930380458,19672288999,75.86,6258091459,24.13,100,TWSE_MI_QFIIS_DAILY_FOREIGN_INVESTMENT,2026-08-21T09:59:05.591Z
2020-05-08,2454,聯發科,1589981632,1027910418,64.64,562071214,35.35,100,TWSE_MI_QFIIS_DAILY_FOREIGN_INVESTMENT,2026-08-21T09:59:05.591Z
2020-05-11,0050,元大台灣50,1021500000,111834123,10.94,909665877,89.05,100,TWSE_MI_QFIIS_DAILY_FOREIGN_INVESTMENT,2026-08-21T09:59:05.591Z
2020-05-11,2317,鴻海,13862990609,6148495904,44.35,7714494705,55.64,100,TWSE_MI_QFIIS_DAILY_FOREIGN_INVESTMENT,2026-08-21T09:59:05.591Z
2020-05-11,2330,台積電,25930380458,19673339341,75.86,6257041117,24.13,100,TWSE_MI_QFIIS_DAILY_FOREIGN_INVESTMENT,2026-08-21T09:59:05.591Z
2020-05-11,2454,聯發科,1589981632,1027764225,64.64,562217407,35.35,100,TWSE_MI_QFIIS_DAILY_FOREIGN_INVESTMENT,2026-08-21T09:59:05.591Z
2020-05-12,0050,元大台灣50,1021500000,105002273,10.27,916497727,89.72,100,TWSE_MI_QFIIS_DAILY_FOREIGN_INVESTMENT,2026-08-21T09:59:05.591Z
2020-05-12,2317,鴻海,13862990609,6132167506,44.23,7730823103,55.76,100,TWSE_MI_QFIIS_DAILY_FOREIGN_INVESTMENT,2026-08-21T09:59:05.591Z
2020-05-12,2330,台積電,25930380458,19642304720,75.75,6288075738,24.24,100,TWSE_MI_QFIIS_DAILY_FOREIGN_INVESTMENT,2026-08-21T09:59:05.591Z
2020-05-12,2454,聯發科,1589981632,1027455844,64.62,562525788,35.37,100,TWSE_MI_QFIIS_DAILY_FOREIGN_INVESTMENT,2026-08-21T09:59:05.591Z
2020-05-13,0050,元大台灣50,1021500000,103021273,10.08,918478727,89.91,100,TWSE_MI_QFIIS_DAILY_FOREIGN_INVESTMENT,2026-08-21T09:59:05.591Z
2020-05-13,2317,鴻海,13862990609,6128384984,44.2,7734605625,55.79,100,TWSE_MI_QFIIS_DAILY_FOREIGN_INVESTMENT,2026-08-21T09:59:05.591Z
2020-05-13,2330,台積電,25930380458,19635469265,75.72,6294911193,24.27,100,TWSE_MI_QFIIS_DAILY_FOREIGN_INVESTMENT,2026-08-21T09:59:05.591Z
2020-05-13,2454,聯發科,1589981632,1031073215,64.84,558908417,35.15,100,TWSE_MI_QFIIS_DAILY_FOREIGN_INVESTMENT,2026-08-21T09:59:05.591Z
2020-05-14,0050,元大台灣50,1025000000,102658328,10.01,922341672,89.98,100,TWSE_MI_QFIIS_DAILY_FOREIGN_INVESTMENT,2026-08-21T09:59:05.591Z
2020-05-14,2317,鴻海,13862990609,6122489766,44.16,7740500843,55.83,100,TWSE_MI_QFIIS_DAILY_FOREIGN_INVESTMENT,2026-08-21T09:59:05.591Z
2020-05-14,2330,台積電,25930380458,19616840947,75.65,6313539511,24.34,100,TWSE_MI_QFIIS_DAILY_FOREIGN_INVESTMENT,2026-08-21T09:59:05.591Z
2020-05-14,2454,聯發科,1589981632,1029868621,64.77,560113011,35.22,100,TWSE_MI_QFIIS_DAILY_FOREIGN_INVESTMENT,2026-08-21T09:59:05.591Z
2020-05-15,0050,元大台灣50,1025000000,102305423,9.98,922694577,90.01,100,TWSE_MI_QFIIS_DAILY_FOREIGN_INVESTMENT,2026-08-21T09:59:05.591Z
2020-05-15,2317,鴻海,13862990609,6118047607,44.13,7744943002,55.86,100,TWSE_MI_QFIIS_DAILY_FOREIGN_INVESTMENT,2026-08-21T09:59:05.591Z
2020-05-15,2330,台積電,25930380458,19625687680,75.68,6304692778,24.31,100,TWSE_MI_QFIIS_DAILY_FOREIGN_INVESTMENT,2026-08-21T09:59:05.591Z
2020-05-15,2454,聯發科,1589981632,1030082421,64.78,559899211,35.21,100,TWSE_MI_QFIIS_DAILY_FOREIGN_INVESTMENT,2026-08-21T09:59:05.591Z
2020-05-18,0050,元大台灣50,1029000000,103500423,10.05,925499577,89.94,100,TWSE_MI_QFIIS_DAILY_FOREIGN_INVESTMENT,2026-08-21T09:59:05.591Z
2020-05-18,2317,鴻海,13862990609,6098714952,43.99,7764275657,56,100,TWSE_MI_QFIIS_DAILY_FOREIGN_INVESTMENT,2026-08-21T09:59:05.591Z
2020-05-18,2330,台積電,25930380458,19582651750,75.52,6347728708,24.47,100,TWSE_MI_QFIIS_DAILY_FOREIGN_INVESTMENT,2026-08-21T09:59:05.591Z
2020-05-18,2454,聯發科,1588850262,1037098771,65.27,551751491,34.72,100,TWSE_MI_QFIIS_DAILY_FOREIGN_INVESTMENT,2026-08-21T09:59:05.591Z
2020-05-19,0050,元大台灣50,1029000000,103400542,10.04,925599458,89.95,100,TWSE_MI_QFIIS_DAILY_FOREIGN_INVESTMENT,2026-08-21T09:59:05.591Z
2020-05-19,2317,鴻海,13862990609,6079897888,43.85,7783092721,56.14,100,TWSE_MI_QFIIS_DAILY_FOREIGN_INVESTMENT,2026-08-21T09:59:05.591Z
2020-05-19,2330,台積電,25930380458,19581358241,75.51,6349022217,24.48,100,TWSE_MI_QFIIS_DAILY_FOREIGN_INVESTMENT,2026-08-21T09:59:05.591Z
2020-05-19,2454,聯發科,1588850262,1046743554,65.88,542106708,34.11,100,TWSE_MI_QFIIS_DAILY_FOREIGN_INVESTMENT,2026-08-21T09:59:05.591Z
2020-05-20,0050,元大台灣50,1031500000,108275542,10.49,923224458,89.5,100,TWSE_MI_QFIIS_DAILY_FOREIGN_INVESTMENT,2026-08-21T09:59:05.591Z
2020-05-20,2317,鴻海,13862990609,6070186762,43.78,7792803847,56.21,100,TWSE_MI_QFIIS_DAILY_FOREIGN_INVESTMENT,2026-08-21T09:59:05.591Z
2020-05-20,2330,台積電,25930380458,19593796156,75.56,6336584302,24.43,100,TWSE_MI_QFIIS_DAILY_FOREIGN_INVESTMENT,2026-08-21T09:59:05.591Z
2020-05-20,2454,聯發科,1588850262,1054518942,66.36,534331320,33.63,100,TWSE_MI_QFIIS_DAILY_FOREIGN_INVESTMENT,2026-08-21T09:59:05.591Z
2020-05-21,0050,元大台灣50,1026500000,107715542,10.49,918784458,89.5,100,TWSE_MI_QFIIS_DAILY_FOREIGN_INVESTMENT,2026-08-21T09:59:05.591Z
2020-05-21,2317,鴻海,13862990609,6065809326,43.75,7797181283,56.24,100,TWSE_MI_QFIIS_DAILY_FOREIGN_INVESTMENT,2026-08-21T09:59:05.591Z
2020-05-21,2330,台積電,25930380458,19605585361,75.6,6324795097,24.39,100,TWSE_MI_QFIIS_DAILY_FOREIGN_INVESTMENT,2026-08-21T09:59:05.591Z
2020-05-21,2454,聯發科,1588850262,1055895832,66.45,532954430,33.54,100,TWSE_MI_QFIIS_DAILY_FOREIGN_INVESTMENT,2026-08-21T09:59:05.591Z
2020-05-22,0050,元大台灣50,1026500000,101342542,9.87,925157458,90.12,100,TWSE_MI_QFIIS_DAILY_FOREIGN_INVESTMENT,2026-08-21T09:59:05.591Z
2020-05-22,2317,鴻海,13862990609,6041669569,43.58,7821321040,56.41,100,TWSE_MI_QFIIS_DAILY_FOREIGN_INVESTMENT,2026-08-21T09:59:05.591Z
2020-05-22,2330,台積電,25930380458,19585899860,75.53,6344480598,24.46,100,TWSE_MI_QFIIS_DAILY_FOREIGN_INVESTMENT,2026-08-21T09:59:05.591Z
2020-05-22,2454,聯發科,1588850262,1056136368,66.47,532713894,33.52,100,TWSE_MI_QFIIS_DAILY_FOREIGN_INVESTMENT,2026-08-21T09:59:05.591Z
2020-05-25,0050,元大台灣50,1030500000,100544542,9.75,929955458,90.24,100,TWSE_MI_QFIIS_DAILY_FOREIGN_INVESTMENT,2026-08-21T09:59:05.591Z
2020-05-25,2317,鴻海,13862990609,6031656431,43.5,7831334178,56.49,100,TWSE_MI_QFIIS_DAILY_FOREIGN_INVESTMENT,2026-08-21T09:59:05.591Z
2020-05-25,2330,台積電,25930380458,19575662128,75.49,6354718330,24.5,100,TWSE_MI_QFIIS_DAILY_FOREIGN_INVESTMENT,2026-08-21T09:59:05.591Z
2020-05-25,2454,聯發科,1588850262,1059742275,66.69,529107987,33.3,100,TWSE_MI_QFIIS_DAILY_FOREIGN_INVESTMENT,2026-08-21T09:59:05.591Z
2020-05-26,0050,元大台灣50,1030500000,106248574,10.31,924251426,89.68,100,TWSE_MI_QFIIS_DAILY_FOREIGN_INVESTMENT,2026-08-21T09:59:05.591Z
2020-05-26,2317,鴻海,13862990609,6037624167,43.55,7825366442,56.44,100,TWSE_MI_QFIIS_DAILY_FOREIGN_INVESTMENT,2026-08-21T09:59:05.591Z
2020-05-26,2330,台積電,25930380458,19591508776,75.55,6338871682,24.44,100,TWSE_MI_QFIIS_DAILY_FOREIGN_INVESTMENT,2026-08-21T09:59:05.591Z
2020-05-26,2454,聯發科,1588850262,1061666184,66.81,527184078,33.18,100,TWSE_MI_QFIIS_DAILY_FOREIGN_INVESTMENT,2026-08-21T09:59:05.591Z
2020-05-27,0050,元大台灣50,1030500000,106891577,10.37,923608423,89.62,100,TWSE_MI_QFIIS_DAILY_FOREIGN_INVESTMENT,2026-08-21T09:59:05.591Z
2020-05-27,2317,鴻海,13862990609,6040555717,43.57,7822434892,56.42,100,TWSE_MI_QFIIS_DAILY_FOREIGN_INVESTMENT,2026-08-21T09:59:05.591Z
2020-05-27,2330,台積電,25930380458,19595540753,75.56,6334839705,24.43,100,TWSE_MI_QFIIS_DAILY_FOREIGN_INVESTMENT,2026-08-21T09:59:05.591Z
2020-05-27,2454,聯發科,1588850262,1062997159,66.9,525853103,33.09,100,TWSE_MI_QFIIS_DAILY_FOREIGN_INVESTMENT,2026-08-21T09:59:05.591Z
2020-05-28,0050,元大台灣50,1030500000,106311577,10.31,924188423,89.68,100,TWSE_MI_QFIIS_DAILY_FOREIGN_INVESTMENT,2026-08-21T09:59:05.591Z
2020-05-28,2317,鴻海,13862990609,6035463924,43.53,7827526685,56.46,100,TWSE_MI_QFIIS_DAILY_FOREIGN_INVESTMENT,2026-08-21T09:59:05.591Z
2020-05-28,2330,台積電,25930380458,19595561846,75.56,6334818612,24.43,100,TWSE_MI_QFIIS_DAILY_FOREIGN_INVESTMENT,2026-08-21T09:59:05.591Z
2020-05-28,2454,聯發科,1588850262,1062418235,66.86,526432027,33.13,100,TWSE_MI_QFIIS_DAILY_FOREIGN_INVESTMENT,2026-08-21T09:59:05.591Z
2020-05-29,0050,元大台灣50,1030500000,105602577,10.24,924897423,89.75,100,TWSE_MI_QFIIS_DAILY_FOREIGN_INVESTMENT,2026-08-21T09:59:05.591Z
2020-05-29,2317,鴻海,13862990609,6037912388,43.55,7825078221,56.44,100,TWSE_MI_QFIIS_DAILY_FOREIGN_INVESTMENT,2026-08-21T09:59:05.591Z
2020-05-29,2330,台積電,25930380458,19574374893,75.48,6356005565,24.51,100,TWSE_MI_QFIIS_DAILY_FOREIGN_INVESTMENT,2026-08-21T09:59:05.591Z
2020-05-29,2454,聯發科,1588850262,1062290074,66.85,526560188,33.14,100,TWSE_MI_QFIIS_DAILY_FOREIGN_INVESTMENT,2026-08-21T09:59:05.591Z
2020-06-01,0050,元大台灣50,1030500000,105723577,10.25,924776423,89.74,100,TWSE_MI_QFIIS_DAILY_FOREIGN_INVESTMENT,2026-08-21T09:59:05.591Z
2020-06-01,2317,鴻海,13862990609,6047929342,43.62,7815061267,56.37,100,TWSE_MI_QFIIS_DAILY_FOREIGN_INVESTMENT,2026-08-21T09:59:05.591Z
2020-06-01,2330,台積電,25930380458,19583486532,75.52,6346893926,24.47,100,TWSE_MI_QFIIS_DAILY_FOREIGN_INVESTMENT,2026-08-21T09:59:05.591Z
2020-06-01,2454,聯發科,1588850262,1062712654,66.88,526137608,33.11,100,TWSE_MI_QFIIS_DAILY_FOREIGN_INVESTMENT,2026-08-21T09:59:05.591Z
2020-06-02,0050,元大台灣50,1026500000,111301612,10.84,915198388,89.15,100,TWSE_MI_QFIIS_DAILY_FOREIGN_INVESTMENT,2026-08-21T09:59:05.591Z
2020-06-02,2317,鴻海,13862990609,6057477276,43.69,7805513333,56.3,100,TWSE_MI_QFIIS_DAILY_FOREIGN_INVESTMENT,2026-08-21T09:59:05.591Z
2020-06-02,2330,台積電,25930380458,19587900657,75.54,6342479801,24.45,100,TWSE_MI_QFIIS_DAILY_FOREIGN_INVESTMENT,2026-08-21T09:59:05.591Z
2020-06-02,2454,聯發科,1588850262,1068853961,67.27,519996301,32.72,100,TWSE_MI_QFIIS_DAILY_FOREIGN_INVESTMENT,2026-08-21T09:59:05.591Z
2020-06-03,0050,元大台灣50,1026500000,117814611,11.47,908685389,88.52,100,TWSE_MI_QFIIS_DAILY_FOREIGN_INVESTMENT,2026-08-21T09:59:05.591Z
2020-06-03,2317,鴻海,13862990609,6067714898,43.76,7795275711,56.23,100,TWSE_MI_QFIIS_DAILY_FOREIGN_INVESTMENT,2026-08-21T09:59:05.591Z
2020-06-03,2330,台積電,25930380458,19601614138,75.59,6328766320,24.4,100,TWSE_MI_QFIIS_DAILY_FOREIGN_INVESTMENT,2026-08-21T09:59:05.591Z
2020-06-03,2454,聯發科,1588850262,1071338309,67.42,517511953,32.57,100,TWSE_MI_QFIIS_DAILY_FOREIGN_INVESTMENT,2026-08-21T09:59:05.591Z
2020-06-04,0050,元大台灣50,1023500000,116455611,11.37,907044389,88.62,100,TWSE_MI_QFIIS_DAILY_FOREIGN_INVESTMENT,2026-08-21T09:59:05.591Z
2020-06-04,2317,鴻海,13862990609,6063890420,43.74,7799100189,56.25,100,TWSE_MI_QFIIS_DAILY_FOREIGN_INVESTMENT,2026-08-21T09:59:05.591Z
2020-06-04,2330,台積電,25930380458,19617138104,75.65,6313242354,24.34,100,TWSE_MI_QFIIS_DAILY_FOREIGN_INVESTMENT,2026-08-21T09:59:05.591Z
2020-06-04,2454,聯發科,1588850262,1070901736,67.4,517948526,32.59,100,TWSE_MI_QFIIS_DAILY_FOREIGN_INVESTMENT,2026-08-21T09:59:05.591Z
2020-06-05,0050,元大台灣50,1023500000,116405236,11.37,907094764,88.62,100,TWSE_MI_QFIIS_DAILY_FOREIGN_INVESTMENT,2026-08-21T09:59:05.591Z
2020-06-05,2317,鴻海,13862990609,6060653870,43.71,7802336739,56.28,100,TWSE_MI_QFIIS_DAILY_FOREIGN_INVESTMENT,2026-08-21T09:59:05.591Z
2020-06-05,2330,台積電,25930380458,19637089424,75.73,6293291034,24.26,100,TWSE_MI_QFIIS_DAILY_FOREIGN_INVESTMENT,2026-08-21T09:59:05.591Z
2020-06-05,2454,聯發科,1588850262,1071195122,67.41,517655140,32.58,100,TWSE_MI_QFIIS_DAILY_FOREIGN_INVESTMENT,2026-08-21T09:59:05.591Z
2020-06-08,0050,元大台灣50,1073000000,120443156,11.22,952556844,88.77,100,TWSE_MI_QFIIS_DAILY_FOREIGN_INVESTMENT,2026-08-21T09:59:05.591Z
2020-06-08,2317,鴻海,13862990609,6066893618,43.76,7796096991,56.23,100,TWSE_MI_QFIIS_DAILY_FOREIGN_INVESTMENT,2026-08-21T09:59:05.591Z
2020-06-08,2330,台積電,25930380458,19648760289,75.77,6281620169,24.22,100,TWSE_MI_QFIIS_DAILY_FOREIGN_INVESTMENT,2026-08-21T09:59:05.591Z
2020-06-08,2454,聯發科,1588850262,1071821541,67.45,517028721,32.54,100,TWSE_MI_QFIIS_DAILY_FOREIGN_INVESTMENT,2026-08-21T09:59:05.591Z
2020-06-09,0050,元大台灣50,1138500000,191556976,16.82,946943024,83.17,100,TWSE_MI_QFIIS_DAILY_FOREIGN_INVESTMENT,2026-08-21T09:59:05.591Z
2020-06-09,2317,鴻海,13862990609,6065907553,43.75,7797083056,56.24,100,TWSE_MI_QFIIS_DAILY_FOREIGN_INVESTMENT,2026-08-21T09:59:05.591Z
2020-06-09,2330,台積電,25930380458,19649844829,75.77,6280535629,24.22,100,TWSE_MI_QFIIS_DAILY_FOREIGN_INVESTMENT,2026-08-21T09:59:05.591Z
2020-06-09,2454,聯發科,1588850262,1072551245,67.5,516299017,32.49,100,TWSE_MI_QFIIS_DAILY_FOREIGN_INVESTMENT,2026-08-21T09:59:05.591Z
2020-06-10,0050,元大台灣50,1138500000,245280326,21.54,893219674,78.45,100,TWSE_MI_QFIIS_DAILY_FOREIGN_INVESTMENT,2026-08-21T09:59:05.591Z
2020-06-10,2317,鴻海,13862990609,6071589554,43.79,7791401055,56.2,100,TWSE_MI_QFIIS_DAILY_FOREIGN_INVESTMENT,2026-08-21T09:59:05.591Z
2020-06-10,2330,台積電,25930380458,19653016434,75.79,6277364024,24.2,100,TWSE_MI_QFIIS_DAILY_FOREIGN_INVESTMENT,2026-08-21T09:59:05.591Z
2020-06-10,2454,聯發科,1588850262,1074262333,67.61,514587929,32.38,100,TWSE_MI_QFIIS_DAILY_FOREIGN_INVESTMENT,2026-08-21T09:59:05.591Z
2020-06-11,0050,元大台灣50,1185500000,263310582,22.21,922189418,77.78,100,TWSE_MI_QFIIS_DAILY_FOREIGN_INVESTMENT,2026-08-21T09:59:05.591Z
2020-06-11,2317,鴻海,13862990609,6076843525,43.83,7786147084,56.16,100,TWSE_MI_QFIIS_DAILY_FOREIGN_INVESTMENT,2026-08-21T09:59:05.591Z
2020-06-11,2330,台積電,25930380458,19667790928,75.84,6262589530,24.15,100,TWSE_MI_QFIIS_DAILY_FOREIGN_INVESTMENT,2026-08-21T09:59:05.591Z
2020-06-11,2454,聯發科,1588850262,1074035103,67.59,514815159,32.4,100,TWSE_MI_QFIIS_DAILY_FOREIGN_INVESTMENT,2026-08-21T09:59:05.591Z
2020-06-12,0050,元大台灣50,1301500000,389290482,29.91,912209518,70.08,100,TWSE_MI_QFIIS_DAILY_FOREIGN_INVESTMENT,2026-08-21T09:59:05.591Z
2020-06-12,2317,鴻海,13862990609,6072467542,43.8,7790523067,56.19,100,TWSE_MI_QFIIS_DAILY_FOREIGN_INVESTMENT,2026-08-21T09:59:05.591Z
2020-06-12,2330,台積電,25930380458,19659328115,75.81,6271052343,24.18,100,TWSE_MI_QFIIS_DAILY_FOREIGN_INVESTMENT,2026-08-21T09:59:05.591Z
2020-06-12,2454,聯發科,1588850262,1073135921,67.54,515714341,32.45,100,TWSE_MI_QFIIS_DAILY_FOREIGN_INVESTMENT,2026-08-21T09:59:05.591Z
2020-06-15,0050,元大台灣50,1384000000,453324607,32.75,930675393,67.24,100,TWSE_MI_QFIIS_DAILY_FOREIGN_INVESTMENT,2026-08-21T09:59:05.591Z
2020-06-15,2317,鴻海,13862990609,6062200699,43.72,7800789910,56.27,100,TWSE_MI_QFIIS_DAILY_FOREIGN_INVESTMENT,2026-08-21T09:59:05.591Z
2020-06-15,2330,台積電,25930380458,19644810283,75.75,6285570175,24.24,100,TWSE_MI_QFIIS_DAILY_FOREIGN_INVESTMENT,2026-08-21T09:59:05.591Z
2020-06-15,2454,聯發科,1588850262,1073062029,67.53,515788233,32.46,100,TWSE_MI_QFIIS_DAILY_FOREIGN_INVESTMENT,2026-08-21T09:59:05.591Z
2020-06-16,0050,元大台灣50,1433000000,508873696,35.51,924126304,64.48,100,TWSE_MI_QFIIS_DAILY_FOREIGN_INVESTMENT,2026-08-21T09:59:05.591Z
2020-06-16,2317,鴻海,13862990609,6066700637,43.76,7796289972,56.23,100,TWSE_MI_QFIIS_DAILY_FOREIGN_INVESTMENT,2026-08-21T09:59:05.591Z
2020-06-16,2330,台積電,25930380458,19649913472,75.77,6280466986,24.22,100,TWSE_MI_QFIIS_DAILY_FOREIGN_INVESTMENT,2026-08-21T09:59:05.591Z
2020-06-16,2454,聯發科,1588850262,1077050739,67.78,511799523,32.21,100,TWSE_MI_QFIIS_DAILY_FOREIGN_INVESTMENT,2026-08-21T09:59:05.591Z
2020-06-17,0050,元大台灣50,1467000000,560690696,38.22,906309304,61.77,100,TWSE_MI_QFIIS_DAILY_FOREIGN_INVESTMENT,2026-08-21T09:59:05.591Z
2020-06-17,2317,鴻海,13862990609,6061025288,43.72,7801965321,56.27,100,TWSE_MI_QFIIS_DAILY_FOREIGN_INVESTMENT,2026-08-21T09:59:05.591Z
2020-06-17,2330,台積電,25930380458,19649391481,75.77,6280988977,24.22,100,TWSE_MI_QFIIS_DAILY_FOREIGN_INVESTMENT,2026-08-21T09:59:05.591Z
2020-06-17,2454,聯發科,1588850262,1076121267,67.72,512728995,32.27,100,TWSE_MI_QFIIS_DAILY_FOREIGN_INVESTMENT,2026-08-21T09:59:05.591Z
2020-06-18,0050,元大台灣50,1467000000,593036806,40.42,873963194,59.57,100,TWSE_MI_QFIIS_DAILY_FOREIGN_INVESTMENT,2026-08-21T09:59:05.591Z
2020-06-18,2317,鴻海,13862990609,6056363693,43.68,7806626916,56.31,100,TWSE_MI_QFIIS_DAILY_FOREIGN_INVESTMENT,2026-08-21T09:59:05.591Z
2020-06-18,2330,台積電,25930380458,19650636017,75.78,6279744441,24.21,100,TWSE_MI_QFIIS_DAILY_FOREIGN_INVESTMENT,2026-08-21T09:59:05.591Z
2020-06-18,2454,聯發科,1588850262,1075938557,67.71,512911705,32.28,100,TWSE_MI_QFIIS_DAILY_FOREIGN_INVESTMENT,2026-08-21T09:59:05.591Z
2020-06-19,0050,元大台灣50,1467000000,592804861,40.4,874195139,59.59,100,TWSE_MI_QFIIS_DAILY_FOREIGN_INVESTMENT,2026-08-21T09:59:05.591Z
2020-06-19,2317,鴻海,13862990609,6061683014,43.72,7801307595,56.27,100,TWSE_MI_QFIIS_DAILY_FOREIGN_INVESTMENT,2026-08-21T09:59:05.591Z
2020-06-19,2330,台積電,25930380458,19651336295,75.78,6279044163,24.21,100,TWSE_MI_QFIIS_DAILY_FOREIGN_INVESTMENT,2026-08-21T09:59:05.591Z
2020-06-19,2454,聯發科,1588850262,1077865273,67.83,510984989,32.16,100,TWSE_MI_QFIIS_DAILY_FOREIGN_INVESTMENT,2026-08-21T09:59:05.591Z
2020-06-22,0050,元大台灣50,1314000000,609569861,46.39,704430139,53.6,100,TWSE_MI_QFIIS_DAILY_FOREIGN_INVESTMENT,2026-08-21T09:59:05.591Z
2020-06-22,2317,鴻海,13862990609,6062743992,43.73,7800246617,56.26,100,TWSE_MI_QFIIS_DAILY_FOREIGN_INVESTMENT,2026-08-21T09:59:05.591Z
2020-06-22,2330,台積電,25930380458,19658765030,75.81,6271615428,24.18,100,TWSE_MI_QFIIS_DAILY_FOREIGN_INVESTMENT,2026-08-21T09:59:05.591Z
2020-06-22,2454,聯發科,1588850262,1074395881,67.62,514454381,32.37,100,TWSE_MI_QFIIS_DAILY_FOREIGN_INVESTMENT,2026-08-21T09:59:05.591Z
2020-06-23,0050,元大台灣50,1314000000,439861861,33.47,874138139,66.52,100,TWSE_MI_QFIIS_DAILY_FOREIGN_INVESTMENT,2026-08-21T09:59:05.591Z
2020-06-23,2317,鴻海,13862990609,6080776312,43.86,7782214297,56.13,100,TWSE_MI_QFIIS_DAILY_FOREIGN_INVESTMENT,2026-08-21T09:59:05.591Z
2020-06-23,2330,台積電,25930380458,19696683176,75.95,6233697282,24.04,100,TWSE_MI_QFIIS_DAILY_FOREIGN_INVESTMENT,2026-08-21T09:59:05.591Z
2020-06-23,2454,聯發科,1588850262,1073919777,67.59,514930485,32.4,100,TWSE_MI_QFIIS_DAILY_FOREIGN_INVESTMENT,2026-08-21T09:59:05.591Z
2020-06-24,0050,元大台灣50,1314000000,444728986,33.84,869271014,66.15,100,TWSE_MI_QFIIS_DAILY_FOREIGN_INVESTMENT,2026-08-21T09:59:05.591Z
2020-06-24,2317,鴻海,13862990609,6118941477,44.13,7744049132,55.86,100,TWSE_MI_QFIIS_DAILY_FOREIGN_INVESTMENT,2026-08-21T09:59:05.591Z
2020-06-24,2330,台積電,25930380458,19720772901,76.05,6209607557,23.94,100,TWSE_MI_QFIIS_DAILY_FOREIGN_INVESTMENT,2026-08-21T09:59:05.591Z
2020-06-24,2454,聯發科,1588850262,1073544118,67.56,515306144,32.43,100,TWSE_MI_QFIIS_DAILY_FOREIGN_INVESTMENT,2026-08-21T09:59:05.591Z
2020-06-29,0050,元大台灣50,1314000000,444473516,33.82,869526484,66.17,100,TWSE_MI_QFIIS_DAILY_FOREIGN_INVESTMENT,2026-08-21T09:59:05.591Z
2020-06-29,2317,鴻海,13862990609,6146562980,44.33,7716427629,55.66,100,TWSE_MI_QFIIS_DAILY_FOREIGN_INVESTMENT,2026-08-21T09:59:05.591Z
2020-06-29,2330,台積電,25930380458,19713391674,76.02,6216988784,23.97,100,TWSE_MI_QFIIS_DAILY_FOREIGN_INVESTMENT,2026-08-21T09:59:05.591Z
2020-06-29,2454,聯發科,1588850262,1070857517,67.39,517992745,32.6,100,TWSE_MI_QFIIS_DAILY_FOREIGN_INVESTMENT,2026-08-21T09:59:05.591Z
2020-06-30,0050,元大台灣50,1331000000,464186519,34.87,866813481,65.12,100,TWSE_MI_QFIIS_DAILY_FOREIGN_INVESTMENT,2026-08-21T09:59:05.591Z
2020-06-30,2317,鴻海,13862990609,6169186435,44.5,7693804174,55.49,100,TWSE_MI_QFIIS_DAILY_FOREIGN_INVESTMENT,2026-08-21T09:59:05.591Z
2020-06-30,2330,台積電,25930380458,19722703041,76.06,6207677417,23.93,100,TWSE_MI_QFIIS_DAILY_FOREIGN_INVESTMENT,2026-08-21T09:59:05.591Z
2020-06-30,2454,聯發科,1588850262,1069772795,67.32,519077467,32.67,100,TWSE_MI_QFIIS_DAILY_FOREIGN_INVESTMENT,2026-08-21T09:59:05.591Z
2020-07-01,0050,元大台灣50,1331000000,469989519,35.31,861010481,64.68,100,TWSE_MI_QFIIS_DAILY_FOREIGN_INVESTMENT,2026-08-21T09:59:05.591Z
2020-07-01,2317,鴻海,13862990609,6177494529,44.56,7685496080,55.43,100,TWSE_MI_QFIIS_DAILY_FOREIGN_INVESTMENT,2026-08-21T09:59:05.591Z
2020-07-01,2330,台積電,25930380458,19731795898,76.09,6198584560,23.9,100,TWSE_MI_QFIIS_DAILY_FOREIGN_INVESTMENT,2026-08-21T09:59:05.591Z
2020-07-01,2454,聯發科,1588850262,1069100009,67.28,519750253,32.71,100,TWSE_MI_QFIIS_DAILY_FOREIGN_INVESTMENT,2026-08-21T09:59:05.591Z
2020-07-02,0050,元大台灣50,1331000000,473579519,35.58,857420481,64.41,100,TWSE_MI_QFIIS_DAILY_FOREIGN_INVESTMENT,2026-08-21T09:59:05.591Z
2020-07-02,2317,鴻海,13862990609,6175356085,44.54,7687634524,55.45,100,TWSE_MI_QFIIS_DAILY_FOREIGN_INVESTMENT,2026-08-21T09:59:05.591Z
2020-07-02,2330,台積電,25930380458,19738540961,76.12,6191839497,23.87,100,TWSE_MI_QFIIS_DAILY_FOREIGN_INVESTMENT,2026-08-21T09:59:05.591Z
2020-07-02,2454,聯發科,1588850262,1067847763,67.2,521002499,32.79,100,TWSE_MI_QFIIS_DAILY_FOREIGN_INVESTMENT,2026-08-21T09:59:05.591Z
2020-07-03,0050,元大台灣50,1331000000,480082519,36.06,850917481,63.93,100,TWSE_MI_QFIIS_DAILY_FOREIGN_INVESTMENT,2026-08-21T09:59:05.591Z
2020-07-03,2317,鴻海,13862990609,6177587500,44.56,7685403109,55.43,100,TWSE_MI_QFIIS_DAILY_FOREIGN_INVESTMENT,2026-08-21T09:59:05.591Z
2020-07-03,2330,台積電,25930380458,19763627710,76.21,6166752748,23.78,100,TWSE_MI_QFIIS_DAILY_FOREIGN_INVESTMENT,2026-08-21T09:59:05.591Z
2020-07-03,2454,聯發科,1588850262,1067706137,67.19,521144125,32.8,100,TWSE_MI_QFIIS_DAILY_FOREIGN_INVESTMENT,2026-08-21T09:59:05.591Z
2020-07-06,0050,元大台灣50,1331000000,481991439,36.21,849008561,63.78,100,TWSE_MI_QFIIS_DAILY_FOREIGN_INVESTMENT,2026-08-21T09:59:05.591Z
2020-07-06,2317,鴻海,13862990609,6193263509,44.67,7669727100,55.32,100,TWSE_MI_QFIIS_DAILY_FOREIGN_INVESTMENT,2026-08-21T09:59:05.591Z
2020-07-06,2330,台積電,25930380458,19776307776,76.26,6154072682,23.73,100,TWSE_MI_QFIIS_DAILY_FOREIGN_INVESTMENT,2026-08-21T09:59:05.591Z
2020-07-06,2454,聯發科,1588850262,1066590018,67.12,522260244,32.87,100,TWSE_MI_QFIIS_DAILY_FOREIGN_INVESTMENT,2026-08-21T09:59:05.591Z
2020-07-07,0050,元大台灣50,1331000000,524718961,39.42,806281039,60.57,100,TWSE_MI_QFIIS_DAILY_FOREIGN_INVESTMENT,2026-08-21T09:59:05.591Z
2020-07-07,2317,鴻海,13862990609,6206196045,44.76,7656794564,55.23,100,TWSE_MI_QFIIS_DAILY_FOREIGN_INVESTMENT,2026-08-21T09:59:05.591Z
2020-07-07,2330,台積電,25930380458,19788082692,76.31,6142297766,23.68,100,TWSE_MI_QFIIS_DAILY_FOREIGN_INVESTMENT,2026-08-21T09:59:05.591Z
2020-07-07,2454,聯發科,1588850262,1066696069,67.13,522154193,32.86,100,TWSE_MI_QFIIS_DAILY_FOREIGN_INVESTMENT,2026-08-21T09:59:05.591Z
2020-07-08,0050,元大台灣50,1331000000,528714013,39.72,802285987,60.27,100,TWSE_MI_QFIIS_DAILY_FOREIGN_INVESTMENT,2026-08-21T09:59:05.591Z
2020-07-08,2317,鴻海,13862990609,6210745152,44.8,7652245457,55.19,100,TWSE_MI_QFIIS_DAILY_FOREIGN_INVESTMENT,2026-08-21T09:59:05.591Z
2020-07-08,2330,台積電,25930380458,19787016116,76.3,6143364342,23.69,100,TWSE_MI_QFIIS_DAILY_FOREIGN_INVESTMENT,2026-08-21T09:59:05.591Z
2020-07-08,2454,聯發科,1588850262,1064565717,67,524284545,32.99,100,TWSE_MI_QFIIS_DAILY_FOREIGN_INVESTMENT,2026-08-21T09:59:05.591Z
2020-07-09,0050,元大台灣50,1326000000,525938013,39.66,800061987,60.33,100,TWSE_MI_QFIIS_DAILY_FOREIGN_INVESTMENT,2026-08-21T09:59:05.591Z
2020-07-09,2317,鴻海,13862990609,6206338733,44.76,7656651876,55.23,100,TWSE_MI_QFIIS_DAILY_FOREIGN_INVESTMENT,2026-08-21T09:59:05.591Z
2020-07-09,2330,台積電,25930380458,19798923117,76.35,6131457341,23.64,100,TWSE_MI_QFIIS_DAILY_FOREIGN_INVESTMENT,2026-08-21T09:59:05.591Z
2020-07-09,2454,聯發科,1588850262,1059223205,66.66,529627057,33.33,100,TWSE_MI_QFIIS_DAILY_FOREIGN_INVESTMENT,2026-08-21T09:59:05.591Z
2020-07-10,0050,元大台灣50,1325500000,529783663,39.96,795716337,60.03,100,TWSE_MI_QFIIS_DAILY_FOREIGN_INVESTMENT,2026-08-21T09:59:05.591Z
2020-07-10,2317,鴻海,13862990609,6212908415,44.81,7650082194,55.18,100,TWSE_MI_QFIIS_DAILY_FOREIGN_INVESTMENT,2026-08-21T09:59:05.591Z
2020-07-10,2330,台積電,25930380458,19822884766,76.44,6107495692,23.55,100,TWSE_MI_QFIIS_DAILY_FOREIGN_INVESTMENT,2026-08-21T09:59:05.591Z
2020-07-10,2454,聯發科,1588850262,1056145813,66.47,532704449,33.52,100,TWSE_MI_QFIIS_DAILY_FOREIGN_INVESTMENT,2026-08-21T09:59:05.591Z
2020-07-13,0050,元大台灣50,1315500000,525485694,39.94,790014306,60.05,100,TWSE_MI_QFIIS_DAILY_FOREIGN_INVESTMENT,2026-08-21T09:59:05.591Z
2020-07-13,2317,鴻海,13862990609,6228508467,44.92,7634482142,55.07,100,TWSE_MI_QFIIS_DAILY_FOREIGN_INVESTMENT,2026-08-21T09:59:05.591Z
2020-07-13,2330,台積電,25930380458,19828910719,76.46,6101469739,23.53,100,TWSE_MI_QFIIS_DAILY_FOREIGN_INVESTMENT,2026-08-21T09:59:05.591Z
2020-07-13,2454,聯發科,1588850262,1057115321,66.53,531734941,33.46,100,TWSE_MI_QFIIS_DAILY_FOREIGN_INVESTMENT,2026-08-21T09:59:05.591Z
2020-07-14,0050,元大台灣50,1314000000,532739745,40.54,781260255,59.45,100,TWSE_MI_QFIIS_DAILY_FOREIGN_INVESTMENT,2026-08-21T09:59:05.591Z
2020-07-14,2317,鴻海,13862990609,6226036675,44.91,7636953934,55.08,100,TWSE_MI_QFIIS_DAILY_FOREIGN_INVESTMENT,2026-08-21T09:59:05.591Z
2020-07-14,2330,台積電,25930380458,19826175163,76.45,6104205295,23.54,100,TWSE_MI_QFIIS_DAILY_FOREIGN_INVESTMENT,2026-08-21T09:59:05.591Z
2020-07-14,2454,聯發科,1588850262,1055824073,66.45,533026189,33.54,100,TWSE_MI_QFIIS_DAILY_FOREIGN_INVESTMENT,2026-08-21T09:59:05.591Z
2020-07-15,0050,元大台灣50,1196000000,421230096,35.21,774769904,64.78,100,TWSE_MI_QFIIS_DAILY_FOREIGN_INVESTMENT,2026-08-21T09:59:05.591Z
2020-07-15,2317,鴻海,13862990609,6225567332,44.9,7637423277,55.09,100,TWSE_MI_QFIIS_DAILY_FOREIGN_INVESTMENT,2026-08-21T09:59:05.591Z
2020-07-15,2330,台積電,25930380458,19837375376,76.5,6093005082,23.49,100,TWSE_MI_QFIIS_DAILY_FOREIGN_INVESTMENT,2026-08-21T09:59:05.591Z
2020-07-15,2454,聯發科,1588850262,1058284085,66.6,530566177,33.39,100,TWSE_MI_QFIIS_DAILY_FOREIGN_INVESTMENT,2026-08-21T09:59:05.591Z
2020-07-16,0050,元大台灣50,1178500000,404183550,34.29,774316450,65.7,100,TWSE_MI_QFIIS_DAILY_FOREIGN_INVESTMENT,2026-08-21T09:59:05.591Z
2020-07-16,2317,鴻海,13862990609,6230010397,44.93,7632980212,55.06,100,TWSE_MI_QFIIS_DAILY_FOREIGN_INVESTMENT,2026-08-21T09:59:05.591Z
2020-07-16,2330,台積電,25930380458,19821953615,76.44,6108426843,23.55,100,TWSE_MI_QFIIS_DAILY_FOREIGN_INVESTMENT,2026-08-21T09:59:05.591Z
2020-07-16,2454,聯發科,1588850262,1056759059,66.51,532091203,33.48,100,TWSE_MI_QFIIS_DAILY_FOREIGN_INVESTMENT,2026-08-21T09:59:05.591Z
2020-07-17,0050,元大台灣50,1143500000,382018550,33.4,761481450,66.59,100,TWSE_MI_QFIIS_DAILY_FOREIGN_INVESTMENT,2026-08-21T09:59:05.591Z
2020-07-17,2317,鴻海,13862990609,6206960852,44.77,7656029757,55.22,100,TWSE_MI_QFIIS_DAILY_FOREIGN_INVESTMENT,2026-08-21T09:59:05.591Z
2020-07-17,2330,台積電,25930380458,19835864154,76.49,6094516304,23.5,100,TWSE_MI_QFIIS_DAILY_FOREIGN_INVESTMENT,2026-08-21T09:59:05.591Z
2020-07-17,2454,聯發科,1588850262,1060244698,66.73,528605564,33.26,100,TWSE_MI_QFIIS_DAILY_FOREIGN_INVESTMENT,2026-08-21T09:59:05.591Z
2020-07-20,0050,元大台灣50,1122500000,364079461,32.43,758420539,67.56,100,TWSE_MI_QFIIS_DAILY_FOREIGN_INVESTMENT,2026-08-21T09:59:05.591Z
2020-07-20,2317,鴻海,13862990609,6196735303,44.69,7666255306,55.3,100,TWSE_MI_QFIIS_DAILY_FOREIGN_INVESTMENT,2026-08-21T09:59:05.591Z
2020-07-20,2330,台積電,25930380458,19840632576,76.51,6089747882,23.48,100,TWSE_MI_QFIIS_DAILY_FOREIGN_INVESTMENT,2026-08-21T09:59:05.591Z
2020-07-20,2454,聯發科,1588850262,1061009911,66.77,527840351,33.22,100,TWSE_MI_QFIIS_DAILY_FOREIGN_INVESTMENT,2026-08-21T09:59:05.591Z
2020-07-21,0050,元大台灣50,1139500000,398126481,34.93,741373519,65.06,100,TWSE_MI_QFIIS_DAILY_FOREIGN_INVESTMENT,2026-08-21T09:59:05.591Z
2020-07-21,2317,鴻海,13862990609,6179896405,44.57,7683094204,55.42,100,TWSE_MI_QFIIS_DAILY_FOREIGN_INVESTMENT,2026-08-21T09:59:05.591Z
2020-07-21,2330,台積電,25930380458,19856388893,76.57,6073991565,23.42,100,TWSE_MI_QFIIS_DAILY_FOREIGN_INVESTMENT,2026-08-21T09:59:05.591Z
2020-07-21,2454,聯發科,1588850262,1061111936,66.78,527738326,33.21,100,TWSE_MI_QFIIS_DAILY_FOREIGN_INVESTMENT,2026-08-21T09:59:05.591Z
2020-07-22,0050,元大台灣50,1160500000,421361481,36.3,739138519,63.69,100,TWSE_MI_QFIIS_DAILY_FOREIGN_INVESTMENT,2026-08-21T09:59:05.591Z
2020-07-22,2317,鴻海,13862990609,6174821736,44.54,7688168873,55.45,100,TWSE_MI_QFIIS_DAILY_FOREIGN_INVESTMENT,2026-08-21T09:59:05.591Z
2020-07-22,2330,台積電,25930380458,19845000300,76.53,6085380158,23.46,100,TWSE_MI_QFIIS_DAILY_FOREIGN_INVESTMENT,2026-08-21T09:59:05.591Z
2020-07-22,2454,聯發科,1588850262,1059839752,66.7,529010510,33.29,100,TWSE_MI_QFIIS_DAILY_FOREIGN_INVESTMENT,2026-08-21T09:59:05.591Z
2020-07-23,0050,元大台灣50,1149500000,414110981,36.02,735389019,63.97,100,TWSE_MI_QFIIS_DAILY_FOREIGN_INVESTMENT,2026-08-21T09:59:05.591Z
2020-07-23,2317,鴻海,13862990609,6185737716,44.62,7677252893,55.37,100,TWSE_MI_QFIIS_DAILY_FOREIGN_INVESTMENT,2026-08-21T09:59:05.591Z
2020-07-23,2330,台積電,25930380458,19832527564,76.48,6097852894,23.51,100,TWSE_MI_QFIIS_DAILY_FOREIGN_INVESTMENT,2026-08-21T09:59:05.591Z
2020-07-23,2454,聯發科,1588850262,1060069468,66.71,528780794,33.28,100,TWSE_MI_QFIIS_DAILY_FOREIGN_INVESTMENT,2026-08-21T09:59:05.591Z
2020-07-24,0050,元大台灣50,1145000000,418494981,36.54,726505019,63.45,100,TWSE_MI_QFIIS_DAILY_FOREIGN_INVESTMENT,2026-08-21T09:59:05.591Z
2020-07-24,2317,鴻海,13862990609,6174237306,44.53,7688753303,55.46,100,TWSE_MI_QFIIS_DAILY_FOREIGN_INVESTMENT,2026-08-21T09:59:05.591Z
2020-07-24,2330,台積電,25930380458,19845972060,76.53,6084408398,23.46,100,TWSE_MI_QFIIS_DAILY_FOREIGN_INVESTMENT,2026-08-21T09:59:05.591Z
2020-07-24,2454,聯發科,1588850262,1059123052,66.65,529727210,33.34,100,TWSE_MI_QFIIS_DAILY_FOREIGN_INVESTMENT,2026-08-21T09:59:05.591Z
2020-07-27,0050,元大台灣50,1144000000,429637058,37.55,714362942,62.44,100,TWSE_MI_QFIIS_DAILY_FOREIGN_INVESTMENT,2026-08-21T09:59:05.591Z
2020-07-27,2317,鴻海,13862990609,6186303155,44.62,7676687454,55.37,100,TWSE_MI_QFIIS_DAILY_FOREIGN_INVESTMENT,2026-08-21T09:59:05.591Z
2020-07-27,2330,台積電,25930380458,19864902941,76.6,6065477517,23.39,100,TWSE_MI_QFIIS_DAILY_FOREIGN_INVESTMENT,2026-08-21T09:59:05.591Z
2020-07-27,2454,聯發科,1588850262,1060046868,66.71,528803394,33.28,100,TWSE_MI_QFIIS_DAILY_FOREIGN_INVESTMENT,2026-08-21T09:59:05.591Z
2020-07-28,0050,元大台灣50,1143000000,434391174,38,708608826,61.99,100,TWSE_MI_QFIIS_DAILY_FOREIGN_INVESTMENT,2026-08-21T09:59:05.591Z
2020-07-28,2317,鴻海,13862990609,6193210138,44.67,7669780471,55.32,100,TWSE_MI_QFIIS_DAILY_FOREIGN_INVESTMENT,2026-08-21T09:59:05.591Z
2020-07-28,2330,台積電,25930380458,19863579468,76.6,6066800990,23.39,100,TWSE_MI_QFIIS_DAILY_FOREIGN_INVESTMENT,2026-08-21T09:59:05.591Z
2020-07-28,2454,聯發科,1588850262,1054528813,66.37,534321449,33.62,100,TWSE_MI_QFIIS_DAILY_FOREIGN_INVESTMENT,2026-08-21T09:59:05.591Z
2020-07-29,0050,元大台灣50,1143000000,438756474,38.38,704243526,61.61,100,TWSE_MI_QFIIS_DAILY_FOREIGN_INVESTMENT,2026-08-21T09:59:05.591Z
2020-07-29,2317,鴻海,13862990609,6181905310,44.59,7681085299,55.4,100,TWSE_MI_QFIIS_DAILY_FOREIGN_INVESTMENT,2026-08-21T09:59:05.591Z
2020-07-29,2330,台積電,25930380458,19856300682,76.57,6074079776,23.42,100,TWSE_MI_QFIIS_DAILY_FOREIGN_INVESTMENT,2026-08-21T09:59:05.591Z
2020-07-29,2454,聯發科,1588850262,1053340455,66.29,535509807,33.7,100,TWSE_MI_QFIIS_DAILY_FOREIGN_INVESTMENT,2026-08-21T09:59:05.591Z
2020-07-30,0050,元大台灣50,1143000000,440554475,38.54,702445525,61.45,100,TWSE_MI_QFIIS_DAILY_FOREIGN_INVESTMENT,2026-08-21T09:59:05.591Z
2020-07-30,2317,鴻海,13862990609,6177198980,44.55,7685791629,55.44,100,TWSE_MI_QFIIS_DAILY_FOREIGN_INVESTMENT,2026-08-21T09:59:05.591Z
2020-07-30,2330,台積電,25930380458,19855851316,76.57,6074529142,23.42,100,TWSE_MI_QFIIS_DAILY_FOREIGN_INVESTMENT,2026-08-21T09:59:05.591Z
2020-07-30,2454,聯發科,1588850262,1052415451,66.23,536434811,33.76,100,TWSE_MI_QFIIS_DAILY_FOREIGN_INVESTMENT,2026-08-21T09:59:05.591Z
2020-07-31,0050,元大台灣50,1143000000,440689475,38.55,702310525,61.44,100,TWSE_MI_QFIIS_DAILY_FOREIGN_INVESTMENT,2026-08-21T09:59:05.591Z
2020-07-31,2317,鴻海,13862990609,6172507804,44.52,7690482805,55.47,100,TWSE_MI_QFIIS_DAILY_FOREIGN_INVESTMENT,2026-08-21T09:59:05.591Z
2020-07-31,2330,台積電,25930380458,19839242881,76.5,6091137577,23.49,100,TWSE_MI_QFIIS_DAILY_FOREIGN_INVESTMENT,2026-08-21T09:59:05.591Z
2020-07-31,2454,聯發科,1588850262,1053663528,66.31,535186734,33.68,100,TWSE_MI_QFIIS_DAILY_FOREIGN_INVESTMENT,2026-08-21T09:59:05.591Z
2020-08-03,0050,元大台灣50,1143000000,439750975,38.47,703249025,61.52,100,TWSE_MI_QFIIS_DAILY_FOREIGN_INVESTMENT,2026-08-21T09:59:05.591Z
2020-08-03,2317,鴻海,13862990609,6144896260,44.32,7718094349,55.67,100,TWSE_MI_QFIIS_DAILY_FOREIGN_INVESTMENT,2026-08-21T09:59:05.591Z
2020-08-03,2330,台積電,25930380458,19820982236,76.43,6109398222,23.56,100,TWSE_MI_QFIIS_DAILY_FOREIGN_INVESTMENT,2026-08-21T09:59:05.591Z
2020-08-03,2454,聯發科,1588850262,1049187463,66.03,539662799,33.96,100,TWSE_MI_QFIIS_DAILY_FOREIGN_INVESTMENT,2026-08-21T09:59:05.591Z
2020-08-04,0050,元大台灣50,1143000000,440999003,38.58,702000997,61.41,100,TWSE_MI_QFIIS_DAILY_FOREIGN_INVESTMENT,2026-08-21T09:59:05.591Z
2020-08-04,2317,鴻海,13862990609,6145617022,44.33,7717373587,55.66,100,TWSE_MI_QFIIS_DAILY_FOREIGN_INVESTMENT,2026-08-21T09:59:05.591Z
2020-08-04,2330,台積電,25930380458,19832266139,76.48,6098114319,23.51,100,TWSE_MI_QFIIS_DAILY_FOREIGN_INVESTMENT,2026-08-21T09:59:05.591Z
2020-08-04,2454,聯發科,1588850262,1053046691,66.27,535803571,33.72,100,TWSE_MI_QFIIS_DAILY_FOREIGN_INVESTMENT,2026-08-21T09:59:05.591Z
2020-08-05,0050,元大台灣50,1143000000,441816356,38.65,701183644,61.34,100,TWSE_MI_QFIIS_DAILY_FOREIGN_INVESTMENT,2026-08-21T09:59:05.591Z
2020-08-05,2317,鴻海,13862990609,6142391884,44.3,7720598725,55.69,100,TWSE_MI_QFIIS_DAILY_FOREIGN_INVESTMENT,2026-08-21T09:59:05.591Z
2020-08-05,2330,台積電,25930380458,19831329216,76.47,6099051242,23.52,100,TWSE_MI_QFIIS_DAILY_FOREIGN_INVESTMENT,2026-08-21T09:59:05.591Z
2020-08-05,2454,聯發科,1588850262,1051890518,66.2,536959744,33.79,100,TWSE_MI_QFIIS_DAILY_FOREIGN_INVESTMENT,2026-08-21T09:59:05.591Z
2020-08-06,0050,元大台灣50,1143000000,443032406,38.76,699967594,61.23,100,TWSE_MI_QFIIS_DAILY_FOREIGN_INVESTMENT,2026-08-21T09:59:05.591Z
2020-08-06,2317,鴻海,13862990609,6146260602,44.33,7716730007,55.66,100,TWSE_MI_QFIIS_DAILY_FOREIGN_INVESTMENT,2026-08-21T09:59:05.591Z
2020-08-06,2330,台積電,25930380458,19843168696,76.52,6087211762,23.47,100,TWSE_MI_QFIIS_DAILY_FOREIGN_INVESTMENT,2026-08-21T09:59:05.591Z
2020-08-06,2454,聯發科,1588850262,1052272432,66.22,536577830,33.77,100,TWSE_MI_QFIIS_DAILY_FOREIGN_INVESTMENT,2026-08-21T09:59:05.591Z
2020-08-07,0050,元大台灣50,1127000000,425985601,37.79,701014399,62.2,100,TWSE_MI_QFIIS_DAILY_FOREIGN_INVESTMENT,2026-08-21T09:59:05.591Z
2020-08-07,2317,鴻海,13862990609,6137145804,44.26,7725844805,55.73,100,TWSE_MI_QFIIS_DAILY_FOREIGN_INVESTMENT,2026-08-21T09:59:05.591Z
2020-08-07,2330,台積電,25930380458,19847889897,76.54,6082490561,23.45,100,TWSE_MI_QFIIS_DAILY_FOREIGN_INVESTMENT,2026-08-21T09:59:05.591Z
2020-08-07,2454,聯發科,1588850262,1047063173,65.9,541787089,34.09,100,TWSE_MI_QFIIS_DAILY_FOREIGN_INVESTMENT,2026-08-21T09:59:05.591Z
2020-08-10,0050,元大台灣50,1127000000,426407666,37.83,700592334,62.16,100,TWSE_MI_QFIIS_DAILY_FOREIGN_INVESTMENT,2026-08-21T09:59:05.591Z
2020-08-10,2317,鴻海,13862990609,6148004204,44.34,7714986405,55.65,100,TWSE_MI_QFIIS_DAILY_FOREIGN_INVESTMENT,2026-08-21T09:59:05.591Z
2020-08-10,2330,台積電,25930380458,19853934461,76.56,6076445997,23.43,100,TWSE_MI_QFIIS_DAILY_FOREIGN_INVESTMENT,2026-08-21T09:59:05.591Z
2020-08-10,2454,聯發科,1588850262,1046075175,65.83,542775087,34.16,100,TWSE_MI_QFIIS_DAILY_FOREIGN_INVESTMENT,2026-08-21T09:59:05.591Z
2020-08-11,0050,元大台灣50,1127000000,426503713,37.84,700496287,62.15,100,TWSE_MI_QFIIS_DAILY_FOREIGN_INVESTMENT,2026-08-21T09:59:05.591Z
2020-08-11,2317,鴻海,13862990609,6142596339,44.3,7720394270,55.69,100,TWSE_MI_QFIIS_DAILY_FOREIGN_INVESTMENT,2026-08-21T09:59:05.591Z
2020-08-11,2330,台積電,25930380458,19849375583,76.54,6081004875,23.45,100,TWSE_MI_QFIIS_DAILY_FOREIGN_INVESTMENT,2026-08-21T09:59:05.591Z
2020-08-11,2454,聯發科,1588850262,1045834067,65.82,543016195,34.17,100,TWSE_MI_QFIIS_DAILY_FOREIGN_INVESTMENT,2026-08-21T09:59:05.591Z
2020-08-12,0050,元大台灣50,1127000000,426391863,37.83,700608137,62.16,100,TWSE_MI_QFIIS_DAILY_FOREIGN_INVESTMENT,2026-08-21T09:59:05.591Z
2020-08-12,2317,鴻海,13862990609,6152074047,44.37,7710916562,55.62,100,TWSE_MI_QFIIS_DAILY_FOREIGN_INVESTMENT,2026-08-21T09:59:05.591Z
2020-08-12,2330,台積電,25930380458,19830697810,76.47,6099682648,23.52,100,TWSE_MI_QFIIS_DAILY_FOREIGN_INVESTMENT,2026-08-21T09:59:05.591Z
2020-08-12,2454,聯發科,1588850262,1044125474,65.71,544724788,34.28,100,TWSE_MI_QFIIS_DAILY_FOREIGN_INVESTMENT,2026-08-21T09:59:05.591Z
2020-08-13,0050,元大台灣50,1127000000,427989891,37.97,699010109,62.02,100,TWSE_MI_QFIIS_DAILY_FOREIGN_INVESTMENT,2026-08-21T09:59:05.591Z
2020-08-13,2317,鴻海,13862990609,6145034632,44.32,7717955977,55.67,100,TWSE_MI_QFIIS_DAILY_FOREIGN_INVESTMENT,2026-08-21T09:59:05.591Z
2020-08-13,2330,台積電,25930380458,19847676276,76.54,6082704182,23.45,100,TWSE_MI_QFIIS_DAILY_FOREIGN_INVESTMENT,2026-08-21T09:59:05.591Z
2020-08-13,2454,聯發科,1588850262,1045277644,65.78,543572618,34.21,100,TWSE_MI_QFIIS_DAILY_FOREIGN_INVESTMENT,2026-08-21T09:59:05.591Z
2020-08-14,0050,元大台灣50,1127000000,429636091,38.12,697363909,61.87,100,TWSE_MI_QFIIS_DAILY_FOREIGN_INVESTMENT,2026-08-21T09:59:05.591Z
2020-08-14,2317,鴻海,13862990609,6143489717,44.31,7719500892,55.68,100,TWSE_MI_QFIIS_DAILY_FOREIGN_INVESTMENT,2026-08-21T09:59:05.591Z
2020-08-14,2330,台積電,25930380458,19843989831,76.52,6086390627,23.47,100,TWSE_MI_QFIIS_DAILY_FOREIGN_INVESTMENT,2026-08-21T09:59:05.591Z
2020-08-14,2454,聯發科,1588850262,1045638837,65.81,543211425,34.18,100,TWSE_MI_QFIIS_DAILY_FOREIGN_INVESTMENT,2026-08-21T09:59:05.591Z
2020-08-17,0050,元大台灣50,1127000000,430364138,38.18,696635862,61.81,100,TWSE_MI_QFIIS_DAILY_FOREIGN_INVESTMENT,2026-08-21T09:59:05.591Z
2020-08-17,2317,鴻海,13862990609,6139672334,44.28,7723318275,55.71,100,TWSE_MI_QFIIS_DAILY_FOREIGN_INVESTMENT,2026-08-21T09:59:05.591Z
2020-08-17,2330,台積電,25930380458,19856905919,76.57,6073474539,23.42,100,TWSE_MI_QFIIS_DAILY_FOREIGN_INVESTMENT,2026-08-21T09:59:05.591Z
2020-08-17,2454,聯發科,1588850262,1045950787,65.83,542899475,34.16,100,TWSE_MI_QFIIS_DAILY_FOREIGN_INVESTMENT,2026-08-21T09:59:05.591Z
2020-08-18,0050,元大台灣50,1127000000,430228138,38.17,696771862,61.82,100,TWSE_MI_QFIIS_DAILY_FOREIGN_INVESTMENT,2026-08-21T09:59:05.591Z
2020-08-18,2317,鴻海,13862990609,6144411136,44.32,7718579473,55.67,100,TWSE_MI_QFIIS_DAILY_FOREIGN_INVESTMENT,2026-08-21T09:59:05.591Z
2020-08-18,2330,台積電,25930380458,19865951688,76.61,6064428770,23.38,100,TWSE_MI_QFIIS_DAILY_FOREIGN_INVESTMENT,2026-08-21T09:59:05.591Z
2020-08-18,2454,聯發科,1588766587,1038051710,65.33,550714877,34.66,100,TWSE_MI_QFIIS_DAILY_FOREIGN_INVESTMENT,2026-08-21T09:59:05.591Z
2020-08-19,0050,元大台灣50,1077500000,382281138,35.47,695218862,64.52,100,TWSE_MI_QFIIS_DAILY_FOREIGN_INVESTMENT,2026-08-21T09:59:05.591Z
2020-08-19,2317,鴻海,13862990609,6158616800,44.42,7704373809,55.57,100,TWSE_MI_QFIIS_DAILY_FOREIGN_INVESTMENT,2026-08-21T09:59:05.591Z
2020-08-19,2330,台積電,25930380458,19870189655,76.62,6060190803,23.37,100,TWSE_MI_QFIIS_DAILY_FOREIGN_INVESTMENT,2026-08-21T09:59:05.591Z
2020-08-19,2454,聯發科,1588766587,1040834870,65.51,547931717,34.48,100,TWSE_MI_QFIIS_DAILY_FOREIGN_INVESTMENT,2026-08-21T09:59:05.591Z
2020-08-20,0050,元大台灣50,1077500000,380746298,35.33,696753702,64.66,100,TWSE_MI_QFIIS_DAILY_FOREIGN_INVESTMENT,2026-08-21T09:59:05.591Z
2020-08-20,2317,鴻海,13862990609,6152193141,44.37,7710797468,55.62,100,TWSE_MI_QFIIS_DAILY_FOREIGN_INVESTMENT,2026-08-21T09:59:05.591Z
2020-08-20,2330,台積電,25930380458,19863533717,76.6,6066846741,23.39,100,TWSE_MI_QFIIS_DAILY_FOREIGN_INVESTMENT,2026-08-21T09:59:05.591Z
2020-08-20,2454,聯發科,1588766587,1041893311,65.57,546873276,34.42,100,TWSE_MI_QFIIS_DAILY_FOREIGN_INVESTMENT,2026-08-21T09:59:05.591Z
2020-08-21,0050,元大台灣50,1032500000,338630327,32.79,693869673,67.2,100,TWSE_MI_QFIIS_DAILY_FOREIGN_INVESTMENT,2026-08-21T09:59:05.591Z
2020-08-21,2317,鴻海,13862990609,6157483508,44.41,7705507101,55.58,100,TWSE_MI_QFIIS_DAILY_FOREIGN_INVESTMENT,2026-08-21T09:59:05.591Z
2020-08-21,2330,台積電,25930380458,19878109334,76.65,6052271124,23.34,100,TWSE_MI_QFIIS_DAILY_FOREIGN_INVESTMENT,2026-08-21T09:59:05.591Z
2020-08-21,2454,聯發科,1588766587,1043598504,65.68,545168083,34.31,100,TWSE_MI_QFIIS_DAILY_FOREIGN_INVESTMENT,2026-08-21T09:59:05.591Z
2020-08-24,0050,元大台灣50,1032500000,339595874,32.89,692904126,67.1,100,TWSE_MI_QFIIS_DAILY_FOREIGN_INVESTMENT,2026-08-21T09:59:05.591Z
2020-08-24,2317,鴻海,13862990609,6155010466,44.39,7707980143,55.6,100,TWSE_MI_QFIIS_DAILY_FOREIGN_INVESTMENT,2026-08-21T09:59:05.591Z
2020-08-24,2330,台積電,25930380458,19880701911,76.66,6049678547,23.33,100,TWSE_MI_QFIIS_DAILY_FOREIGN_INVESTMENT,2026-08-21T09:59:05.591Z
2020-08-24,2454,聯發科,1588766587,1042173065,65.59,546593522,34.4,100,TWSE_MI_QFIIS_DAILY_FOREIGN_INVESTMENT,2026-08-21T09:59:05.591Z
2020-08-25,0050,元大台灣50,1032500000,340443874,32.97,692056126,67.02,100,TWSE_MI_QFIIS_DAILY_FOREIGN_INVESTMENT,2026-08-21T09:59:05.591Z
2020-08-25,2317,鴻海,13862990609,6167106363,44.48,7695884246,55.51,100,TWSE_MI_QFIIS_DAILY_FOREIGN_INVESTMENT,2026-08-21T09:59:05.591Z
2020-08-25,2330,台積電,25930380458,19877828385,76.65,6052552073,23.34,100,TWSE_MI_QFIIS_DAILY_FOREIGN_INVESTMENT,2026-08-21T09:59:05.591Z
2020-08-25,2454,聯發科,1588766587,1043048840,65.65,545717747,34.34,100,TWSE_MI_QFIIS_DAILY_FOREIGN_INVESTMENT,2026-08-21T09:59:05.591Z
2020-08-26,0050,元大台灣50,1032500000,341218350,33.04,691281650,66.95,100,TWSE_MI_QFIIS_DAILY_FOREIGN_INVESTMENT,2026-08-21T09:59:05.591Z
2020-08-26,2317,鴻海,13862990609,6163651191,44.46,7699339418,55.53,100,TWSE_MI_QFIIS_DAILY_FOREIGN_INVESTMENT,2026-08-21T09:59:05.591Z
2020-08-26,2330,台積電,25930380458,19882024111,76.67,6048356347,23.32,100,TWSE_MI_QFIIS_DAILY_FOREIGN_INVESTMENT,2026-08-21T09:59:05.591Z
2020-08-26,2454,聯發科,1588766587,1043697805,65.69,545068782,34.3,100,TWSE_MI_QFIIS_DAILY_FOREIGN_INVESTMENT,2026-08-21T09:59:05.591Z
2020-08-27,0050,元大台灣50,1032500000,342986352,33.21,689513648,66.78,100,TWSE_MI_QFIIS_DAILY_FOREIGN_INVESTMENT,2026-08-21T09:59:05.591Z
2020-08-27,2317,鴻海,13862990609,6152735570,44.38,7710255039,55.61,100,TWSE_MI_QFIIS_DAILY_FOREIGN_INVESTMENT,2026-08-21T09:59:05.591Z
2020-08-27,2330,台積電,25930380458,19872877431,76.63,6057503027,23.36,100,TWSE_MI_QFIIS_DAILY_FOREIGN_INVESTMENT,2026-08-21T09:59:05.591Z
2020-08-27,2454,聯發科,1588766587,1044456061,65.74,544310526,34.25,100,TWSE_MI_QFIIS_DAILY_FOREIGN_INVESTMENT,2026-08-21T09:59:05.591Z
2020-08-28,0050,元大台灣50,1032500000,342564452,33.17,689935548,66.82,100,TWSE_MI_QFIIS_DAILY_FOREIGN_INVESTMENT,2026-08-21T09:59:05.591Z
2020-08-28,2317,鴻海,13862990609,6148373972,44.35,7714616637,55.64,100,TWSE_MI_QFIIS_DAILY_FOREIGN_INVESTMENT,2026-08-21T09:59:05.591Z
2020-08-28,2330,台積電,25930380458,19858016999,76.58,6072363459,23.41,100,TWSE_MI_QFIIS_DAILY_FOREIGN_INVESTMENT,2026-08-21T09:59:05.591Z
2020-08-28,2454,聯發科,1588766587,1045031469,65.77,543735118,34.22,100,TWSE_MI_QFIIS_DAILY_FOREIGN_INVESTMENT,2026-08-21T09:59:05.591Z
2020-08-31,0050,元大台灣50,1031500000,342193452,33.17,689306548,66.82,100,TWSE_MI_QFIIS_DAILY_FOREIGN_INVESTMENT,2026-08-21T09:59:05.591Z
2020-08-31,2317,鴻海,13862990609,6144433126,44.32,7718557483,55.67,100,TWSE_MI_QFIIS_DAILY_FOREIGN_INVESTMENT,2026-08-21T09:59:05.591Z
2020-08-31,2330,台積電,25930380458,19843947856,76.52,6086432602,23.47,100,TWSE_MI_QFIIS_DAILY_FOREIGN_INVESTMENT,2026-08-21T09:59:05.591Z
2020-08-31,2454,聯發科,1588766587,1044671071,65.75,544095516,34.24,100,TWSE_MI_QFIIS_DAILY_FOREIGN_INVESTMENT,2026-08-21T09:59:05.591Z
2020-09-01,0050,元大台灣50,1031500000,339448500,32.9,692051500,67.09,100,TWSE_MI_QFIIS_DAILY_FOREIGN_INVESTMENT,2026-08-21T09:59:05.591Z
2020-09-01,2317,鴻海,13862990609,6140380357,44.29,7722610252,55.7,100,TWSE_MI_QFIIS_DAILY_FOREIGN_INVESTMENT,2026-08-21T09:59:05.591Z
2020-09-01,2330,台積電,25930380458,19849584653,76.54,6080795805,23.45,100,TWSE_MI_QFIIS_DAILY_FOREIGN_INVESTMENT,2026-08-21T09:59:05.591Z
2020-09-01,2454,聯發科,1588766587,1046982500,65.89,541784087,34.1,100,TWSE_MI_QFIIS_DAILY_FOREIGN_INVESTMENT,2026-08-21T09:59:05.591Z
2020-09-02,0050,元大台灣50,1031500000,338557500,32.82,692942500,67.17,100,TWSE_MI_QFIIS_DAILY_FOREIGN_INVESTMENT,2026-08-21T09:59:05.591Z
2020-09-02,2317,鴻海,13862990609,6136642523,44.26,7726348086,55.73,100,TWSE_MI_QFIIS_DAILY_FOREIGN_INVESTMENT,2026-08-21T09:59:05.591Z
2020-09-02,2330,台積電,25930380458,19852233807,76.55,6078146651,23.44,100,TWSE_MI_QFIIS_DAILY_FOREIGN_INVESTMENT,2026-08-21T09:59:05.591Z
2020-09-02,2454,聯發科,1588766587,1050992521,66.15,537774066,33.84,100,TWSE_MI_QFIIS_DAILY_FOREIGN_INVESTMENT,2026-08-21T09:59:05.591Z
2020-09-03,0050,元大台灣50,1031500000,340025500,32.96,691474500,67.03,100,TWSE_MI_QFIIS_DAILY_FOREIGN_INVESTMENT,2026-08-21T09:59:05.591Z
2020-09-03,2317,鴻海,13862990609,6129083249,44.21,7733907360,55.78,100,TWSE_MI_QFIIS_DAILY_FOREIGN_INVESTMENT,2026-08-21T09:59:05.591Z
2020-09-03,2330,台積電,25930380458,19864996163,76.6,6065384295,23.39,100,TWSE_MI_QFIIS_DAILY_FOREIGN_INVESTMENT,2026-08-21T09:59:05.591Z
2020-09-03,2454,聯發科,1588766587,1053133128,66.28,535633459,33.71,100,TWSE_MI_QFIIS_DAILY_FOREIGN_INVESTMENT,2026-08-21T09:59:05.591Z
2020-09-04,0050,元大台灣50,1031500000,339510476,32.91,691989524,67.08,100,TWSE_MI_QFIIS_DAILY_FOREIGN_INVESTMENT,2026-08-21T09:59:05.591Z
2020-09-04,2317,鴻海,13862990609,6112458302,44.09,7750532307,55.9,100,TWSE_MI_QFIIS_DAILY_FOREIGN_INVESTMENT,2026-08-21T09:59:05.591Z
2020-09-04,2330,台積電,25930380458,19845632450,76.53,6084748008,23.46,100,TWSE_MI_QFIIS_DAILY_FOREIGN_INVESTMENT,2026-08-21T09:59:05.591Z
2020-09-04,2454,聯發科,1588766587,1052097954,66.22,536668633,33.77,100,TWSE_MI_QFIIS_DAILY_FOREIGN_INVESTMENT,2026-08-21T09:59:05.591Z
2020-09-07,0050,元大台灣50,1031500000,338258573,32.79,693241427,67.2,100,TWSE_MI_QFIIS_DAILY_FOREIGN_INVESTMENT,2026-08-21T09:59:05.591Z
2020-09-07,2317,鴻海,13862990609,6109122171,44.06,7753868438,55.93,100,TWSE_MI_QFIIS_DAILY_FOREIGN_INVESTMENT,2026-08-21T09:59:05.591Z
2020-09-07,2330,台積電,25930380458,19832634233,76.48,6097746225,23.51,100,TWSE_MI_QFIIS_DAILY_FOREIGN_INVESTMENT,2026-08-21T09:59:05.591Z
2020-09-07,2454,聯發科,1588766587,1052887101,66.27,535879486,33.72,100,TWSE_MI_QFIIS_DAILY_FOREIGN_INVESTMENT,2026-08-21T09:59:05.591Z
2020-09-08,0050,元大台灣50,1031500000,338982621,32.86,692517379,67.13,100,TWSE_MI_QFIIS_DAILY_FOREIGN_INVESTMENT,2026-08-21T09:59:05.591Z
2020-09-08,2317,鴻海,13862990609,6105990624,44.04,7756999985,55.95,100,TWSE_MI_QFIIS_DAILY_FOREIGN_INVESTMENT,2026-08-21T09:59:05.591Z
2020-09-08,2330,台積電,25930380458,19834607996,76.49,6095772462,23.5,100,TWSE_MI_QFIIS_DAILY_FOREIGN_INVESTMENT,2026-08-21T09:59:05.591Z
2020-09-08,2454,聯發科,1588766587,1053967076,66.33,534799511,33.66,100,TWSE_MI_QFIIS_DAILY_FOREIGN_INVESTMENT,2026-08-21T09:59:05.591Z
2020-09-09,0050,元大台灣50,1031500000,338881621,32.85,692618379,67.14,100,TWSE_MI_QFIIS_DAILY_FOREIGN_INVESTMENT,2026-08-21T09:59:05.591Z
2020-09-09,2317,鴻海,13862990609,6105212888,44.03,7757777721,55.96,100,TWSE_MI_QFIIS_DAILY_FOREIGN_INVESTMENT,2026-08-21T09:59:05.591Z
2020-09-09,2330,台積電,25930380458,19819201061,76.43,6111179397,23.56,100,TWSE_MI_QFIIS_DAILY_FOREIGN_INVESTMENT,2026-08-21T09:59:05.591Z
2020-09-09,2454,聯發科,1588766587,1054021295,66.34,534745292,33.65,100,TWSE_MI_QFIIS_DAILY_FOREIGN_INVESTMENT,2026-08-21T09:59:05.591Z
2020-09-10,0050,元大台灣50,1031500000,340528621,33.01,690971379,66.98,100,TWSE_MI_QFIIS_DAILY_FOREIGN_INVESTMENT,2026-08-21T09:59:05.591Z
2020-09-10,2317,鴻海,13862990609,6121122351,44.15,7741868258,55.84,100,TWSE_MI_QFIIS_DAILY_FOREIGN_INVESTMENT,2026-08-21T09:59:05.591Z
2020-09-10,2330,台積電,25930380458,19831714969,76.48,6098665489,23.51,100,TWSE_MI_QFIIS_DAILY_FOREIGN_INVESTMENT,2026-08-21T09:59:05.591Z
2020-09-10,2454,聯發科,1588766587,1055397557,66.42,533369030,33.57,100,TWSE_MI_QFIIS_DAILY_FOREIGN_INVESTMENT,2026-08-21T09:59:05.591Z
2020-09-11,0050,元大台灣50,1031500000,340428818,33,691071182,66.99,100,TWSE_MI_QFIIS_DAILY_FOREIGN_INVESTMENT,2026-08-21T09:59:05.591Z
2020-09-11,2317,鴻海,13862990609,6125722154,44.18,7737268455,55.81,100,TWSE_MI_QFIIS_DAILY_FOREIGN_INVESTMENT,2026-08-21T09:59:05.591Z
2020-09-11,2330,台積電,25930380458,19834310674,76.49,6096069784,23.5,100,TWSE_MI_QFIIS_DAILY_FOREIGN_INVESTMENT,2026-08-21T09:59:05.591Z
2020-09-11,2454,聯發科,1588766587,1055117432,66.41,533649155,33.58,100,TWSE_MI_QFIIS_DAILY_FOREIGN_INVESTMENT,2026-08-21T09:59:05.591Z
2020-09-14,0050,元大台灣50,1031500000,344482846,33.39,687017154,66.6,100,TWSE_MI_QFIIS_DAILY_FOREIGN_INVESTMENT,2026-08-21T09:59:05.591Z
2020-09-14,2317,鴻海,13862990609,6135427854,44.25,7727562755,55.74,100,TWSE_MI_QFIIS_DAILY_FOREIGN_INVESTMENT,2026-08-21T09:59:05.591Z
2020-09-14,2330,台積電,25930380458,19831495531,76.47,6098884927,23.52,100,TWSE_MI_QFIIS_DAILY_FOREIGN_INVESTMENT,2026-08-21T09:59:05.591Z
2020-09-14,2454,聯發科,1588766587,1057540112,66.56,531226475,33.43,100,TWSE_MI_QFIIS_DAILY_FOREIGN_INVESTMENT,2026-08-21T09:59:05.591Z
2020-09-15,0050,元大台灣50,1031500000,347789896,33.71,683710104,66.28,100,TWSE_MI_QFIIS_DAILY_FOREIGN_INVESTMENT,2026-08-21T09:59:05.591Z
2020-09-15,2317,鴻海,13862990609,6141374733,44.3,7721615876,55.69,100,TWSE_MI_QFIIS_DAILY_FOREIGN_INVESTMENT,2026-08-21T09:59:05.591Z
2020-09-15,2330,台積電,25930380458,19832233194,76.48,6098147264,23.51,100,TWSE_MI_QFIIS_DAILY_FOREIGN_INVESTMENT,2026-08-21T09:59:05.591Z
2020-09-15,2454,聯發科,1588766587,1059173115,66.66,529593472,33.33,100,TWSE_MI_QFIIS_DAILY_FOREIGN_INVESTMENT,2026-08-21T09:59:05.591Z
2020-09-16,0050,元大台灣50,1031500000,357395996,34.64,674104004,65.35,100,TWSE_MI_QFIIS_DAILY_FOREIGN_INVESTMENT,2026-08-21T09:59:05.591Z
2020-09-16,2317,鴻海,13862990609,6141756309,44.3,7721234300,55.69,100,TWSE_MI_QFIIS_DAILY_FOREIGN_INVESTMENT,2026-08-21T09:59:05.591Z
2020-09-16,2330,台積電,25930380458,19853168038,76.56,6077212420,23.43,100,TWSE_MI_QFIIS_DAILY_FOREIGN_INVESTMENT,2026-08-21T09:59:05.591Z
2020-09-16,2454,聯發科,1588766587,1061799662,66.83,526966925,33.16,100,TWSE_MI_QFIIS_DAILY_FOREIGN_INVESTMENT,2026-08-21T09:59:05.591Z
2020-09-17,0050,元大台灣50,1031500000,360034043,34.9,671465957,65.09,100,TWSE_MI_QFIIS_DAILY_FOREIGN_INVESTMENT,2026-08-21T09:59:05.591Z
2020-09-17,2317,鴻海,13862990609,6154246338,44.39,7708744271,55.6,100,TWSE_MI_QFIIS_DAILY_FOREIGN_INVESTMENT,2026-08-21T09:59:05.591Z
2020-09-17,2330,台積電,25930380458,19832644898,76.48,6097735560,23.51,100,TWSE_MI_QFIIS_DAILY_FOREIGN_INVESTMENT,2026-08-21T09:59:05.591Z
2020-09-17,2454,聯發科,1588766587,1060300897,66.73,528465690,33.26,100,TWSE_MI_QFIIS_DAILY_FOREIGN_INVESTMENT,2026-08-21T09:59:05.591Z
2020-09-18,0050,元大台灣50,1031500000,360701118,34.96,670798882,65.03,100,TWSE_MI_QFIIS_DAILY_FOREIGN_INVESTMENT,2026-08-21T09:59:05.591Z
2020-09-18,2317,鴻海,13862990609,6150170057,44.36,7712820552,55.63,100,TWSE_MI_QFIIS_DAILY_FOREIGN_INVESTMENT,2026-08-21T09:59:05.591Z
2020-09-18,2330,台積電,25930380458,19828160370,76.46,6102220088,23.53,100,TWSE_MI_QFIIS_DAILY_FOREIGN_INVESTMENT,2026-08-21T09:59:05.591Z
2020-09-18,2454,聯發科,1588766587,1062579630,66.88,526186957,33.11,100,TWSE_MI_QFIIS_DAILY_FOREIGN_INVESTMENT,2026-08-21T09:59:05.591Z
2020-09-21,0050,元大台灣50,1031500000,362787118,35.17,668712882,64.82,100,TWSE_MI_QFIIS_DAILY_FOREIGN_INVESTMENT,2026-08-21T09:59:05.591Z
2020-09-21,2317,鴻海,13862990609,6141938489,44.3,7721052120,55.69,100,TWSE_MI_QFIIS_DAILY_FOREIGN_INVESTMENT,2026-08-21T09:59:05.591Z
2020-09-21,2330,台積電,25930380458,19808498449,76.39,6121882009,23.6,100,TWSE_MI_QFIIS_DAILY_FOREIGN_INVESTMENT,2026-08-21T09:59:05.591Z
2020-09-21,2454,聯發科,1588766587,1064201055,66.98,524565532,33.01,100,TWSE_MI_QFIIS_DAILY_FOREIGN_INVESTMENT,2026-08-21T09:59:05.591Z
2020-09-22,0050,元大台灣50,1000500000,331747118,33.15,668752882,66.84,100,TWSE_MI_QFIIS_DAILY_FOREIGN_INVESTMENT,2026-08-21T09:59:05.591Z
2020-09-22,2317,鴻海,13862990609,6136758291,44.26,7726232318,55.73,100,TWSE_MI_QFIIS_DAILY_FOREIGN_INVESTMENT,2026-08-21T09:59:05.591Z
2020-09-22,2330,台積電,25930380458,19805197876,76.37,6125182582,23.62,100,TWSE_MI_QFIIS_DAILY_FOREIGN_INVESTMENT,2026-08-21T09:59:05.591Z
2020-09-22,2454,聯發科,1588766587,1062595086,66.88,526171501,33.11,100,TWSE_MI_QFIIS_DAILY_FOREIGN_INVESTMENT,2026-08-21T09:59:05.591Z
2020-09-23,0050,元大台灣50,1000500000,330442318,33.02,670057682,66.97,100,TWSE_MI_QFIIS_DAILY_FOREIGN_INVESTMENT,2026-08-21T09:59:05.591Z
2020-09-23,2317,鴻海,13862990609,6134606006,44.25,7728384603,55.74,100,TWSE_MI_QFIIS_DAILY_FOREIGN_INVESTMENT,2026-08-21T09:59:05.591Z
2020-09-23,2330,台積電,25930380458,19792854985,76.33,6137525473,23.66,100,TWSE_MI_QFIIS_DAILY_FOREIGN_INVESTMENT,2026-08-21T09:59:05.591Z
2020-09-23,2454,聯發科,1588766587,1064008125,66.97,524758462,33.02,100,TWSE_MI_QFIIS_DAILY_FOREIGN_INVESTMENT,2026-08-21T09:59:05.591Z
2020-09-24,0050,元大台灣50,998000000,320352798,32.09,677647202,67.9,100,TWSE_MI_QFIIS_DAILY_FOREIGN_INVESTMENT,2026-08-21T09:59:05.591Z
2020-09-24,2317,鴻海,13862990609,6117238233,44.12,7745752376,55.87,100,TWSE_MI_QFIIS_DAILY_FOREIGN_INVESTMENT,2026-08-21T09:59:05.591Z
2020-09-24,2330,台積電,25930380458,19752123280,76.17,6178257178,23.82,100,TWSE_MI_QFIIS_DAILY_FOREIGN_INVESTMENT,2026-08-21T09:59:05.591Z
2020-09-24,2454,聯發科,1588766587,1061608505,66.81,527158082,33.18,100,TWSE_MI_QFIIS_DAILY_FOREIGN_INVESTMENT,2026-08-21T09:59:05.591Z
2020-09-25,0050,元大台灣50,1003000000,320313798,31.93,682686202,68.06,100,TWSE_MI_QFIIS_DAILY_FOREIGN_INVESTMENT,2026-08-21T09:59:05.591Z
2020-09-25,2317,鴻海,13862990609,6113165253,44.09,7749825356,55.9,100,TWSE_MI_QFIIS_DAILY_FOREIGN_INVESTMENT,2026-08-21T09:59:05.591Z
2020-09-25,2330,台積電,25930380458,19753042195,76.17,6177338263,23.82,100,TWSE_MI_QFIIS_DAILY_FOREIGN_INVESTMENT,2026-08-21T09:59:05.591Z
2020-09-25,2454,聯發科,1588766587,1060712190,66.76,528054397,33.23,100,TWSE_MI_QFIIS_DAILY_FOREIGN_INVESTMENT,2026-08-21T09:59:05.591Z
2020-09-28,0050,元大台灣50,978500000,294030875,30.04,684469125,69.95,100,TWSE_MI_QFIIS_DAILY_FOREIGN_INVESTMENT,2026-08-21T09:59:05.591Z
2020-09-28,2317,鴻海,13862990609,6134531410,44.25,7728459199,55.74,100,TWSE_MI_QFIIS_DAILY_FOREIGN_INVESTMENT,2026-08-21T09:59:05.591Z
2020-09-28,2330,台積電,25930380458,19760297670,76.2,6170082788,23.79,100,TWSE_MI_QFIIS_DAILY_FOREIGN_INVESTMENT,2026-08-21T09:59:05.591Z
2020-09-28,2454,聯發科,1588766587,1061723780,66.82,527042807,33.17,100,TWSE_MI_QFIIS_DAILY_FOREIGN_INVESTMENT,2026-08-21T09:59:05.591Z
2020-09-29,0050,元大台灣50,978500000,292912877,29.93,685587123,70.06,100,TWSE_MI_QFIIS_DAILY_FOREIGN_INVESTMENT,2026-08-21T09:59:05.591Z
2020-09-29,2317,鴻海,13862990609,6134750368,44.25,7728240241,55.74,100,TWSE_MI_QFIIS_DAILY_FOREIGN_INVESTMENT,2026-08-21T09:59:05.591Z
2020-09-29,2330,台積電,25930380458,19765180982,76.22,6165199476,23.77,100,TWSE_MI_QFIIS_DAILY_FOREIGN_INVESTMENT,2026-08-21T09:59:05.591Z
2020-09-29,2454,聯發科,1588766587,1062748674,66.89,526017913,33.1,100,TWSE_MI_QFIIS_DAILY_FOREIGN_INVESTMENT,2026-08-21T09:59:05.591Z
2020-09-30,0050,元大台灣50,943000000,258213467,27.38,684786533,72.61,100,TWSE_MI_QFIIS_DAILY_FOREIGN_INVESTMENT,2026-08-21T09:59:05.591Z
2020-09-30,2317,鴻海,13862990609,6137503371,44.27,7725487238,55.72,100,TWSE_MI_QFIIS_DAILY_FOREIGN_INVESTMENT,2026-08-21T09:59:05.591Z
2020-09-30,2330,台積電,25930380458,19771171038,76.24,6159209420,23.75,100,TWSE_MI_QFIIS_DAILY_FOREIGN_INVESTMENT,2026-08-21T09:59:05.591Z
2020-09-30,2454,聯發科,1588766587,1062915215,66.9,525851372,33.09,100,TWSE_MI_QFIIS_DAILY_FOREIGN_INVESTMENT,2026-08-21T09:59:05.591Z
2020-10-05,0050,元大台灣50,943000000,258063696,27.36,684936304,72.63,100,TWSE_MI_QFIIS_DAILY_FOREIGN_INVESTMENT,2026-08-21T09:59:05.591Z
2020-10-05,2317,鴻海,13862990609,6138072273,44.27,7724918336,55.72,100,TWSE_MI_QFIIS_DAILY_FOREIGN_INVESTMENT,2026-08-21T09:59:05.591Z
2020-10-05,2330,台積電,25930380458,19774619124,76.26,6155761334,23.73,100,TWSE_MI_QFIIS_DAILY_FOREIGN_INVESTMENT,2026-08-21T09:59:05.591Z
2020-10-05,2454,聯發科,1588766587,1063589080,66.94,525177507,33.05,100,TWSE_MI_QFIIS_DAILY_FOREIGN_INVESTMENT,2026-08-21T09:59:05.591Z
2020-10-06,0050,元大台灣50,943000000,258812534,27.44,684187466,72.55,100,TWSE_MI_QFIIS_DAILY_FOREIGN_INVESTMENT,2026-08-21T09:59:05.591Z
2020-10-06,2317,鴻海,13862990609,6141174953,44.29,7721815656,55.7,100,TWSE_MI_QFIIS_DAILY_FOREIGN_INVESTMENT,2026-08-21T09:59:05.591Z
2020-10-06,2330,台積電,25930380458,19787467182,76.3,6142913276,23.69,100,TWSE_MI_QFIIS_DAILY_FOREIGN_INVESTMENT,2026-08-21T09:59:05.591Z
2020-10-06,2454,聯發科,1588766587,1063866722,66.96,524899865,33.03,100,TWSE_MI_QFIIS_DAILY_FOREIGN_INVESTMENT,2026-08-21T09:59:05.591Z
2020-10-07,0050,元大台灣50,943000000,258781677,27.44,684218323,72.55,100,TWSE_MI_QFIIS_DAILY_FOREIGN_INVESTMENT,2026-08-21T09:59:05.591Z
2020-10-07,2317,鴻海,13862990609,6132808473,44.23,7730182136,55.76,100,TWSE_MI_QFIIS_DAILY_FOREIGN_INVESTMENT,2026-08-21T09:59:05.591Z
2020-10-07,2330,台積電,25930380458,19796992331,76.34,6133388127,23.65,100,TWSE_MI_QFIIS_DAILY_FOREIGN_INVESTMENT,2026-08-21T09:59:05.591Z
2020-10-07,2454,聯發科,1588766587,1066847959,67.14,521918628,32.85,100,TWSE_MI_QFIIS_DAILY_FOREIGN_INVESTMENT,2026-08-21T09:59:05.591Z
2020-10-08,0050,元大台灣50,943000000,269148902,28.54,673851098,71.45,100,TWSE_MI_QFIIS_DAILY_FOREIGN_INVESTMENT,2026-08-21T09:59:05.591Z
2020-10-08,2317,鴻海,13862990609,6134385033,44.25,7728605576,55.74,100,TWSE_MI_QFIIS_DAILY_FOREIGN_INVESTMENT,2026-08-21T09:59:05.591Z
2020-10-08,2330,台積電,25930380458,19827113387,76.46,6103267071,23.53,100,TWSE_MI_QFIIS_DAILY_FOREIGN_INVESTMENT,2026-08-21T09:59:05.591Z
2020-10-08,2454,聯發科,1588766587,1068195063,67.23,520571524,32.76,100,TWSE_MI_QFIIS_DAILY_FOREIGN_INVESTMENT,2026-08-21T09:59:05.591Z
2020-10-12,0050,元大台灣50,943000000,275433949,29.2,667566051,70.79,100,TWSE_MI_QFIIS_DAILY_FOREIGN_INVESTMENT,2026-08-21T09:59:05.591Z
2020-10-12,2317,鴻海,13862990609,6143739188,44.31,7719251421,55.68,100,TWSE_MI_QFIIS_DAILY_FOREIGN_INVESTMENT,2026-08-21T09:59:05.591Z
2020-10-12,2330,台積電,25930380458,19844939653,76.53,6085440805,23.46,100,TWSE_MI_QFIIS_DAILY_FOREIGN_INVESTMENT,2026-08-21T09:59:05.591Z
2020-10-12,2454,聯發科,1588766587,1075423416,67.68,513343171,32.31,100,TWSE_MI_QFIIS_DAILY_FOREIGN_INVESTMENT,2026-08-21T09:59:05.591Z
2020-10-13,0050,元大台灣50,933000000,268907728,28.82,664092272,71.17,100,TWSE_MI_QFIIS_DAILY_FOREIGN_INVESTMENT,2026-08-21T09:59:05.591Z
2020-10-13,2317,鴻海,13862990609,6146748899,44.33,7716241710,55.66,100,TWSE_MI_QFIIS_DAILY_FOREIGN_INVESTMENT,2026-08-21T09:59:05.591Z
2020-10-13,2330,台積電,25930380458,19859285234,76.58,6071095224,23.41,100,TWSE_MI_QFIIS_DAILY_FOREIGN_INVESTMENT,2026-08-21T09:59:05.591Z
2020-10-13,2454,聯發科,1588766587,1074693946,67.64,514072641,32.35,100,TWSE_MI_QFIIS_DAILY_FOREIGN_INVESTMENT,2026-08-21T09:59:05.591Z
2020-10-14,0050,元大台灣50,933000000,270050729,28.94,662949271,71.05,100,TWSE_MI_QFIIS_DAILY_FOREIGN_INVESTMENT,2026-08-21T09:59:05.591Z
2020-10-14,2317,鴻海,13862990609,6145565281,44.33,7717425328,55.66,100,TWSE_MI_QFIIS_DAILY_FOREIGN_INVESTMENT,2026-08-21T09:59:05.591Z
2020-10-14,2330,台積電,25930380458,19852192555,76.55,6078187903,23.44,100,TWSE_MI_QFIIS_DAILY_FOREIGN_INVESTMENT,2026-08-21T09:59:05.591Z
2020-10-14,2454,聯發科,1588766587,1073964096,67.59,514802491,32.4,100,TWSE_MI_QFIIS_DAILY_FOREIGN_INVESTMENT,2026-08-21T09:59:05.591Z
2020-10-15,0050,元大台灣50,933000000,270951729,29.04,662048271,70.95,100,TWSE_MI_QFIIS_DAILY_FOREIGN_INVESTMENT,2026-08-21T09:59:05.591Z
2020-10-15,2317,鴻海,13862990609,6144235985,44.32,7718754624,55.67,100,TWSE_MI_QFIIS_DAILY_FOREIGN_INVESTMENT,2026-08-21T09:59:05.591Z
2020-10-15,2330,台積電,25930380458,19840465830,76.51,6089914628,23.48,100,TWSE_MI_QFIIS_DAILY_FOREIGN_INVESTMENT,2026-08-21T09:59:05.591Z
2020-10-15,2454,聯發科,1588766587,1073811792,67.58,514954795,32.41,100,TWSE_MI_QFIIS_DAILY_FOREIGN_INVESTMENT,2026-08-21T09:59:05.591Z
2020-10-16,0050,元大台灣50,933000000,270907479,29.03,662092521,70.96,100,TWSE_MI_QFIIS_DAILY_FOREIGN_INVESTMENT,2026-08-21T09:59:05.591Z
2020-10-16,2317,鴻海,13862990609,6150109674,44.36,7712880935,55.63,100,TWSE_MI_QFIIS_DAILY_FOREIGN_INVESTMENT,2026-08-21T09:59:05.591Z
2020-10-16,2330,台積電,25930380458,19838696228,76.5,6091684230,23.49,100,TWSE_MI_QFIIS_DAILY_FOREIGN_INVESTMENT,2026-08-21T09:59:05.591Z
2020-10-16,2454,聯發科,1588766587,1074187977,67.61,514578610,32.38,100,TWSE_MI_QFIIS_DAILY_FOREIGN_INVESTMENT,2026-08-21T09:59:05.591Z
2020-10-19,0050,元大台灣50,933000000,272165539,29.17,660834461,70.82,100,TWSE_MI_QFIIS_DAILY_FOREIGN_INVESTMENT,2026-08-21T09:59:05.591Z
2020-10-19,2317,鴻海,13862990609,6185587424,44.61,7677403185,55.38,100,TWSE_MI_QFIIS_DAILY_FOREIGN_INVESTMENT,2026-08-21T09:59:05.591Z
2020-10-19,2330,台積電,25930380458,19848691303,76.54,6081689155,23.45,100,TWSE_MI_QFIIS_DAILY_FOREIGN_INVESTMENT,2026-08-21T09:59:05.591Z
2020-10-19,2454,聯發科,1588766587,1074631294,67.63,514135293,32.36,100,TWSE_MI_QFIIS_DAILY_FOREIGN_INVESTMENT,2026-08-21T09:59:05.591Z
2020-10-20,0050,元大台灣50,933000000,271894539,29.14,661105461,70.85,100,TWSE_MI_QFIIS_DAILY_FOREIGN_INVESTMENT,2026-08-21T09:59:05.591Z
2020-10-20,2317,鴻海,13862990609,6182642698,44.59,7680347911,55.4,100,TWSE_MI_QFIIS_DAILY_FOREIGN_INVESTMENT,2026-08-21T09:59:05.591Z
2020-10-20,2330,台積電,25930380458,19845866861,76.53,6084513597,23.46,100,TWSE_MI_QFIIS_DAILY_FOREIGN_INVESTMENT,2026-08-21T09:59:05.591Z
2020-10-20,2454,聯發科,1588766587,1074354266,67.62,514412321,32.37,100,TWSE_MI_QFIIS_DAILY_FOREIGN_INVESTMENT,2026-08-21T09:59:05.591Z
2020-10-21,0050,元大台灣50,935500000,271402633,29.01,664097367,70.98,100,TWSE_MI_QFIIS_DAILY_FOREIGN_INVESTMENT,2026-08-21T09:59:05.591Z
2020-10-21,2317,鴻海,13862990609,6182273817,44.59,7680716792,55.4,100,TWSE_MI_QFIIS_DAILY_FOREIGN_INVESTMENT,2026-08-21T09:59:05.591Z
2020-10-21,2330,台積電,25930380458,19854251626,76.56,6076128832,23.43,100,TWSE_MI_QFIIS_DAILY_FOREIGN_INVESTMENT,2026-08-21T09:59:05.591Z
2020-10-21,2454,聯發科,1588766587,1073573659,67.57,515192928,32.42,100,TWSE_MI_QFIIS_DAILY_FOREIGN_INVESTMENT,2026-08-21T09:59:05.591Z
2020-10-22,0050,元大台灣50,935500000,272300633,29.1,663199367,70.89,100,TWSE_MI_QFIIS_DAILY_FOREIGN_INVESTMENT,2026-08-21T09:59:05.591Z
2020-10-22,2317,鴻海,13862990609,6189175704,44.64,7673814905,55.35,100,TWSE_MI_QFIIS_DAILY_FOREIGN_INVESTMENT,2026-08-21T09:59:05.591Z
2020-10-22,2330,台積電,25930380458,19859535525,76.58,6070844933,23.41,100,TWSE_MI_QFIIS_DAILY_FOREIGN_INVESTMENT,2026-08-21T09:59:05.591Z
2020-10-22,2454,聯發科,1588766587,1073645772,67.57,515120815,32.42,100,TWSE_MI_QFIIS_DAILY_FOREIGN_INVESTMENT,2026-08-21T09:59:05.591Z
2020-10-23,0050,元大台灣50,935500000,272963633,29.17,662536367,70.82,100,TWSE_MI_QFIIS_DAILY_FOREIGN_INVESTMENT,2026-08-21T09:59:05.591Z
2020-10-23,2317,鴻海,13862990609,6186130237,44.62,7676860372,55.37,100,TWSE_MI_QFIIS_DAILY_FOREIGN_INVESTMENT,2026-08-21T09:59:05.591Z
2020-10-23,2330,台積電,25930380458,19857320749,76.57,6073059709,23.42,100,TWSE_MI_QFIIS_DAILY_FOREIGN_INVESTMENT,2026-08-21T09:59:05.591Z
2020-10-23,2454,聯發科,1588766587,1071840197,67.46,516926390,32.53,100,TWSE_MI_QFIIS_DAILY_FOREIGN_INVESTMENT,2026-08-21T09:59:05.591Z
2020-10-26,0050,元大台灣50,935500000,273682643,29.25,661817357,70.74,100,TWSE_MI_QFIIS_DAILY_FOREIGN_INVESTMENT,2026-08-21T09:59:05.591Z
2020-10-26,2317,鴻海,13862990609,6187085990,44.63,7675904619,55.36,100,TWSE_MI_QFIIS_DAILY_FOREIGN_INVESTMENT,2026-08-21T09:59:05.591Z
2020-10-26,2330,台積電,25930380458,19852049117,76.55,6078331341,23.44,100,TWSE_MI_QFIIS_DAILY_FOREIGN_INVESTMENT,2026-08-21T09:59:05.591Z
2020-10-26,2454,聯發科,1588766587,1071689508,67.45,517077079,32.54,100,TWSE_MI_QFIIS_DAILY_FOREIGN_INVESTMENT,2026-08-21T09:59:05.591Z
2020-10-27,0050,元大台灣50,935500000,273187748,29.2,662312252,70.79,100,TWSE_MI_QFIIS_DAILY_FOREIGN_INVESTMENT,2026-08-21T09:59:05.591Z
2020-10-27,2317,鴻海,13862990609,6185093442,44.61,7677897167,55.38,100,TWSE_MI_QFIIS_DAILY_FOREIGN_INVESTMENT,2026-08-21T09:59:05.591Z
2020-10-27,2330,台積電,25930380458,19844581975,76.53,6085798483,23.46,100,TWSE_MI_QFIIS_DAILY_FOREIGN_INVESTMENT,2026-08-21T09:59:05.591Z
2020-10-27,2454,聯發科,1588766587,1072271344,67.49,516495243,32.5,100,TWSE_MI_QFIIS_DAILY_FOREIGN_INVESTMENT,2026-08-21T09:59:05.591Z
2020-10-28,0050,元大台灣50,935500000,272976871,29.17,662523129,70.82,100,TWSE_MI_QFIIS_DAILY_FOREIGN_INVESTMENT,2026-08-21T09:59:05.591Z
2020-10-28,2317,鴻海,13862990609,6177103640,44.55,7685886969,55.44,100,TWSE_MI_QFIIS_DAILY_FOREIGN_INVESTMENT,2026-08-21T09:59:05.591Z
2020-10-28,2330,台積電,25930380458,19836558490,76.49,6093821968,23.5,100,TWSE_MI_QFIIS_DAILY_FOREIGN_INVESTMENT,2026-08-21T09:59:05.591Z
2020-10-28,2454,聯發科,1588766587,1071816496,67.46,516950091,32.53,100,TWSE_MI_QFIIS_DAILY_FOREIGN_INVESTMENT,2026-08-21T09:59:05.591Z
2020-10-29,0050,元大台灣50,935500000,271258893,28.99,664241107,71,100,TWSE_MI_QFIIS_DAILY_FOREIGN_INVESTMENT,2026-08-21T09:59:05.591Z
2020-10-29,2317,鴻海,13862990609,6166599186,44.48,7696391423,55.51,100,TWSE_MI_QFIIS_DAILY_FOREIGN_INVESTMENT,2026-08-21T09:59:05.591Z
2020-10-29,2330,台積電,25930380458,19815298643,76.41,6115081815,23.58,100,TWSE_MI_QFIIS_DAILY_FOREIGN_INVESTMENT,2026-08-21T09:59:05.591Z
2020-10-29,2454,聯發科,1588766587,1071835588,67.46,516930999,32.53,100,TWSE_MI_QFIIS_DAILY_FOREIGN_INVESTMENT,2026-08-21T09:59:05.591Z
2020-10-30,0050,元大台灣50,940500000,268375413,28.53,672124587,71.46,100,TWSE_MI_QFIIS_DAILY_FOREIGN_INVESTMENT,2026-08-21T09:59:05.591Z
2020-10-30,2317,鴻海,13862990609,6163466841,44.45,7699523768,55.54,100,TWSE_MI_QFIIS_DAILY_FOREIGN_INVESTMENT,2026-08-21T09:59:05.591Z
2020-10-30,2330,台積電,25930380458,19795551369,76.34,6134829089,23.65,100,TWSE_MI_QFIIS_DAILY_FOREIGN_INVESTMENT,2026-08-21T09:59:05.591Z
2020-10-30,2454,聯發科,1588766587,1071511933,67.44,517254654,32.55,100,TWSE_MI_QFIIS_DAILY_FOREIGN_INVESTMENT,2026-08-21T09:59:05.591Z
2020-11-02,0050,元大台灣50,920500000,238050613,25.86,682449387,74.13,100,TWSE_MI_QFIIS_DAILY_FOREIGN_INVESTMENT,2026-08-21T09:59:05.591Z
2020-11-02,2317,鴻海,13862990609,6169497966,44.5,7693492643,55.49,100,TWSE_MI_QFIIS_DAILY_FOREIGN_INVESTMENT,2026-08-21T09:59:05.591Z
2020-11-02,2330,台積電,25930380458,19798510123,76.35,6131870335,23.64,100,TWSE_MI_QFIIS_DAILY_FOREIGN_INVESTMENT,2026-08-21T09:59:05.591Z
2020-11-02,2454,聯發科,1588766587,1069473568,67.31,519293019,32.68,100,TWSE_MI_QFIIS_DAILY_FOREIGN_INVESTMENT,2026-08-21T09:59:05.591Z
2020-11-03,0050,元大台灣50,925500000,235904141,25.48,689595859,74.51,100,TWSE_MI_QFIIS_DAILY_FOREIGN_INVESTMENT,2026-08-21T09:59:05.591Z
2020-11-03,2317,鴻海,13862990609,6165767321,44.47,7697223288,55.52,100,TWSE_MI_QFIIS_DAILY_FOREIGN_INVESTMENT,2026-08-21T09:59:05.591Z
2020-11-03,2330,台積電,25930380458,19801287628,76.36,6129092830,23.63,100,TWSE_MI_QFIIS_DAILY_FOREIGN_INVESTMENT,2026-08-21T09:59:05.591Z
2020-11-03,2454,聯發科,1588766587,1072004821,67.47,516761766,32.52,100,TWSE_MI_QFIIS_DAILY_FOREIGN_INVESTMENT,2026-08-21T09:59:05.591Z
2020-11-04,0050,元大台灣50,925500000,237669641,25.68,687830359,74.31,100,TWSE_MI_QFIIS_DAILY_FOREIGN_INVESTMENT,2026-08-21T09:59:05.591Z
2020-11-04,2317,鴻海,13862990609,6163511651,44.46,7699478958,55.53,100,TWSE_MI_QFIIS_DAILY_FOREIGN_INVESTMENT,2026-08-21T09:59:05.591Z
2020-11-04,2330,台積電,25930380458,19810309271,76.39,6120071187,23.6,100,TWSE_MI_QFIIS_DAILY_FOREIGN_INVESTMENT,2026-08-21T09:59:05.591Z
2020-11-04,2454,聯發科,1588766587,1073585308,67.57,515181279,32.42,100,TWSE_MI_QFIIS_DAILY_FOREIGN_INVESTMENT,2026-08-21T09:59:05.591Z
2020-11-05,0050,元大台灣50,931000000,245573766,26.37,685426234,73.62,100,TWSE_MI_QFIIS_DAILY_FOREIGN_INVESTMENT,2026-08-21T09:59:05.591Z
2020-11-05,2317,鴻海,13862990609,6165401812,44.47,7697588797,55.52,100,TWSE_MI_QFIIS_DAILY_FOREIGN_INVESTMENT,2026-08-21T09:59:05.591Z
2020-11-05,2330,台積電,25930380458,19821856738,76.44,6108523720,23.55,100,TWSE_MI_QFIIS_DAILY_FOREIGN_INVESTMENT,2026-08-21T09:59:05.591Z
2020-11-05,2454,聯發科,1588766587,1078939606,67.91,509826981,32.08,100,TWSE_MI_QFIIS_DAILY_FOREIGN_INVESTMENT,2026-08-21T09:59:05.591Z
2020-11-06,0050,元大台灣50,931000000,245909776,26.41,685090224,73.58,100,TWSE_MI_QFIIS_DAILY_FOREIGN_INVESTMENT,2026-08-21T09:59:05.591Z
2020-11-06,2317,鴻海,13862990609,6173501475,44.53,7689489134,55.46,100,TWSE_MI_QFIIS_DAILY_FOREIGN_INVESTMENT,2026-08-21T09:59:05.591Z
2020-11-06,2330,台積電,25930380458,19838149491,76.5,6092230967,23.49,100,TWSE_MI_QFIIS_DAILY_FOREIGN_INVESTMENT,2026-08-21T09:59:05.591Z
2020-11-06,2454,聯發科,1588766587,1081245515,68.05,507521072,31.94,100,TWSE_MI_QFIIS_DAILY_FOREIGN_INVESTMENT,2026-08-21T09:59:05.591Z
2020-11-09,0050,元大台灣50,931000000,251767968,27.04,679232032,72.95,100,TWSE_MI_QFIIS_DAILY_FOREIGN_INVESTMENT,2026-08-21T09:59:05.591Z
2020-11-09,2317,鴻海,13862990609,6190808580,44.65,7672182029,55.34,100,TWSE_MI_QFIIS_DAILY_FOREIGN_INVESTMENT,2026-08-21T09:59:05.591Z
2020-11-09,2330,台積電,25930380458,19854092930,76.56,6076287528,23.43,100,TWSE_MI_QFIIS_DAILY_FOREIGN_INVESTMENT,2026-08-21T09:59:05.591Z
2020-11-09,2454,聯發科,1588766587,1081348779,68.06,507417808,31.93,100,TWSE_MI_QFIIS_DAILY_FOREIGN_INVESTMENT,2026-08-21T09:59:05.591Z
2020-11-10,0050,元大台灣50,931000000,252895271,27.16,678104729,72.83,100,TWSE_MI_QFIIS_DAILY_FOREIGN_INVESTMENT,2026-08-21T09:59:05.591Z
2020-11-10,2317,鴻海,13862990609,6192721096,44.67,7670269513,55.32,100,TWSE_MI_QFIIS_DAILY_FOREIGN_INVESTMENT,2026-08-21T09:59:05.591Z
2020-11-10,2330,台積電,25930380458,19842839760,76.52,6087540698,23.47,100,TWSE_MI_QFIIS_DAILY_FOREIGN_INVESTMENT,2026-08-21T09:59:05.591Z
2020-11-10,2454,聯發科,1590062183,1079848014,67.91,510214169,32.08,100,TWSE_MI_QFIIS_DAILY_FOREIGN_INVESTMENT,2026-08-21T09:59:05.591Z
2020-11-11,0050,元大台灣50,931000000,257479894,27.65,673520106,72.34,100,TWSE_MI_QFIIS_DAILY_FOREIGN_INVESTMENT,2026-08-21T09:59:05.591Z
2020-11-11,2317,鴻海,13862990609,6200460754,44.72,7662529855,55.27,100,TWSE_MI_QFIIS_DAILY_FOREIGN_INVESTMENT,2026-08-21T09:59:05.591Z
2020-11-11,2330,台積電,25930380458,19847177321,76.54,6083203137,23.45,100,TWSE_MI_QFIIS_DAILY_FOREIGN_INVESTMENT,2026-08-21T09:59:05.591Z
2020-11-11,2454,聯發科,1590062183,1077858576,67.78,512203607,32.21,100,TWSE_MI_QFIIS_DAILY_FOREIGN_INVESTMENT,2026-08-21T09:59:05.591Z
2020-11-12,0050,元大台灣50,926000000,253342954,27.35,672657046,72.64,100,TWSE_MI_QFIIS_DAILY_FOREIGN_INVESTMENT,2026-08-21T09:59:05.591Z
2020-11-12,2317,鴻海,13862990609,6201528875,44.73,7661461734,55.26,100,TWSE_MI_QFIIS_DAILY_FOREIGN_INVESTMENT,2026-08-21T09:59:05.591Z
2020-11-12,2330,台積電,25930380458,19860180296,76.59,6070200162,23.4,100,TWSE_MI_QFIIS_DAILY_FOREIGN_INVESTMENT,2026-08-21T09:59:05.591Z
2020-11-12,2454,聯發科,1590062183,1076885183,67.72,513177000,32.27,100,TWSE_MI_QFIIS_DAILY_FOREIGN_INVESTMENT,2026-08-21T09:59:05.591Z
2020-11-13,0050,元大台灣50,926000000,254961981,27.53,671038019,72.46,100,TWSE_MI_QFIIS_DAILY_FOREIGN_INVESTMENT,2026-08-21T09:59:05.591Z
2020-11-13,2317,鴻海,13862990609,6202962095,44.74,7660028514,55.25,100,TWSE_MI_QFIIS_DAILY_FOREIGN_INVESTMENT,2026-08-21T09:59:05.591Z
2020-11-13,2330,台積電,25930380458,19865408577,76.61,6064971881,23.38,100,TWSE_MI_QFIIS_DAILY_FOREIGN_INVESTMENT,2026-08-21T09:59:05.591Z
2020-11-13,2454,聯發科,1590062183,1077440722,67.76,512621461,32.23,100,TWSE_MI_QFIIS_DAILY_FOREIGN_INVESTMENT,2026-08-21T09:59:05.591Z
2020-11-16,0050,元大台灣50,926000000,255071281,27.54,670928719,72.45,100,TWSE_MI_QFIIS_DAILY_FOREIGN_INVESTMENT,2026-08-21T09:59:05.591Z
2020-11-16,2317,鴻海,13862990609,6215774648,44.83,7647215961,55.16,100,TWSE_MI_QFIIS_DAILY_FOREIGN_INVESTMENT,2026-08-21T09:59:05.591Z
2020-11-16,2330,台積電,25930380458,19891111113,76.7,6039269345,23.29,100,TWSE_MI_QFIIS_DAILY_FOREIGN_INVESTMENT,2026-08-21T09:59:05.591Z
2020-11-16,2454,聯發科,1590062183,1079420076,67.88,510642107,32.11,100,TWSE_MI_QFIIS_DAILY_FOREIGN_INVESTMENT,2026-08-21T09:59:05.591Z
2020-11-17,0050,元大台灣50,926000000,254910413,27.52,671089587,72.47,100,TWSE_MI_QFIIS_DAILY_FOREIGN_INVESTMENT,2026-08-21T09:59:05.591Z
2020-11-17,2317,鴻海,13862990609,6225826552,44.9,7637164057,55.09,100,TWSE_MI_QFIIS_DAILY_FOREIGN_INVESTMENT,2026-08-21T09:59:05.591Z
2020-11-17,2330,台積電,25930380458,19891011711,76.7,6039368747,23.29,100,TWSE_MI_QFIIS_DAILY_FOREIGN_INVESTMENT,2026-08-21T09:59:05.591Z
2020-11-17,2454,聯發科,1590062183,1081288973,68,508773210,31.99,100,TWSE_MI_QFIIS_DAILY_FOREIGN_INVESTMENT,2026-08-21T09:59:05.591Z
2020-11-18,0050,元大台灣50,937500000,250453988,26.71,687046012,73.28,100,TWSE_MI_QFIIS_DAILY_FOREIGN_INVESTMENT,2026-08-21T09:59:05.591Z
2020-11-18,2317,鴻海,13862990609,6238510396,45,7624480213,54.99,100,TWSE_MI_QFIIS_DAILY_FOREIGN_INVESTMENT,2026-08-21T09:59:05.591Z
2020-11-18,2330,台積電,25930380458,19899699499,76.74,6030680959,23.25,100,TWSE_MI_QFIIS_DAILY_FOREIGN_INVESTMENT,2026-08-21T09:59:05.591Z
2020-11-18,2454,聯發科,1590062183,1088738519,68.47,501323664,31.52,100,TWSE_MI_QFIIS_DAILY_FOREIGN_INVESTMENT,2026-08-21T09:59:05.591Z
2020-11-19,0050,元大台灣50,930000000,244959439,26.33,685040561,73.66,100,TWSE_MI_QFIIS_DAILY_FOREIGN_INVESTMENT,2026-08-21T09:59:05.591Z
2020-11-19,2317,鴻海,13862990609,6238860618,45,7624129991,54.99,100,TWSE_MI_QFIIS_DAILY_FOREIGN_INVESTMENT,2026-08-21T09:59:05.591Z
2020-11-19,2330,台積電,25930380458,19883887054,76.68,6046493404,23.31,100,TWSE_MI_QFIIS_DAILY_FOREIGN_INVESTMENT,2026-08-21T09:59:05.591Z
2020-11-19,2454,聯發科,1590062183,1090515029,68.58,499547154,31.41,100,TWSE_MI_QFIIS_DAILY_FOREIGN_INVESTMENT,2026-08-21T09:59:05.591Z
2020-11-20,0050,元大台灣50,953000000,247514066,25.97,705485934,74.02,100,TWSE_MI_QFIIS_DAILY_FOREIGN_INVESTMENT,2026-08-21T09:59:05.591Z
2020-11-20,2317,鴻海,13862990609,6238979366,45,7624011243,54.99,100,TWSE_MI_QFIIS_DAILY_FOREIGN_INVESTMENT,2026-08-21T09:59:05.591Z
2020-11-20,2330,台積電,25930380458,19873051175,76.64,6057329283,23.35,100,TWSE_MI_QFIIS_DAILY_FOREIGN_INVESTMENT,2026-08-21T09:59:05.591Z
2020-11-20,2454,聯發科,1590062183,1094018562,68.8,496043621,31.19,100,TWSE_MI_QFIIS_DAILY_FOREIGN_INVESTMENT,2026-08-21T09:59:05.591Z
2020-11-23,0050,元大台灣50,993000000,249765246,25.15,743234754,74.84,100,TWSE_MI_QFIIS_DAILY_FOREIGN_INVESTMENT,2026-08-21T09:59:05.591Z
2020-11-23,2317,鴻海,13862990609,6245460506,45.05,7617530103,54.94,100,TWSE_MI_QFIIS_DAILY_FOREIGN_INVESTMENT,2026-08-21T09:59:05.591Z
2020-11-23,2330,台積電,25930380458,19875403305,76.64,6054977153,23.35,100,TWSE_MI_QFIIS_DAILY_FOREIGN_INVESTMENT,2026-08-21T09:59:05.591Z
2020-11-23,2454,聯發科,1590062183,1093700225,68.78,496361958,31.21,100,TWSE_MI_QFIIS_DAILY_FOREIGN_INVESTMENT,2026-08-21T09:59:05.591Z
2020-11-24,0050,元大台灣50,963500000,246798479,25.61,716701521,74.38,100,TWSE_MI_QFIIS_DAILY_FOREIGN_INVESTMENT,2026-08-21T09:59:05.591Z
2020-11-24,2317,鴻海,13862990609,6239902528,45.01,7623088081,54.98,100,TWSE_MI_QFIIS_DAILY_FOREIGN_INVESTMENT,2026-08-21T09:59:05.591Z
2020-11-24,2330,台積電,25930380458,19864598036,76.6,6065782422,23.39,100,TWSE_MI_QFIIS_DAILY_FOREIGN_INVESTMENT,2026-08-21T09:59:05.591Z
2020-11-24,2454,聯發科,1590062183,1094873784,68.85,495188399,31.14,100,TWSE_MI_QFIIS_DAILY_FOREIGN_INVESTMENT,2026-08-21T09:59:05.591Z
2020-11-25,0050,元大台灣50,923500000,244765930,26.5,678734070,73.49,100,TWSE_MI_QFIIS_DAILY_FOREIGN_INVESTMENT,2026-08-21T09:59:05.591Z
2020-11-25,2317,鴻海,13862990609,6241115404,45.01,7621875205,54.98,100,TWSE_MI_QFIIS_DAILY_FOREIGN_INVESTMENT,2026-08-21T09:59:05.591Z
2020-11-25,2330,台積電,25930380458,19852381725,76.56,6077998733,23.43,100,TWSE_MI_QFIIS_DAILY_FOREIGN_INVESTMENT,2026-08-21T09:59:05.591Z
2020-11-25,2454,聯發科,1590062183,1093766793,68.78,496295390,31.21,100,TWSE_MI_QFIIS_DAILY_FOREIGN_INVESTMENT,2026-08-21T09:59:05.591Z
2020-11-26,0050,元大台灣50,949500000,238855355,25.15,710644645,74.84,100,TWSE_MI_QFIIS_DAILY_FOREIGN_INVESTMENT,2026-08-21T09:59:05.591Z
2020-11-26,2317,鴻海,13862990609,6239079925,45,7623910684,54.99,100,TWSE_MI_QFIIS_DAILY_FOREIGN_INVESTMENT,2026-08-21T09:59:05.591Z
2020-11-26,2330,台積電,25930380458,19845505078,76.53,6084875380,23.46,100,TWSE_MI_QFIIS_DAILY_FOREIGN_INVESTMENT,2026-08-21T09:59:05.591Z
2020-11-26,2454,聯發科,1590062183,1093872655,68.79,496189528,31.2,100,TWSE_MI_QFIIS_DAILY_FOREIGN_INVESTMENT,2026-08-21T09:59:05.591Z
2020-11-27,0050,元大台灣50,990500000,237533365,23.98,752966635,76.01,100,TWSE_MI_QFIIS_DAILY_FOREIGN_INVESTMENT,2026-08-21T09:59:05.591Z
2020-11-27,2317,鴻海,13862990609,6235681849,44.98,7627308760,55.01,100,TWSE_MI_QFIIS_DAILY_FOREIGN_INVESTMENT,2026-08-21T09:59:05.591Z
2020-11-27,2330,台積電,25930380458,19839581172,76.51,6090799286,23.48,100,TWSE_MI_QFIIS_DAILY_FOREIGN_INVESTMENT,2026-08-21T09:59:05.591Z
2020-11-27,2454,聯發科,1590062183,1092671808,68.71,497390375,31.28,100,TWSE_MI_QFIIS_DAILY_FOREIGN_INVESTMENT,2026-08-21T09:59:05.591Z
2020-11-30,0050,元大台灣50,990500000,232475367,23.47,758024633,76.52,100,TWSE_MI_QFIIS_DAILY_FOREIGN_INVESTMENT,2026-08-21T09:59:05.591Z
2020-11-30,2317,鴻海,13862990609,6233525726,44.96,7629464883,55.03,100,TWSE_MI_QFIIS_DAILY_FOREIGN_INVESTMENT,2026-08-21T09:59:05.591Z
2020-11-30,2330,台積電,25930380458,19808704524,76.39,6121675934,23.6,100,TWSE_MI_QFIIS_DAILY_FOREIGN_INVESTMENT,2026-08-21T09:59:05.591Z
2020-11-30,2454,聯發科,1590062183,1088015628,68.42,502046555,31.57,100,TWSE_MI_QFIIS_DAILY_FOREIGN_INVESTMENT,2026-08-21T09:59:05.591Z
2020-12-01,0050,元大台灣50,926000000,234905009,25.36,691094991,74.63,100,TWSE_MI_QFIIS_DAILY_FOREIGN_INVESTMENT,2026-08-21T09:59:05.591Z
2020-12-01,2317,鴻海,13862990609,6238611379,45,7624379230,54.99,100,TWSE_MI_QFIIS_DAILY_FOREIGN_INVESTMENT,2026-08-21T09:59:05.591Z
2020-12-01,2330,台積電,25930380458,19806320302,76.38,6124060156,23.61,100,TWSE_MI_QFIIS_DAILY_FOREIGN_INVESTMENT,2026-08-21T09:59:05.591Z
2020-12-01,2454,聯發科,1590062183,1087120685,68.36,502941498,31.63,100,TWSE_MI_QFIIS_DAILY_FOREIGN_INVESTMENT,2026-08-21T09:59:05.591Z
2020-12-02,0050,元大台灣50,930000000,236871972,25.47,693128028,74.52,100,TWSE_MI_QFIIS_DAILY_FOREIGN_INVESTMENT,2026-08-21T09:59:05.591Z
2020-12-02,2317,鴻海,13862990609,6231818850,44.95,7631171759,55.04,100,TWSE_MI_QFIIS_DAILY_FOREIGN_INVESTMENT,2026-08-21T09:59:05.591Z
2020-12-02,2330,台積電,25930380458,19816811035,76.42,6113569423,23.57,100,TWSE_MI_QFIIS_DAILY_FOREIGN_INVESTMENT,2026-08-21T09:59:05.591Z
2020-12-02,2454,聯發科,1590062183,1087310262,68.38,502751921,31.61,100,TWSE_MI_QFIIS_DAILY_FOREIGN_INVESTMENT,2026-08-21T09:59:05.591Z
2020-12-03,0050,元大台灣50,954000000,242923042,25.46,711076958,74.53,100,TWSE_MI_QFIIS_DAILY_FOREIGN_INVESTMENT,2026-08-21T09:59:05.591Z
2020-12-03,2317,鴻海,13862990609,6219237804,44.86,7643752805,55.13,100,TWSE_MI_QFIIS_DAILY_FOREIGN_INVESTMENT,2026-08-21T09:59:05.591Z
2020-12-03,2330,台積電,25930380458,19806208531,76.38,6124171927,23.61,100,TWSE_MI_QFIIS_DAILY_FOREIGN_INVESTMENT,2026-08-21T09:59:05.591Z
2020-12-03,2454,聯發科,1590062183,1085514474,68.26,504547709,31.73,100,TWSE_MI_QFIIS_DAILY_FOREIGN_INVESTMENT,2026-08-21T09:59:05.591Z
2020-12-04,0050,元大台灣50,975000000,238810194,24.49,736189806,75.5,100,TWSE_MI_QFIIS_DAILY_FOREIGN_INVESTMENT,2026-08-21T09:59:05.591Z
2020-12-04,2317,鴻海,13862990609,6223235591,44.89,7639755018,55.1,100,TWSE_MI_QFIIS_DAILY_FOREIGN_INVESTMENT,2026-08-21T09:59:05.591Z
2020-12-04,2330,台積電,25930380458,19826223604,76.45,6104156854,23.54,100,TWSE_MI_QFIIS_DAILY_FOREIGN_INVESTMENT,2026-08-21T09:59:05.591Z
2020-12-04,2454,聯發科,1590062183,1086708995,68.34,503353188,31.65,100,TWSE_MI_QFIIS_DAILY_FOREIGN_INVESTMENT,2026-08-21T09:59:05.591Z
2020-12-07,0050,元大台灣50,923000000,237992625,25.78,685007375,74.21,100,TWSE_MI_QFIIS_DAILY_FOREIGN_INVESTMENT,2026-08-21T09:59:05.591Z
2020-12-07,2317,鴻海,13862990609,6232856809,44.96,7630133800,55.03,100,TWSE_MI_QFIIS_DAILY_FOREIGN_INVESTMENT,2026-08-21T09:59:05.591Z
2020-12-07,2330,台積電,25930380458,19827569600,76.46,6102810858,23.53,100,TWSE_MI_QFIIS_DAILY_FOREIGN_INVESTMENT,2026-08-21T09:59:05.591Z
2020-12-07,2454,聯發科,1590062183,1085858711,68.29,504203472,31.7,100,TWSE_MI_QFIIS_DAILY_FOREIGN_INVESTMENT,2026-08-21T09:59:05.591Z
2020-12-08,0050,元大台灣50,926000000,237582953,25.65,688417047,74.34,100,TWSE_MI_QFIIS_DAILY_FOREIGN_INVESTMENT,2026-08-21T09:59:05.591Z
2020-12-08,2317,鴻海,13862990609,6233591623,44.96,7629398986,55.03,100,TWSE_MI_QFIIS_DAILY_FOREIGN_INVESTMENT,2026-08-21T09:59:05.591Z
2020-12-08,2330,台積電,25930380458,19827679636,76.46,6102700822,23.53,100,TWSE_MI_QFIIS_DAILY_FOREIGN_INVESTMENT,2026-08-21T09:59:05.591Z
2020-12-08,2454,聯發科,1590062183,1088318434,68.44,501743749,31.55,100,TWSE_MI_QFIIS_DAILY_FOREIGN_INVESTMENT,2026-08-21T09:59:05.591Z
2020-12-09,0050,元大台灣50,973500000,236806000,24.32,736694000,75.67,100,TWSE_MI_QFIIS_DAILY_FOREIGN_INVESTMENT,2026-08-21T09:59:05.591Z
2020-12-09,2317,鴻海,13862990609,6241052746,45.01,7621937863,54.98,100,TWSE_MI_QFIIS_DAILY_FOREIGN_INVESTMENT,2026-08-21T09:59:05.591Z
2020-12-09,2330,台積電,25930380458,19814587761,76.41,6115792697,23.58,100,TWSE_MI_QFIIS_DAILY_FOREIGN_INVESTMENT,2026-08-21T09:59:05.591Z
2020-12-09,2454,聯發科,1590062183,1089288460,68.5,500773723,31.49,100,TWSE_MI_QFIIS_DAILY_FOREIGN_INVESTMENT,2026-08-21T09:59:05.591Z
2020-12-10,0050,元大台灣50,931000000,238706737,25.63,692293263,74.36,100,TWSE_MI_QFIIS_DAILY_FOREIGN_INVESTMENT,2026-08-21T09:59:05.591Z
2020-12-10,2317,鴻海,13862990609,6239300914,45,7623689695,54.99,100,TWSE_MI_QFIIS_DAILY_FOREIGN_INVESTMENT,2026-08-21T09:59:05.591Z
2020-12-10,2330,台積電,25930380458,19802115047,76.36,6128265411,23.63,100,TWSE_MI_QFIIS_DAILY_FOREIGN_INVESTMENT,2026-08-21T09:59:05.591Z
2020-12-10,2454,聯發科,1590062183,1086964167,68.35,503098016,31.64,100,TWSE_MI_QFIIS_DAILY_FOREIGN_INVESTMENT,2026-08-21T09:59:05.591Z
2020-12-11,0050,元大台灣50,931000000,237694174,25.53,693305826,74.46,100,TWSE_MI_QFIIS_DAILY_FOREIGN_INVESTMENT,2026-08-21T09:59:05.591Z
2020-12-11,2317,鴻海,13862990609,6249155553,45.07,7613835056,54.92,100,TWSE_MI_QFIIS_DAILY_FOREIGN_INVESTMENT,2026-08-21T09:59:05.591Z
2020-12-11,2330,台積電,25930380458,19798706089,76.35,6131674369,23.64,100,TWSE_MI_QFIIS_DAILY_FOREIGN_INVESTMENT,2026-08-21T09:59:05.591Z
2020-12-11,2454,聯發科,1590062183,1086090395,68.3,503971788,31.69,100,TWSE_MI_QFIIS_DAILY_FOREIGN_INVESTMENT,2026-08-21T09:59:05.591Z
2020-12-14,0050,元大台灣50,996000000,255179525,25.62,740820475,74.37,100,TWSE_MI_QFIIS_DAILY_FOREIGN_INVESTMENT,2026-08-21T09:59:05.591Z
2020-12-14,2317,鴻海,13862990609,6249703223,45.08,7613287386,54.91,100,TWSE_MI_QFIIS_DAILY_FOREIGN_INVESTMENT,2026-08-21T09:59:05.591Z
2020-12-14,2330,台積電,25930380458,19787294368,76.3,6143086090,23.69,100,TWSE_MI_QFIIS_DAILY_FOREIGN_INVESTMENT,2026-08-21T09:59:05.591Z
2020-12-14,2454,聯發科,1590062183,1085225612,68.25,504836571,31.74,100,TWSE_MI_QFIIS_DAILY_FOREIGN_INVESTMENT,2026-08-21T09:59:05.591Z
2020-12-15,0050,元大台灣50,963500000,261335862,27.12,702164138,72.87,100,TWSE_MI_QFIIS_DAILY_FOREIGN_INVESTMENT,2026-08-21T09:59:05.591Z
2020-12-15,2317,鴻海,13862990609,6253169716,45.1,7609820893,54.89,100,TWSE_MI_QFIIS_DAILY_FOREIGN_INVESTMENT,2026-08-21T09:59:05.591Z
2020-12-15,2330,台積電,25930380458,19775136739,76.26,6155243719,23.73,100,TWSE_MI_QFIIS_DAILY_FOREIGN_INVESTMENT,2026-08-21T09:59:05.591Z
2020-12-15,2454,聯發科,1590062183,1084495728,68.2,505566455,31.79,100,TWSE_MI_QFIIS_DAILY_FOREIGN_INVESTMENT,2026-08-21T09:59:05.591Z
2020-12-16,0050,元大台灣50,966000000,268610111,27.8,697389889,72.19,100,TWSE_MI_QFIIS_DAILY_FOREIGN_INVESTMENT,2026-08-21T09:59:05.591Z
2020-12-16,2317,鴻海,13862990609,6264000068,45.18,7598990541,54.81,100,TWSE_MI_QFIIS_DAILY_FOREIGN_INVESTMENT,2026-08-21T09:59:05.591Z
2020-12-16,2330,台積電,25930380458,19784798364,76.29,6145582094,23.7,100,TWSE_MI_QFIIS_DAILY_FOREIGN_INVESTMENT,2026-08-21T09:59:05.591Z
2020-12-16,2454,聯發科,1590062183,1084181932,68.18,505880251,31.81,100,TWSE_MI_QFIIS_DAILY_FOREIGN_INVESTMENT,2026-08-21T09:59:05.591Z
2020-12-17,0050,元大台灣50,966000000,267655204,27.7,698344796,72.29,100,TWSE_MI_QFIIS_DAILY_FOREIGN_INVESTMENT,2026-08-21T09:59:05.591Z
2020-12-17,2317,鴻海,13862990609,6267478756,45.21,7595511853,54.78,100,TWSE_MI_QFIIS_DAILY_FOREIGN_INVESTMENT,2026-08-21T09:59:05.591Z
2020-12-17,2330,台積電,25930380458,19783809876,76.29,6146570582,23.7,100,TWSE_MI_QFIIS_DAILY_FOREIGN_INVESTMENT,2026-08-21T09:59:05.591Z
2020-12-17,2454,聯發科,1590062183,1083874816,68.16,506187367,31.83,100,TWSE_MI_QFIIS_DAILY_FOREIGN_INVESTMENT,2026-08-21T09:59:05.591Z
2020-12-18,0050,元大台灣50,966000000,267314779,27.67,698685221,72.32,100,TWSE_MI_QFIIS_DAILY_FOREIGN_INVESTMENT,2026-08-21T09:59:05.591Z
2020-12-18,2317,鴻海,13862990609,6267377558,45.2,7595613051,54.79,100,TWSE_MI_QFIIS_DAILY_FOREIGN_INVESTMENT,2026-08-21T09:59:05.591Z
2020-12-18,2330,台積電,25930380458,19792860239,76.33,6137520219,23.66,100,TWSE_MI_QFIIS_DAILY_FOREIGN_INVESTMENT,2026-08-21T09:59:05.591Z
2020-12-18,2454,聯發科,1590062183,1083301700,68.12,506760483,31.87,100,TWSE_MI_QFIIS_DAILY_FOREIGN_INVESTMENT,2026-08-21T09:59:05.591Z
2020-12-21,0050,元大台灣50,973000000,235148870,24.16,737851130,75.83,100,TWSE_MI_QFIIS_DAILY_FOREIGN_INVESTMENT,2026-08-21T09:59:05.591Z
2020-12-21,2317,鴻海,13862990609,6272079623,45.24,7590910986,54.75,100,TWSE_MI_QFIIS_DAILY_FOREIGN_INVESTMENT,2026-08-21T09:59:05.591Z
2020-12-21,2330,台積電,25930380458,19805995205,76.38,6124385253,23.61,100,TWSE_MI_QFIIS_DAILY_FOREIGN_INVESTMENT,2026-08-21T09:59:05.591Z
2020-12-21,2454,聯發科,1590062183,1083424503,68.13,506637680,31.86,100,TWSE_MI_QFIIS_DAILY_FOREIGN_INVESTMENT,2026-08-21T09:59:05.591Z
2020-12-22,0050,元大台灣50,930500000,233266097,25.06,697233903,74.93,100,TWSE_MI_QFIIS_DAILY_FOREIGN_INVESTMENT,2026-08-21T09:59:05.591Z
2020-12-22,2317,鴻海,13862990609,6290158784,45.37,7572831825,54.62,100,TWSE_MI_QFIIS_DAILY_FOREIGN_INVESTMENT,2026-08-21T09:59:05.591Z
2020-12-22,2330,台積電,25930380458,19810571639,76.39,6119808819,23.6,100,TWSE_MI_QFIIS_DAILY_FOREIGN_INVESTMENT,2026-08-21T09:59:05.591Z
2020-12-22,2454,聯發科,1590062183,1083993777,68.17,506068406,31.82,100,TWSE_MI_QFIIS_DAILY_FOREIGN_INVESTMENT,2026-08-21T09:59:05.591Z
2020-12-23,0050,元大台灣50,935500000,230959508,24.68,704540492,75.31,100,TWSE_MI_QFIIS_DAILY_FOREIGN_INVESTMENT,2026-08-21T09:59:05.591Z
2020-12-23,2317,鴻海,13862990609,6311959611,45.53,7551030998,54.46,100,TWSE_MI_QFIIS_DAILY_FOREIGN_INVESTMENT,2026-08-21T09:59:05.591Z
2020-12-23,2330,台積電,25930380458,19808952607,76.39,6121427851,23.6,100,TWSE_MI_QFIIS_DAILY_FOREIGN_INVESTMENT,2026-08-21T09:59:05.591Z
2020-12-23,2454,聯發科,1590062183,1084495777,68.2,505566406,31.79,100,TWSE_MI_QFIIS_DAILY_FOREIGN_INVESTMENT,2026-08-21T09:59:05.591Z
2020-12-24,0050,元大台灣50,979500000,231011706,23.58,748488294,76.41,100,TWSE_MI_QFIIS_DAILY_FOREIGN_INVESTMENT,2026-08-21T09:59:05.591Z
2020-12-24,2317,鴻海,13862990609,6319210478,45.58,7543780131,54.41,100,TWSE_MI_QFIIS_DAILY_FOREIGN_INVESTMENT,2026-08-21T09:59:05.591Z
2020-12-24,2330,台積電,25930380458,19811189019,76.4,6119191439,23.59,100,TWSE_MI_QFIIS_DAILY_FOREIGN_INVESTMENT,2026-08-21T09:59:05.591Z
2020-12-24,2454,聯發科,1590062183,1084554008,68.2,505508175,31.79,100,TWSE_MI_QFIIS_DAILY_FOREIGN_INVESTMENT,2026-08-21T09:59:05.591Z
2020-12-25,0050,元大台灣50,943000000,231147328,24.51,711852672,75.48,100,TWSE_MI_QFIIS_DAILY_FOREIGN_INVESTMENT,2026-08-21T09:59:05.591Z
2020-12-25,2317,鴻海,13862990609,6333254947,45.68,7529735662,54.31,100,TWSE_MI_QFIIS_DAILY_FOREIGN_INVESTMENT,2026-08-21T09:59:05.591Z
2020-12-25,2330,台積電,25930380458,19814683574,76.41,6115696884,23.58,100,TWSE_MI_QFIIS_DAILY_FOREIGN_INVESTMENT,2026-08-21T09:59:05.591Z
2020-12-25,2454,聯發科,1590062183,1084830552,68.22,505231631,31.77,100,TWSE_MI_QFIIS_DAILY_FOREIGN_INVESTMENT,2026-08-21T09:59:05.591Z
2020-12-28,0050,元大台灣50,943000000,231268581,24.52,711731419,75.47,100,TWSE_MI_QFIIS_DAILY_FOREIGN_INVESTMENT,2026-08-21T09:59:05.591Z
2020-12-28,2317,鴻海,13862990609,6325663818,45.62,7537326791,54.37,100,TWSE_MI_QFIIS_DAILY_FOREIGN_INVESTMENT,2026-08-21T09:59:05.591Z
2020-12-28,2330,台積電,25930380458,19820512455,76.43,6109868003,23.56,100,TWSE_MI_QFIIS_DAILY_FOREIGN_INVESTMENT,2026-08-21T09:59:05.591Z
2020-12-28,2454,聯發科,1590062183,1089002737,68.48,501059446,31.51,100,TWSE_MI_QFIIS_DAILY_FOREIGN_INVESTMENT,2026-08-21T09:59:05.591Z
2020-12-29,0050,元大台灣50,945500000,231773279,24.51,713726721,75.48,100,TWSE_MI_QFIIS_DAILY_FOREIGN_INVESTMENT,2026-08-21T09:59:05.591Z
2020-12-29,2317,鴻海,13862990609,6324511517,45.62,7538479092,54.37,100,TWSE_MI_QFIIS_DAILY_FOREIGN_INVESTMENT,2026-08-21T09:59:05.591Z
2020-12-29,2330,台積電,25930380458,19826814784,76.46,6103565674,23.53,100,TWSE_MI_QFIIS_DAILY_FOREIGN_INVESTMENT,2026-08-21T09:59:05.591Z
2020-12-29,2454,聯發科,1590062183,1088908736,68.48,501153447,31.51,100,TWSE_MI_QFIIS_DAILY_FOREIGN_INVESTMENT,2026-08-21T09:59:05.591Z
2020-12-30,0050,元大台灣50,945500000,234135985,24.76,711364015,75.23,100,TWSE_MI_QFIIS_DAILY_FOREIGN_INVESTMENT,2026-08-21T09:59:05.591Z
2020-12-30,2317,鴻海,13862990609,6344673330,45.76,7518317279,54.23,100,TWSE_MI_QFIIS_DAILY_FOREIGN_INVESTMENT,2026-08-21T09:59:05.591Z
2020-12-30,2330,台積電,25930380458,19842466729,76.52,6087913729,23.47,100,TWSE_MI_QFIIS_DAILY_FOREIGN_INVESTMENT,2026-08-21T09:59:05.591Z
2020-12-30,2454,聯發科,1590062183,1091107279,68.62,498954904,31.37,100,TWSE_MI_QFIIS_DAILY_FOREIGN_INVESTMENT,2026-08-21T09:59:05.591Z
2020-12-31,0050,元大台灣50,945500000,236741219,25.03,708758781,74.96,100,TWSE_MI_QFIIS_DAILY_FOREIGN_INVESTMENT,2026-08-21T09:59:05.591Z
2020-12-31,2317,鴻海,13862990609,6351519554,45.81,7511471055,54.18,100,TWSE_MI_QFIIS_DAILY_FOREIGN_INVESTMENT,2026-08-21T09:59:05.591Z
2020-12-31,2330,台積電,25930380458,19839775546,76.51,6090604912,23.48,100,TWSE_MI_QFIIS_DAILY_FOREIGN_INVESTMENT,2026-08-21T09:59:05.591Z
2020-12-31,2454,聯發科,1590062183,1092042227,68.67,498019956,31.32,100,TWSE_MI_QFIIS_DAILY_FOREIGN_INVESTMENT,2026-08-21T09:59:05.591Z
2021-01-04,0050,元大台灣50,945500000,236105830,24.97,709394170,75.02,100,TWSE_MI_QFIIS_DAILY_FOREIGN_INVESTMENT,2026-08-21T09:59:05.591Z
2021-01-04,2317,鴻海,13862990609,6398923753,46.15,7464066856,53.84,100,TWSE_MI_QFIIS_DAILY_FOREIGN_INVESTMENT,2026-08-21T09:59:05.591Z
2021-01-04,2330,台積電,25930380458,19852238852,76.55,6078141606,23.44,100,TWSE_MI_QFIIS_DAILY_FOREIGN_INVESTMENT,2026-08-21T09:59:05.591Z
2021-01-04,2454,聯發科,1590062183,1095557673,68.9,494504510,31.09,100,TWSE_MI_QFIIS_DAILY_FOREIGN_INVESTMENT,2026-08-21T09:59:05.591Z
2021-01-05,0050,元大台灣50,945500000,235927438,24.95,709572562,75.04,100,TWSE_MI_QFIIS_DAILY_FOREIGN_INVESTMENT,2026-08-21T09:59:05.591Z
2021-01-05,2317,鴻海,13862990609,6421118233,46.31,7441872376,53.68,100,TWSE_MI_QFIIS_DAILY_FOREIGN_INVESTMENT,2026-08-21T09:59:05.591Z
2021-01-05,2330,台積電,25930380458,19855123256,76.57,6075257202,23.42,100,TWSE_MI_QFIIS_DAILY_FOREIGN_INVESTMENT,2026-08-21T09:59:05.591Z
2021-01-05,2454,聯發科,1590062183,1095471756,68.89,494590427,31.1,100,TWSE_MI_QFIIS_DAILY_FOREIGN_INVESTMENT,2026-08-21T09:59:05.591Z
2021-01-06,0050,元大台灣50,945500000,234568089,24.8,710931911,75.19,100,TWSE_MI_QFIIS_DAILY_FOREIGN_INVESTMENT,2026-08-21T09:59:05.591Z
2021-01-06,2317,鴻海,13862990609,6455864957,46.56,7407125652,53.43,100,TWSE_MI_QFIIS_DAILY_FOREIGN_INVESTMENT,2026-08-21T09:59:05.591Z
2021-01-06,2330,台積電,25930380458,19860477923,76.59,6069902535,23.4,100,TWSE_MI_QFIIS_DAILY_FOREIGN_INVESTMENT,2026-08-21T09:59:05.591Z
2021-01-06,2454,聯發科,1590062183,1095563939,68.9,494498244,31.09,100,TWSE_MI_QFIIS_DAILY_FOREIGN_INVESTMENT,2026-08-21T09:59:05.591Z
2021-01-07,0050,元大台灣50,944000000,231441162,24.51,712558838,75.48,100,TWSE_MI_QFIIS_DAILY_FOREIGN_INVESTMENT,2026-08-21T09:59:05.591Z
2021-01-07,2317,鴻海,13862990609,6486193845,46.78,7376796764,53.21,100,TWSE_MI_QFIIS_DAILY_FOREIGN_INVESTMENT,2026-08-21T09:59:05.591Z
2021-01-07,2330,台積電,25930380458,19862149320,76.59,6068231138,23.4,100,TWSE_MI_QFIIS_DAILY_FOREIGN_INVESTMENT,2026-08-21T09:59:05.591Z
2021-01-07,2454,聯發科,1590062183,1096564399,68.96,493497784,31.03,100,TWSE_MI_QFIIS_DAILY_FOREIGN_INVESTMENT,2026-08-21T09:59:05.591Z
2021-01-08,0050,元大台灣50,922000000,202304861,21.94,719695139,78.05,100,TWSE_MI_QFIIS_DAILY_FOREIGN_INVESTMENT,2026-08-21T09:59:05.591Z
2021-01-08,2317,鴻海,13862990609,6514793554,46.99,7348197055,53,100,TWSE_MI_QFIIS_DAILY_FOREIGN_INVESTMENT,2026-08-21T09:59:05.591Z
2021-01-08,2330,台積電,25930380458,19865426869,76.61,6064953589,23.38,100,TWSE_MI_QFIIS_DAILY_FOREIGN_INVESTMENT,2026-08-21T09:59:05.591Z
2021-01-08,2454,聯發科,1590062183,1097748894,69.03,492313289,30.96,100,TWSE_MI_QFIIS_DAILY_FOREIGN_INVESTMENT,2026-08-21T09:59:05.591Z
2021-01-11,0050,元大台灣50,927000000,205533750,22.17,721466250,77.82,100,TWSE_MI_QFIIS_DAILY_FOREIGN_INVESTMENT,2026-08-21T09:59:05.591Z
2021-01-11,2317,鴻海,13862990609,6509889543,46.95,7353101066,53.04,100,TWSE_MI_QFIIS_DAILY_FOREIGN_INVESTMENT,2026-08-21T09:59:05.591Z
2021-01-11,2330,台積電,25930380458,19857709935,76.58,6072670523,23.41,100,TWSE_MI_QFIIS_DAILY_FOREIGN_INVESTMENT,2026-08-21T09:59:05.591Z
2021-01-11,2454,聯發科,1590062183,1098251736,69.06,491810447,30.93,100,TWSE_MI_QFIIS_DAILY_FOREIGN_INVESTMENT,2026-08-21T09:59:05.591Z
2021-01-12,0050,元大台灣50,925500000,203804103,22.02,721695897,77.97,100,TWSE_MI_QFIIS_DAILY_FOREIGN_INVESTMENT,2026-08-21T09:59:05.591Z
2021-01-12,2317,鴻海,13862990609,6527372620,47.08,7335617989,52.91,100,TWSE_MI_QFIIS_DAILY_FOREIGN_INVESTMENT,2026-08-21T09:59:05.591Z
2021-01-12,2330,台積電,25930380458,19848084763,76.54,6082295695,23.45,100,TWSE_MI_QFIIS_DAILY_FOREIGN_INVESTMENT,2026-08-21T09:59:05.591Z
2021-01-12,2454,聯發科,1590062183,1096773417,68.97,493288766,31.02,100,TWSE_MI_QFIIS_DAILY_FOREIGN_INVESTMENT,2026-08-21T09:59:05.591Z
2021-01-13,0050,元大台灣50,925500000,202103084,21.83,723396916,78.16,100,TWSE_MI_QFIIS_DAILY_FOREIGN_INVESTMENT,2026-08-21T09:59:05.591Z
2021-01-13,2317,鴻海,13862990609,6539013924,47.16,7323976685,52.83,100,TWSE_MI_QFIIS_DAILY_FOREIGN_INVESTMENT,2026-08-21T09:59:05.591Z
2021-01-13,2330,台積電,25930380458,19840881200,76.51,6089499258,23.48,100,TWSE_MI_QFIIS_DAILY_FOREIGN_INVESTMENT,2026-08-21T09:59:05.591Z
2021-01-13,2454,聯發科,1590062183,1096841548,68.98,493220635,31.01,100,TWSE_MI_QFIIS_DAILY_FOREIGN_INVESTMENT,2026-08-21T09:59:05.591Z
2021-01-14,0050,元大台灣50,917500000,190474511,20.76,727025489,79.23,100,TWSE_MI_QFIIS_DAILY_FOREIGN_INVESTMENT,2026-08-21T09:59:05.591Z
2021-01-14,2317,鴻海,13862990609,6629591174,47.82,7233399435,52.17,100,TWSE_MI_QFIIS_DAILY_FOREIGN_INVESTMENT,2026-08-21T09:59:05.591Z
2021-01-14,2330,台積電,25930380458,19810596943,76.39,6119783515,23.6,100,TWSE_MI_QFIIS_DAILY_FOREIGN_INVESTMENT,2026-08-21T09:59:05.591Z
2021-01-14,2454,聯發科,1590062183,1093566897,68.77,496495286,31.22,100,TWSE_MI_QFIIS_DAILY_FOREIGN_INVESTMENT,2026-08-21T09:59:05.591Z
2021-01-15,0050,元大台灣50,917500000,197140328,21.48,720359672,78.51,100,TWSE_MI_QFIIS_DAILY_FOREIGN_INVESTMENT,2026-08-21T09:59:05.591Z
2021-01-15,2317,鴻海,13862990609,6628403052,47.81,7234587557,52.18,100,TWSE_MI_QFIIS_DAILY_FOREIGN_INVESTMENT,2026-08-21T09:59:05.591Z
2021-01-15,2330,台積電,25930380458,19818687018,76.43,6111693440,23.56,100,TWSE_MI_QFIIS_DAILY_FOREIGN_INVESTMENT,2026-08-21T09:59:05.591Z
2021-01-15,2454,聯發科,1590062183,1092363794,68.69,497698389,31.3,100,TWSE_MI_QFIIS_DAILY_FOREIGN_INVESTMENT,2026-08-21T09:59:05.591Z
2021-01-18,0050,元大台灣50,920500000,191868684,20.84,728631316,79.15,100,TWSE_MI_QFIIS_DAILY_FOREIGN_INVESTMENT,2026-08-21T09:59:05.591Z
2021-01-18,2317,鴻海,13862990609,6626043107,47.79,7236947502,52.2,100,TWSE_MI_QFIIS_DAILY_FOREIGN_INVESTMENT,2026-08-21T09:59:05.591Z
2021-01-18,2330,台積電,25930380458,19815949512,76.41,6114430946,23.58,100,TWSE_MI_QFIIS_DAILY_FOREIGN_INVESTMENT,2026-08-21T09:59:05.591Z
2021-01-18,2454,聯發科,1590062183,1091653114,68.65,498409069,31.34,100,TWSE_MI_QFIIS_DAILY_FOREIGN_INVESTMENT,2026-08-21T09:59:05.591Z
2021-01-19,0050,元大台灣50,895500000,163253984,18.23,732246016,81.76,100,TWSE_MI_QFIIS_DAILY_FOREIGN_INVESTMENT,2026-08-21T09:59:05.591Z
2021-01-19,2317,鴻海,13862990609,6637651006,47.88,7225339603,52.11,100,TWSE_MI_QFIIS_DAILY_FOREIGN_INVESTMENT,2026-08-21T09:59:05.591Z
2021-01-19,2330,台積電,25930380458,19824062611,76.45,6106317847,23.54,100,TWSE_MI_QFIIS_DAILY_FOREIGN_INVESTMENT,2026-08-21T09:59:05.591Z
2021-01-19,2454,聯發科,1590062183,1092599908,68.71,497462275,31.28,100,TWSE_MI_QFIIS_DAILY_FOREIGN_INVESTMENT,2026-08-21T09:59:05.591Z
2021-01-20,0050,元大台灣50,872500000,150589509,17.25,721910491,82.74,100,TWSE_MI_QFIIS_DAILY_FOREIGN_INVESTMENT,2026-08-21T09:59:05.591Z
2021-01-20,2317,鴻海,13862990609,6640327556,47.89,7222663053,52.1,100,TWSE_MI_QFIIS_DAILY_FOREIGN_INVESTMENT,2026-08-21T09:59:05.591Z
2021-01-20,2330,台積電,25930380458,19820904619,76.43,6109475839,23.56,100,TWSE_MI_QFIIS_DAILY_FOREIGN_INVESTMENT,2026-08-21T09:59:05.591Z
2021-01-20,2454,聯發科,1590062183,1091909543,68.67,498152640,31.32,100,TWSE_MI_QFIIS_DAILY_FOREIGN_INVESTMENT,2026-08-21T09:59:05.591Z
2021-01-21,0050,元大台灣50,865000000,133447499,15.42,731552501,84.57,100,TWSE_MI_QFIIS_DAILY_FOREIGN_INVESTMENT,2026-08-21T09:59:05.591Z
2021-01-21,2317,鴻海,13862990609,6652380510,47.98,7210610099,52.01,100,TWSE_MI_QFIIS_DAILY_FOREIGN_INVESTMENT,2026-08-21T09:59:05.591Z
2021-01-21,2330,台積電,25930380458,19804957820,76.37,6125422638,23.62,100,TWSE_MI_QFIIS_DAILY_FOREIGN_INVESTMENT,2026-08-21T09:59:05.591Z
2021-01-21,2454,聯發科,1590062183,1093979305,68.8,496082878,31.19,100,TWSE_MI_QFIIS_DAILY_FOREIGN_INVESTMENT,2026-08-21T09:59:05.591Z
2021-01-22,0050,元大台灣50,871000000,128204139,14.71,742795861,85.28,100,TWSE_MI_QFIIS_DAILY_FOREIGN_INVESTMENT,2026-08-21T09:59:05.591Z
2021-01-22,2317,鴻海,13862990609,6680782472,48.19,7182208137,51.8,100,TWSE_MI_QFIIS_DAILY_FOREIGN_INVESTMENT,2026-08-21T09:59:05.591Z
2021-01-22,2330,台積電,25930380458,19743962066,76.14,6186418392,23.85,100,TWSE_MI_QFIIS_DAILY_FOREIGN_INVESTMENT,2026-08-21T09:59:05.591Z
2021-01-22,2454,聯發科,1590062183,1088588288,68.46,501473895,31.53,100,TWSE_MI_QFIIS_DAILY_FOREIGN_INVESTMENT,2026-08-21T09:59:05.591Z
2021-01-25,0050,元大台灣50,875500000,129015712,14.73,746484288,85.26,100,TWSE_MI_QFIIS_DAILY_FOREIGN_INVESTMENT,2026-08-21T09:59:05.591Z
2021-01-25,2317,鴻海,13862990609,6691282597,48.26,7171708012,51.73,100,TWSE_MI_QFIIS_DAILY_FOREIGN_INVESTMENT,2026-08-21T09:59:05.591Z
2021-01-25,2330,台積電,25930380458,19715866187,76.03,6214514271,23.96,100,TWSE_MI_QFIIS_DAILY_FOREIGN_INVESTMENT,2026-08-21T09:59:05.591Z
2021-01-25,2454,聯發科,1590062183,1087305468,68.38,502756715,31.61,100,TWSE_MI_QFIIS_DAILY_FOREIGN_INVESTMENT,2026-08-21T09:59:05.591Z
2021-01-26,0050,元大台灣50,875500000,124675594,14.24,750824406,85.75,100,TWSE_MI_QFIIS_DAILY_FOREIGN_INVESTMENT,2026-08-21T09:59:05.591Z
2021-01-26,2317,鴻海,13862990609,6700127090,48.33,7162863519,51.66,100,TWSE_MI_QFIIS_DAILY_FOREIGN_INVESTMENT,2026-08-21T09:59:05.591Z
2021-01-26,2330,台積電,25930380458,19700698008,75.97,6229682450,24.02,100,TWSE_MI_QFIIS_DAILY_FOREIGN_INVESTMENT,2026-08-21T09:59:05.591Z
2021-01-26,2454,聯發科,1590062183,1085150054,68.24,504912129,31.75,100,TWSE_MI_QFIIS_DAILY_FOREIGN_INVESTMENT,2026-08-21T09:59:05.591Z
2021-01-27,0050,元大台灣50,884000000,133412710,15.09,750587290,84.9,100,TWSE_MI_QFIIS_DAILY_FOREIGN_INVESTMENT,2026-08-21T09:59:05.591Z
2021-01-27,2317,鴻海,13862990609,6706281491,48.37,7156709118,51.62,100,TWSE_MI_QFIIS_DAILY_FOREIGN_INVESTMENT,2026-08-21T09:59:05.591Z
2021-01-27,2330,台積電,25930380458,19693141426,75.94,6237239032,24.05,100,TWSE_MI_QFIIS_DAILY_FOREIGN_INVESTMENT,2026-08-21T09:59:05.591Z
2021-01-27,2454,聯發科,1590062183,1084078312,68.17,505983871,31.82,100,TWSE_MI_QFIIS_DAILY_FOREIGN_INVESTMENT,2026-08-21T09:59:05.591Z
2021-01-28,0050,元大台灣50,884000000,128647758,14.55,755352242,85.44,100,TWSE_MI_QFIIS_DAILY_FOREIGN_INVESTMENT,2026-08-21T09:59:05.591Z
2021-01-28,2317,鴻海,13862990609,6699584309,48.32,7163406300,51.67,100,TWSE_MI_QFIIS_DAILY_FOREIGN_INVESTMENT,2026-08-21T09:59:05.591Z
2021-01-28,2330,台積電,25930380458,19673402438,75.87,6256978020,24.12,100,TWSE_MI_QFIIS_DAILY_FOREIGN_INVESTMENT,2026-08-21T09:59:05.591Z
2021-01-28,2454,聯發科,1590062183,1078516722,67.82,511545461,32.17,100,TWSE_MI_QFIIS_DAILY_FOREIGN_INVESTMENT,2026-08-21T09:59:05.591Z
2021-01-29,0050,元大台灣50,905000000,123547792,13.65,781452208,86.34,100,TWSE_MI_QFIIS_DAILY_FOREIGN_INVESTMENT,2026-08-21T09:59:05.591Z
2021-01-29,2317,鴻海,13862990609,6697843587,48.31,7165147022,51.68,100,TWSE_MI_QFIIS_DAILY_FOREIGN_INVESTMENT,2026-08-21T09:59:05.591Z
2021-01-29,2330,台積電,25930380458,19655921307,75.8,6274459151,24.19,100,TWSE_MI_QFIIS_DAILY_FOREIGN_INVESTMENT,2026-08-21T09:59:05.591Z
2021-01-29,2454,聯發科,1590062183,1078482827,67.82,511579356,32.17,100,TWSE_MI_QFIIS_DAILY_FOREIGN_INVESTMENT,2026-08-21T09:59:05.591Z
2021-02-01,0050,元大台灣50,905000000,143133457,15.81,761866543,84.18,100,TWSE_MI_QFIIS_DAILY_FOREIGN_INVESTMENT,2026-08-21T09:59:05.591Z
2021-02-01,2317,鴻海,13862990609,6710999577,48.4,7151991032,51.59,100,TWSE_MI_QFIIS_DAILY_FOREIGN_INVESTMENT,2026-08-21T09:59:05.591Z
2021-02-01,2330,台積電,25930380458,19659097887,75.81,6271282571,24.18,100,TWSE_MI_QFIIS_DAILY_FOREIGN_INVESTMENT,2026-08-21T09:59:05.591Z
2021-02-01,2454,聯發科,1590062183,1076805225,67.72,513256958,32.27,100,TWSE_MI_QFIIS_DAILY_FOREIGN_INVESTMENT,2026-08-21T09:59:05.591Z
2021-02-02,0050,元大台灣50,905000000,143589921,15.86,761410079,84.13,100,TWSE_MI_QFIIS_DAILY_FOREIGN_INVESTMENT,2026-08-21T09:59:05.591Z
2021-02-02,2317,鴻海,13862990609,6717565239,48.45,7145425370,51.54,100,TWSE_MI_QFIIS_DAILY_FOREIGN_INVESTMENT,2026-08-21T09:59:05.591Z
2021-02-02,2330,台積電,25930380458,19667926460,75.84,6262453998,24.15,100,TWSE_MI_QFIIS_DAILY_FOREIGN_INVESTMENT,2026-08-21T09:59:05.591Z
2021-02-02,2454,聯發科,1590062183,1077480492,67.76,512581691,32.23,100,TWSE_MI_QFIIS_DAILY_FOREIGN_INVESTMENT,2026-08-21T09:59:05.591Z
2021-02-03,0050,元大台灣50,905000000,143646286,15.87,761353714,84.12,100,TWSE_MI_QFIIS_DAILY_FOREIGN_INVESTMENT,2026-08-21T09:59:05.591Z
2021-02-03,2317,鴻海,13862990609,6727830607,48.53,7135160002,51.46,100,TWSE_MI_QFIIS_DAILY_FOREIGN_INVESTMENT,2026-08-21T09:59:05.591Z
2021-02-03,2330,台積電,25930380458,19664198286,75.83,6266182172,24.16,100,TWSE_MI_QFIIS_DAILY_FOREIGN_INVESTMENT,2026-08-21T09:59:05.591Z
2021-02-03,2454,聯發科,1590062183,1077285401,67.75,512776782,32.24,100,TWSE_MI_QFIIS_DAILY_FOREIGN_INVESTMENT,2026-08-21T09:59:05.591Z
2021-02-04,0050,元大台灣50,905000000,143868031,15.89,761131969,84.1,100,TWSE_MI_QFIIS_DAILY_FOREIGN_INVESTMENT,2026-08-21T09:59:05.591Z
2021-02-04,2317,鴻海,13862990609,6727930804,48.53,7135059805,51.46,100,TWSE_MI_QFIIS_DAILY_FOREIGN_INVESTMENT,2026-08-21T09:59:05.591Z
2021-02-04,2330,台積電,25930380458,19656399360,75.8,6273981098,24.19,100,TWSE_MI_QFIIS_DAILY_FOREIGN_INVESTMENT,2026-08-21T09:59:05.591Z
2021-02-04,2454,聯發科,1590062183,1074011397,67.54,516050786,32.45,100,TWSE_MI_QFIIS_DAILY_FOREIGN_INVESTMENT,2026-08-21T09:59:05.591Z
2021-02-05,0050,元大台灣50,905000000,143108822,15.81,761891178,84.18,100,TWSE_MI_QFIIS_DAILY_FOREIGN_INVESTMENT,2026-08-21T09:59:05.591Z
2021-02-05,2317,鴻海,13862990609,6718614971,48.46,7144375638,51.53,100,TWSE_MI_QFIIS_DAILY_FOREIGN_INVESTMENT,2026-08-21T09:59:05.591Z
2021-02-05,2330,台積電,25930380458,19649410427,75.77,6280970031,24.22,100,TWSE_MI_QFIIS_DAILY_FOREIGN_INVESTMENT,2026-08-21T09:59:05.591Z
2021-02-05,2454,聯發科,1590062183,1072015758,67.41,518046425,32.58,100,TWSE_MI_QFIIS_DAILY_FOREIGN_INVESTMENT,2026-08-21T09:59:05.591Z
2021-02-08,0050,元大台灣50,905000000,143108822,15.81,761891178,84.18,100,TWSE_MI_QFIIS_DAILY_FOREIGN_INVESTMENT,2026-08-21T09:59:05.591Z
2021-02-08,2317,鴻海,13862990609,6718599971,48.46,7144390638,51.53,100,TWSE_MI_QFIIS_DAILY_FOREIGN_INVESTMENT,2026-08-21T09:59:05.591Z
2021-02-08,2330,台積電,25930380458,19649410427,75.77,6280970031,24.22,100,TWSE_MI_QFIIS_DAILY_FOREIGN_INVESTMENT,2026-08-21T09:59:05.591Z
2021-02-08,2454,聯發科,1590062183,1072015758,67.41,518046425,32.58,100,TWSE_MI_QFIIS_DAILY_FOREIGN_INVESTMENT,2026-08-21T09:59:05.591Z
2021-02-09,0050,元大台灣50,905000000,143108822,15.81,761891178,84.18,100,TWSE_MI_QFIIS_DAILY_FOREIGN_INVESTMENT,2026-08-21T09:59:05.591Z
2021-02-09,2317,鴻海,13862990609,6718599971,48.46,7144390638,51.53,100,TWSE_MI_QFIIS_DAILY_FOREIGN_INVESTMENT,2026-08-21T09:59:05.591Z
2021-02-09,2330,台積電,25930380458,19649410427,75.77,6280970031,24.22,100,TWSE_MI_QFIIS_DAILY_FOREIGN_INVESTMENT,2026-08-21T09:59:05.591Z
2021-02-09,2454,聯發科,1590062183,1072015758,67.41,518046425,32.58,100,TWSE_MI_QFIIS_DAILY_FOREIGN_INVESTMENT,2026-08-21T09:59:05.591Z
2021-02-17,0050,元大台灣50,905000000,144137452,15.92,760862548,84.07,100,TWSE_MI_QFIIS_DAILY_FOREIGN_INVESTMENT,2026-08-21T09:59:05.591Z
2021-02-17,2317,鴻海,13862990609,6718097302,48.46,7144893307,51.53,100,TWSE_MI_QFIIS_DAILY_FOREIGN_INVESTMENT,2026-08-21T09:59:05.591Z
2021-02-17,2330,台積電,25930380458,19658378713,75.81,6272001745,24.18,100,TWSE_MI_QFIIS_DAILY_FOREIGN_INVESTMENT,2026-08-21T09:59:05.591Z
2021-02-17,2454,聯發科,1590062183,1071446812,67.38,518615371,32.61,100,TWSE_MI_QFIIS_DAILY_FOREIGN_INVESTMENT,2026-08-21T09:59:05.591Z
2021-02-18,0050,元大台灣50,910000000,143878245,15.81,766121755,84.18,100,TWSE_MI_QFIIS_DAILY_FOREIGN_INVESTMENT,2026-08-21T09:59:05.591Z
2021-02-18,2317,鴻海,13862990609,6711700649,48.41,7151289960,51.58,100,TWSE_MI_QFIIS_DAILY_FOREIGN_INVESTMENT,2026-08-21T09:59:05.591Z
2021-02-18,2330,台積電,25930380458,19650882046,75.78,6279498412,24.21,100,TWSE_MI_QFIIS_DAILY_FOREIGN_INVESTMENT,2026-08-21T09:59:05.591Z
2021-02-18,2454,聯發科,1590062183,1071267543,67.37,518794640,32.62,100,TWSE_MI_QFIIS_DAILY_FOREIGN_INVESTMENT,2026-08-21T09:59:05.591Z
2021-02-19,0050,元大台灣50,910000000,145984454,16.04,764015546,83.95,100,TWSE_MI_QFIIS_DAILY_FOREIGN_INVESTMENT,2026-08-21T09:59:05.591Z
2021-02-19,2317,鴻海,13862990609,6705628093,48.37,7157362516,51.62,100,TWSE_MI_QFIIS_DAILY_FOREIGN_INVESTMENT,2026-08-21T09:59:05.591Z
2021-02-19,2330,台積電,25930380458,19638567650,75.73,6291812808,24.26,100,TWSE_MI_QFIIS_DAILY_FOREIGN_INVESTMENT,2026-08-21T09:59:05.591Z
2021-02-19,2454,聯發科,1590250608,1070616781,67.32,519633827,32.67,100,TWSE_MI_QFIIS_DAILY_FOREIGN_INVESTMENT,2026-08-21T09:59:05.591Z
2021-02-22,0050,元大台灣50,905000000,146046338,16.13,758953662,83.86,100,TWSE_MI_QFIIS_DAILY_FOREIGN_INVESTMENT,2026-08-21T09:59:05.591Z
2021-02-22,2317,鴻海,13862990609,6701108772,48.33,7161881837,51.66,100,TWSE_MI_QFIIS_DAILY_FOREIGN_INVESTMENT,2026-08-21T09:59:05.591Z
2021-02-22,2330,台積電,25930380458,19635881775,75.72,6294498683,24.27,100,TWSE_MI_QFIIS_DAILY_FOREIGN_INVESTMENT,2026-08-21T09:59:05.591Z
2021-02-22,2454,聯發科,1590250608,1069100644,67.22,521149964,32.77,100,TWSE_MI_QFIIS_DAILY_FOREIGN_INVESTMENT,2026-08-21T09:59:05.591Z
2021-02-23,0050,元大台灣50,905000000,144554981,15.97,760445019,84.02,100,TWSE_MI_QFIIS_DAILY_FOREIGN_INVESTMENT,2026-08-21T09:59:05.591Z
2021-02-23,2317,鴻海,13862990609,6710149514,48.4,7152841095,51.59,100,TWSE_MI_QFIIS_DAILY_FOREIGN_INVESTMENT,2026-08-21T09:59:05.591Z
2021-02-23,2330,台積電,25930380458,19627648519,75.69,6302731939,24.3,100,TWSE_MI_QFIIS_DAILY_FOREIGN_INVESTMENT,2026-08-21T09:59:05.591Z
2021-02-23,2454,聯發科,1590250608,1069340390,67.24,520910218,32.75,100,TWSE_MI_QFIIS_DAILY_FOREIGN_INVESTMENT,2026-08-21T09:59:05.591Z
2021-02-24,0050,元大台灣50,905000000,142983356,15.79,762016644,84.2,100,TWSE_MI_QFIIS_DAILY_FOREIGN_INVESTMENT,2026-08-21T09:59:05.591Z
2021-02-24,2317,鴻海,13862990609,6699785227,48.32,7163205382,51.67,100,TWSE_MI_QFIIS_DAILY_FOREIGN_INVESTMENT,2026-08-21T09:59:05.591Z
2021-02-24,2330,台積電,25930380458,19611362218,75.63,6319018240,24.36,100,TWSE_MI_QFIIS_DAILY_FOREIGN_INVESTMENT,2026-08-21T09:59:05.591Z
2021-02-24,2454,聯發科,1590250608,1067788028,67.14,522462580,32.85,100,TWSE_MI_QFIIS_DAILY_FOREIGN_INVESTMENT,2026-08-21T09:59:05.591Z
2021-02-25,0050,元大台灣50,905000000,148763978,16.43,756236022,83.56,100,TWSE_MI_QFIIS_DAILY_FOREIGN_INVESTMENT,2026-08-21T09:59:05.591Z
2021-02-25,2317,鴻海,13862990609,6737210103,48.59,7125780506,51.4,100,TWSE_MI_QFIIS_DAILY_FOREIGN_INVESTMENT,2026-08-21T09:59:05.591Z
2021-02-25,2330,台積電,25930380458,19612438490,75.63,6317941968,24.36,100,TWSE_MI_QFIIS_DAILY_FOREIGN_INVESTMENT,2026-08-21T09:59:05.591Z
2021-02-25,2454,聯發科,1590250608,1067765169,67.14,522485439,32.85,100,TWSE_MI_QFIIS_DAILY_FOREIGN_INVESTMENT,2026-08-21T09:59:05.591Z
2021-02-26,0050,元大台灣50,929500000,150875672,16.23,778624328,83.76,100,TWSE_MI_QFIIS_DAILY_FOREIGN_INVESTMENT,2026-08-21T09:59:05.591Z
2021-02-26,2317,鴻海,13862990609,6679384687,48.18,7183605922,51.81,100,TWSE_MI_QFIIS_DAILY_FOREIGN_INVESTMENT,2026-08-21T09:59:05.591Z
2021-02-26,2330,台積電,25930380458,19545226971,75.37,6385153487,24.62,100,TWSE_MI_QFIIS_DAILY_FOREIGN_INVESTMENT,2026-08-21T09:59:05.591Z
2021-02-26,2454,聯發科,1590250608,1063795337,66.89,526455271,33.1,100,TWSE_MI_QFIIS_DAILY_FOREIGN_INVESTMENT,2026-08-21T09:59:05.591Z
2021-03-02,0050,元大台灣50,926500000,149329905,16.11,777170095,83.88,100,TWSE_MI_QFIIS_DAILY_FOREIGN_INVESTMENT,2026-08-21T09:59:05.591Z
2021-03-02,2317,鴻海,13862990609,6681231053,48.19,7181759556,51.8,100,TWSE_MI_QFIIS_DAILY_FOREIGN_INVESTMENT,2026-08-21T09:59:05.591Z
2021-03-02,2330,台積電,25930380458,19542649085,75.36,6387731373,24.63,100,TWSE_MI_QFIIS_DAILY_FOREIGN_INVESTMENT,2026-08-21T09:59:05.591Z
2021-03-02,2454,聯發科,1590250608,1062198459,66.79,528052149,33.2,100,TWSE_MI_QFIIS_DAILY_FOREIGN_INVESTMENT,2026-08-21T09:59:05.591Z
2021-03-03,0050,元大台灣50,929000000,150059093,16.15,778940907,83.84,100,TWSE_MI_QFIIS_DAILY_FOREIGN_INVESTMENT,2026-08-21T09:59:05.591Z
2021-03-03,2317,鴻海,13862990609,6696044433,48.3,7166946176,51.69,100,TWSE_MI_QFIIS_DAILY_FOREIGN_INVESTMENT,2026-08-21T09:59:05.591Z
2021-03-03,2330,台積電,25930380458,19538525194,75.34,6391855264,24.65,100,TWSE_MI_QFIIS_DAILY_FOREIGN_INVESTMENT,2026-08-21T09:59:05.591Z
2021-03-03,2454,聯發科,1590250608,1063476546,66.87,526774062,33.12,100,TWSE_MI_QFIIS_DAILY_FOREIGN_INVESTMENT,2026-08-21T09:59:05.591Z
2021-03-04,0050,元大台灣50,939500000,150279487,15.99,789220513,84,100,TWSE_MI_QFIIS_DAILY_FOREIGN_INVESTMENT,2026-08-21T09:59:05.591Z
2021-03-04,2317,鴻海,13862990609,6685521037,48.22,7177469572,51.77,100,TWSE_MI_QFIIS_DAILY_FOREIGN_INVESTMENT,2026-08-21T09:59:05.591Z
2021-03-04,2330,台積電,25930380458,19502435027,75.21,6427945431,24.78,100,TWSE_MI_QFIIS_DAILY_FOREIGN_INVESTMENT,2026-08-21T09:59:05.591Z
2021-03-04,2454,聯發科,1590250608,1060385345,66.68,529865263,33.31,100,TWSE_MI_QFIIS_DAILY_FOREIGN_INVESTMENT,2026-08-21T09:59:05.591Z
2021-03-05,0050,元大台灣50,943500000,150019288,15.9,793480712,84.09,100,TWSE_MI_QFIIS_DAILY_FOREIGN_INVESTMENT,2026-08-21T09:59:05.591Z
2021-03-05,2317,鴻海,13862990609,6674711893,48.14,7188278716,51.85,100,TWSE_MI_QFIIS_DAILY_FOREIGN_INVESTMENT,2026-08-21T09:59:05.591Z
2021-03-05,2330,台積電,25930380458,19479180284,75.12,6451200174,24.87,100,TWSE_MI_QFIIS_DAILY_FOREIGN_INVESTMENT,2026-08-21T09:59:05.591Z
2021-03-05,2454,聯發科,1590250608,1057958787,66.52,532291821,33.47,100,TWSE_MI_QFIIS_DAILY_FOREIGN_INVESTMENT,2026-08-21T09:59:05.591Z
2021-03-08,0050,元大台灣50,951500000,146570209,15.4,804929791,84.59,100,TWSE_MI_QFIIS_DAILY_FOREIGN_INVESTMENT,2026-08-21T09:59:05.591Z
2021-03-08,2317,鴻海,13862990609,6678884523,48.17,7184106086,51.82,100,TWSE_MI_QFIIS_DAILY_FOREIGN_INVESTMENT,2026-08-21T09:59:05.591Z
2021-03-08,2330,台積電,25930380458,19468734675,75.08,6461645783,24.91,100,TWSE_MI_QFIIS_DAILY_FOREIGN_INVESTMENT,2026-08-21T09:59:05.591Z
2021-03-08,2454,聯發科,1590250608,1055922303,66.39,534328305,33.6,100,TWSE_MI_QFIIS_DAILY_FOREIGN_INVESTMENT,2026-08-21T09:59:05.591Z
2021-03-09,0050,元大台灣50,957500000,152983230,15.97,804516770,84.02,100,TWSE_MI_QFIIS_DAILY_FOREIGN_INVESTMENT,2026-08-21T09:59:05.591Z
2021-03-09,2317,鴻海,13862990609,6690596955,48.26,7172393654,51.73,100,TWSE_MI_QFIIS_DAILY_FOREIGN_INVESTMENT,2026-08-21T09:59:05.591Z
2021-03-09,2330,台積電,25930380458,19446991164,74.99,6483389294,25,100,TWSE_MI_QFIIS_DAILY_FOREIGN_INVESTMENT,2026-08-21T09:59:05.591Z
2021-03-09,2454,聯發科,1590250608,1055785448,66.39,534465160,33.6,100,TWSE_MI_QFIIS_DAILY_FOREIGN_INVESTMENT,2026-08-21T09:59:05.591Z
2021-03-10,0050,元大台灣50,974500000,156002124,16,818497876,83.99,100,TWSE_MI_QFIIS_DAILY_FOREIGN_INVESTMENT,2026-08-21T09:59:05.591Z
2021-03-10,2317,鴻海,13862990609,6701236526,48.33,7161754083,51.66,100,TWSE_MI_QFIIS_DAILY_FOREIGN_INVESTMENT,2026-08-21T09:59:05.591Z
2021-03-10,2330,台積電,25930380458,19444303929,74.98,6486076529,25.01,100,TWSE_MI_QFIIS_DAILY_FOREIGN_INVESTMENT,2026-08-21T09:59:05.591Z
2021-03-10,2454,聯發科,1590250608,1053393083,66.24,536857525,33.75,100,TWSE_MI_QFIIS_DAILY_FOREIGN_INVESTMENT,2026-08-21T09:59:05.591Z
2021-03-11,0050,元大台灣50,974500000,168396999,17.28,806103001,82.71,100,TWSE_MI_QFIIS_DAILY_FOREIGN_INVESTMENT,2026-08-21T09:59:05.591Z
2021-03-11,2317,鴻海,13862990609,6715532085,48.44,7147458524,51.55,100,TWSE_MI_QFIIS_DAILY_FOREIGN_INVESTMENT,2026-08-21T09:59:05.591Z
2021-03-11,2330,台積電,25930380458,19440629490,74.97,6489750968,25.02,100,TWSE_MI_QFIIS_DAILY_FOREIGN_INVESTMENT,2026-08-21T09:59:05.591Z
2021-03-11,2454,聯發科,1590250608,1054217981,66.29,536032627,33.7,100,TWSE_MI_QFIIS_DAILY_FOREIGN_INVESTMENT,2026-08-21T09:59:05.591Z
2021-03-12,0050,元大台灣50,974500000,168559117,17.29,805940883,82.7,100,TWSE_MI_QFIIS_DAILY_FOREIGN_INVESTMENT,2026-08-21T09:59:05.591Z
2021-03-12,2317,鴻海,13862990609,6733358037,48.57,7129632572,51.42,100,TWSE_MI_QFIIS_DAILY_FOREIGN_INVESTMENT,2026-08-21T09:59:05.591Z
2021-03-12,2330,台積電,25930380458,19441852136,74.97,6488528322,25.02,100,TWSE_MI_QFIIS_DAILY_FOREIGN_INVESTMENT,2026-08-21T09:59:05.591Z
2021-03-12,2454,聯發科,1590250608,1055319669,66.36,534930939,33.63,100,TWSE_MI_QFIIS_DAILY_FOREIGN_INVESTMENT,2026-08-21T09:59:05.591Z
2021-03-15,0050,元大台灣50,973500000,168114690,17.26,805385310,82.73,100,TWSE_MI_QFIIS_DAILY_FOREIGN_INVESTMENT,2026-08-21T09:59:05.591Z
2021-03-15,2317,鴻海,13862990609,6746301180,48.66,7116689429,51.33,100,TWSE_MI_QFIIS_DAILY_FOREIGN_INVESTMENT,2026-08-21T09:59:05.591Z
2021-03-15,2330,台積電,25930380458,19441339459,74.97,6489040999,25.02,100,TWSE_MI_QFIIS_DAILY_FOREIGN_INVESTMENT,2026-08-21T09:59:05.591Z
2021-03-15,2454,聯發科,1590250608,1055741330,66.38,534509278,33.61,100,TWSE_MI_QFIIS_DAILY_FOREIGN_INVESTMENT,2026-08-21T09:59:05.591Z
2021-03-16,0050,元大台灣50,973500000,169712395,17.43,803787605,82.56,100,TWSE_MI_QFIIS_DAILY_FOREIGN_INVESTMENT,2026-08-21T09:59:05.591Z
2021-03-16,2317,鴻海,13862990609,6771553852,48.84,7091436757,51.15,100,TWSE_MI_QFIIS_DAILY_FOREIGN_INVESTMENT,2026-08-21T09:59:05.591Z
2021-03-16,2330,台積電,25930380458,19436635433,74.95,6493745025,25.04,100,TWSE_MI_QFIIS_DAILY_FOREIGN_INVESTMENT,2026-08-21T09:59:05.591Z
2021-03-16,2454,聯發科,1590250608,1055813303,66.39,534437305,33.6,100,TWSE_MI_QFIIS_DAILY_FOREIGN_INVESTMENT,2026-08-21T09:59:05.591Z
2021-03-17,0050,元大台灣50,974000000,167844217,17.23,806155783,82.76,100,TWSE_MI_QFIIS_DAILY_FOREIGN_INVESTMENT,2026-08-21T09:59:05.591Z
2021-03-17,2317,鴻海,13862990609,6812640745,49.14,7050349864,50.85,100,TWSE_MI_QFIIS_DAILY_FOREIGN_INVESTMENT,2026-08-21T09:59:05.591Z
2021-03-17,2330,台積電,25930380458,19419435419,74.89,6510945039,25.1,100,TWSE_MI_QFIIS_DAILY_FOREIGN_INVESTMENT,2026-08-21T09:59:05.591Z
2021-03-17,2454,聯發科,1590250608,1054921165,66.33,535329443,33.66,100,TWSE_MI_QFIIS_DAILY_FOREIGN_INVESTMENT,2026-08-21T09:59:05.591Z
2021-03-18,0050,元大台灣50,974000000,169446210,17.39,804553790,82.6,100,TWSE_MI_QFIIS_DAILY_FOREIGN_INVESTMENT,2026-08-21T09:59:05.591Z
2021-03-18,2317,鴻海,13862990609,6842814856,49.36,7020175753,50.63,100,TWSE_MI_QFIIS_DAILY_FOREIGN_INVESTMENT,2026-08-21T09:59:05.591Z
2021-03-18,2330,台積電,25930380458,19415158364,74.87,6515222094,25.12,100,TWSE_MI_QFIIS_DAILY_FOREIGN_INVESTMENT,2026-08-21T09:59:05.591Z
2021-03-18,2454,聯發科,1590250608,1054691961,66.32,535558647,33.67,100,TWSE_MI_QFIIS_DAILY_FOREIGN_INVESTMENT,2026-08-21T09:59:05.591Z
2021-03-19,0050,元大台灣50,974000000,163394897,16.77,810605103,83.22,100,TWSE_MI_QFIIS_DAILY_FOREIGN_INVESTMENT,2026-08-21T09:59:05.591Z
2021-03-19,2317,鴻海,13862990609,6808246141,49.11,7054744468,50.88,100,TWSE_MI_QFIIS_DAILY_FOREIGN_INVESTMENT,2026-08-21T09:59:05.591Z
2021-03-19,2330,台積電,25930380458,19392642562,74.78,6537737896,25.21,100,TWSE_MI_QFIIS_DAILY_FOREIGN_INVESTMENT,2026-08-21T09:59:05.591Z
2021-03-19,2454,聯發科,1590250608,1053090654,66.22,537159954,33.77,100,TWSE_MI_QFIIS_DAILY_FOREIGN_INVESTMENT,2026-08-21T09:59:05.591Z
2021-03-22,0050,元大台灣50,978000000,166630557,17.03,811369443,82.96,100,TWSE_MI_QFIIS_DAILY_FOREIGN_INVESTMENT,2026-08-21T09:59:05.591Z
2021-03-22,2317,鴻海,13862990609,6840776948,49.34,7022213661,50.65,100,TWSE_MI_QFIIS_DAILY_FOREIGN_INVESTMENT,2026-08-21T09:59:05.591Z
2021-03-22,2330,台積電,25930380458,19383423421,74.75,6546957037,25.24,100,TWSE_MI_QFIIS_DAILY_FOREIGN_INVESTMENT,2026-08-21T09:59:05.591Z
2021-03-22,2454,聯發科,1590250608,1050247464,66.04,540003144,33.95,100,TWSE_MI_QFIIS_DAILY_FOREIGN_INVESTMENT,2026-08-21T09:59:05.591Z
2021-03-23,0050,元大台灣50,975000000,167381171,17.16,807618829,82.83,100,TWSE_MI_QFIIS_DAILY_FOREIGN_INVESTMENT,2026-08-21T09:59:05.591Z
2021-03-23,2317,鴻海,13862990609,6849966130,49.41,7013024479,50.58,100,TWSE_MI_QFIIS_DAILY_FOREIGN_INVESTMENT,2026-08-21T09:59:05.591Z
2021-03-23,2330,台積電,25930380458,19381274503,74.74,6549105955,25.25,100,TWSE_MI_QFIIS_DAILY_FOREIGN_INVESTMENT,2026-08-21T09:59:05.591Z
2021-03-23,2454,聯發科,1590250608,1046954791,65.83,543295817,34.16,100,TWSE_MI_QFIIS_DAILY_FOREIGN_INVESTMENT,2026-08-21T09:59:05.591Z
2021-03-24,0050,元大台灣50,975000000,157345588,16.13,817654412,83.86,100,TWSE_MI_QFIIS_DAILY_FOREIGN_INVESTMENT,2026-08-21T09:59:05.591Z
2021-03-24,2317,鴻海,13862990609,6850274940,49.41,7012715669,50.58,100,TWSE_MI_QFIIS_DAILY_FOREIGN_INVESTMENT,2026-08-21T09:59:05.591Z
2021-03-24,2330,台積電,25930380458,19321180370,74.51,6609200088,25.48,100,TWSE_MI_QFIIS_DAILY_FOREIGN_INVESTMENT,2026-08-21T09:59:05.591Z
2021-03-24,2454,聯發科,1590250608,1048763639,65.94,541486969,34.05,100,TWSE_MI_QFIIS_DAILY_FOREIGN_INVESTMENT,2026-08-21T09:59:05.591Z
2021-03-25,0050,元大台灣50,979000000,160014781,16.34,818985219,83.65,100,TWSE_MI_QFIIS_DAILY_FOREIGN_INVESTMENT,2026-08-21T09:59:05.591Z
2021-03-25,2317,鴻海,13862990609,6847487580,49.39,7015503029,50.6,100,TWSE_MI_QFIIS_DAILY_FOREIGN_INVESTMENT,2026-08-21T09:59:05.591Z
2021-03-25,2330,台積電,25930380458,19300150191,74.43,6630230267,25.56,100,TWSE_MI_QFIIS_DAILY_FOREIGN_INVESTMENT,2026-08-21T09:59:05.591Z
2021-03-25,2454,聯發科,1590250608,1053666104,66.25,536584504,33.74,100,TWSE_MI_QFIIS_DAILY_FOREIGN_INVESTMENT,2026-08-21T09:59:05.591Z
2021-03-26,0050,元大台灣50,979000000,162347881,16.58,816652119,83.41,100,TWSE_MI_QFIIS_DAILY_FOREIGN_INVESTMENT,2026-08-21T09:59:05.591Z
2021-03-26,2317,鴻海,13862990609,6849388302,49.4,7013602307,50.59,100,TWSE_MI_QFIIS_DAILY_FOREIGN_INVESTMENT,2026-08-21T09:59:05.591Z
2021-03-26,2330,台積電,25930380458,19306979025,74.45,6623401433,25.54,100,TWSE_MI_QFIIS_DAILY_FOREIGN_INVESTMENT,2026-08-21T09:59:05.591Z
2021-03-26,2454,聯發科,1590250608,1050734715,66.07,539515893,33.92,100,TWSE_MI_QFIIS_DAILY_FOREIGN_INVESTMENT,2026-08-21T09:59:05.591Z
2021-03-29,0050,元大台灣50,979000000,163515904,16.7,815484096,83.29,100,TWSE_MI_QFIIS_DAILY_FOREIGN_INVESTMENT,2026-08-21T09:59:05.591Z
2021-03-29,2317,鴻海,13862990609,6854376799,49.44,7008613810,50.55,100,TWSE_MI_QFIIS_DAILY_FOREIGN_INVESTMENT,2026-08-21T09:59:05.591Z
2021-03-29,2330,台積電,25930380458,19316128215,74.49,6614252243,25.5,100,TWSE_MI_QFIIS_DAILY_FOREIGN_INVESTMENT,2026-08-21T09:59:05.591Z
2021-03-29,2454,聯發科,1590250608,1049836915,66.01,540413693,33.98,100,TWSE_MI_QFIIS_DAILY_FOREIGN_INVESTMENT,2026-08-21T09:59:05.591Z
2021-03-30,0050,元大台灣50,979000000,163844057,16.73,815155943,83.26,100,TWSE_MI_QFIIS_DAILY_FOREIGN_INVESTMENT,2026-08-21T09:59:05.591Z
2021-03-30,2317,鴻海,13862990609,6861052866,49.49,7001937743,50.5,100,TWSE_MI_QFIIS_DAILY_FOREIGN_INVESTMENT,2026-08-21T09:59:05.591Z
2021-03-30,2330,台積電,25930380458,19315765054,74.49,6614615404,25.5,100,TWSE_MI_QFIIS_DAILY_FOREIGN_INVESTMENT,2026-08-21T09:59:05.591Z
2021-03-30,2454,聯發科,1590250608,1050814932,66.07,539435676,33.92,100,TWSE_MI_QFIIS_DAILY_FOREIGN_INVESTMENT,2026-08-21T09:59:05.591Z
2021-03-31,0050,元大台灣50,977500000,159805728,16.34,817694272,83.65,100,TWSE_MI_QFIIS_DAILY_FOREIGN_INVESTMENT,2026-08-21T09:59:05.591Z
2021-03-31,2317,鴻海,13862990609,6854021520,49.44,7008969089,50.55,100,TWSE_MI_QFIIS_DAILY_FOREIGN_INVESTMENT,2026-08-21T09:59:05.591Z
2021-03-31,2330,台積電,25930380458,19304923579,74.44,6625456879,25.55,100,TWSE_MI_QFIIS_DAILY_FOREIGN_INVESTMENT,2026-08-21T09:59:05.591Z
2021-03-31,2454,聯發科,1590250608,1049672248,66,540578360,33.99,100,TWSE_MI_QFIIS_DAILY_FOREIGN_INVESTMENT,2026-08-21T09:59:05.591Z
2021-04-01,0050,元大台灣50,977500000,164265947,16.8,813234053,83.19,100,TWSE_MI_QFIIS_DAILY_FOREIGN_INVESTMENT,2026-08-21T09:59:05.591Z
2021-04-01,2317,鴻海,13862990609,6846951951,49.39,7016038658,50.6,100,TWSE_MI_QFIIS_DAILY_FOREIGN_INVESTMENT,2026-08-21T09:59:05.591Z
2021-04-01,2330,台積電,25930380458,19327275523,74.53,6603104935,25.46,100,TWSE_MI_QFIIS_DAILY_FOREIGN_INVESTMENT,2026-08-21T09:59:05.591Z
2021-04-01,2454,聯發科,1590250608,1049392520,65.98,540858088,34.01,100,TWSE_MI_QFIIS_DAILY_FOREIGN_INVESTMENT,2026-08-21T09:59:05.591Z
2021-04-06,0050,元大台灣50,977500000,164831469,16.86,812668531,83.13,100,TWSE_MI_QFIIS_DAILY_FOREIGN_INVESTMENT,2026-08-21T09:59:05.591Z
2021-04-06,2317,鴻海,13862990609,6844464462,49.37,7018526147,50.62,100,TWSE_MI_QFIIS_DAILY_FOREIGN_INVESTMENT,2026-08-21T09:59:05.591Z
2021-04-06,2330,台積電,25930380458,19340854100,74.58,6589526358,25.41,100,TWSE_MI_QFIIS_DAILY_FOREIGN_INVESTMENT,2026-08-21T09:59:05.591Z
2021-04-06,2454,聯發科,1590250608,1053330255,66.23,536920353,33.76,100,TWSE_MI_QFIIS_DAILY_FOREIGN_INVESTMENT,2026-08-21T09:59:05.591Z
2021-04-07,0050,元大台灣50,971500000,158585801,16.32,812914199,83.67,100,TWSE_MI_QFIIS_DAILY_FOREIGN_INVESTMENT,2026-08-21T09:59:05.591Z
2021-04-07,2317,鴻海,13862990609,6836222690,49.31,7026767919,50.68,100,TWSE_MI_QFIIS_DAILY_FOREIGN_INVESTMENT,2026-08-21T09:59:05.591Z
2021-04-07,2330,台積電,25930380458,19345912223,74.6,6584468235,25.39,100,TWSE_MI_QFIIS_DAILY_FOREIGN_INVESTMENT,2026-08-21T09:59:05.591Z
2021-04-07,2454,聯發科,1590250608,1053181939,66.22,537068669,33.77,100,TWSE_MI_QFIIS_DAILY_FOREIGN_INVESTMENT,2026-08-21T09:59:05.591Z
2021-04-08,0050,元大台灣50,971500000,158008093,16.26,813491907,83.73,100,TWSE_MI_QFIIS_DAILY_FOREIGN_INVESTMENT,2026-08-21T09:59:05.591Z
2021-04-08,2317,鴻海,13862990609,6833217815,49.29,7029772794,50.7,100,TWSE_MI_QFIIS_DAILY_FOREIGN_INVESTMENT,2026-08-21T09:59:05.591Z
2021-04-08,2330,台積電,25930380458,19349206282,74.61,6581174176,25.38,100,TWSE_MI_QFIIS_DAILY_FOREIGN_INVESTMENT,2026-08-21T09:59:05.591Z
2021-04-08,2454,聯發科,1590250608,1053092159,66.22,537158449,33.77,100,TWSE_MI_QFIIS_DAILY_FOREIGN_INVESTMENT,2026-08-21T09:59:05.591Z
2021-04-09,0050,元大台灣50,971500000,157737076,16.23,813762924,83.76,100,TWSE_MI_QFIIS_DAILY_FOREIGN_INVESTMENT,2026-08-21T09:59:05.591Z
2021-04-09,2317,鴻海,13862990609,6827064027,49.24,7035926582,50.75,100,TWSE_MI_QFIIS_DAILY_FOREIGN_INVESTMENT,2026-08-21T09:59:05.591Z
2021-04-09,2330,台積電,25930380458,19355804948,74.64,6574575510,25.35,100,TWSE_MI_QFIIS_DAILY_FOREIGN_INVESTMENT,2026-08-21T09:59:05.591Z
2021-04-09,2454,聯發科,1590250608,1052827997,66.2,537422611,33.79,100,TWSE_MI_QFIIS_DAILY_FOREIGN_INVESTMENT,2026-08-21T09:59:05.591Z
2021-04-12,0050,元大台灣50,971500000,154645088,15.91,816854912,84.08,100,TWSE_MI_QFIIS_DAILY_FOREIGN_INVESTMENT,2026-08-21T09:59:05.591Z
2021-04-12,2317,鴻海,13862990609,6808107903,49.1,7054882706,50.89,100,TWSE_MI_QFIIS_DAILY_FOREIGN_INVESTMENT,2026-08-21T09:59:05.591Z
2021-04-12,2330,台積電,25930380458,19351245458,74.62,6579135000,25.37,100,TWSE_MI_QFIIS_DAILY_FOREIGN_INVESTMENT,2026-08-21T09:59:05.591Z
2021-04-12,2454,聯發科,1590250608,1050403280,66.05,539847328,33.94,100,TWSE_MI_QFIIS_DAILY_FOREIGN_INVESTMENT,2026-08-21T09:59:05.591Z
2021-04-13,0050,元大台灣50,967000000,154665244,15.99,812334756,84,100,TWSE_MI_QFIIS_DAILY_FOREIGN_INVESTMENT,2026-08-21T09:59:05.591Z
2021-04-13,2317,鴻海,13862990609,6808856012,49.11,7054134597,50.88,100,TWSE_MI_QFIIS_DAILY_FOREIGN_INVESTMENT,2026-08-21T09:59:05.591Z
2021-04-13,2330,台積電,25930380458,19351017483,74.62,6579362975,25.37,100,TWSE_MI_QFIIS_DAILY_FOREIGN_INVESTMENT,2026-08-21T09:59:05.591Z
2021-04-13,2454,聯發科,1590250608,1049719212,66,540531396,33.99,100,TWSE_MI_QFIIS_DAILY_FOREIGN_INVESTMENT,2026-08-21T09:59:05.591Z
2021-04-14,0050,元大台灣50,967000000,148825474,15.39,818174526,84.6,100,TWSE_MI_QFIIS_DAILY_FOREIGN_INVESTMENT,2026-08-21T09:59:05.591Z
2021-04-14,2317,鴻海,13862990609,6803760214,49.07,7059230395,50.92,100,TWSE_MI_QFIIS_DAILY_FOREIGN_INVESTMENT,2026-08-21T09:59:05.591Z
2021-04-14,2330,台積電,25930380458,19350420608,74.62,6579959850,25.37,100,TWSE_MI_QFIIS_DAILY_FOREIGN_INVESTMENT,2026-08-21T09:59:05.591Z
2021-04-14,2454,聯發科,1590250608,1049855310,66.01,540395298,33.98,100,TWSE_MI_QFIIS_DAILY_FOREIGN_INVESTMENT,2026-08-21T09:59:05.591Z
2021-04-15,0050,元大台灣50,964500000,150351537,15.58,814148463,84.41,100,TWSE_MI_QFIIS_DAILY_FOREIGN_INVESTMENT,2026-08-21T09:59:05.591Z
2021-04-15,2317,鴻海,13862990609,6799288352,49.04,7063702257,50.95,100,TWSE_MI_QFIIS_DAILY_FOREIGN_INVESTMENT,2026-08-21T09:59:05.591Z
2021-04-15,2330,台積電,25930380458,19357988109,74.65,6572392349,25.34,100,TWSE_MI_QFIIS_DAILY_FOREIGN_INVESTMENT,2026-08-21T09:59:05.591Z
2021-04-15,2454,聯發科,1590250608,1050013164,66.02,540237444,33.97,100,TWSE_MI_QFIIS_DAILY_FOREIGN_INVESTMENT,2026-08-21T09:59:05.591Z
2021-04-16,0050,元大台灣50,963500000,156761836,16.27,806738164,83.72,100,TWSE_MI_QFIIS_DAILY_FOREIGN_INVESTMENT,2026-08-21T09:59:05.591Z
2021-04-16,2317,鴻海,13862990609,6800345712,49.05,7062644897,50.94,100,TWSE_MI_QFIIS_DAILY_FOREIGN_INVESTMENT,2026-08-21T09:59:05.591Z
2021-04-16,2330,台積電,25930380458,19349829939,74.62,6580550519,25.37,100,TWSE_MI_QFIIS_DAILY_FOREIGN_INVESTMENT,2026-08-21T09:59:05.591Z
2021-04-16,2454,聯發科,1590250608,1049016256,65.96,541234352,34.03,100,TWSE_MI_QFIIS_DAILY_FOREIGN_INVESTMENT,2026-08-21T09:59:05.591Z
2021-04-19,0050,元大台灣50,962000000,161988864,16.83,800011136,83.16,100,TWSE_MI_QFIIS_DAILY_FOREIGN_INVESTMENT,2026-08-21T09:59:05.591Z
2021-04-19,2317,鴻海,13862990609,6794249627,49,7068740982,50.99,100,TWSE_MI_QFIIS_DAILY_FOREIGN_INVESTMENT,2026-08-21T09:59:05.591Z
2021-04-19,2330,台積電,25930380458,19348899344,74.61,6581481114,25.38,100,TWSE_MI_QFIIS_DAILY_FOREIGN_INVESTMENT,2026-08-21T09:59:05.591Z
2021-04-19,2454,聯發科,1590250608,1048843605,65.95,541407003,34.04,100,TWSE_MI_QFIIS_DAILY_FOREIGN_INVESTMENT,2026-08-21T09:59:05.591Z
2021-04-20,0050,元大台灣50,962000000,163459908,16.99,798540092,83,100,TWSE_MI_QFIIS_DAILY_FOREIGN_INVESTMENT,2026-08-21T09:59:05.591Z
2021-04-20,2317,鴻海,13862990609,6796918832,49.02,7066071777,50.97,100,TWSE_MI_QFIIS_DAILY_FOREIGN_INVESTMENT,2026-08-21T09:59:05.591Z
2021-04-20,2330,台積電,25930380458,19346221710,74.6,6584158748,25.39,100,TWSE_MI_QFIIS_DAILY_FOREIGN_INVESTMENT,2026-08-21T09:59:05.591Z
2021-04-20,2454,聯發科,1590250608,1051427131,66.11,538823477,33.88,100,TWSE_MI_QFIIS_DAILY_FOREIGN_INVESTMENT,2026-08-21T09:59:05.591Z
2021-04-21,0050,元大台灣50,952000000,163112320,17.13,788887680,82.86,100,TWSE_MI_QFIIS_DAILY_FOREIGN_INVESTMENT,2026-08-21T09:59:05.591Z
2021-04-21,2317,鴻海,13862990609,6787300546,48.95,7075690063,51.04,100,TWSE_MI_QFIIS_DAILY_FOREIGN_INVESTMENT,2026-08-21T09:59:05.591Z
2021-04-21,2330,台積電,25930380458,19331185304,74.55,6599195154,25.44,100,TWSE_MI_QFIIS_DAILY_FOREIGN_INVESTMENT,2026-08-21T09:59:05.591Z
2021-04-21,2454,聯發科,1590250608,1051407053,66.11,538843555,33.88,100,TWSE_MI_QFIIS_DAILY_FOREIGN_INVESTMENT,2026-08-21T09:59:05.591Z
2021-04-22,0050,元大台灣50,952000000,164611999,17.29,787388001,82.7,100,TWSE_MI_QFIIS_DAILY_FOREIGN_INVESTMENT,2026-08-21T09:59:05.591Z
2021-04-22,2317,鴻海,13862990609,6787102066,48.95,7075888543,51.04,100,TWSE_MI_QFIIS_DAILY_FOREIGN_INVESTMENT,2026-08-21T09:59:05.591Z
2021-04-22,2330,台積電,25930380458,19332819669,74.55,6597560789,25.44,100,TWSE_MI_QFIIS_DAILY_FOREIGN_INVESTMENT,2026-08-21T09:59:05.591Z
2021-04-22,2454,聯發科,1590250608,1051910007,66.14,538340601,33.85,100,TWSE_MI_QFIIS_DAILY_FOREIGN_INVESTMENT,2026-08-21T09:59:05.591Z
2021-04-23,0050,元大台灣50,982000000,165442468,16.84,816557532,83.15,100,TWSE_MI_QFIIS_DAILY_FOREIGN_INVESTMENT,2026-08-21T09:59:05.591Z
2021-04-23,2317,鴻海,13862990609,6793086604,49,7069904005,50.99,100,TWSE_MI_QFIIS_DAILY_FOREIGN_INVESTMENT,2026-08-21T09:59:05.591Z
2021-04-23,2330,台積電,25930380458,19342000385,74.59,6588380073,25.4,100,TWSE_MI_QFIIS_DAILY_FOREIGN_INVESTMENT,2026-08-21T09:59:05.591Z
2021-04-23,2454,聯發科,1590250608,1055409897,66.36,534840711,33.63,100,TWSE_MI_QFIIS_DAILY_FOREIGN_INVESTMENT,2026-08-21T09:59:05.591Z
2021-04-26,0050,元大台灣50,952000000,172627258,18.13,779372742,81.86,100,TWSE_MI_QFIIS_DAILY_FOREIGN_INVESTMENT,2026-08-21T09:59:05.591Z
2021-04-26,2317,鴻海,13862990609,6775538015,48.87,7087452594,51.12,100,TWSE_MI_QFIIS_DAILY_FOREIGN_INVESTMENT,2026-08-21T09:59:05.591Z
2021-04-26,2330,台積電,25930380458,19353651079,74.63,6576729379,25.36,100,TWSE_MI_QFIIS_DAILY_FOREIGN_INVESTMENT,2026-08-21T09:59:05.591Z
2021-04-26,2454,聯發科,1590250608,1055318097,66.36,534932511,33.63,100,TWSE_MI_QFIIS_DAILY_FOREIGN_INVESTMENT,2026-08-21T09:59:05.591Z
2021-04-27,0050,元大台灣50,952000000,177137325,18.6,774862675,81.39,100,TWSE_MI_QFIIS_DAILY_FOREIGN_INVESTMENT,2026-08-21T09:59:05.591Z
2021-04-27,2317,鴻海,13862990609,6767767441,48.81,7095223168,51.18,100,TWSE_MI_QFIIS_DAILY_FOREIGN_INVESTMENT,2026-08-21T09:59:05.591Z
2021-04-27,2330,台積電,25930380458,19361769949,74.66,6568610509,25.33,100,TWSE_MI_QFIIS_DAILY_FOREIGN_INVESTMENT,2026-08-21T09:59:05.591Z
2021-04-27,2454,聯發科,1590250608,1055257281,66.35,534993327,33.64,100,TWSE_MI_QFIIS_DAILY_FOREIGN_INVESTMENT,2026-08-21T09:59:05.591Z
2021-04-28,0050,元大台灣50,975000000,175945756,18.04,799054244,81.95,100,TWSE_MI_QFIIS_DAILY_FOREIGN_INVESTMENT,2026-08-21T09:59:05.591Z
2021-04-28,2317,鴻海,13862990609,6750158138,48.69,7112832471,51.3,100,TWSE_MI_QFIIS_DAILY_FOREIGN_INVESTMENT,2026-08-21T09:59:05.591Z
2021-04-28,2330,台積電,25930380458,19358925402,74.65,6571455056,25.34,100,TWSE_MI_QFIIS_DAILY_FOREIGN_INVESTMENT,2026-08-21T09:59:05.591Z
2021-04-28,2454,聯發科,1590250608,1056177944,66.41,534072664,33.58,100,TWSE_MI_QFIIS_DAILY_FOREIGN_INVESTMENT,2026-08-21T09:59:05.591Z
2021-04-29,0050,元大台灣50,982000000,179292864,18.25,802707136,81.74,100,TWSE_MI_QFIIS_DAILY_FOREIGN_INVESTMENT,2026-08-21T09:59:05.591Z
2021-04-29,2317,鴻海,13862990609,6743987255,48.64,7119003354,51.35,100,TWSE_MI_QFIIS_DAILY_FOREIGN_INVESTMENT,2026-08-21T09:59:05.591Z
2021-04-29,2330,台積電,25930380458,19362571256,74.67,6567809202,25.32,100,TWSE_MI_QFIIS_DAILY_FOREIGN_INVESTMENT,2026-08-21T09:59:05.591Z
2021-04-29,2454,聯發科,1590250608,1054696451,66.32,535554157,33.67,100,TWSE_MI_QFIIS_DAILY_FOREIGN_INVESTMENT,2026-08-21T09:59:05.591Z
2021-05-03,0050,元大台灣50,977000000,179238548,18.34,797761452,81.65,100,TWSE_MI_QFIIS_DAILY_FOREIGN_INVESTMENT,2026-08-21T09:59:05.591Z
2021-05-03,2317,鴻海,13862990609,6749137993,48.68,7113852616,51.31,100,TWSE_MI_QFIIS_DAILY_FOREIGN_INVESTMENT,2026-08-21T09:59:05.591Z
2021-05-03,2330,台積電,25930380458,19348011616,74.61,6582368842,25.38,100,TWSE_MI_QFIIS_DAILY_FOREIGN_INVESTMENT,2026-08-21T09:59:05.591Z
2021-05-03,2454,聯發科,1590250608,1053551879,66.25,536698729,33.74,100,TWSE_MI_QFIIS_DAILY_FOREIGN_INVESTMENT,2026-08-21T09:59:05.591Z
2021-05-04,0050,元大台灣50,977000000,175379683,17.95,801620317,82.04,100,TWSE_MI_QFIIS_DAILY_FOREIGN_INVESTMENT,2026-08-21T09:59:05.591Z
2021-05-04,2317,鴻海,13862990609,6761840065,48.77,7101150544,51.22,100,TWSE_MI_QFIIS_DAILY_FOREIGN_INVESTMENT,2026-08-21T09:59:05.591Z
2021-05-04,2330,台積電,25930380458,19348439174,74.61,6581941284,25.38,100,TWSE_MI_QFIIS_DAILY_FOREIGN_INVESTMENT,2026-08-21T09:59:05.591Z
2021-05-04,2454,聯發科,1590250608,1052349303,66.17,537901305,33.82,100,TWSE_MI_QFIIS_DAILY_FOREIGN_INVESTMENT,2026-08-21T09:59:05.591Z
2021-05-05,0050,元大台灣50,1202000000,177788281,14.79,1024211719,85.2,100,TWSE_MI_QFIIS_DAILY_FOREIGN_INVESTMENT,2026-08-21T09:59:05.591Z
2021-05-05,2317,鴻海,13862990609,6757844717,48.74,7105145892,51.25,100,TWSE_MI_QFIIS_DAILY_FOREIGN_INVESTMENT,2026-08-21T09:59:05.591Z
2021-05-05,2330,台積電,25930380458,19344547411,74.6,6585833047,25.39,100,TWSE_MI_QFIIS_DAILY_FOREIGN_INVESTMENT,2026-08-21T09:59:05.591Z
2021-05-05,2454,聯發科,1590250608,1049739808,66.01,540510800,33.98,100,TWSE_MI_QFIIS_DAILY_FOREIGN_INVESTMENT,2026-08-21T09:59:05.591Z
2021-05-06,0050,元大台灣50,1156000000,175938015,15.21,980061985,84.78,100,TWSE_MI_QFIIS_DAILY_FOREIGN_INVESTMENT,2026-08-21T09:59:05.591Z
2021-05-06,2317,鴻海,13862990609,6760415267,48.76,7102575342,51.23,100,TWSE_MI_QFIIS_DAILY_FOREIGN_INVESTMENT,2026-08-21T09:59:05.591Z
2021-05-06,2330,台積電,25930380458,19341253617,74.58,6589126841,25.41,100,TWSE_MI_QFIIS_DAILY_FOREIGN_INVESTMENT,2026-08-21T09:59:05.591Z
2021-05-06,2454,聯發科,1590250608,1051564323,66.12,538686285,33.87,100,TWSE_MI_QFIIS_DAILY_FOREIGN_INVESTMENT,2026-08-21T09:59:05.591Z
2021-05-07,0050,元大台灣50,1156000000,174993386,15.13,981006614,84.86,100,TWSE_MI_QFIIS_DAILY_FOREIGN_INVESTMENT,2026-08-21T09:59:05.591Z
2021-05-07,2317,鴻海,13862990609,6766834167,48.81,7096156442,51.18,100,TWSE_MI_QFIIS_DAILY_FOREIGN_INVESTMENT,2026-08-21T09:59:05.591Z
2021-05-07,2330,台積電,25930380458,19352718780,74.63,6577661678,25.36,100,TWSE_MI_QFIIS_DAILY_FOREIGN_INVESTMENT,2026-08-21T09:59:05.591Z
2021-05-07,2454,聯發科,1590250608,1048592140,65.93,541658468,34.06,100,TWSE_MI_QFIIS_DAILY_FOREIGN_INVESTMENT,2026-08-21T09:59:05.591Z
2021-05-10,0050,元大台灣50,1182500000,175441285,14.83,1007058715,85.16,100,TWSE_MI_QFIIS_DAILY_FOREIGN_INVESTMENT,2026-08-21T09:59:05.591Z
2021-05-10,2317,鴻海,13862990609,6754969796,48.72,7108020813,51.27,100,TWSE_MI_QFIIS_DAILY_FOREIGN_INVESTMENT,2026-08-21T09:59:05.591Z
2021-05-10,2330,台積電,25930380458,19352049288,74.63,6578331170,25.36,100,TWSE_MI_QFIIS_DAILY_FOREIGN_INVESTMENT,2026-08-21T09:59:05.591Z
2021-05-10,2454,聯發科,1590250608,1045314562,65.73,544936046,34.26,100,TWSE_MI_QFIIS_DAILY_FOREIGN_INVESTMENT,2026-08-21T09:59:05.591Z
2021-05-11,0050,元大台灣50,1214000000,174709433,14.39,1039290567,85.6,100,TWSE_MI_QFIIS_DAILY_FOREIGN_INVESTMENT,2026-08-21T09:59:05.591Z
2021-05-11,2317,鴻海,13862990609,6737032773,48.59,7125957836,51.4,100,TWSE_MI_QFIIS_DAILY_FOREIGN_INVESTMENT,2026-08-21T09:59:05.591Z
2021-05-11,2330,台積電,25930380458,19327628452,74.53,6602752006,25.46,100,TWSE_MI_QFIIS_DAILY_FOREIGN_INVESTMENT,2026-08-21T09:59:05.591Z
2021-05-11,2454,聯發科,1590250608,1045218604,65.72,545032004,34.27,100,TWSE_MI_QFIIS_DAILY_FOREIGN_INVESTMENT,2026-08-21T09:59:05.591Z
2021-05-12,0050,元大台灣50,1180500000,163255382,13.82,1017244618,86.17,100,TWSE_MI_QFIIS_DAILY_FOREIGN_INVESTMENT,2026-08-21T09:59:05.591Z
2021-05-12,2317,鴻海,13862990609,6755268959,48.72,7107721650,51.27,100,TWSE_MI_QFIIS_DAILY_FOREIGN_INVESTMENT,2026-08-21T09:59:05.591Z
2021-05-12,2330,台積電,25930380458,19319969733,74.5,6610410725,25.49,100,TWSE_MI_QFIIS_DAILY_FOREIGN_INVESTMENT,2026-08-21T09:59:05.591Z
2021-05-12,2454,聯發科,1590250608,1043885429,65.64,546365179,34.35,100,TWSE_MI_QFIIS_DAILY_FOREIGN_INVESTMENT,2026-08-21T09:59:05.591Z
2021-05-13,0050,元大台灣50,1208000000,148604133,12.3,1059395867,87.69,100,TWSE_MI_QFIIS_DAILY_FOREIGN_INVESTMENT,2026-08-21T09:59:05.591Z
2021-05-13,2317,鴻海,13862990609,6762192129,48.77,7100798480,51.22,100,TWSE_MI_QFIIS_DAILY_FOREIGN_INVESTMENT,2026-08-21T09:59:05.591Z
2021-05-13,2330,台積電,25930380458,19308246761,74.46,6622133697,25.53,100,TWSE_MI_QFIIS_DAILY_FOREIGN_INVESTMENT,2026-08-21T09:59:05.591Z
2021-05-13,2454,聯發科,1590250608,1041280162,65.47,548970446,34.52,100,TWSE_MI_QFIIS_DAILY_FOREIGN_INVESTMENT,2026-08-21T09:59:05.591Z
2021-05-14,0050,元大台灣50,1211500000,167481170,13.82,1044018830,86.17,100,TWSE_MI_QFIIS_DAILY_FOREIGN_INVESTMENT,2026-08-21T09:59:05.591Z
2021-05-14,2317,鴻海,13862990609,6758027343,48.74,7104963266,51.25,100,TWSE_MI_QFIIS_DAILY_FOREIGN_INVESTMENT,2026-08-21T09:59:05.591Z
2021-05-14,2330,台積電,25930380458,19307603849,74.45,6622776609,25.54,100,TWSE_MI_QFIIS_DAILY_FOREIGN_INVESTMENT,2026-08-21T09:59:05.591Z
2021-05-14,2454,聯發科,1590250608,1040833289,65.45,549417319,34.54,100,TWSE_MI_QFIIS_DAILY_FOREIGN_INVESTMENT,2026-08-21T09:59:05.591Z
2021-05-17,0050,元大台灣50,1230000000,158641632,12.89,1071358368,87.1,100,TWSE_MI_QFIIS_DAILY_FOREIGN_INVESTMENT,2026-08-21T09:59:05.591Z
2021-05-17,2317,鴻海,13862990609,6761173546,48.77,7101817063,51.22,100,TWSE_MI_QFIIS_DAILY_FOREIGN_INVESTMENT,2026-08-21T09:59:05.591Z
2021-05-17,2330,台積電,25930380458,19315266310,74.48,6615114148,25.51,100,TWSE_MI_QFIIS_DAILY_FOREIGN_INVESTMENT,2026-08-21T09:59:05.591Z
2021-05-17,2454,聯發科,1590250608,1043815196,65.63,546435412,34.36,100,TWSE_MI_QFIIS_DAILY_FOREIGN_INVESTMENT,2026-08-21T09:59:05.591Z
2021-05-18,0050,元大台灣50,1230000000,165820265,13.48,1064179735,86.51,100,TWSE_MI_QFIIS_DAILY_FOREIGN_INVESTMENT,2026-08-21T09:59:05.591Z
2021-05-18,2317,鴻海,13862990609,6777287606,48.88,7085703003,51.11,100,TWSE_MI_QFIIS_DAILY_FOREIGN_INVESTMENT,2026-08-21T09:59:05.591Z
2021-05-18,2330,台積電,25930380458,19323203415,74.51,6607177043,25.48,100,TWSE_MI_QFIIS_DAILY_FOREIGN_INVESTMENT,2026-08-21T09:59:05.591Z
2021-05-18,2454,聯發科,1590470585,1046069565,65.77,544401020,34.22,100,TWSE_MI_QFIIS_DAILY_FOREIGN_INVESTMENT,2026-08-21T09:59:05.591Z
2021-05-19,0050,元大台灣50,1236000000,158444023,12.81,1077555977,87.18,100,TWSE_MI_QFIIS_DAILY_FOREIGN_INVESTMENT,2026-08-21T09:59:05.591Z
2021-05-19,2317,鴻海,13862990609,6770810910,48.84,7092179699,51.15,100,TWSE_MI_QFIIS_DAILY_FOREIGN_INVESTMENT,2026-08-21T09:59:05.591Z
2021-05-19,2330,台積電,25930380458,19328565601,74.54,6601814857,25.45,100,TWSE_MI_QFIIS_DAILY_FOREIGN_INVESTMENT,2026-08-21T09:59:05.591Z
2021-05-19,2454,聯發科,1590408712,1043355270,65.6,547053442,34.39,100,TWSE_MI_QFIIS_DAILY_FOREIGN_INVESTMENT,2026-08-21T09:59:05.591Z
2021-05-20,0050,元大台灣50,1241500000,162806992,13.11,1078693008,86.88,100,TWSE_MI_QFIIS_DAILY_FOREIGN_INVESTMENT,2026-08-21T09:59:05.591Z
2021-05-20,2317,鴻海,13862990609,6782350376,48.92,7080640233,51.07,100,TWSE_MI_QFIIS_DAILY_FOREIGN_INVESTMENT,2026-08-21T09:59:05.591Z
2021-05-20,2330,台積電,25930380458,19323695066,74.52,6606685392,25.47,100,TWSE_MI_QFIIS_DAILY_FOREIGN_INVESTMENT,2026-08-21T09:59:05.591Z
2021-05-20,2454,聯發科,1590408712,1043422707,65.6,546986005,34.39,100,TWSE_MI_QFIIS_DAILY_FOREIGN_INVESTMENT,2026-08-21T09:59:05.591Z
2021-05-21,0050,元大台灣50,1241500000,165364931,13.31,1076135069,86.68,100,TWSE_MI_QFIIS_DAILY_FOREIGN_INVESTMENT,2026-08-21T09:59:05.591Z
2021-05-21,2317,鴻海,13862990609,6801042414,49.05,7061948195,50.94,100,TWSE_MI_QFIIS_DAILY_FOREIGN_INVESTMENT,2026-08-21T09:59:05.591Z
2021-05-21,2330,台積電,25930380458,19327142684,74.53,6603237774,25.46,100,TWSE_MI_QFIIS_DAILY_FOREIGN_INVESTMENT,2026-08-21T09:59:05.591Z
2021-05-21,2454,聯發科,1590408712,1048263835,65.91,542144877,34.08,100,TWSE_MI_QFIIS_DAILY_FOREIGN_INVESTMENT,2026-08-21T09:59:05.591Z
2021-05-24,0050,元大台灣50,1246500000,158803367,12.73,1087696633,87.26,100,TWSE_MI_QFIIS_DAILY_FOREIGN_INVESTMENT,2026-08-21T09:59:05.591Z
2021-05-24,2317,鴻海,13862990609,6805050080,49.08,7057940529,50.91,100,TWSE_MI_QFIIS_DAILY_FOREIGN_INVESTMENT,2026-08-21T09:59:05.591Z
2021-05-24,2330,台積電,25930380458,19327718765,74.53,6602661693,25.46,100,TWSE_MI_QFIIS_DAILY_FOREIGN_INVESTMENT,2026-08-21T09:59:05.591Z
2021-05-24,2454,聯發科,1590408712,1048271592,65.91,542137120,34.08,100,TWSE_MI_QFIIS_DAILY_FOREIGN_INVESTMENT,2026-08-21T09:59:05.591Z
2021-05-25,0050,元大台灣50,1247000000,159583469,12.79,1087416531,87.2,100,TWSE_MI_QFIIS_DAILY_FOREIGN_INVESTMENT,2026-08-21T09:59:05.591Z
2021-05-25,2317,鴻海,13862990609,6809492405,49.11,7053498204,50.88,100,TWSE_MI_QFIIS_DAILY_FOREIGN_INVESTMENT,2026-08-21T09:59:05.591Z
2021-05-25,2330,台積電,25930380458,19340020859,74.58,6590359599,25.41,100,TWSE_MI_QFIIS_DAILY_FOREIGN_INVESTMENT,2026-08-21T09:59:05.591Z
2021-05-25,2454,聯發科,1590408712,1047982528,65.89,542426184,34.1,100,TWSE_MI_QFIIS_DAILY_FOREIGN_INVESTMENT,2026-08-21T09:59:05.591Z
2021-05-26,0050,元大台灣50,1247000000,160755337,12.89,1086244663,87.1,100,TWSE_MI_QFIIS_DAILY_FOREIGN_INVESTMENT,2026-08-21T09:59:05.591Z
2021-05-26,2317,鴻海,13862990609,6809320719,49.11,7053669890,50.88,100,TWSE_MI_QFIIS_DAILY_FOREIGN_INVESTMENT,2026-08-21T09:59:05.591Z
2021-05-26,2330,台積電,25930380458,19345164415,74.6,6585216043,25.39,100,TWSE_MI_QFIIS_DAILY_FOREIGN_INVESTMENT,2026-08-21T09:59:05.591Z
2021-05-26,2454,聯發科,1590408712,1048259362,65.91,542149350,34.08,100,TWSE_MI_QFIIS_DAILY_FOREIGN_INVESTMENT,2026-08-21T09:59:05.591Z
2021-05-27,0050,元大台灣50,1243000000,159476785,12.82,1083523215,87.17,100,TWSE_MI_QFIIS_DAILY_FOREIGN_INVESTMENT,2026-08-21T09:59:05.591Z
2021-05-27,2317,鴻海,13862990609,6808485937,49.11,7054504672,50.88,100,TWSE_MI_QFIIS_DAILY_FOREIGN_INVESTMENT,2026-08-21T09:59:05.591Z
2021-05-27,2330,台積電,25930380458,19337116036,74.57,6593264422,25.42,100,TWSE_MI_QFIIS_DAILY_FOREIGN_INVESTMENT,2026-08-21T09:59:05.591Z
2021-05-27,2454,聯發科,1590408712,1047388180,65.85,543020532,34.14,100,TWSE_MI_QFIIS_DAILY_FOREIGN_INVESTMENT,2026-08-21T09:59:05.591Z
2021-05-28,0050,元大台灣50,1243000000,162466877,13.07,1080533123,86.92,100,TWSE_MI_QFIIS_DAILY_FOREIGN_INVESTMENT,2026-08-21T09:59:05.591Z
2021-05-28,2317,鴻海,13862990609,6810178890,49.12,7052811719,50.87,100,TWSE_MI_QFIIS_DAILY_FOREIGN_INVESTMENT,2026-08-21T09:59:05.591Z
2021-05-28,2330,台積電,25930380458,19346169031,74.6,6584211427,25.39,100,TWSE_MI_QFIIS_DAILY_FOREIGN_INVESTMENT,2026-08-21T09:59:05.591Z
2021-05-28,2454,聯發科,1590408712,1048315341,65.91,542093371,34.08,100,TWSE_MI_QFIIS_DAILY_FOREIGN_INVESTMENT,2026-08-21T09:59:05.591Z
2021-05-31,0050,元大台灣50,1243000000,168526574,13.55,1074473426,86.44,100,TWSE_MI_QFIIS_DAILY_FOREIGN_INVESTMENT,2026-08-21T09:59:05.591Z
2021-05-31,2317,鴻海,13862990609,6818630567,49.18,7044360042,50.81,100,TWSE_MI_QFIIS_DAILY_FOREIGN_INVESTMENT,2026-08-21T09:59:05.591Z
2021-05-31,2330,台積電,25930380458,19357353176,74.65,6573027282,25.34,100,TWSE_MI_QFIIS_DAILY_FOREIGN_INVESTMENT,2026-08-21T09:59:05.591Z
2021-05-31,2454,聯發科,1590408712,1049275564,65.97,541133148,34.02,100,TWSE_MI_QFIIS_DAILY_FOREIGN_INVESTMENT,2026-08-21T09:59:05.591Z
2021-06-01,0050,元大台灣50,1265000000,192990289,15.25,1072009711,84.74,100,TWSE_MI_QFIIS_DAILY_FOREIGN_INVESTMENT,2026-08-21T09:59:05.591Z
2021-06-01,2317,鴻海,13862990609,6813503021,49.14,7049487588,50.85,100,TWSE_MI_QFIIS_DAILY_FOREIGN_INVESTMENT,2026-08-21T09:59:05.591Z
2021-06-01,2330,台積電,25930380458,19360591180,74.66,6569789278,25.33,100,TWSE_MI_QFIIS_DAILY_FOREIGN_INVESTMENT,2026-08-21T09:59:05.591Z
2021-06-01,2454,聯發科,1590408712,1048255901,65.91,542152811,34.08,100,TWSE_MI_QFIIS_DAILY_FOREIGN_INVESTMENT,2026-08-21T09:59:05.591Z
2021-06-02,0050,元大台灣50,1265000000,195187446,15.42,1069812554,84.57,100,TWSE_MI_QFIIS_DAILY_FOREIGN_INVESTMENT,2026-08-21T09:59:05.591Z
2021-06-02,2317,鴻海,13862990609,6800558012,49.05,7062432597,50.94,100,TWSE_MI_QFIIS_DAILY_FOREIGN_INVESTMENT,2026-08-21T09:59:05.591Z
2021-06-02,2330,台積電,25930380458,19360135517,74.66,6570244941,25.33,100,TWSE_MI_QFIIS_DAILY_FOREIGN_INVESTMENT,2026-08-21T09:59:05.591Z
2021-06-02,2454,聯發科,1590408712,1047150056,65.84,543258656,34.15,100,TWSE_MI_QFIIS_DAILY_FOREIGN_INVESTMENT,2026-08-21T09:59:05.591Z
2021-06-03,0050,元大台灣50,1265000000,197727357,15.63,1067272643,84.36,100,TWSE_MI_QFIIS_DAILY_FOREIGN_INVESTMENT,2026-08-21T09:59:05.591Z
2021-06-03,2317,鴻海,13862990609,6796642723,49.02,7066347886,50.97,100,TWSE_MI_QFIIS_DAILY_FOREIGN_INVESTMENT,2026-08-21T09:59:05.591Z
2021-06-03,2330,台積電,25930380458,19357916952,74.65,6572463506,25.34,100,TWSE_MI_QFIIS_DAILY_FOREIGN_INVESTMENT,2026-08-21T09:59:05.591Z
2021-06-03,2454,聯發科,1590408712,1047944659,65.89,542464053,34.1,100,TWSE_MI_QFIIS_DAILY_FOREIGN_INVESTMENT,2026-08-21T09:59:05.591Z
2021-06-04,0050,元大台灣50,1265000000,197414083,15.6,1067585917,84.39,100,TWSE_MI_QFIIS_DAILY_FOREIGN_INVESTMENT,2026-08-21T09:59:05.591Z
2021-06-04,2317,鴻海,13862990609,6793623249,49,7069367360,50.99,100,TWSE_MI_QFIIS_DAILY_FOREIGN_INVESTMENT,2026-08-21T09:59:05.591Z
2021-06-04,2330,台積電,25930380458,19355077775,74.64,6575302683,25.35,100,TWSE_MI_QFIIS_DAILY_FOREIGN_INVESTMENT,2026-08-21T09:59:05.591Z
2021-06-04,2454,聯發科,1590408712,1047609425,65.87,542799287,34.12,100,TWSE_MI_QFIIS_DAILY_FOREIGN_INVESTMENT,2026-08-21T09:59:05.591Z
2021-06-07,0050,元大台灣50,1266000000,197563341,15.6,1068436659,84.39,100,TWSE_MI_QFIIS_DAILY_FOREIGN_INVESTMENT,2026-08-21T09:59:05.591Z
2021-06-07,2317,鴻海,13862990609,6792632028,48.99,7070358581,51,100,TWSE_MI_QFIIS_DAILY_FOREIGN_INVESTMENT,2026-08-21T09:59:05.591Z
2021-06-07,2330,台積電,25930380458,19354597412,74.64,6575783046,25.35,100,TWSE_MI_QFIIS_DAILY_FOREIGN_INVESTMENT,2026-08-21T09:59:05.591Z
2021-06-07,2454,聯發科,1590408712,1047643031,65.87,542765681,34.12,100,TWSE_MI_QFIIS_DAILY_FOREIGN_INVESTMENT,2026-08-21T09:59:05.591Z
2021-06-08,0050,元大台灣50,1266000000,197030467,15.56,1068969533,84.43,100,TWSE_MI_QFIIS_DAILY_FOREIGN_INVESTMENT,2026-08-21T09:59:05.591Z
2021-06-08,2317,鴻海,13862990609,6790981800,48.98,7072008809,51.01,100,TWSE_MI_QFIIS_DAILY_FOREIGN_INVESTMENT,2026-08-21T09:59:05.591Z
2021-06-08,2330,台積電,25930380458,19351329168,74.62,6579051290,25.37,100,TWSE_MI_QFIIS_DAILY_FOREIGN_INVESTMENT,2026-08-21T09:59:05.591Z
2021-06-08,2454,聯發科,1590408712,1046920872,65.82,543487840,34.17,100,TWSE_MI_QFIIS_DAILY_FOREIGN_INVESTMENT,2026-08-21T09:59:05.591Z
2021-06-09,0050,元大台灣50,1288000000,213882032,16.6,1074117968,83.39,100,TWSE_MI_QFIIS_DAILY_FOREIGN_INVESTMENT,2026-08-21T09:59:05.591Z
2021-06-09,2317,鴻海,13862990609,6787011989,48.95,7075978620,51.04,100,TWSE_MI_QFIIS_DAILY_FOREIGN_INVESTMENT,2026-08-21T09:59:05.591Z
2021-06-09,2330,台積電,25930380458,19343611409,74.59,6586769049,25.4,100,TWSE_MI_QFIIS_DAILY_FOREIGN_INVESTMENT,2026-08-21T09:59:05.591Z
2021-06-09,2454,聯發科,1590408712,1047379555,65.85,543029157,34.14,100,TWSE_MI_QFIIS_DAILY_FOREIGN_INVESTMENT,2026-08-21T09:59:05.591Z
2021-06-10,0050,元大台灣50,1280500000,214260225,16.73,1066239775,83.26,100,TWSE_MI_QFIIS_DAILY_FOREIGN_INVESTMENT,2026-08-21T09:59:05.591Z
2021-06-10,2317,鴻海,13862990609,6788817268,48.97,7074173341,51.02,100,TWSE_MI_QFIIS_DAILY_FOREIGN_INVESTMENT,2026-08-21T09:59:05.591Z
2021-06-10,2330,台積電,25930380458,19354330195,74.63,6576050263,25.36,100,TWSE_MI_QFIIS_DAILY_FOREIGN_INVESTMENT,2026-08-21T09:59:05.591Z
2021-06-10,2454,聯發科,1590408712,1048679540,65.93,541729172,34.06,100,TWSE_MI_QFIIS_DAILY_FOREIGN_INVESTMENT,2026-08-21T09:59:05.591Z
2021-06-11,0050,元大台灣50,1293500000,227589650,17.59,1065910350,82.4,100,TWSE_MI_QFIIS_DAILY_FOREIGN_INVESTMENT,2026-08-21T09:59:05.591Z
2021-06-11,2317,鴻海,13862990609,6799675316,49.04,7063315293,50.95,100,TWSE_MI_QFIIS_DAILY_FOREIGN_INVESTMENT,2026-08-21T09:59:05.591Z
2021-06-11,2330,台積電,25930380458,19364239512,74.67,6566140946,25.32,100,TWSE_MI_QFIIS_DAILY_FOREIGN_INVESTMENT,2026-08-21T09:59:05.591Z
2021-06-11,2454,聯發科,1590408712,1046789228,65.81,543619484,34.18,100,TWSE_MI_QFIIS_DAILY_FOREIGN_INVESTMENT,2026-08-21T09:59:05.591Z
2021-06-15,0050,元大台灣50,1299500000,232339201,17.87,1067160799,82.12,100,TWSE_MI_QFIIS_DAILY_FOREIGN_INVESTMENT,2026-08-21T09:59:05.591Z
2021-06-15,2317,鴻海,13862990609,6792394182,48.99,7070596427,51,100,TWSE_MI_QFIIS_DAILY_FOREIGN_INVESTMENT,2026-08-21T09:59:05.591Z
2021-06-15,2330,台積電,25930380458,19366830746,74.68,6563549712,25.31,100,TWSE_MI_QFIIS_DAILY_FOREIGN_INVESTMENT,2026-08-21T09:59:05.591Z
2021-06-15,2454,聯發科,1590408712,1047755535,65.87,542653177,34.12,100,TWSE_MI_QFIIS_DAILY_FOREIGN_INVESTMENT,2026-08-21T09:59:05.591Z
2021-06-16,0050,元大台灣50,1318500000,237853381,18.03,1080646619,81.96,100,TWSE_MI_QFIIS_DAILY_FOREIGN_INVESTMENT,2026-08-21T09:59:05.591Z
2021-06-16,2317,鴻海,13862990609,6788059184,48.96,7074931425,51.03,100,TWSE_MI_QFIIS_DAILY_FOREIGN_INVESTMENT,2026-08-21T09:59:05.591Z
2021-06-16,2330,台積電,25930380458,19365958172,74.68,6564422286,25.31,100,TWSE_MI_QFIIS_DAILY_FOREIGN_INVESTMENT,2026-08-21T09:59:05.591Z
2021-06-16,2454,聯發科,1590408712,1049502651,65.98,540906061,34.01,100,TWSE_MI_QFIIS_DAILY_FOREIGN_INVESTMENT,2026-08-21T09:59:05.591Z
2021-06-17,0050,元大台灣50,1318500000,256965425,19.48,1061534575,80.51,100,TWSE_MI_QFIIS_DAILY_FOREIGN_INVESTMENT,2026-08-21T09:59:05.591Z
2021-06-17,2317,鴻海,13862990609,6783187152,48.93,7079803457,51.06,100,TWSE_MI_QFIIS_DAILY_FOREIGN_INVESTMENT,2026-08-21T09:59:05.591Z
2021-06-17,2330,台積電,25930380458,19365962214,74.68,6564418244,25.31,100,TWSE_MI_QFIIS_DAILY_FOREIGN_INVESTMENT,2026-08-21T09:59:05.591Z
2021-06-17,2454,聯發科,1590408712,1048872410,65.94,541536302,34.05,100,TWSE_MI_QFIIS_DAILY_FOREIGN_INVESTMENT,2026-08-21T09:59:05.591Z
2021-06-18,0050,元大台灣50,1318500000,256225060,19.43,1062274940,80.56,100,TWSE_MI_QFIIS_DAILY_FOREIGN_INVESTMENT,2026-08-21T09:59:05.591Z
2021-06-18,2317,鴻海,13862990609,6779740282,48.9,7083250327,51.09,100,TWSE_MI_QFIIS_DAILY_FOREIGN_INVESTMENT,2026-08-21T09:59:05.591Z
2021-06-18,2330,台積電,25930380458,19370020693,74.7,6560359765,25.29,100,TWSE_MI_QFIIS_DAILY_FOREIGN_INVESTMENT,2026-08-21T09:59:05.591Z
2021-06-18,2454,聯發科,1590408712,1048662053,65.93,541746659,34.06,100,TWSE_MI_QFIIS_DAILY_FOREIGN_INVESTMENT,2026-08-21T09:59:05.591Z
2021-06-21,0050,元大台灣50,1320500000,248662348,18.83,1071837652,81.16,100,TWSE_MI_QFIIS_DAILY_FOREIGN_INVESTMENT,2026-08-21T09:59:05.591Z
2021-06-21,2317,鴻海,13862990609,6761815351,48.77,7101175258,51.22,100,TWSE_MI_QFIIS_DAILY_FOREIGN_INVESTMENT,2026-08-21T09:59:05.591Z
2021-06-21,2330,台積電,25930380458,19344755682,74.6,6585624776,25.39,100,TWSE_MI_QFIIS_DAILY_FOREIGN_INVESTMENT,2026-08-21T09:59:05.591Z
2021-06-21,2454,聯發科,1590408712,1046354397,65.79,544054315,34.2,100,TWSE_MI_QFIIS_DAILY_FOREIGN_INVESTMENT,2026-08-21T09:59:05.591Z
2021-06-22,0050,元大台灣50,1320500000,247291904,18.72,1073208096,81.27,100,TWSE_MI_QFIIS_DAILY_FOREIGN_INVESTMENT,2026-08-21T09:59:05.591Z
2021-06-22,2317,鴻海,13862990609,6764241154,48.79,7098749455,51.2,100,TWSE_MI_QFIIS_DAILY_FOREIGN_INVESTMENT,2026-08-21T09:59:05.591Z
2021-06-22,2330,台積電,25930380458,19334864507,74.56,6595515951,25.43,100,TWSE_MI_QFIIS_DAILY_FOREIGN_INVESTMENT,2026-08-21T09:59:05.591Z
2021-06-22,2454,聯發科,1590408712,1044895835,65.69,545512877,34.3,100,TWSE_MI_QFIIS_DAILY_FOREIGN_INVESTMENT,2026-08-21T09:59:05.591Z
2021-06-23,0050,元大台灣50,1320500000,246552946,18.67,1073947054,81.32,100,TWSE_MI_QFIIS_DAILY_FOREIGN_INVESTMENT,2026-08-21T09:59:05.591Z
2021-06-23,2317,鴻海,13862990609,6771153593,48.84,7091837016,51.15,100,TWSE_MI_QFIIS_DAILY_FOREIGN_INVESTMENT,2026-08-21T09:59:05.591Z
2021-06-23,2330,台積電,25930380458,19347582121,74.61,6582798337,25.38,100,TWSE_MI_QFIIS_DAILY_FOREIGN_INVESTMENT,2026-08-21T09:59:05.591Z
2021-06-23,2454,聯發科,1590408712,1044670144,65.68,545738568,34.31,100,TWSE_MI_QFIIS_DAILY_FOREIGN_INVESTMENT,2026-08-21T09:59:05.591Z
2021-06-24,0050,元大台灣50,1321000000,243438397,18.42,1077561603,81.57,100,TWSE_MI_QFIIS_DAILY_FOREIGN_INVESTMENT,2026-08-21T09:59:05.591Z
2021-06-24,2317,鴻海,13862990609,6775705847,48.87,7087284762,51.12,100,TWSE_MI_QFIIS_DAILY_FOREIGN_INVESTMENT,2026-08-21T09:59:05.591Z
2021-06-24,2330,台積電,25930380458,19351419833,74.62,6578960625,25.37,100,TWSE_MI_QFIIS_DAILY_FOREIGN_INVESTMENT,2026-08-21T09:59:05.591Z
2021-06-24,2454,聯發科,1590408712,1044325907,65.66,546082805,34.33,100,TWSE_MI_QFIIS_DAILY_FOREIGN_INVESTMENT,2026-08-21T09:59:05.591Z
2021-06-25,0050,元大台灣50,1315000000,238849854,18.16,1076150146,81.83,100,TWSE_MI_QFIIS_DAILY_FOREIGN_INVESTMENT,2026-08-21T09:59:05.591Z
2021-06-25,2317,鴻海,13862990609,6776689414,48.88,7086301195,51.11,100,TWSE_MI_QFIIS_DAILY_FOREIGN_INVESTMENT,2026-08-21T09:59:05.591Z
2021-06-25,2330,台積電,25930380458,19356023468,74.64,6574356990,25.35,100,TWSE_MI_QFIIS_DAILY_FOREIGN_INVESTMENT,2026-08-21T09:59:05.591Z
2021-06-25,2454,聯發科,1590408712,1043649832,65.62,546758880,34.37,100,TWSE_MI_QFIIS_DAILY_FOREIGN_INVESTMENT,2026-08-21T09:59:05.591Z
2021-06-28,0050,元大台灣50,1344500000,233194377,17.34,1111305623,82.65,100,TWSE_MI_QFIIS_DAILY_FOREIGN_INVESTMENT,2026-08-21T09:59:05.591Z
2021-06-28,2317,鴻海,13862990609,6772834140,48.85,7090156469,51.14,100,TWSE_MI_QFIIS_DAILY_FOREIGN_INVESTMENT,2026-08-21T09:59:05.591Z
2021-06-28,2330,台積電,25930380458,19356623572,74.64,6573756886,25.35,100,TWSE_MI_QFIIS_DAILY_FOREIGN_INVESTMENT,2026-08-21T09:59:05.591Z
2021-06-28,2454,聯發科,1590408712,1043553665,65.61,546855047,34.38,100,TWSE_MI_QFIIS_DAILY_FOREIGN_INVESTMENT,2026-08-21T09:59:05.591Z
2021-06-29,0050,元大台灣50,1372000000,235290534,17.14,1136709466,82.85,100,TWSE_MI_QFIIS_DAILY_FOREIGN_INVESTMENT,2026-08-21T09:59:05.591Z
2021-06-29,2317,鴻海,13862990609,6772330490,48.85,7090660119,51.14,100,TWSE_MI_QFIIS_DAILY_FOREIGN_INVESTMENT,2026-08-21T09:59:05.591Z
2021-06-29,2330,台積電,25930380458,19367837849,74.69,6562542609,25.3,100,TWSE_MI_QFIIS_DAILY_FOREIGN_INVESTMENT,2026-08-21T09:59:05.591Z
2021-06-29,2454,聯發科,1590408712,1043344945,65.6,547063767,34.39,100,TWSE_MI_QFIIS_DAILY_FOREIGN_INVESTMENT,2026-08-21T09:59:05.591Z
2021-06-30,0050,元大台灣50,1384000000,277634119,20.06,1106365881,79.93,100,TWSE_MI_QFIIS_DAILY_FOREIGN_INVESTMENT,2026-08-21T09:59:05.591Z
2021-06-30,2317,鴻海,13862990609,6771564518,48.84,7091426091,51.15,100,TWSE_MI_QFIIS_DAILY_FOREIGN_INVESTMENT,2026-08-21T09:59:05.591Z
2021-06-30,2330,台積電,25930380458,19373284108,74.71,6557096350,25.28,100,TWSE_MI_QFIIS_DAILY_FOREIGN_INVESTMENT,2026-08-21T09:59:05.591Z
2021-06-30,2454,聯發科,1590408712,1045370294,65.72,545038418,34.27,100,TWSE_MI_QFIIS_DAILY_FOREIGN_INVESTMENT,2026-08-21T09:59:05.591Z
2021-07-01,0050,元大台灣50,1345000000,278345136,20.69,1066654864,79.3,100,TWSE_MI_QFIIS_DAILY_FOREIGN_INVESTMENT,2026-08-21T09:59:05.591Z
2021-07-01,2317,鴻海,13862990609,6772383329,48.85,7090607280,51.14,100,TWSE_MI_QFIIS_DAILY_FOREIGN_INVESTMENT,2026-08-21T09:59:05.591Z
2021-07-01,2330,台積電,25930380458,19374819887,74.71,6555560571,25.28,100,TWSE_MI_QFIIS_DAILY_FOREIGN_INVESTMENT,2026-08-21T09:59:05.591Z
2021-07-01,2454,聯發科,1590408712,1042815249,65.56,547593463,34.43,100,TWSE_MI_QFIIS_DAILY_FOREIGN_INVESTMENT,2026-08-21T09:59:05.591Z
2021-07-02,0050,元大台灣50,1305500000,277303138,21.24,1028196862,78.75,100,TWSE_MI_QFIIS_DAILY_FOREIGN_INVESTMENT,2026-08-21T09:59:05.591Z
2021-07-02,2317,鴻海,13862990609,6766832573,48.81,7096158036,51.18,100,TWSE_MI_QFIIS_DAILY_FOREIGN_INVESTMENT,2026-08-21T09:59:05.591Z
2021-07-02,2330,台積電,25930380458,19371611046,74.7,6558769412,25.29,100,TWSE_MI_QFIIS_DAILY_FOREIGN_INVESTMENT,2026-08-21T09:59:05.591Z
2021-07-02,2454,聯發科,1590408712,1040221182,65.4,550187530,34.59,100,TWSE_MI_QFIIS_DAILY_FOREIGN_INVESTMENT,2026-08-21T09:59:05.591Z
2021-07-05,0050,元大台灣50,1313000000,277956005,21.16,1035043995,78.83,100,TWSE_MI_QFIIS_DAILY_FOREIGN_INVESTMENT,2026-08-21T09:59:05.591Z
2021-07-05,2317,鴻海,13862990609,6782849336,48.92,7080141273,51.07,100,TWSE_MI_QFIIS_DAILY_FOREIGN_INVESTMENT,2026-08-21T09:59:05.591Z
2021-07-05,2330,台積電,25930380458,19373443432,74.71,6556937026,25.28,100,TWSE_MI_QFIIS_DAILY_FOREIGN_INVESTMENT,2026-08-21T09:59:05.591Z
2021-07-05,2454,聯發科,1590408712,1038294323,65.28,552114389,34.71,100,TWSE_MI_QFIIS_DAILY_FOREIGN_INVESTMENT,2026-08-21T09:59:05.591Z
2021-07-06,0050,元大台灣50,1351000000,284979840,21.09,1066020160,78.9,100,TWSE_MI_QFIIS_DAILY_FOREIGN_INVESTMENT,2026-08-21T09:59:05.591Z
2021-07-06,2317,鴻海,13862990609,6788668361,48.96,7074322248,51.03,100,TWSE_MI_QFIIS_DAILY_FOREIGN_INVESTMENT,2026-08-21T09:59:05.591Z
2021-07-06,2330,台積電,25930380458,19372563196,74.7,6557817262,25.29,100,TWSE_MI_QFIIS_DAILY_FOREIGN_INVESTMENT,2026-08-21T09:59:05.591Z
2021-07-06,2454,聯發科,1590408712,1038130633,65.27,552278079,34.72,100,TWSE_MI_QFIIS_DAILY_FOREIGN_INVESTMENT,2026-08-21T09:59:05.591Z
2021-07-07,0050,元大台灣50,1390500000,285569454,20.53,1104930546,79.46,100,TWSE_MI_QFIIS_DAILY_FOREIGN_INVESTMENT,2026-08-21T09:59:05.591Z
2021-07-07,2317,鴻海,13862990609,6781093201,48.91,7081897408,51.08,100,TWSE_MI_QFIIS_DAILY_FOREIGN_INVESTMENT,2026-08-21T09:59:05.591Z
2021-07-07,2330,台積電,25930380458,19374710045,74.71,6555670413,25.28,100,TWSE_MI_QFIIS_DAILY_FOREIGN_INVESTMENT,2026-08-21T09:59:05.591Z
2021-07-07,2454,聯發科,1590408712,1037736424,65.24,552672288,34.75,100,TWSE_MI_QFIIS_DAILY_FOREIGN_INVESTMENT,2026-08-21T09:59:05.591Z
2021-07-08,0050,元大台灣50,1375000000,304156567,22.12,1070843433,77.87,100,TWSE_MI_QFIIS_DAILY_FOREIGN_INVESTMENT,2026-08-21T09:59:05.591Z
2021-07-08,2317,鴻海,13862990609,6770180366,48.83,7092810243,51.16,100,TWSE_MI_QFIIS_DAILY_FOREIGN_INVESTMENT,2026-08-21T09:59:05.591Z
2021-07-08,2330,台積電,25930380458,19368759393,74.69,6561621065,25.3,100,TWSE_MI_QFIIS_DAILY_FOREIGN_INVESTMENT,2026-08-21T09:59:05.591Z
2021-07-08,2454,聯發科,1590408712,1038635544,65.3,551773168,34.69,100,TWSE_MI_QFIIS_DAILY_FOREIGN_INVESTMENT,2026-08-21T09:59:05.591Z
2021-07-09,0050,元大台灣50,1331000000,301720961,22.66,1029279039,77.33,100,TWSE_MI_QFIIS_DAILY_FOREIGN_INVESTMENT,2026-08-21T09:59:05.591Z
2021-07-09,2317,鴻海,13862990609,6759738394,48.76,7103252215,51.23,100,TWSE_MI_QFIIS_DAILY_FOREIGN_INVESTMENT,2026-08-21T09:59:05.591Z
2021-07-09,2330,台積電,25930380458,19356881935,74.64,6573498523,25.35,100,TWSE_MI_QFIIS_DAILY_FOREIGN_INVESTMENT,2026-08-21T09:59:05.591Z
2021-07-09,2454,聯發科,1590408712,1038797280,65.31,551611432,34.68,100,TWSE_MI_QFIIS_DAILY_FOREIGN_INVESTMENT,2026-08-21T09:59:05.591Z
2021-07-12,0050,元大台灣50,1329000000,310708070,23.37,1018291930,76.62,100,TWSE_MI_QFIIS_DAILY_FOREIGN_INVESTMENT,2026-08-21T09:59:05.591Z
2021-07-12,2317,鴻海,13862990609,6761440710,48.77,7101549899,51.22,100,TWSE_MI_QFIIS_DAILY_FOREIGN_INVESTMENT,2026-08-21T09:59:05.591Z
2021-07-12,2330,台積電,25930380458,19366236988,74.68,6564143470,25.31,100,TWSE_MI_QFIIS_DAILY_FOREIGN_INVESTMENT,2026-08-21T09:59:05.591Z
2021-07-12,2454,聯發科,1590408712,1041016417,65.45,549392295,34.54,100,TWSE_MI_QFIIS_DAILY_FOREIGN_INVESTMENT,2026-08-21T09:59:05.591Z
2021-07-13,0050,元大台灣50,1370000000,312234201,22.79,1057765799,77.2,100,TWSE_MI_QFIIS_DAILY_FOREIGN_INVESTMENT,2026-08-21T09:59:05.591Z
2021-07-13,2317,鴻海,13862990609,6771210819,48.84,7091779790,51.15,100,TWSE_MI_QFIIS_DAILY_FOREIGN_INVESTMENT,2026-08-21T09:59:05.591Z
2021-07-13,2330,台積電,25930380458,19394467284,74.79,6535913174,25.2,100,TWSE_MI_QFIIS_DAILY_FOREIGN_INVESTMENT,2026-08-21T09:59:05.591Z
2021-07-13,2454,聯發科,1590408712,1040698751,65.43,549709961,34.56,100,TWSE_MI_QFIIS_DAILY_FOREIGN_INVESTMENT,2026-08-21T09:59:05.591Z
2021-07-14,0050,元大台灣50,1401500000,317568066,22.65,1083931934,77.34,100,TWSE_MI_QFIIS_DAILY_FOREIGN_INVESTMENT,2026-08-21T09:59:05.591Z
2021-07-14,2317,鴻海,13862990609,6773388377,48.85,7089602232,51.14,100,TWSE_MI_QFIIS_DAILY_FOREIGN_INVESTMENT,2026-08-21T09:59:05.591Z
2021-07-14,2330,台積電,25930380458,19406645325,74.84,6523735133,25.15,100,TWSE_MI_QFIIS_DAILY_FOREIGN_INVESTMENT,2026-08-21T09:59:05.591Z
2021-07-14,2454,聯發科,1590408712,1040807688,65.44,549601024,34.55,100,TWSE_MI_QFIIS_DAILY_FOREIGN_INVESTMENT,2026-08-21T09:59:05.591Z
2021-07-15,0050,元大台灣50,1349500000,319083701,23.64,1030416299,76.35,100,TWSE_MI_QFIIS_DAILY_FOREIGN_INVESTMENT,2026-08-21T09:59:05.591Z
2021-07-15,2317,鴻海,13862990609,6783961434,48.93,7079029175,51.06,100,TWSE_MI_QFIIS_DAILY_FOREIGN_INVESTMENT,2026-08-21T09:59:05.591Z
2021-07-15,2330,台積電,25930380458,19410998191,74.85,6519382267,25.14,100,TWSE_MI_QFIIS_DAILY_FOREIGN_INVESTMENT,2026-08-21T09:59:05.591Z
2021-07-15,2454,聯發科,1590408712,1043647543,65.62,546761169,34.37,100,TWSE_MI_QFIIS_DAILY_FOREIGN_INVESTMENT,2026-08-21T09:59:05.591Z
2021-07-16,0050,元大台灣50,1317000000,318205859,24.16,998794141,75.83,100,TWSE_MI_QFIIS_DAILY_FOREIGN_INVESTMENT,2026-08-21T09:59:05.591Z
2021-07-16,2317,鴻海,13862990609,6777235407,48.88,7085755202,51.11,100,TWSE_MI_QFIIS_DAILY_FOREIGN_INVESTMENT,2026-08-21T09:59:05.591Z
2021-07-16,2330,台積電,25930380458,19381239925,74.74,6549140533,25.25,100,TWSE_MI_QFIIS_DAILY_FOREIGN_INVESTMENT,2026-08-21T09:59:05.591Z
2021-07-16,2454,聯發科,1590408712,1046057946,65.77,544350766,34.22,100,TWSE_MI_QFIIS_DAILY_FOREIGN_INVESTMENT,2026-08-21T09:59:05.591Z
2021-07-19,0050,元大台灣50,1317000000,314865509,23.9,1002134491,76.09,100,TWSE_MI_QFIIS_DAILY_FOREIGN_INVESTMENT,2026-08-21T09:59:05.591Z
2021-07-19,2317,鴻海,13862990609,6762074486,48.77,7100916123,51.22,100,TWSE_MI_QFIIS_DAILY_FOREIGN_INVESTMENT,2026-08-21T09:59:05.591Z
2021-07-19,2330,台積電,25930380458,19359322669,74.65,6571057789,25.34,100,TWSE_MI_QFIIS_DAILY_FOREIGN_INVESTMENT,2026-08-21T09:59:05.591Z
2021-07-19,2454,聯發科,1590408712,1042753882,65.56,547654830,34.43,100,TWSE_MI_QFIIS_DAILY_FOREIGN_INVESTMENT,2026-08-21T09:59:05.591Z
2021-07-20,0050,元大台灣50,1317000000,313334731,23.79,1003665269,76.2,100,TWSE_MI_QFIIS_DAILY_FOREIGN_INVESTMENT,2026-08-21T09:59:05.591Z
2021-07-20,2317,鴻海,13862990609,6757003269,48.74,7105987340,51.25,100,TWSE_MI_QFIIS_DAILY_FOREIGN_INVESTMENT,2026-08-21T09:59:05.591Z
2021-07-20,2330,台積電,25930380458,19354856678,74.64,6575523780,25.35,100,TWSE_MI_QFIIS_DAILY_FOREIGN_INVESTMENT,2026-08-21T09:59:05.591Z
2021-07-20,2454,聯發科,1590408712,1043133563,65.58,547275149,34.41,100,TWSE_MI_QFIIS_DAILY_FOREIGN_INVESTMENT,2026-08-21T09:59:05.591Z
2021-07-21,0050,元大台灣50,1377000000,317928743,23.08,1059071257,76.91,100,TWSE_MI_QFIIS_DAILY_FOREIGN_INVESTMENT,2026-08-21T09:59:05.591Z
2021-07-21,2317,鴻海,13862990609,6738020393,48.6,7124970216,51.39,100,TWSE_MI_QFIIS_DAILY_FOREIGN_INVESTMENT,2026-08-21T09:59:05.591Z
2021-07-21,2330,台積電,25930380458,19347950977,74.61,6582429481,25.38,100,TWSE_MI_QFIIS_DAILY_FOREIGN_INVESTMENT,2026-08-21T09:59:05.591Z
2021-07-21,2454,聯發科,1590408712,1042584760,65.55,547823952,34.44,100,TWSE_MI_QFIIS_DAILY_FOREIGN_INVESTMENT,2026-08-21T09:59:05.591Z
2021-07-22,0050,元大台灣50,1415500000,339629763,23.99,1075870237,76,100,TWSE_MI_QFIIS_DAILY_FOREIGN_INVESTMENT,2026-08-21T09:59:05.591Z
2021-07-22,2317,鴻海,13862990609,6747632880,48.67,7115357729,51.32,100,TWSE_MI_QFIIS_DAILY_FOREIGN_INVESTMENT,2026-08-21T09:59:05.591Z
2021-07-22,2330,台積電,25930380458,19356850081,74.64,6573530377,25.35,100,TWSE_MI_QFIIS_DAILY_FOREIGN_INVESTMENT,2026-08-21T09:59:05.591Z
2021-07-22,2454,聯發科,1590408712,1044060379,65.64,546348333,34.35,100,TWSE_MI_QFIIS_DAILY_FOREIGN_INVESTMENT,2026-08-21T09:59:05.591Z
2021-07-23,0050,元大台灣50,1378000000,329188516,23.88,1048811484,76.11,100,TWSE_MI_QFIIS_DAILY_FOREIGN_INVESTMENT,2026-08-21T09:59:05.591Z
2021-07-23,2317,鴻海,13862990609,6739851159,48.61,7123139450,51.38,100,TWSE_MI_QFIIS_DAILY_FOREIGN_INVESTMENT,2026-08-21T09:59:05.591Z
2021-07-23,2330,台積電,25930380458,19351456984,74.62,6578923474,25.37,100,TWSE_MI_QFIIS_DAILY_FOREIGN_INVESTMENT,2026-08-21T09:59:05.591Z
2021-07-23,2454,聯發科,1590408712,1045858960,65.76,544549752,34.23,100,TWSE_MI_QFIIS_DAILY_FOREIGN_INVESTMENT,2026-08-21T09:59:05.591Z
2021-07-26,0050,元大台灣50,1337000000,324208790,24.24,1012791210,75.75,100,TWSE_MI_QFIIS_DAILY_FOREIGN_INVESTMENT,2026-08-21T09:59:05.591Z
2021-07-26,2317,鴻海,13862990609,6726639453,48.52,7136351156,51.47,100,TWSE_MI_QFIIS_DAILY_FOREIGN_INVESTMENT,2026-08-21T09:59:05.591Z
2021-07-26,2330,台積電,25930380458,19346417367,74.6,6583963091,25.39,100,TWSE_MI_QFIIS_DAILY_FOREIGN_INVESTMENT,2026-08-21T09:59:05.591Z
2021-07-26,2454,聯發科,1590408712,1045601916,65.74,544806796,34.25,100,TWSE_MI_QFIIS_DAILY_FOREIGN_INVESTMENT,2026-08-21T09:59:05.591Z
2021-07-27,0050,元大台灣50,1337500000,326330104,24.39,1011169896,75.6,100,TWSE_MI_QFIIS_DAILY_FOREIGN_INVESTMENT,2026-08-21T09:59:05.591Z
2021-07-27,2317,鴻海,13862990609,6734120088,48.57,7128870521,51.42,100,TWSE_MI_QFIIS_DAILY_FOREIGN_INVESTMENT,2026-08-21T09:59:05.591Z
2021-07-27,2330,台積電,25930380458,19345734283,74.6,6584646175,25.39,100,TWSE_MI_QFIIS_DAILY_FOREIGN_INVESTMENT,2026-08-21T09:59:05.591Z
2021-07-27,2454,聯發科,1590408712,1047966720,65.89,542441992,34.1,100,TWSE_MI_QFIIS_DAILY_FOREIGN_INVESTMENT,2026-08-21T09:59:05.591Z
2021-07-28,0050,元大台灣50,1341500000,305657129,22.78,1035842871,77.21,100,TWSE_MI_QFIIS_DAILY_FOREIGN_INVESTMENT,2026-08-21T09:59:05.591Z
2021-07-28,2317,鴻海,13862990609,6730851844,48.55,7132138765,51.44,100,TWSE_MI_QFIIS_DAILY_FOREIGN_INVESTMENT,2026-08-21T09:59:05.591Z
2021-07-28,2330,台積電,25930380458,19335640973,74.56,6594739485,25.43,100,TWSE_MI_QFIIS_DAILY_FOREIGN_INVESTMENT,2026-08-21T09:59:05.591Z
2021-07-28,2454,聯發科,1590408712,1041915475,65.51,548493237,34.48,100,TWSE_MI_QFIIS_DAILY_FOREIGN_INVESTMENT,2026-08-21T09:59:05.591Z
2021-07-29,0050,元大台灣50,1341500000,307825759,22.94,1033674241,77.05,100,TWSE_MI_QFIIS_DAILY_FOREIGN_INVESTMENT,2026-08-21T09:59:05.591Z
2021-07-29,2317,鴻海,13862990609,6736200721,48.59,7126789888,51.4,100,TWSE_MI_QFIIS_DAILY_FOREIGN_INVESTMENT,2026-08-21T09:59:05.591Z
2021-07-29,2330,台積電,25930380458,19335240257,74.56,6595140201,25.43,100,TWSE_MI_QFIIS_DAILY_FOREIGN_INVESTMENT,2026-08-21T09:59:05.591Z
2021-07-29,2454,聯發科,1590408712,1046299878,65.78,544108834,34.21,100,TWSE_MI_QFIIS_DAILY_FOREIGN_INVESTMENT,2026-08-21T09:59:05.591Z
2021-07-30,0050,元大台灣50,1341500000,307812401,22.94,1033687599,77.05,100,TWSE_MI_QFIIS_DAILY_FOREIGN_INVESTMENT,2026-08-21T09:59:05.591Z
2021-07-30,2317,鴻海,13862990609,6733933838,48.57,7129056771,51.42,100,TWSE_MI_QFIIS_DAILY_FOREIGN_INVESTMENT,2026-08-21T09:59:05.591Z
2021-07-30,2330,台積電,25930380458,19333812019,74.56,6596568439,25.43,100,TWSE_MI_QFIIS_DAILY_FOREIGN_INVESTMENT,2026-08-21T09:59:05.591Z
2021-07-30,2454,聯發科,1590408712,1044959184,65.7,545449528,34.29,100,TWSE_MI_QFIIS_DAILY_FOREIGN_INVESTMENT,2026-08-21T09:59:05.591Z
2021-08-02,0050,元大台灣50,1341500000,311405074,23.21,1030094926,76.78,100,TWSE_MI_QFIIS_DAILY_FOREIGN_INVESTMENT,2026-08-21T09:59:05.591Z
2021-08-02,2317,鴻海,13862990609,6744035836,48.64,7118954773,51.35,100,TWSE_MI_QFIIS_DAILY_FOREIGN_INVESTMENT,2026-08-21T09:59:05.591Z
2021-08-02,2330,台積電,25930380458,19342186410,74.59,6588194048,25.4,100,TWSE_MI_QFIIS_DAILY_FOREIGN_INVESTMENT,2026-08-21T09:59:05.591Z
2021-08-02,2454,聯發科,1590408712,1047199988,65.84,543208724,34.15,100,TWSE_MI_QFIIS_DAILY_FOREIGN_INVESTMENT,2026-08-21T09:59:05.591Z
2021-08-03,0050,元大台灣50,1344500000,313365486,23.3,1031134514,76.69,100,TWSE_MI_QFIIS_DAILY_FOREIGN_INVESTMENT,2026-08-21T09:59:05.591Z
2021-08-03,2317,鴻海,13862990609,6734785092,48.58,7128205517,51.41,100,TWSE_MI_QFIIS_DAILY_FOREIGN_INVESTMENT,2026-08-21T09:59:05.591Z
2021-08-03,2330,台積電,25930380458,19352001806,74.63,6578378652,25.36,100,TWSE_MI_QFIIS_DAILY_FOREIGN_INVESTMENT,2026-08-21T09:59:05.591Z
2021-08-03,2454,聯發科,1590408712,1048053637,65.89,542355075,34.1,100,TWSE_MI_QFIIS_DAILY_FOREIGN_INVESTMENT,2026-08-21T09:59:05.591Z
2021-08-04,0050,元大台灣50,1344500000,319552292,23.76,1024947708,76.23,100,TWSE_MI_QFIIS_DAILY_FOREIGN_INVESTMENT,2026-08-21T09:59:05.591Z
2021-08-04,2317,鴻海,13862990609,6737488391,48.6,7125502218,51.39,100,TWSE_MI_QFIIS_DAILY_FOREIGN_INVESTMENT,2026-08-21T09:59:05.591Z
2021-08-04,2330,台積電,25930380458,19358498431,74.65,6571882027,25.34,100,TWSE_MI_QFIIS_DAILY_FOREIGN_INVESTMENT,2026-08-21T09:59:05.591Z
2021-08-04,2454,聯發科,1590408712,1051020098,66.08,539388614,33.91,100,TWSE_MI_QFIIS_DAILY_FOREIGN_INVESTMENT,2026-08-21T09:59:05.591Z
2021-08-05,0050,元大台灣50,1344500000,324261363,24.11,1020238637,75.88,100,TWSE_MI_QFIIS_DAILY_FOREIGN_INVESTMENT,2026-08-21T09:59:05.591Z
2021-08-05,2317,鴻海,13862990609,6736227531,48.59,7126763078,51.4,100,TWSE_MI_QFIIS_DAILY_FOREIGN_INVESTMENT,2026-08-21T09:59:05.591Z
2021-08-05,2330,台積電,25930380458,19362148608,74.66,6568231850,25.33,100,TWSE_MI_QFIIS_DAILY_FOREIGN_INVESTMENT,2026-08-21T09:59:05.591Z
2021-08-05,2454,聯發科,1590408712,1053499990,66.24,536908722,33.75,100,TWSE_MI_QFIIS_DAILY_FOREIGN_INVESTMENT,2026-08-21T09:59:05.591Z
2021-08-06,0050,元大台灣50,1344500000,324305031,24.12,1020194969,75.87,100,TWSE_MI_QFIIS_DAILY_FOREIGN_INVESTMENT,2026-08-21T09:59:05.591Z
2021-08-06,2317,鴻海,13862990609,6735628781,48.58,7127361828,51.41,100,TWSE_MI_QFIIS_DAILY_FOREIGN_INVESTMENT,2026-08-21T09:59:05.591Z
2021-08-06,2330,台積電,25930380458,19361539236,74.66,6568841222,25.33,100,TWSE_MI_QFIIS_DAILY_FOREIGN_INVESTMENT,2026-08-21T09:59:05.591Z
2021-08-06,2454,聯發科,1590408712,1052543524,66.18,537865188,33.81,100,TWSE_MI_QFIIS_DAILY_FOREIGN_INVESTMENT,2026-08-21T09:59:05.591Z
2021-08-09,0050,元大台灣50,1344500000,326327507,24.27,1018172493,75.72,100,TWSE_MI_QFIIS_DAILY_FOREIGN_INVESTMENT,2026-08-21T09:59:05.591Z
2021-08-09,2317,鴻海,13862990609,6736644479,48.59,7126346130,51.4,100,TWSE_MI_QFIIS_DAILY_FOREIGN_INVESTMENT,2026-08-21T09:59:05.591Z
2021-08-09,2330,台積電,25930380458,19362430555,74.67,6567949903,25.32,100,TWSE_MI_QFIIS_DAILY_FOREIGN_INVESTMENT,2026-08-21T09:59:05.591Z
2021-08-09,2454,聯發科,1590408712,1051858014,66.13,538550698,33.86,100,TWSE_MI_QFIIS_DAILY_FOREIGN_INVESTMENT,2026-08-21T09:59:05.591Z
2021-08-10,0050,元大台灣50,1339500000,326889402,24.4,1012610598,75.59,100,TWSE_MI_QFIIS_DAILY_FOREIGN_INVESTMENT,2026-08-21T09:59:05.591Z
2021-08-10,2317,鴻海,13862990609,6713310051,48.42,7149680558,51.57,100,TWSE_MI_QFIIS_DAILY_FOREIGN_INVESTMENT,2026-08-21T09:59:05.591Z
2021-08-10,2330,台積電,25930380458,19363860770,74.67,6566519688,25.32,100,TWSE_MI_QFIIS_DAILY_FOREIGN_INVESTMENT,2026-08-21T09:59:05.591Z
2021-08-10,2454,聯發科,1590408712,1051592987,66.12,538815725,33.87,100,TWSE_MI_QFIIS_DAILY_FOREIGN_INVESTMENT,2026-08-21T09:59:05.591Z
2021-08-11,0050,元大台灣50,1339500000,326987819,24.41,1012512181,75.58,100,TWSE_MI_QFIIS_DAILY_FOREIGN_INVESTMENT,2026-08-21T09:59:05.591Z
2021-08-11,2317,鴻海,13862990609,6710667188,48.4,7152323421,51.59,100,TWSE_MI_QFIIS_DAILY_FOREIGN_INVESTMENT,2026-08-21T09:59:05.591Z
2021-08-11,2330,台積電,25930380458,19368525352,74.69,6561855106,25.3,100,TWSE_MI_QFIIS_DAILY_FOREIGN_INVESTMENT,2026-08-21T09:59:05.591Z
2021-08-11,2454,聯發科,1590408712,1052089778,66.15,538318934,33.84,100,TWSE_MI_QFIIS_DAILY_FOREIGN_INVESTMENT,2026-08-21T09:59:05.591Z
2021-08-12,0050,元大台灣50,1339500000,326682736,24.38,1012817264,75.61,100,TWSE_MI_QFIIS_DAILY_FOREIGN_INVESTMENT,2026-08-21T09:59:05.591Z
2021-08-12,2317,鴻海,13862990609,6710766531,48.4,7152224078,51.59,100,TWSE_MI_QFIIS_DAILY_FOREIGN_INVESTMENT,2026-08-21T09:59:05.591Z
2021-08-12,2330,台積電,25930380458,19365649921,74.68,6564730537,25.31,100,TWSE_MI_QFIIS_DAILY_FOREIGN_INVESTMENT,2026-08-21T09:59:05.591Z
2021-08-12,2454,聯發科,1590408712,1050932182,66.07,539476530,33.92,100,TWSE_MI_QFIIS_DAILY_FOREIGN_INVESTMENT,2026-08-21T09:59:05.591Z
2021-08-13,0050,元大台灣50,1339500000,321933853,24.03,1017566147,75.96,100,TWSE_MI_QFIIS_DAILY_FOREIGN_INVESTMENT,2026-08-21T09:59:05.591Z
2021-08-13,2317,鴻海,13862990609,6707539951,48.38,7155450658,51.61,100,TWSE_MI_QFIIS_DAILY_FOREIGN_INVESTMENT,2026-08-21T09:59:05.591Z
2021-08-13,2330,台積電,25930380458,19358983779,74.65,6571396679,25.34,100,TWSE_MI_QFIIS_DAILY_FOREIGN_INVESTMENT,2026-08-21T09:59:05.591Z
2021-08-13,2454,聯發科,1590408712,1051454723,66.11,538953989,33.88,100,TWSE_MI_QFIIS_DAILY_FOREIGN_INVESTMENT,2026-08-21T09:59:05.591Z
2021-08-16,0050,元大台灣50,1339500000,316591225,23.63,1022908775,76.36,100,TWSE_MI_QFIIS_DAILY_FOREIGN_INVESTMENT,2026-08-21T09:59:05.591Z
2021-08-16,2317,鴻海,13862990609,6706018226,48.37,7156972383,51.62,100,TWSE_MI_QFIIS_DAILY_FOREIGN_INVESTMENT,2026-08-21T09:59:05.591Z
2021-08-16,2330,台積電,25930380458,19361570874,74.66,6568809584,25.33,100,TWSE_MI_QFIIS_DAILY_FOREIGN_INVESTMENT,2026-08-21T09:59:05.591Z
2021-08-16,2454,聯發科,1590379117,1051085296,66.09,539293821,33.9,100,TWSE_MI_QFIIS_DAILY_FOREIGN_INVESTMENT,2026-08-21T09:59:05.591Z
2021-08-17,0050,元大台灣50,1342000000,310232229,23.11,1031767771,76.88,100,TWSE_MI_QFIIS_DAILY_FOREIGN_INVESTMENT,2026-08-21T09:59:05.591Z
2021-08-17,2317,鴻海,13862990609,6699376567,48.32,7163614042,51.67,100,TWSE_MI_QFIIS_DAILY_FOREIGN_INVESTMENT,2026-08-21T09:59:05.591Z
2021-08-17,2330,台積電,25930380458,19356870283,74.64,6573510175,25.35,100,TWSE_MI_QFIIS_DAILY_FOREIGN_INVESTMENT,2026-08-21T09:59:05.591Z
2021-08-17,2454,聯發科,1590379117,1049475715,65.98,540903402,34.01,100,TWSE_MI_QFIIS_DAILY_FOREIGN_INVESTMENT,2026-08-21T09:59:05.591Z
2021-08-18,0050,元大台灣50,1345500000,298991642,22.22,1046508358,77.77,100,TWSE_MI_QFIIS_DAILY_FOREIGN_INVESTMENT,2026-08-21T09:59:05.591Z
2021-08-18,2317,鴻海,13862990609,6694467201,48.29,7168523408,51.7,100,TWSE_MI_QFIIS_DAILY_FOREIGN_INVESTMENT,2026-08-21T09:59:05.591Z
2021-08-18,2330,台積電,25930380458,19331823890,74.55,6598556568,25.44,100,TWSE_MI_QFIIS_DAILY_FOREIGN_INVESTMENT,2026-08-21T09:59:05.591Z
2021-08-18,2454,聯發科,1590379117,1049600714,65.99,540778403,34,100,TWSE_MI_QFIIS_DAILY_FOREIGN_INVESTMENT,2026-08-21T09:59:05.591Z
2021-08-19,0050,元大台灣50,1350000000,285175500,21.12,1064824500,78.87,100,TWSE_MI_QFIIS_DAILY_FOREIGN_INVESTMENT,2026-08-21T09:59:05.591Z
2021-08-19,2317,鴻海,13862990609,6676085409,48.15,7186905200,51.84,100,TWSE_MI_QFIIS_DAILY_FOREIGN_INVESTMENT,2026-08-21T09:59:05.591Z
2021-08-19,2330,台積電,25930380458,19309407976,74.46,6620972482,25.53,100,TWSE_MI_QFIIS_DAILY_FOREIGN_INVESTMENT,2026-08-21T09:59:05.591Z
2021-08-19,2454,聯發科,1590379117,1048923353,65.95,541455764,34.04,100,TWSE_MI_QFIIS_DAILY_FOREIGN_INVESTMENT,2026-08-21T09:59:05.591Z
2021-08-20,0050,元大台灣50,1375000000,291730069,21.21,1083269931,78.78,100,TWSE_MI_QFIIS_DAILY_FOREIGN_INVESTMENT,2026-08-21T09:59:05.591Z
2021-08-20,2317,鴻海,13862990609,6670608405,48.11,7192382204,51.88,100,TWSE_MI_QFIIS_DAILY_FOREIGN_INVESTMENT,2026-08-21T09:59:05.591Z
2021-08-20,2330,台積電,25930380458,19288793783,74.38,6641586675,25.61,100,TWSE_MI_QFIIS_DAILY_FOREIGN_INVESTMENT,2026-08-21T09:59:05.591Z
2021-08-20,2454,聯發科,1590379117,1046910899,65.82,543468218,34.17,100,TWSE_MI_QFIIS_DAILY_FOREIGN_INVESTMENT,2026-08-21T09:59:05.591Z
2021-08-23,0050,元大台灣50,1372000000,295113983,21.5,1076886017,78.49,100,TWSE_MI_QFIIS_DAILY_FOREIGN_INVESTMENT,2026-08-21T09:59:05.591Z
2021-08-23,2317,鴻海,13862990609,6682008301,48.2,7180982308,51.79,100,TWSE_MI_QFIIS_DAILY_FOREIGN_INVESTMENT,2026-08-21T09:59:05.591Z
2021-08-23,2330,台積電,25930380458,19285595125,74.37,6644785333,25.62,100,TWSE_MI_QFIIS_DAILY_FOREIGN_INVESTMENT,2026-08-21T09:59:05.591Z
2021-08-23,2454,聯發科,1590379117,1049133518,65.96,541245599,34.03,100,TWSE_MI_QFIIS_DAILY_FOREIGN_INVESTMENT,2026-08-21T09:59:05.591Z
2021-08-24,0050,元大台灣50,1360000000,278927385,20.5,1081072615,79.49,100,TWSE_MI_QFIIS_DAILY_FOREIGN_INVESTMENT,2026-08-21T09:59:05.591Z
2021-08-24,2317,鴻海,13862990609,6690388285,48.26,7172602324,51.73,100,TWSE_MI_QFIIS_DAILY_FOREIGN_INVESTMENT,2026-08-21T09:59:05.591Z
2021-08-24,2330,台積電,25930380458,19289850171,74.39,6640530287,25.6,100,TWSE_MI_QFIIS_DAILY_FOREIGN_INVESTMENT,2026-08-21T09:59:05.591Z
2021-08-24,2454,聯發科,1590379117,1049437445,65.98,540941672,34.01,100,TWSE_MI_QFIIS_DAILY_FOREIGN_INVESTMENT,2026-08-21T09:59:05.591Z
2021-08-25,0050,元大台灣50,1360000000,280247636,20.6,1079752364,79.39,100,TWSE_MI_QFIIS_DAILY_FOREIGN_INVESTMENT,2026-08-21T09:59:05.591Z
2021-08-25,2317,鴻海,13862990609,6684115727,48.21,7178874882,51.78,100,TWSE_MI_QFIIS_DAILY_FOREIGN_INVESTMENT,2026-08-21T09:59:05.591Z
2021-08-25,2330,台積電,25930380458,19296002902,74.41,6634377556,25.58,100,TWSE_MI_QFIIS_DAILY_FOREIGN_INVESTMENT,2026-08-21T09:59:05.591Z
2021-08-25,2454,聯發科,1590379117,1049485035,65.98,540894082,34.01,100,TWSE_MI_QFIIS_DAILY_FOREIGN_INVESTMENT,2026-08-21T09:59:05.591Z
2021-08-26,0050,元大台灣50,1360000000,282241014,20.75,1077758986,79.24,100,TWSE_MI_QFIIS_DAILY_FOREIGN_INVESTMENT,2026-08-21T09:59:05.591Z
2021-08-26,2317,鴻海,13862990609,6683175528,48.2,7179815081,51.79,100,TWSE_MI_QFIIS_DAILY_FOREIGN_INVESTMENT,2026-08-21T09:59:05.591Z
2021-08-26,2330,台積電,25930380458,19301880428,74.43,6628500030,25.56,100,TWSE_MI_QFIIS_DAILY_FOREIGN_INVESTMENT,2026-08-21T09:59:05.591Z
2021-08-26,2454,聯發科,1590379117,1046678579,65.81,543700538,34.18,100,TWSE_MI_QFIIS_DAILY_FOREIGN_INVESTMENT,2026-08-21T09:59:05.591Z
2021-08-27,0050,元大台灣50,1360000000,287622758,21.14,1072377242,78.85,100,TWSE_MI_QFIIS_DAILY_FOREIGN_INVESTMENT,2026-08-21T09:59:05.591Z
2021-08-27,2317,鴻海,13862990609,6681120390,48.19,7181870219,51.8,100,TWSE_MI_QFIIS_DAILY_FOREIGN_INVESTMENT,2026-08-21T09:59:05.591Z
2021-08-27,2330,台積電,25930380458,19312515355,74.47,6617865103,25.52,100,TWSE_MI_QFIIS_DAILY_FOREIGN_INVESTMENT,2026-08-21T09:59:05.591Z
2021-08-27,2454,聯發科,1590379117,1047769394,65.88,542609723,34.11,100,TWSE_MI_QFIIS_DAILY_FOREIGN_INVESTMENT,2026-08-21T09:59:05.591Z
2021-08-30,0050,元大台灣50,1358000000,301822714,22.22,1056177286,77.77,100,TWSE_MI_QFIIS_DAILY_FOREIGN_INVESTMENT,2026-08-21T09:59:05.591Z
2021-08-30,2317,鴻海,13862990609,6684298186,48.21,7178692423,51.78,100,TWSE_MI_QFIIS_DAILY_FOREIGN_INVESTMENT,2026-08-21T09:59:05.591Z
2021-08-30,2330,台積電,25930380458,19331244937,74.55,6599135521,25.44,100,TWSE_MI_QFIIS_DAILY_FOREIGN_INVESTMENT,2026-08-21T09:59:05.591Z
2021-08-30,2454,聯發科,1590379117,1050029674,66.02,540349443,33.97,100,TWSE_MI_QFIIS_DAILY_FOREIGN_INVESTMENT,2026-08-21T09:59:05.591Z
2021-08-31,0050,元大台灣50,1354000000,307716997,22.72,1046283003,77.27,100,TWSE_MI_QFIIS_DAILY_FOREIGN_INVESTMENT,2026-08-21T09:59:05.591Z
2021-08-31,2317,鴻海,13862990609,6691022959,48.26,7171967650,51.73,100,TWSE_MI_QFIIS_DAILY_FOREIGN_INVESTMENT,2026-08-21T09:59:05.591Z
2021-08-31,2330,台積電,25930380458,19356286063,74.64,6574094395,25.35,100,TWSE_MI_QFIIS_DAILY_FOREIGN_INVESTMENT,2026-08-21T09:59:05.591Z
2021-08-31,2454,聯發科,1590379117,1049639294,65.99,540739823,34,100,TWSE_MI_QFIIS_DAILY_FOREIGN_INVESTMENT,2026-08-21T09:59:05.591Z
2021-09-01,0050,元大台灣50,1349500000,317470664,23.52,1032029336,76.47,100,TWSE_MI_QFIIS_DAILY_FOREIGN_INVESTMENT,2026-08-21T09:59:05.591Z
2021-09-01,2317,鴻海,13862990609,6691951722,48.27,7171038887,51.72,100,TWSE_MI_QFIIS_DAILY_FOREIGN_INVESTMENT,2026-08-21T09:59:05.591Z
2021-09-01,2330,台積電,25930380458,19363644616,74.67,6566735842,25.32,100,TWSE_MI_QFIIS_DAILY_FOREIGN_INVESTMENT,2026-08-21T09:59:05.591Z
2021-09-01,2454,聯發科,1590379117,1055736163,66.38,534642954,33.61,100,TWSE_MI_QFIIS_DAILY_FOREIGN_INVESTMENT,2026-08-21T09:59:05.591Z
2021-09-02,0050,元大台灣50,1322500000,291902437,22.07,1030597563,77.92,100,TWSE_MI_QFIIS_DAILY_FOREIGN_INVESTMENT,2026-08-21T09:59:05.591Z
2021-09-02,2317,鴻海,13862990609,6693025222,48.27,7169965387,51.72,100,TWSE_MI_QFIIS_DAILY_FOREIGN_INVESTMENT,2026-08-21T09:59:05.591Z
2021-09-02,2330,台積電,25930380458,19370217145,74.7,6560163313,25.29,100,TWSE_MI_QFIIS_DAILY_FOREIGN_INVESTMENT,2026-08-21T09:59:05.591Z
2021-09-02,2454,聯發科,1590379117,1058840405,66.57,531538712,33.42,100,TWSE_MI_QFIIS_DAILY_FOREIGN_INVESTMENT,2026-08-21T09:59:05.591Z
2021-09-03,0050,元大台灣50,1320500000,299459840,22.67,1021040160,77.32,100,TWSE_MI_QFIIS_DAILY_FOREIGN_INVESTMENT,2026-08-21T09:59:05.591Z
2021-09-03,2317,鴻海,13862990609,6694439083,48.29,7168551526,51.7,100,TWSE_MI_QFIIS_DAILY_FOREIGN_INVESTMENT,2026-08-21T09:59:05.591Z
2021-09-03,2330,台積電,25930380458,19399214658,74.81,6531165800,25.18,100,TWSE_MI_QFIIS_DAILY_FOREIGN_INVESTMENT,2026-08-21T09:59:05.591Z
2021-09-03,2454,聯發科,1590379117,1057816330,66.51,532562787,33.48,100,TWSE_MI_QFIIS_DAILY_FOREIGN_INVESTMENT,2026-08-21T09:59:05.591Z
2021-09-06,0050,元大台灣50,1320500000,300921612,22.78,1019578388,77.21,100,TWSE_MI_QFIIS_DAILY_FOREIGN_INVESTMENT,2026-08-21T09:59:05.591Z
2021-09-06,2317,鴻海,13862990609,6692293008,48.27,7170697601,51.72,100,TWSE_MI_QFIIS_DAILY_FOREIGN_INVESTMENT,2026-08-21T09:59:05.591Z
2021-09-06,2330,台積電,25930380458,19416593934,74.87,6513786524,25.12,100,TWSE_MI_QFIIS_DAILY_FOREIGN_INVESTMENT,2026-08-21T09:59:05.591Z
2021-09-06,2454,聯發科,1590379117,1058118237,66.53,532260880,33.46,100,TWSE_MI_QFIIS_DAILY_FOREIGN_INVESTMENT,2026-08-21T09:59:05.591Z
2021-09-07,0050,元大台灣50,1320500000,301830327,22.85,1018669673,77.14,100,TWSE_MI_QFIIS_DAILY_FOREIGN_INVESTMENT,2026-08-21T09:59:05.591Z
2021-09-07,2317,鴻海,13862990609,6687232532,48.23,7175758077,51.76,100,TWSE_MI_QFIIS_DAILY_FOREIGN_INVESTMENT,2026-08-21T09:59:05.591Z
2021-09-07,2330,台積電,25930380458,19415859879,74.87,6514520579,25.12,100,TWSE_MI_QFIIS_DAILY_FOREIGN_INVESTMENT,2026-08-21T09:59:05.591Z
2021-09-07,2454,聯發科,1590379117,1058899847,66.58,531479270,33.41,100,TWSE_MI_QFIIS_DAILY_FOREIGN_INVESTMENT,2026-08-21T09:59:05.591Z
2021-09-08,0050,元大台灣50,1320500000,302096831,22.87,1018403169,77.12,100,TWSE_MI_QFIIS_DAILY_FOREIGN_INVESTMENT,2026-08-21T09:59:05.591Z
2021-09-08,2317,鴻海,13862990609,6681555517,48.19,7181435092,51.8,100,TWSE_MI_QFIIS_DAILY_FOREIGN_INVESTMENT,2026-08-21T09:59:05.591Z
2021-09-08,2330,台積電,25930380458,19423058502,74.9,6507321956,25.09,100,TWSE_MI_QFIIS_DAILY_FOREIGN_INVESTMENT,2026-08-21T09:59:05.591Z
2021-09-08,2454,聯發科,1590379117,1060446697,66.67,529932420,33.32,100,TWSE_MI_QFIIS_DAILY_FOREIGN_INVESTMENT,2026-08-21T09:59:05.591Z
2021-09-09,0050,元大台灣50,1320500000,301848067,22.85,1018651933,77.14,100,TWSE_MI_QFIIS_DAILY_FOREIGN_INVESTMENT,2026-08-21T09:59:05.591Z
2021-09-09,2317,鴻海,13862990609,6677509569,48.16,7185481040,51.83,100,TWSE_MI_QFIIS_DAILY_FOREIGN_INVESTMENT,2026-08-21T09:59:05.591Z
2021-09-09,2330,台積電,25930380458,19421442722,74.89,6508937736,25.1,100,TWSE_MI_QFIIS_DAILY_FOREIGN_INVESTMENT,2026-08-21T09:59:05.591Z
2021-09-09,2454,聯發科,1590379117,1060083060,66.65,530296057,33.34,100,TWSE_MI_QFIIS_DAILY_FOREIGN_INVESTMENT,2026-08-21T09:59:05.591Z
2021-09-10,0050,元大台灣50,1320500000,302796997,22.93,1017703003,77.06,100,TWSE_MI_QFIIS_DAILY_FOREIGN_INVESTMENT,2026-08-21T09:59:05.591Z
2021-09-10,2317,鴻海,13862990609,6675149322,48.15,7187841287,51.84,100,TWSE_MI_QFIIS_DAILY_FOREIGN_INVESTMENT,2026-08-21T09:59:05.591Z
2021-09-10,2330,台積電,25930380458,19422697349,74.9,6507683109,25.09,100,TWSE_MI_QFIIS_DAILY_FOREIGN_INVESTMENT,2026-08-21T09:59:05.591Z
2021-09-10,2454,聯發科,1590379117,1063120866,66.84,527258251,33.15,100,TWSE_MI_QFIIS_DAILY_FOREIGN_INVESTMENT,2026-08-21T09:59:05.591Z
2021-09-13,0050,元大台灣50,1320500000,302994287,22.94,1017505713,77.05,100,TWSE_MI_QFIIS_DAILY_FOREIGN_INVESTMENT,2026-08-21T09:59:05.591Z
2021-09-13,2317,鴻海,13862990609,6668300567,48.1,7194690042,51.89,100,TWSE_MI_QFIIS_DAILY_FOREIGN_INVESTMENT,2026-08-21T09:59:05.591Z
2021-09-13,2330,台積電,25930380458,19419873404,74.89,6510507054,25.1,100,TWSE_MI_QFIIS_DAILY_FOREIGN_INVESTMENT,2026-08-21T09:59:05.591Z
2021-09-13,2454,聯發科,1590379117,1064344227,66.92,526034890,33.07,100,TWSE_MI_QFIIS_DAILY_FOREIGN_INVESTMENT,2026-08-21T09:59:05.591Z
2021-09-14,0050,元大台灣50,1315500000,298856124,22.71,1016643876,77.28,100,TWSE_MI_QFIIS_DAILY_FOREIGN_INVESTMENT,2026-08-21T09:59:05.591Z
2021-09-14,2317,鴻海,13862990609,6665277195,48.07,7197713414,51.92,100,TWSE_MI_QFIIS_DAILY_FOREIGN_INVESTMENT,2026-08-21T09:59:05.591Z
2021-09-14,2330,台積電,25930380458,19423351638,74.9,6507028820,25.09,100,TWSE_MI_QFIIS_DAILY_FOREIGN_INVESTMENT,2026-08-21T09:59:05.591Z
2021-09-14,2454,聯發科,1590379117,1068257595,67.16,522121522,32.83,100,TWSE_MI_QFIIS_DAILY_FOREIGN_INVESTMENT,2026-08-21T09:59:05.591Z
2021-09-15,0050,元大台灣50,1311500000,301229189,22.96,1010270811,77.03,100,TWSE_MI_QFIIS_DAILY_FOREIGN_INVESTMENT,2026-08-21T09:59:05.591Z
2021-09-15,2317,鴻海,13862990609,6652723098,47.98,7210267511,52.01,100,TWSE_MI_QFIIS_DAILY_FOREIGN_INVESTMENT,2026-08-21T09:59:05.591Z
2021-09-15,2330,台積電,25930380458,19423410840,74.9,6506969618,25.09,100,TWSE_MI_QFIIS_DAILY_FOREIGN_INVESTMENT,2026-08-21T09:59:05.591Z
2021-09-15,2454,聯發科,1590379117,1068411630,67.17,521967487,32.82,100,TWSE_MI_QFIIS_DAILY_FOREIGN_INVESTMENT,2026-08-21T09:59:05.591Z
2021-09-16,0050,元大台灣50,1217500000,204311496,16.78,1013188504,83.21,100,TWSE_MI_QFIIS_DAILY_FOREIGN_INVESTMENT,2026-08-21T09:59:05.591Z
2021-09-16,2317,鴻海,13862990609,6647405826,47.95,7215584783,52.04,100,TWSE_MI_QFIIS_DAILY_FOREIGN_INVESTMENT,2026-08-21T09:59:05.591Z
2021-09-16,2330,台積電,25930380458,19429611367,74.92,6500769091,25.07,100,TWSE_MI_QFIIS_DAILY_FOREIGN_INVESTMENT,2026-08-21T09:59:05.591Z
2021-09-16,2454,聯發科,1590379117,1069216330,67.23,521162787,32.76,100,TWSE_MI_QFIIS_DAILY_FOREIGN_INVESTMENT,2026-08-21T09:59:05.591Z
2021-09-17,0050,元大台灣50,1217500000,204502713,16.79,1012997287,83.2,100,TWSE_MI_QFIIS_DAILY_FOREIGN_INVESTMENT,2026-08-21T09:59:05.591Z
2021-09-17,2317,鴻海,13862990609,6643119505,47.91,7219871104,52.08,100,TWSE_MI_QFIIS_DAILY_FOREIGN_INVESTMENT,2026-08-21T09:59:05.591Z
2021-09-17,2330,台積電,25930380458,19425222905,74.91,6505157553,25.08,100,TWSE_MI_QFIIS_DAILY_FOREIGN_INVESTMENT,2026-08-21T09:59:05.591Z
2021-09-17,2454,聯發科,1590379117,1071064043,67.34,519315074,32.65,100,TWSE_MI_QFIIS_DAILY_FOREIGN_INVESTMENT,2026-08-21T09:59:05.591Z
2021-09-22,0050,元大台灣50,1237000000,210585360,17.02,1026414640,82.97,100,TWSE_MI_QFIIS_DAILY_FOREIGN_INVESTMENT,2026-08-21T09:59:05.591Z
2021-09-22,2317,鴻海,13862990609,6638975114,47.88,7224015495,52.11,100,TWSE_MI_QFIIS_DAILY_FOREIGN_INVESTMENT,2026-08-21T09:59:05.591Z
2021-09-22,2330,台積電,25930380458,19408009329,74.84,6522371129,25.15,100,TWSE_MI_QFIIS_DAILY_FOREIGN_INVESTMENT,2026-08-21T09:59:05.591Z
2021-09-22,2454,聯發科,1598760298,1070005250,66.92,528755048,33.07,100,TWSE_MI_QFIIS_DAILY_FOREIGN_INVESTMENT,2026-08-21T09:59:05.591Z
2021-09-23,0050,元大台灣50,1243000000,218523311,17.58,1024476689,82.41,100,TWSE_MI_QFIIS_DAILY_FOREIGN_INVESTMENT,2026-08-21T09:59:05.591Z
2021-09-23,2317,鴻海,13862990609,6633076511,47.84,7229914098,52.15,100,TWSE_MI_QFIIS_DAILY_FOREIGN_INVESTMENT,2026-08-21T09:59:05.591Z
2021-09-23,2330,台積電,25930380458,19404332818,74.83,6526047640,25.16,100,TWSE_MI_QFIIS_DAILY_FOREIGN_INVESTMENT,2026-08-21T09:59:05.591Z
2021-09-23,2454,聯發科,1598760298,1069961408,66.92,528798890,33.07,100,TWSE_MI_QFIIS_DAILY_FOREIGN_INVESTMENT,2026-08-21T09:59:05.591Z
2021-09-24,0050,元大台灣50,1223000000,205662724,16.81,1017337276,83.18,100,TWSE_MI_QFIIS_DAILY_FOREIGN_INVESTMENT,2026-08-21T09:59:05.591Z
2021-09-24,2317,鴻海,13862990609,6633732804,47.85,7229257805,52.14,100,TWSE_MI_QFIIS_DAILY_FOREIGN_INVESTMENT,2026-08-21T09:59:05.591Z
2021-09-24,2330,台積電,25930380458,19408695621,74.84,6521684837,25.15,100,TWSE_MI_QFIIS_DAILY_FOREIGN_INVESTMENT,2026-08-21T09:59:05.591Z
2021-09-24,2454,聯發科,1598760298,1071130474,66.99,527629824,33,100,TWSE_MI_QFIIS_DAILY_FOREIGN_INVESTMENT,2026-08-21T09:59:05.591Z
2021-09-27,0050,元大台灣50,1224500000,185971733,15.18,1038528267,84.81,100,TWSE_MI_QFIIS_DAILY_FOREIGN_INVESTMENT,2026-08-21T09:59:05.591Z
2021-09-27,2317,鴻海,13862990609,6632614284,47.84,7230376325,52.15,100,TWSE_MI_QFIIS_DAILY_FOREIGN_INVESTMENT,2026-08-21T09:59:05.591Z
2021-09-27,2330,台積電,25930380458,19411822759,74.86,6518557699,25.13,100,TWSE_MI_QFIIS_DAILY_FOREIGN_INVESTMENT,2026-08-21T09:59:05.591Z
2021-09-27,2454,聯發科,1598760298,1077568164,67.4,521192134,32.59,100,TWSE_MI_QFIIS_DAILY_FOREIGN_INVESTMENT,2026-08-21T09:59:05.591Z
2021-09-28,0050,元大台灣50,1229000000,177083704,14.4,1051916296,85.59,100,TWSE_MI_QFIIS_DAILY_FOREIGN_INVESTMENT,2026-08-21T09:59:05.591Z
2021-09-28,2317,鴻海,13862990609,6621838700,47.76,7241151909,52.23,100,TWSE_MI_QFIIS_DAILY_FOREIGN_INVESTMENT,2026-08-21T09:59:05.591Z
2021-09-28,2330,台積電,25930380458,19407396408,74.84,6522984050,25.15,100,TWSE_MI_QFIIS_DAILY_FOREIGN_INVESTMENT,2026-08-21T09:59:05.591Z
2021-09-28,2454,聯發科,1598760298,1079997479,67.55,518762819,32.44,100,TWSE_MI_QFIIS_DAILY_FOREIGN_INVESTMENT,2026-08-21T09:59:05.591Z
2021-09-29,0050,元大台灣50,1235000000,159358609,12.9,1075641391,87.09,100,TWSE_MI_QFIIS_DAILY_FOREIGN_INVESTMENT,2026-08-21T09:59:05.591Z
2021-09-29,2317,鴻海,13862990609,6611989497,47.69,7251001112,52.3,100,TWSE_MI_QFIIS_DAILY_FOREIGN_INVESTMENT,2026-08-21T09:59:05.591Z
2021-09-29,2330,台積電,25930380458,19382776577,74.74,6547603881,25.25,100,TWSE_MI_QFIIS_DAILY_FOREIGN_INVESTMENT,2026-08-21T09:59:05.591Z
2021-09-29,2454,聯發科,1598760298,1077331256,67.38,521429042,32.61,100,TWSE_MI_QFIIS_DAILY_FOREIGN_INVESTMENT,2026-08-21T09:59:05.591Z
2021-09-30,0050,元大台灣50,1231500000,144046624,11.69,1087453376,88.3,100,TWSE_MI_QFIIS_DAILY_FOREIGN_INVESTMENT,2026-08-21T09:59:05.591Z
2021-09-30,2317,鴻海,13862990609,6607283608,47.66,7255707001,52.33,100,TWSE_MI_QFIIS_DAILY_FOREIGN_INVESTMENT,2026-08-21T09:59:05.591Z
2021-09-30,2330,台積電,25930380458,19377549582,74.72,6552830876,25.27,100,TWSE_MI_QFIIS_DAILY_FOREIGN_INVESTMENT,2026-08-21T09:59:05.591Z
2021-09-30,2454,聯發科,1598760298,1075147472,67.24,523612826,32.75,100,TWSE_MI_QFIIS_DAILY_FOREIGN_INVESTMENT,2026-08-21T09:59:05.591Z
2021-10-01,0050,元大台灣50,1240000000,136817372,11.03,1103182628,88.96,100,TWSE_MI_QFIIS_DAILY_FOREIGN_INVESTMENT,2026-08-21T09:59:05.591Z
2021-10-01,2317,鴻海,13862990609,6588100405,47.52,7274890204,52.47,100,TWSE_MI_QFIIS_DAILY_FOREIGN_INVESTMENT,2026-08-21T09:59:05.591Z
2021-10-01,2330,台積電,25930380458,19365207866,74.68,6565172592,25.31,100,TWSE_MI_QFIIS_DAILY_FOREIGN_INVESTMENT,2026-08-21T09:59:05.591Z
2021-10-01,2454,聯發科,1598760298,1072623782,67.09,526136516,32.9,100,TWSE_MI_QFIIS_DAILY_FOREIGN_INVESTMENT,2026-08-21T09:59:05.591Z
2021-10-04,0050,元大台灣50,1284500000,155298995,12.09,1129201005,87.9,100,TWSE_MI_QFIIS_DAILY_FOREIGN_INVESTMENT,2026-08-21T09:59:05.591Z
2021-10-04,2317,鴻海,13862990609,6580521963,47.46,7282468646,52.53,100,TWSE_MI_QFIIS_DAILY_FOREIGN_INVESTMENT,2026-08-21T09:59:05.591Z
2021-10-04,2330,台積電,25930380458,19356736923,74.64,6573643535,25.35,100,TWSE_MI_QFIIS_DAILY_FOREIGN_INVESTMENT,2026-08-21T09:59:05.591Z
2021-10-04,2454,聯發科,1598760298,1072000781,67.05,526759517,32.94,100,TWSE_MI_QFIIS_DAILY_FOREIGN_INVESTMENT,2026-08-21T09:59:05.591Z
2021-10-05,0050,元大台灣50,1292500000,144439383,11.17,1148060617,88.82,100,TWSE_MI_QFIIS_DAILY_FOREIGN_INVESTMENT,2026-08-21T09:59:05.591Z
2021-10-05,2317,鴻海,13862990609,6556354289,47.29,7306636320,52.7,100,TWSE_MI_QFIIS_DAILY_FOREIGN_INVESTMENT,2026-08-21T09:59:05.591Z
2021-10-05,2330,台積電,25930380458,19339188085,74.58,6591192373,25.41,100,TWSE_MI_QFIIS_DAILY_FOREIGN_INVESTMENT,2026-08-21T09:59:05.591Z
2021-10-05,2454,聯發科,1598760298,1068287792,66.81,530472506,33.18,100,TWSE_MI_QFIIS_DAILY_FOREIGN_INVESTMENT,2026-08-21T09:59:05.591Z
2021-10-06,0050,元大台灣50,1317000000,148655564,11.28,1168344436,88.71,100,TWSE_MI_QFIIS_DAILY_FOREIGN_INVESTMENT,2026-08-21T09:59:05.591Z
2021-10-06,2317,鴻海,13862990609,6555022167,47.28,7307968442,52.71,100,TWSE_MI_QFIIS_DAILY_FOREIGN_INVESTMENT,2026-08-21T09:59:05.591Z
2021-10-06,2330,台積電,25930380458,19331444827,74.55,6598935631,25.44,100,TWSE_MI_QFIIS_DAILY_FOREIGN_INVESTMENT,2026-08-21T09:59:05.591Z
2021-10-06,2454,聯發科,1598760298,1067952839,66.79,530807459,33.2,100,TWSE_MI_QFIIS_DAILY_FOREIGN_INVESTMENT,2026-08-21T09:59:05.591Z
2021-10-07,0050,元大台灣50,1320000000,152274364,11.53,1167725636,88.46,100,TWSE_MI_QFIIS_DAILY_FOREIGN_INVESTMENT,2026-08-21T09:59:05.591Z
2021-10-07,2317,鴻海,13862990609,6570358080,47.39,7292632529,52.6,100,TWSE_MI_QFIIS_DAILY_FOREIGN_INVESTMENT,2026-08-21T09:59:05.591Z
2021-10-07,2330,台積電,25930380458,19332408175,74.55,6597972283,25.44,100,TWSE_MI_QFIIS_DAILY_FOREIGN_INVESTMENT,2026-08-21T09:59:05.591Z
2021-10-07,2454,聯發科,1598760298,1070684054,66.96,528076244,33.03,100,TWSE_MI_QFIIS_DAILY_FOREIGN_INVESTMENT,2026-08-21T09:59:05.591Z
2021-10-08,0050,元大台灣50,1315500000,143597674,10.91,1171902326,89.08,100,TWSE_MI_QFIIS_DAILY_FOREIGN_INVESTMENT,2026-08-21T09:59:05.591Z
2021-10-08,2317,鴻海,13862990609,6580279794,47.46,7282710815,52.53,100,TWSE_MI_QFIIS_DAILY_FOREIGN_INVESTMENT,2026-08-21T09:59:05.591Z
2021-10-08,2330,台積電,25930380458,19329648466,74.54,6600731992,25.45,100,TWSE_MI_QFIIS_DAILY_FOREIGN_INVESTMENT,2026-08-21T09:59:05.591Z
2021-10-08,2454,聯發科,1598760298,1072200661,67.06,526559637,32.93,100,TWSE_MI_QFIIS_DAILY_FOREIGN_INVESTMENT,2026-08-21T09:59:05.591Z
2021-10-12,0050,元大台灣50,1320500000,141432772,10.71,1179067228,89.28,100,TWSE_MI_QFIIS_DAILY_FOREIGN_INVESTMENT,2026-08-21T09:59:05.591Z
2021-10-12,2317,鴻海,13862990609,6572317435,47.4,7290673174,52.59,100,TWSE_MI_QFIIS_DAILY_FOREIGN_INVESTMENT,2026-08-21T09:59:05.591Z
2021-10-12,2330,台積電,25930380458,19322987733,74.51,6607392725,25.48,100,TWSE_MI_QFIIS_DAILY_FOREIGN_INVESTMENT,2026-08-21T09:59:05.591Z
2021-10-12,2454,聯發科,1598760298,1071203174,67,527557124,32.99,100,TWSE_MI_QFIIS_DAILY_FOREIGN_INVESTMENT,2026-08-21T09:59:05.591Z
2021-10-13,0050,元大台灣50,1321000000,141210471,10.68,1179789529,89.31,100,TWSE_MI_QFIIS_DAILY_FOREIGN_INVESTMENT,2026-08-21T09:59:05.591Z
2021-10-13,2317,鴻海,13862990609,6571791575,47.4,7291199034,52.59,100,TWSE_MI_QFIIS_DAILY_FOREIGN_INVESTMENT,2026-08-21T09:59:05.591Z
2021-10-13,2330,台積電,25930380458,19317581621,74.49,6612798837,25.5,100,TWSE_MI_QFIIS_DAILY_FOREIGN_INVESTMENT,2026-08-21T09:59:05.591Z
2021-10-13,2454,聯發科,1598760298,1068782896,66.85,529977402,33.14,100,TWSE_MI_QFIIS_DAILY_FOREIGN_INVESTMENT,2026-08-21T09:59:05.591Z
2021-10-14,0050,元大台灣50,1321000000,141184325,10.68,1179815675,89.31,100,TWSE_MI_QFIIS_DAILY_FOREIGN_INVESTMENT,2026-08-21T09:59:05.591Z
2021-10-14,2317,鴻海,13862990609,6574773970,47.42,7288216639,52.57,100,TWSE_MI_QFIIS_DAILY_FOREIGN_INVESTMENT,2026-08-21T09:59:05.591Z
2021-10-14,2330,台積電,25930380458,19317356061,74.49,6613024397,25.5,100,TWSE_MI_QFIIS_DAILY_FOREIGN_INVESTMENT,2026-08-21T09:59:05.591Z
2021-10-14,2454,聯發科,1598760298,1065345586,66.63,533414712,33.36,100,TWSE_MI_QFIIS_DAILY_FOREIGN_INVESTMENT,2026-08-21T09:59:05.591Z
2021-10-15,0050,元大台灣50,1325000000,141931045,10.71,1183068955,89.28,100,TWSE_MI_QFIIS_DAILY_FOREIGN_INVESTMENT,2026-08-21T09:59:05.591Z
2021-10-15,2317,鴻海,13862990609,6585031764,47.5,7277958845,52.49,100,TWSE_MI_QFIIS_DAILY_FOREIGN_INVESTMENT,2026-08-21T09:59:05.591Z
2021-10-15,2330,台積電,25930380458,19350449436,74.62,6579931022,25.37,100,TWSE_MI_QFIIS_DAILY_FOREIGN_INVESTMENT,2026-08-21T09:59:05.591Z
2021-10-15,2454,聯發科,1598760298,1064387273,66.57,534373025,33.42,100,TWSE_MI_QFIIS_DAILY_FOREIGN_INVESTMENT,2026-08-21T09:59:05.591Z
2021-10-18,0050,元大台灣50,1325000000,141853861,10.7,1183146139,89.29,100,TWSE_MI_QFIIS_DAILY_FOREIGN_INVESTMENT,2026-08-21T09:59:05.591Z
2021-10-18,2317,鴻海,13862990609,6586943678,47.51,7276046931,52.48,100,TWSE_MI_QFIIS_DAILY_FOREIGN_INVESTMENT,2026-08-21T09:59:05.591Z
2021-10-18,2330,台積電,25930380458,19349802392,74.62,6580578066,25.37,100,TWSE_MI_QFIIS_DAILY_FOREIGN_INVESTMENT,2026-08-21T09:59:05.591Z
2021-10-18,2454,聯發科,1598760298,1065787215,66.66,532973083,33.33,100,TWSE_MI_QFIIS_DAILY_FOREIGN_INVESTMENT,2026-08-21T09:59:05.591Z
2021-10-19,0050,元大台灣50,1317000000,137421755,10.43,1179578245,89.56,100,TWSE_MI_QFIIS_DAILY_FOREIGN_INVESTMENT,2026-08-21T09:59:05.591Z
2021-10-19,2317,鴻海,13862990609,6582563382,47.48,7280427227,52.51,100,TWSE_MI_QFIIS_DAILY_FOREIGN_INVESTMENT,2026-08-21T09:59:05.591Z
2021-10-19,2330,台積電,25930380458,19356577043,74.64,6573803415,25.35,100,TWSE_MI_QFIIS_DAILY_FOREIGN_INVESTMENT,2026-08-21T09:59:05.591Z
2021-10-19,2454,聯發科,1598760298,1067846049,66.79,530914249,33.2,100,TWSE_MI_QFIIS_DAILY_FOREIGN_INVESTMENT,2026-08-21T09:59:05.591Z
2021-10-20,0050,元大台灣50,1319000000,143030736,10.84,1175969264,89.15,100,TWSE_MI_QFIIS_DAILY_FOREIGN_INVESTMENT,2026-08-21T09:59:05.591Z
2021-10-20,2317,鴻海,13862990609,6581565471,47.47,7281425138,52.52,100,TWSE_MI_QFIIS_DAILY_FOREIGN_INVESTMENT,2026-08-21T09:59:05.591Z
2021-10-20,2330,台積電,25930380458,19359431808,74.65,6570948650,25.34,100,TWSE_MI_QFIIS_DAILY_FOREIGN_INVESTMENT,2026-08-21T09:59:05.591Z
2021-10-20,2454,聯發科,1598760298,1068786058,66.85,529974240,33.14,100,TWSE_MI_QFIIS_DAILY_FOREIGN_INVESTMENT,2026-08-21T09:59:05.591Z
2021-10-21,0050,元大台灣50,1313000000,146225380,11.13,1166774620,88.86,100,TWSE_MI_QFIIS_DAILY_FOREIGN_INVESTMENT,2026-08-21T09:59:05.591Z
2021-10-21,2317,鴻海,13862990609,6586355870,47.51,7276634739,52.48,100,TWSE_MI_QFIIS_DAILY_FOREIGN_INVESTMENT,2026-08-21T09:59:05.591Z
2021-10-21,2330,台積電,25930380458,19362467251,74.67,6567913207,25.32,100,TWSE_MI_QFIIS_DAILY_FOREIGN_INVESTMENT,2026-08-21T09:59:05.591Z
2021-10-21,2454,聯發科,1598760298,1070150487,66.93,528609811,33.06,100,TWSE_MI_QFIIS_DAILY_FOREIGN_INVESTMENT,2026-08-21T09:59:05.591Z
2021-10-22,0050,元大台灣50,1308000000,147020195,11.24,1160979805,88.75,100,TWSE_MI_QFIIS_DAILY_FOREIGN_INVESTMENT,2026-08-21T09:59:05.591Z
2021-10-22,2317,鴻海,13862990609,6587550239,47.51,7275440370,52.48,100,TWSE_MI_QFIIS_DAILY_FOREIGN_INVESTMENT,2026-08-21T09:59:05.591Z
2021-10-22,2330,台積電,25930380458,19366633474,74.68,6563746984,25.31,100,TWSE_MI_QFIIS_DAILY_FOREIGN_INVESTMENT,2026-08-21T09:59:05.591Z
2021-10-22,2454,聯發科,1598760298,1071878791,67.04,526881507,32.95,100,TWSE_MI_QFIIS_DAILY_FOREIGN_INVESTMENT,2026-08-21T09:59:05.591Z
2021-10-25,0050,元大台灣50,1305000000,141178147,10.81,1163821853,89.18,100,TWSE_MI_QFIIS_DAILY_FOREIGN_INVESTMENT,2026-08-21T09:59:05.591Z
2021-10-25,2317,鴻海,13862990609,6589424656,47.53,7273565953,52.46,100,TWSE_MI_QFIIS_DAILY_FOREIGN_INVESTMENT,2026-08-21T09:59:05.591Z
2021-10-25,2330,台積電,25930380458,19366885876,74.68,6563494582,25.31,100,TWSE_MI_QFIIS_DAILY_FOREIGN_INVESTMENT,2026-08-21T09:59:05.591Z
2021-10-25,2454,聯發科,1598760298,1072695607,67.09,526064691,32.9,100,TWSE_MI_QFIIS_DAILY_FOREIGN_INVESTMENT,2026-08-21T09:59:05.591Z
2021-10-26,0050,元大台灣50,1305000000,146296928,11.21,1158703072,88.78,100,TWSE_MI_QFIIS_DAILY_FOREIGN_INVESTMENT,2026-08-21T09:59:05.591Z
2021-10-26,2317,鴻海,13862990609,6591244278,47.54,7271746331,52.45,100,TWSE_MI_QFIIS_DAILY_FOREIGN_INVESTMENT,2026-08-21T09:59:05.591Z
2021-10-26,2330,台積電,25930380458,19374217962,74.71,6556162496,25.28,100,TWSE_MI_QFIIS_DAILY_FOREIGN_INVESTMENT,2026-08-21T09:59:05.591Z
2021-10-26,2454,聯發科,1598760298,1073719640,67.15,525040658,32.84,100,TWSE_MI_QFIIS_DAILY_FOREIGN_INVESTMENT,2026-08-21T09:59:05.591Z
2021-10-27,0050,元大台灣50,1303500000,148917196,11.42,1154582804,88.57,100,TWSE_MI_QFIIS_DAILY_FOREIGN_INVESTMENT,2026-08-21T09:59:05.591Z
2021-10-27,2317,鴻海,13862990609,6585755347,47.5,7277235262,52.49,100,TWSE_MI_QFIIS_DAILY_FOREIGN_INVESTMENT,2026-08-21T09:59:05.591Z
2021-10-27,2330,台積電,25930380458,19376903005,74.72,6553477453,25.27,100,TWSE_MI_QFIIS_DAILY_FOREIGN_INVESTMENT,2026-08-21T09:59:05.591Z
2021-10-27,2454,聯發科,1598760298,1075445761,67.26,523314537,32.73,100,TWSE_MI_QFIIS_DAILY_FOREIGN_INVESTMENT,2026-08-21T09:59:05.591Z
2021-10-28,0050,元大台灣50,1300500000,147263679,11.32,1153236321,88.67,100,TWSE_MI_QFIIS_DAILY_FOREIGN_INVESTMENT,2026-08-21T09:59:05.591Z
2021-10-28,2317,鴻海,13862990609,6588922829,47.52,7274067780,52.47,100,TWSE_MI_QFIIS_DAILY_FOREIGN_INVESTMENT,2026-08-21T09:59:05.591Z
2021-10-28,2330,台積電,25930380458,19374370433,74.71,6556010025,25.28,100,TWSE_MI_QFIIS_DAILY_FOREIGN_INVESTMENT,2026-08-21T09:59:05.591Z
2021-10-28,2454,聯發科,1598760298,1075050207,67.24,523710091,32.75,100,TWSE_MI_QFIIS_DAILY_FOREIGN_INVESTMENT,2026-08-21T09:59:05.591Z
2021-10-29,0050,元大台灣50,1301500000,145811975,11.2,1155688025,88.79,100,TWSE_MI_QFIIS_DAILY_FOREIGN_INVESTMENT,2026-08-21T09:59:05.591Z
2021-10-29,2317,鴻海,13862990609,6587835143,47.52,7275155466,52.47,100,TWSE_MI_QFIIS_DAILY_FOREIGN_INVESTMENT,2026-08-21T09:59:05.591Z
2021-10-29,2330,台積電,25930380458,19370796612,74.7,6559583846,25.29,100,TWSE_MI_QFIIS_DAILY_FOREIGN_INVESTMENT,2026-08-21T09:59:05.591Z
2021-10-29,2454,聯發科,1598760298,1073995928,67.17,524764370,32.82,100,TWSE_MI_QFIIS_DAILY_FOREIGN_INVESTMENT,2026-08-21T09:59:05.591Z
2021-11-01,0050,元大台灣50,1301500000,146263298,11.23,1155236702,88.76,100,TWSE_MI_QFIIS_DAILY_FOREIGN_INVESTMENT,2026-08-21T09:59:05.591Z
2021-11-01,2317,鴻海,13862990609,6583136730,47.48,7279853879,52.51,100,TWSE_MI_QFIIS_DAILY_FOREIGN_INVESTMENT,2026-08-21T09:59:05.591Z
2021-11-01,2330,台積電,25930380458,19368900119,74.69,6561480339,25.3,100,TWSE_MI_QFIIS_DAILY_FOREIGN_INVESTMENT,2026-08-21T09:59:05.591Z
2021-11-01,2454,聯發科,1598760298,1074005309,67.17,524754989,32.82,100,TWSE_MI_QFIIS_DAILY_FOREIGN_INVESTMENT,2026-08-21T09:59:05.591Z
2021-11-02,0050,元大台灣50,1298500000,147355684,11.34,1151144316,88.65,100,TWSE_MI_QFIIS_DAILY_FOREIGN_INVESTMENT,2026-08-21T09:59:05.591Z
2021-11-02,2317,鴻海,13862990609,6587053529,47.51,7275937080,52.48,100,TWSE_MI_QFIIS_DAILY_FOREIGN_INVESTMENT,2026-08-21T09:59:05.591Z
2021-11-02,2330,台積電,25930380458,19371414897,74.7,6558965561,25.29,100,TWSE_MI_QFIIS_DAILY_FOREIGN_INVESTMENT,2026-08-21T09:59:05.591Z
2021-11-02,2454,聯發科,1598760298,1074419935,67.2,524340363,32.79,100,TWSE_MI_QFIIS_DAILY_FOREIGN_INVESTMENT,2026-08-21T09:59:05.591Z
2021-11-03,0050,元大台灣50,1294500000,143726609,11.1,1150773391,88.89,100,TWSE_MI_QFIIS_DAILY_FOREIGN_INVESTMENT,2026-08-21T09:59:05.591Z
2021-11-03,2317,鴻海,13862990609,6587598548,47.51,7275392061,52.48,100,TWSE_MI_QFIIS_DAILY_FOREIGN_INVESTMENT,2026-08-21T09:59:05.591Z
2021-11-03,2330,台積電,25930380458,19373086335,74.71,6557294123,25.28,100,TWSE_MI_QFIIS_DAILY_FOREIGN_INVESTMENT,2026-08-21T09:59:05.591Z
2021-11-03,2454,聯發科,1598760298,1075425514,67.26,523334784,32.73,100,TWSE_MI_QFIIS_DAILY_FOREIGN_INVESTMENT,2026-08-21T09:59:05.591Z
2021-11-04,0050,元大台灣50,1294500000,143509949,11.08,1150990051,88.91,100,TWSE_MI_QFIIS_DAILY_FOREIGN_INVESTMENT,2026-08-21T09:59:05.591Z
2021-11-04,2317,鴻海,13862990609,6587526873,47.51,7275463736,52.48,100,TWSE_MI_QFIIS_DAILY_FOREIGN_INVESTMENT,2026-08-21T09:59:05.591Z
2021-11-04,2330,台積電,25930380458,19369094228,74.69,6561286230,25.3,100,TWSE_MI_QFIIS_DAILY_FOREIGN_INVESTMENT,2026-08-21T09:59:05.591Z
2021-11-04,2454,聯發科,1598760298,1075228117,67.25,523532181,32.74,100,TWSE_MI_QFIIS_DAILY_FOREIGN_INVESTMENT,2026-08-21T09:59:05.591Z
2021-11-05,0050,元大台灣50,1294500000,150285511,11.6,1144214489,88.39,100,TWSE_MI_QFIIS_DAILY_FOREIGN_INVESTMENT,2026-08-21T09:59:05.591Z
2021-11-05,2317,鴻海,13862990609,6586435754,47.51,7276554855,52.48,100,TWSE_MI_QFIIS_DAILY_FOREIGN_INVESTMENT,2026-08-21T09:59:05.591Z
2021-11-05,2330,台積電,25930380458,19391537467,74.78,6538842991,25.21,100,TWSE_MI_QFIIS_DAILY_FOREIGN_INVESTMENT,2026-08-21T09:59:05.591Z
2021-11-05,2454,聯發科,1598760298,1076699087,67.34,522061211,32.65,100,TWSE_MI_QFIIS_DAILY_FOREIGN_INVESTMENT,2026-08-21T09:59:05.591Z
2021-11-08,0050,元大台灣50,1290500000,147686380,11.44,1142813620,88.55,100,TWSE_MI_QFIIS_DAILY_FOREIGN_INVESTMENT,2026-08-21T09:59:05.591Z
2021-11-08,2317,鴻海,13862990609,6583999283,47.49,7278991326,52.5,100,TWSE_MI_QFIIS_DAILY_FOREIGN_INVESTMENT,2026-08-21T09:59:05.591Z
2021-11-08,2330,台積電,25930380458,19396001449,74.8,6534379009,25.19,100,TWSE_MI_QFIIS_DAILY_FOREIGN_INVESTMENT,2026-08-21T09:59:05.591Z
2021-11-08,2454,聯發科,1598760298,1081178984,67.62,517581314,32.37,100,TWSE_MI_QFIIS_DAILY_FOREIGN_INVESTMENT,2026-08-21T09:59:05.591Z
2021-11-09,0050,元大台灣50,1290500000,154483532,11.97,1136016468,88.02,100,TWSE_MI_QFIIS_DAILY_FOREIGN_INVESTMENT,2026-08-21T09:59:05.591Z
2021-11-09,2317,鴻海,13862990609,6587726759,47.52,7275263850,52.47,100,TWSE_MI_QFIIS_DAILY_FOREIGN_INVESTMENT,2026-08-21T09:59:05.591Z
2021-11-09,2330,台積電,25930380458,19415827681,74.87,6514552777,25.12,100,TWSE_MI_QFIIS_DAILY_FOREIGN_INVESTMENT,2026-08-21T09:59:05.591Z
2021-11-09,2454,聯發科,1598760298,1082662303,67.71,516097995,32.28,100,TWSE_MI_QFIIS_DAILY_FOREIGN_INVESTMENT,2026-08-21T09:59:05.591Z
2021-11-10,0050,元大台灣50,1265500000,132160322,10.44,1133339678,89.55,100,TWSE_MI_QFIIS_DAILY_FOREIGN_INVESTMENT,2026-08-21T09:59:05.591Z
2021-11-10,2317,鴻海,13862990609,6590159021,47.53,7272831588,52.46,100,TWSE_MI_QFIIS_DAILY_FOREIGN_INVESTMENT,2026-08-21T09:59:05.591Z
2021-11-10,2330,台積電,25930380458,19420835258,74.89,6509545200,25.1,100,TWSE_MI_QFIIS_DAILY_FOREIGN_INVESTMENT,2026-08-21T09:59:05.591Z
2021-11-10,2454,聯發科,1598760298,1081618317,67.65,517141981,32.34,100,TWSE_MI_QFIIS_DAILY_FOREIGN_INVESTMENT,2026-08-21T09:59:05.591Z
2021-11-11,0050,元大台灣50,1262500000,129070285,10.22,1133429715,89.77,100,TWSE_MI_QFIIS_DAILY_FOREIGN_INVESTMENT,2026-08-21T09:59:05.591Z
2021-11-11,2317,鴻海,13862990609,6583829578,47.49,7279161031,52.5,100,TWSE_MI_QFIIS_DAILY_FOREIGN_INVESTMENT,2026-08-21T09:59:05.591Z
2021-11-11,2330,台積電,25930380458,19418669349,74.88,6511711109,25.11,100,TWSE_MI_QFIIS_DAILY_FOREIGN_INVESTMENT,2026-08-21T09:59:05.591Z
2021-11-11,2454,聯發科,1598760298,1081838658,67.66,516921640,32.33,100,TWSE_MI_QFIIS_DAILY_FOREIGN_INVESTMENT,2026-08-21T09:59:05.591Z
2021-11-12,0050,元大台灣50,1267000000,131119338,10.34,1135880662,89.65,100,TWSE_MI_QFIIS_DAILY_FOREIGN_INVESTMENT,2026-08-21T09:59:05.591Z
2021-11-12,2317,鴻海,13862990609,6591758688,47.54,7271231921,52.45,100,TWSE_MI_QFIIS_DAILY_FOREIGN_INVESTMENT,2026-08-21T09:59:05.591Z
2021-11-12,2330,台積電,25930380458,19419649773,74.89,6510730685,25.1,100,TWSE_MI_QFIIS_DAILY_FOREIGN_INVESTMENT,2026-08-21T09:59:05.591Z
2021-11-12,2454,聯發科,1598841998,1083522092,67.76,515319906,32.23,100,TWSE_MI_QFIIS_DAILY_FOREIGN_INVESTMENT,2026-08-21T09:59:05.591Z
2021-11-15,0050,元大台灣50,1248500000,119058700,9.53,1129441300,90.46,100,TWSE_MI_QFIIS_DAILY_FOREIGN_INVESTMENT,2026-08-21T09:59:05.591Z
2021-11-15,2317,鴻海,13862990609,6595489544,47.57,7267501065,52.42,100,TWSE_MI_QFIIS_DAILY_FOREIGN_INVESTMENT,2026-08-21T09:59:05.591Z
2021-11-15,2330,台積電,25930380458,19423226350,74.9,6507154108,25.09,100,TWSE_MI_QFIIS_DAILY_FOREIGN_INVESTMENT,2026-08-21T09:59:05.591Z
2021-11-15,2454,聯發科,1598841998,1087750037,68.03,511091961,31.96,100,TWSE_MI_QFIIS_DAILY_FOREIGN_INVESTMENT,2026-08-21T09:59:05.591Z
2021-11-16,0050,元大台灣50,1254500000,126216237,10.06,1128283763,89.93,100,TWSE_MI_QFIIS_DAILY_FOREIGN_INVESTMENT,2026-08-21T09:59:05.591Z
2021-11-16,2317,鴻海,13862990609,6592563038,47.55,7270427571,52.44,100,TWSE_MI_QFIIS_DAILY_FOREIGN_INVESTMENT,2026-08-21T09:59:05.591Z
2021-11-16,2330,台積電,25930380458,19424955387,74.91,6505425071,25.08,100,TWSE_MI_QFIIS_DAILY_FOREIGN_INVESTMENT,2026-08-21T09:59:05.591Z
2021-11-16,2454,聯發科,1598841998,1089030348,68.11,509811650,31.88,100,TWSE_MI_QFIIS_DAILY_FOREIGN_INVESTMENT,2026-08-21T09:59:05.591Z
2021-11-17,0050,元大台灣50,1248500000,128369688,10.28,1120130312,89.71,100,TWSE_MI_QFIIS_DAILY_FOREIGN_INVESTMENT,2026-08-21T09:59:05.591Z
2021-11-17,2317,鴻海,13862990609,6578147077,47.45,7284843532,52.54,100,TWSE_MI_QFIIS_DAILY_FOREIGN_INVESTMENT,2026-08-21T09:59:05.591Z
2021-11-17,2330,台積電,25930380458,19427532570,74.92,6502847888,25.07,100,TWSE_MI_QFIIS_DAILY_FOREIGN_INVESTMENT,2026-08-21T09:59:05.591Z
2021-11-17,2454,聯發科,1598841998,1087293944,68,511548054,31.99,100,TWSE_MI_QFIIS_DAILY_FOREIGN_INVESTMENT,2026-08-21T09:59:05.591Z
2021-11-18,0050,元大台灣50,1248500000,132165193,10.58,1116334807,89.41,100,TWSE_MI_QFIIS_DAILY_FOREIGN_INVESTMENT,2026-08-21T09:59:05.591Z
2021-11-18,2317,鴻海,13862990609,6568776634,47.38,7294213975,52.61,100,TWSE_MI_QFIIS_DAILY_FOREIGN_INVESTMENT,2026-08-21T09:59:05.591Z
2021-11-18,2330,台積電,25930380458,19431480428,74.93,6498900030,25.06,100,TWSE_MI_QFIIS_DAILY_FOREIGN_INVESTMENT,2026-08-21T09:59:05.591Z
2021-11-18,2454,聯發科,1598841998,1089355365,68.13,509486633,31.86,100,TWSE_MI_QFIIS_DAILY_FOREIGN_INVESTMENT,2026-08-21T09:59:05.591Z
2021-11-19,0050,元大台灣50,1245500000,134373879,10.78,1111126121,89.21,100,TWSE_MI_QFIIS_DAILY_FOREIGN_INVESTMENT,2026-08-21T09:59:05.591Z
2021-11-19,2317,鴻海,13862990609,6561542548,47.33,7301448061,52.66,100,TWSE_MI_QFIIS_DAILY_FOREIGN_INVESTMENT,2026-08-21T09:59:05.591Z
2021-11-19,2330,台積電,25930380458,19442660328,74.98,6487720130,25.01,100,TWSE_MI_QFIIS_DAILY_FOREIGN_INVESTMENT,2026-08-21T09:59:05.591Z
2021-11-19,2454,聯發科,1598841998,1090078786,68.17,508763212,31.82,100,TWSE_MI_QFIIS_DAILY_FOREIGN_INVESTMENT,2026-08-21T09:59:05.591Z
2021-11-22,0050,元大台灣50,1245500000,132390471,10.62,1113109529,89.37,100,TWSE_MI_QFIIS_DAILY_FOREIGN_INVESTMENT,2026-08-21T09:59:05.591Z
2021-11-22,2317,鴻海,13862990609,6559392829,47.31,7303597780,52.68,100,TWSE_MI_QFIIS_DAILY_FOREIGN_INVESTMENT,2026-08-21T09:59:05.591Z
2021-11-22,2330,台積電,25930380458,19441974639,74.97,6488405819,25.02,100,TWSE_MI_QFIIS_DAILY_FOREIGN_INVESTMENT,2026-08-21T09:59:05.591Z
2021-11-22,2454,聯發科,1598841998,1090091449,68.18,508750549,31.81,100,TWSE_MI_QFIIS_DAILY_FOREIGN_INVESTMENT,2026-08-21T09:59:05.591Z
2021-11-23,0050,元大台灣50,1243000000,129410546,10.41,1113589454,89.58,100,TWSE_MI_QFIIS_DAILY_FOREIGN_INVESTMENT,2026-08-21T09:59:05.591Z
2021-11-23,2317,鴻海,13862990609,6549603420,47.24,7313387189,52.75,100,TWSE_MI_QFIIS_DAILY_FOREIGN_INVESTMENT,2026-08-21T09:59:05.591Z
2021-11-23,2330,台積電,25930380458,19443039394,74.98,6487341064,25.01,100,TWSE_MI_QFIIS_DAILY_FOREIGN_INVESTMENT,2026-08-21T09:59:05.591Z
2021-11-23,2454,聯發科,1598841998,1090064058,68.17,508777940,31.82,100,TWSE_MI_QFIIS_DAILY_FOREIGN_INVESTMENT,2026-08-21T09:59:05.591Z
2021-11-24,0050,元大台灣50,1244000000,124743369,10.02,1119256631,89.97,100,TWSE_MI_QFIIS_DAILY_FOREIGN_INVESTMENT,2026-08-21T09:59:05.591Z
2021-11-24,2317,鴻海,13862990609,6538201953,47.16,7324788656,52.83,100,TWSE_MI_QFIIS_DAILY_FOREIGN_INVESTMENT,2026-08-21T09:59:05.591Z
2021-11-24,2330,台積電,25930380458,19439474282,74.96,6490906176,25.03,100,TWSE_MI_QFIIS_DAILY_FOREIGN_INVESTMENT,2026-08-21T09:59:05.591Z
2021-11-24,2454,聯發科,1598841998,1089804950,68.16,509037048,31.83,100,TWSE_MI_QFIIS_DAILY_FOREIGN_INVESTMENT,2026-08-21T09:59:05.591Z
2021-11-25,0050,元大台灣50,1244000000,129085160,10.37,1114914840,89.62,100,TWSE_MI_QFIIS_DAILY_FOREIGN_INVESTMENT,2026-08-21T09:59:05.591Z
2021-11-25,2317,鴻海,13862990609,6535681227,47.14,7327309382,52.85,100,TWSE_MI_QFIIS_DAILY_FOREIGN_INVESTMENT,2026-08-21T09:59:05.591Z
2021-11-25,2330,台積電,25930380458,19436872468,74.95,6493507990,25.04,100,TWSE_MI_QFIIS_DAILY_FOREIGN_INVESTMENT,2026-08-21T09:59:05.591Z
2021-11-25,2454,聯發科,1598841998,1089699267,68.15,509142731,31.84,100,TWSE_MI_QFIIS_DAILY_FOREIGN_INVESTMENT,2026-08-21T09:59:05.591Z
2021-11-26,0050,元大台灣50,1244000000,121834557,9.79,1122165443,90.2,100,TWSE_MI_QFIIS_DAILY_FOREIGN_INVESTMENT,2026-08-21T09:59:05.591Z
2021-11-26,2317,鴻海,13862990609,6526110982,47.07,7336879627,52.92,100,TWSE_MI_QFIIS_DAILY_FOREIGN_INVESTMENT,2026-08-21T09:59:05.591Z
2021-11-26,2330,台積電,25930380458,19426461935,74.91,6503918523,25.08,100,TWSE_MI_QFIIS_DAILY_FOREIGN_INVESTMENT,2026-08-21T09:59:05.591Z
2021-11-26,2454,聯發科,1598841998,1089357268,68.13,509484730,31.86,100,TWSE_MI_QFIIS_DAILY_FOREIGN_INVESTMENT,2026-08-21T09:59:05.591Z
2021-11-29,0050,元大台灣50,1244000000,118979456,9.56,1125020544,90.43,100,TWSE_MI_QFIIS_DAILY_FOREIGN_INVESTMENT,2026-08-21T09:59:05.591Z
2021-11-29,2317,鴻海,13862990609,6518918305,47.02,7344072304,52.97,100,TWSE_MI_QFIIS_DAILY_FOREIGN_INVESTMENT,2026-08-21T09:59:05.591Z
2021-11-29,2330,台積電,25930380458,19423446427,74.9,6506934031,25.09,100,TWSE_MI_QFIIS_DAILY_FOREIGN_INVESTMENT,2026-08-21T09:59:05.591Z
2021-11-29,2454,聯發科,1598841998,1090226754,68.18,508615244,31.81,100,TWSE_MI_QFIIS_DAILY_FOREIGN_INVESTMENT,2026-08-21T09:59:05.591Z
2021-11-30,0050,元大台灣50,1244000000,114456130,9.2,1129543870,90.79,100,TWSE_MI_QFIIS_DAILY_FOREIGN_INVESTMENT,2026-08-21T09:59:05.591Z
2021-11-30,2317,鴻海,13862990609,6506835286,46.93,7356155323,53.06,100,TWSE_MI_QFIIS_DAILY_FOREIGN_INVESTMENT,2026-08-21T09:59:05.591Z
2021-11-30,2330,台積電,25930380458,19417199921,74.88,6513180537,25.11,100,TWSE_MI_QFIIS_DAILY_FOREIGN_INVESTMENT,2026-08-21T09:59:05.591Z
2021-11-30,2454,聯發科,1598841998,1089890165,68.16,508951833,31.83,100,TWSE_MI_QFIIS_DAILY_FOREIGN_INVESTMENT,2026-08-21T09:59:05.591Z
2021-12-01,0050,元大台灣50,1244000000,114450676,9.2,1129549324,90.79,100,TWSE_MI_QFIIS_DAILY_FOREIGN_INVESTMENT,2026-08-21T09:59:05.591Z
2021-12-01,2317,鴻海,13862990609,6511554364,46.97,7351436245,53.02,100,TWSE_MI_QFIIS_DAILY_FOREIGN_INVESTMENT,2026-08-21T09:59:05.591Z
2021-12-01,2330,台積電,25930380458,19420456111,74.89,6509924347,25.1,100,TWSE_MI_QFIIS_DAILY_FOREIGN_INVESTMENT,2026-08-21T09:59:05.591Z
2021-12-01,2454,聯發科,1598841998,1091808680,68.28,507033318,31.71,100,TWSE_MI_QFIIS_DAILY_FOREIGN_INVESTMENT,2026-08-21T09:59:05.591Z
2021-12-02,0050,元大台灣50,1244000000,120200866,9.66,1123799134,90.33,100,TWSE_MI_QFIIS_DAILY_FOREIGN_INVESTMENT,2026-08-21T09:59:05.591Z
2021-12-02,2317,鴻海,13862990609,6506830109,46.93,7356160500,53.06,100,TWSE_MI_QFIIS_DAILY_FOREIGN_INVESTMENT,2026-08-21T09:59:05.591Z
2021-12-02,2330,台積電,25930380458,19446052415,74.99,6484328043,25,100,TWSE_MI_QFIIS_DAILY_FOREIGN_INVESTMENT,2026-08-21T09:59:05.591Z
2021-12-02,2454,聯發科,1598841998,1093956897,68.42,504885101,31.57,100,TWSE_MI_QFIIS_DAILY_FOREIGN_INVESTMENT,2026-08-21T09:59:05.591Z
2021-12-03,0050,元大台灣50,1249000000,121140278,9.69,1127859722,90.3,100,TWSE_MI_QFIIS_DAILY_FOREIGN_INVESTMENT,2026-08-21T09:59:05.591Z
2021-12-03,2317,鴻海,13862990609,6501943085,46.9,7361047524,53.09,100,TWSE_MI_QFIIS_DAILY_FOREIGN_INVESTMENT,2026-08-21T09:59:05.591Z
2021-12-03,2330,台積電,25930380458,19444859416,74.98,6485521042,25.01,100,TWSE_MI_QFIIS_DAILY_FOREIGN_INVESTMENT,2026-08-21T09:59:05.591Z
2021-12-03,2454,聯發科,1598841998,1093667361,68.4,505174637,31.59,100,TWSE_MI_QFIIS_DAILY_FOREIGN_INVESTMENT,2026-08-21T09:59:05.591Z
2021-12-06,0050,元大台灣50,1249000000,125368874,10.03,1123631126,89.96,100,TWSE_MI_QFIIS_DAILY_FOREIGN_INVESTMENT,2026-08-21T09:59:05.591Z
2021-12-06,2317,鴻海,13862990609,6502847889,46.9,7360142720,53.09,100,TWSE_MI_QFIIS_DAILY_FOREIGN_INVESTMENT,2026-08-21T09:59:05.591Z
2021-12-06,2330,台積電,25930380458,19436307265,74.95,6494073193,25.04,100,TWSE_MI_QFIIS_DAILY_FOREIGN_INVESTMENT,2026-08-21T09:59:05.591Z
2021-12-06,2454,聯發科,1598841998,1093457118,68.39,505384880,31.6,100,TWSE_MI_QFIIS_DAILY_FOREIGN_INVESTMENT,2026-08-21T09:59:05.591Z
2021-12-07,0050,元大台灣50,1249000000,124719249,9.98,1124280751,90.01,100,TWSE_MI_QFIIS_DAILY_FOREIGN_INVESTMENT,2026-08-21T09:59:05.591Z
2021-12-07,2317,鴻海,13862990609,6492034975,46.82,7370955634,53.17,100,TWSE_MI_QFIIS_DAILY_FOREIGN_INVESTMENT,2026-08-21T09:59:05.591Z
2021-12-07,2330,台積電,25930380458,19434071611,74.94,6496308847,25.05,100,TWSE_MI_QFIIS_DAILY_FOREIGN_INVESTMENT,2026-08-21T09:59:05.591Z
2021-12-07,2454,聯發科,1598841998,1092186406,68.31,506655592,31.68,100,TWSE_MI_QFIIS_DAILY_FOREIGN_INVESTMENT,2026-08-21T09:59:05.591Z
2021-12-08,0050,元大台灣50,1249000000,128509866,10.28,1120490134,89.71,100,TWSE_MI_QFIIS_DAILY_FOREIGN_INVESTMENT,2026-08-21T09:59:05.591Z
2021-12-08,2317,鴻海,13862990609,6476817605,46.72,7386173004,53.27,100,TWSE_MI_QFIIS_DAILY_FOREIGN_INVESTMENT,2026-08-21T09:59:05.591Z
2021-12-08,2330,台積電,25930380458,19432207722,74.93,6498172736,25.06,100,TWSE_MI_QFIIS_DAILY_FOREIGN_INVESTMENT,2026-08-21T09:59:05.591Z
2021-12-08,2454,聯發科,1598841998,1095260904,68.5,503581094,31.49,100,TWSE_MI_QFIIS_DAILY_FOREIGN_INVESTMENT,2026-08-21T09:59:05.591Z
2021-12-09,0050,元大台灣50,1249000000,129039065,10.33,1119960935,89.66,100,TWSE_MI_QFIIS_DAILY_FOREIGN_INVESTMENT,2026-08-21T09:59:05.591Z
2021-12-09,2317,鴻海,13862990609,6481406085,46.75,7381584524,53.24,100,TWSE_MI_QFIIS_DAILY_FOREIGN_INVESTMENT,2026-08-21T09:59:05.591Z
2021-12-09,2330,台積電,25930380458,19434471937,74.94,6495908521,25.05,100,TWSE_MI_QFIIS_DAILY_FOREIGN_INVESTMENT,2026-08-21T09:59:05.591Z
2021-12-09,2454,聯發科,1598841998,1095045471,68.48,503796527,31.51,100,TWSE_MI_QFIIS_DAILY_FOREIGN_INVESTMENT,2026-08-21T09:59:05.591Z
2021-12-10,0050,元大台灣50,1260000000,129477752,10.27,1130522248,89.72,100,TWSE_MI_QFIIS_DAILY_FOREIGN_INVESTMENT,2026-08-21T09:59:05.591Z
2021-12-10,2317,鴻海,13862990609,6477217723,46.72,7385772886,53.27,100,TWSE_MI_QFIIS_DAILY_FOREIGN_INVESTMENT,2026-08-21T09:59:05.591Z
2021-12-10,2330,台積電,25930380458,19433859719,74.94,6496520739,25.05,100,TWSE_MI_QFIIS_DAILY_FOREIGN_INVESTMENT,2026-08-21T09:59:05.591Z
2021-12-10,2454,聯發科,1598841998,1094651247,68.46,504190751,31.53,100,TWSE_MI_QFIIS_DAILY_FOREIGN_INVESTMENT,2026-08-21T09:59:05.591Z
2021-12-13,0050,元大台灣50,1260000000,140942656,11.18,1119057344,88.81,100,TWSE_MI_QFIIS_DAILY_FOREIGN_INVESTMENT,2026-08-21T09:59:05.591Z
2021-12-13,2317,鴻海,13862990609,6471531104,46.68,7391459505,53.31,100,TWSE_MI_QFIIS_DAILY_FOREIGN_INVESTMENT,2026-08-21T09:59:05.591Z
2021-12-13,2330,台積電,25930380458,19429159963,74.92,6501220495,25.07,100,TWSE_MI_QFIIS_DAILY_FOREIGN_INVESTMENT,2026-08-21T09:59:05.591Z
2021-12-13,2454,聯發科,1598841998,1095393275,68.51,503448723,31.48,100,TWSE_MI_QFIIS_DAILY_FOREIGN_INVESTMENT,2026-08-21T09:59:05.591Z
2021-12-14,0050,元大台灣50,1260000000,140127749,11.12,1119872251,88.87,100,TWSE_MI_QFIIS_DAILY_FOREIGN_INVESTMENT,2026-08-21T09:59:05.591Z
2021-12-14,2317,鴻海,13862990609,6467301458,46.65,7395689151,53.34,100,TWSE_MI_QFIIS_DAILY_FOREIGN_INVESTMENT,2026-08-21T09:59:05.591Z
2021-12-14,2330,台積電,25930380458,19422260479,74.9,6508119979,25.09,100,TWSE_MI_QFIIS_DAILY_FOREIGN_INVESTMENT,2026-08-21T09:59:05.591Z
2021-12-14,2454,聯發科,1598841998,1096206369,68.56,502635629,31.43,100,TWSE_MI_QFIIS_DAILY_FOREIGN_INVESTMENT,2026-08-21T09:59:05.591Z
2021-12-15,0050,元大台灣50,1260000000,134996540,10.71,1125003460,89.28,100,TWSE_MI_QFIIS_DAILY_FOREIGN_INVESTMENT,2026-08-21T09:59:05.591Z
2021-12-15,2317,鴻海,13862990609,6465858398,46.64,7397132211,53.35,100,TWSE_MI_QFIIS_DAILY_FOREIGN_INVESTMENT,2026-08-21T09:59:05.591Z
2021-12-15,2330,台積電,25930380458,19416473561,74.87,6513906897,25.12,100,TWSE_MI_QFIIS_DAILY_FOREIGN_INVESTMENT,2026-08-21T09:59:05.591Z
2021-12-15,2454,聯發科,1598841998,1096297977,68.56,502544021,31.43,100,TWSE_MI_QFIIS_DAILY_FOREIGN_INVESTMENT,2026-08-21T09:59:05.591Z
2021-12-16,0050,元大台灣50,1242000000,134964755,10.86,1107035245,89.13,100,TWSE_MI_QFIIS_DAILY_FOREIGN_INVESTMENT,2026-08-21T09:59:05.591Z
2021-12-16,2317,鴻海,13862990609,6447705723,46.51,7415284886,53.48,100,TWSE_MI_QFIIS_DAILY_FOREIGN_INVESTMENT,2026-08-21T09:59:05.591Z
2021-12-16,2330,台積電,25930380458,19421208162,74.89,6509172296,25.1,100,TWSE_MI_QFIIS_DAILY_FOREIGN_INVESTMENT,2026-08-21T09:59:05.591Z
2021-12-16,2454,聯發科,1598841998,1097138424,68.62,501703574,31.37,100,TWSE_MI_QFIIS_DAILY_FOREIGN_INVESTMENT,2026-08-21T09:59:05.591Z
2021-12-17,0050,元大台灣50,1242000000,117009224,9.42,1124990776,90.57,100,TWSE_MI_QFIIS_DAILY_FOREIGN_INVESTMENT,2026-08-21T09:59:05.591Z
2021-12-17,2317,鴻海,13862990609,6443047332,46.47,7419943277,53.52,100,TWSE_MI_QFIIS_DAILY_FOREIGN_INVESTMENT,2026-08-21T09:59:05.591Z
2021-12-17,2330,台積電,25930380458,19428122213,74.92,6502258245,25.07,100,TWSE_MI_QFIIS_DAILY_FOREIGN_INVESTMENT,2026-08-21T09:59:05.591Z
2021-12-17,2454,聯發科,1598841998,1097191463,68.62,501650535,31.37,100,TWSE_MI_QFIIS_DAILY_FOREIGN_INVESTMENT,2026-08-21T09:59:05.591Z
2021-12-20,0050,元大台灣50,1237000000,116414309,9.41,1120585691,90.58,100,TWSE_MI_QFIIS_DAILY_FOREIGN_INVESTMENT,2026-08-21T09:59:05.591Z
2021-12-20,2317,鴻海,13862990609,6433523590,46.4,7429467019,53.59,100,TWSE_MI_QFIIS_DAILY_FOREIGN_INVESTMENT,2026-08-21T09:59:05.591Z
2021-12-20,2330,台積電,25930380458,19421446498,74.89,6508933960,25.1,100,TWSE_MI_QFIIS_DAILY_FOREIGN_INVESTMENT,2026-08-21T09:59:05.591Z
2021-12-20,2454,聯發科,1598841998,1096411958,68.57,502430040,31.42,100,TWSE_MI_QFIIS_DAILY_FOREIGN_INVESTMENT,2026-08-21T09:59:05.591Z
2021-12-21,0050,元大台灣50,1237000000,117057379,9.46,1119942621,90.53,100,TWSE_MI_QFIIS_DAILY_FOREIGN_INVESTMENT,2026-08-21T09:59:05.591Z
2021-12-21,2317,鴻海,13862990609,6437281779,46.43,7425708830,53.56,100,TWSE_MI_QFIIS_DAILY_FOREIGN_INVESTMENT,2026-08-21T09:59:05.591Z
2021-12-21,2330,台積電,25930380458,19418015580,74.88,6512364878,25.11,100,TWSE_MI_QFIIS_DAILY_FOREIGN_INVESTMENT,2026-08-21T09:59:05.591Z
2021-12-21,2454,聯發科,1598841998,1097158775,68.62,501683223,31.37,100,TWSE_MI_QFIIS_DAILY_FOREIGN_INVESTMENT,2026-08-21T09:59:05.591Z
2021-12-22,0050,元大台灣50,1237000000,117650076,9.51,1119349924,90.48,100,TWSE_MI_QFIIS_DAILY_FOREIGN_INVESTMENT,2026-08-21T09:59:05.591Z
2021-12-22,2317,鴻海,13862990609,6432226841,46.39,7430763768,53.6,100,TWSE_MI_QFIIS_DAILY_FOREIGN_INVESTMENT,2026-08-21T09:59:05.591Z
2021-12-22,2330,台積電,25930380458,19419247825,74.88,6511132633,25.11,100,TWSE_MI_QFIIS_DAILY_FOREIGN_INVESTMENT,2026-08-21T09:59:05.591Z
2021-12-22,2454,聯發科,1598841998,1097219264,68.62,501622734,31.37,100,TWSE_MI_QFIIS_DAILY_FOREIGN_INVESTMENT,2026-08-21T09:59:05.591Z
2021-12-23,0050,元大台灣50,1237000000,126580478,10.23,1110419522,89.76,100,TWSE_MI_QFIIS_DAILY_FOREIGN_INVESTMENT,2026-08-21T09:59:05.591Z
2021-12-23,2317,鴻海,13862990609,6433175821,46.4,7429814788,53.59,100,TWSE_MI_QFIIS_DAILY_FOREIGN_INVESTMENT,2026-08-21T09:59:05.591Z
2021-12-23,2330,台積電,25930380458,19427726208,74.92,6502654250,25.07,100,TWSE_MI_QFIIS_DAILY_FOREIGN_INVESTMENT,2026-08-21T09:59:05.591Z
2021-12-23,2454,聯發科,1598841998,1097592116,68.64,501249882,31.35,100,TWSE_MI_QFIIS_DAILY_FOREIGN_INVESTMENT,2026-08-21T09:59:05.591Z
2021-12-24,0050,元大台灣50,1233000000,130635322,10.59,1102364678,89.4,100,TWSE_MI_QFIIS_DAILY_FOREIGN_INVESTMENT,2026-08-21T09:59:05.591Z
2021-12-24,2317,鴻海,13862990609,6433746777,46.4,7429243832,53.59,100,TWSE_MI_QFIIS_DAILY_FOREIGN_INVESTMENT,2026-08-21T09:59:05.591Z
2021-12-24,2330,台積電,25930380458,19432895922,74.94,6497484536,25.05,100,TWSE_MI_QFIIS_DAILY_FOREIGN_INVESTMENT,2026-08-21T09:59:05.591Z
2021-12-24,2454,聯發科,1598841998,1098879841,68.72,499962157,31.27,100,TWSE_MI_QFIIS_DAILY_FOREIGN_INVESTMENT,2026-08-21T09:59:05.591Z
2021-12-27,0050,元大台灣50,1227000000,127301022,10.37,1099698978,89.62,100,TWSE_MI_QFIIS_DAILY_FOREIGN_INVESTMENT,2026-08-21T09:59:05.591Z
2021-12-27,2317,鴻海,13862990609,6436782164,46.43,7426208445,53.56,100,TWSE_MI_QFIIS_DAILY_FOREIGN_INVESTMENT,2026-08-21T09:59:05.591Z
2021-12-27,2330,台積電,25930380458,19439442414,74.96,6490938044,25.03,100,TWSE_MI_QFIIS_DAILY_FOREIGN_INVESTMENT,2026-08-21T09:59:05.591Z
2021-12-27,2454,聯發科,1598841998,1098855658,68.72,499986340,31.27,100,TWSE_MI_QFIIS_DAILY_FOREIGN_INVESTMENT,2026-08-21T09:59:05.591Z
2021-12-28,0050,元大台灣50,1223500000,139557810,11.4,1083942190,88.59,100,TWSE_MI_QFIIS_DAILY_FOREIGN_INVESTMENT,2026-08-21T09:59:05.591Z
2021-12-28,2317,鴻海,13862990609,6438868087,46.44,7424122522,53.55,100,TWSE_MI_QFIIS_DAILY_FOREIGN_INVESTMENT,2026-08-21T09:59:05.591Z
2021-12-28,2330,台積電,25930380458,19459022387,75.04,6471358071,24.95,100,TWSE_MI_QFIIS_DAILY_FOREIGN_INVESTMENT,2026-08-21T09:59:05.591Z
2021-12-28,2454,聯發科,1598841998,1099151500,68.74,499690498,31.25,100,TWSE_MI_QFIIS_DAILY_FOREIGN_INVESTMENT,2026-08-21T09:59:05.591Z
2021-12-29,0050,元大台灣50,1215000000,149983309,12.34,1065016691,87.65,100,TWSE_MI_QFIIS_DAILY_FOREIGN_INVESTMENT,2026-08-21T09:59:05.591Z
2021-12-29,2317,鴻海,13862990609,6434806678,46.41,7428183931,53.58,100,TWSE_MI_QFIIS_DAILY_FOREIGN_INVESTMENT,2026-08-21T09:59:05.591Z
2021-12-29,2330,台積電,25930380458,19464411816,75.06,6465968642,24.93,100,TWSE_MI_QFIIS_DAILY_FOREIGN_INVESTMENT,2026-08-21T09:59:05.591Z
2021-12-29,2454,聯發科,1598841998,1099396254,68.76,499445744,31.23,100,TWSE_MI_QFIIS_DAILY_FOREIGN_INVESTMENT,2026-08-21T09:59:05.591Z
2021-12-30,0050,元大台灣50,1209000000,145166224,12,1063833776,87.99,100,TWSE_MI_QFIIS_DAILY_FOREIGN_INVESTMENT,2026-08-21T09:59:05.591Z
2021-12-30,2317,鴻海,13862990609,6430942901,46.38,7432047708,53.61,100,TWSE_MI_QFIIS_DAILY_FOREIGN_INVESTMENT,2026-08-21T09:59:05.591Z
2021-12-30,2330,台積電,25930380458,19465039490,75.06,6465340968,24.93,100,TWSE_MI_QFIIS_DAILY_FOREIGN_INVESTMENT,2026-08-21T09:59:05.591Z
2021-12-30,2454,聯發科,1598841998,1100043136,68.8,498798862,31.19,100,TWSE_MI_QFIIS_DAILY_FOREIGN_INVESTMENT,2026-08-21T09:59:05.591Z
2022-01-03,0050,元大台灣50,1209000000,146772480,12.13,1062227520,87.86,100,TWSE_MI_QFIIS_DAILY_FOREIGN_INVESTMENT,2026-08-21T09:59:05.591Z
2022-01-03,2317,鴻海,13862990609,6426701602,46.35,7436289007,53.64,100,TWSE_MI_QFIIS_DAILY_FOREIGN_INVESTMENT,2026-08-21T09:59:05.591Z
2022-01-03,2330,台積電,25930380458,19497540647,75.19,6432839811,24.8,100,TWSE_MI_QFIIS_DAILY_FOREIGN_INVESTMENT,2026-08-21T09:59:05.591Z
2022-01-03,2454,聯發科,1598841998,1100091040,68.8,498750958,31.19,100,TWSE_MI_QFIIS_DAILY_FOREIGN_INVESTMENT,2026-08-21T09:59:05.591Z
2022-01-04,0050,元大台灣50,1200000000,142731435,11.89,1057268565,88.1,100,TWSE_MI_QFIIS_DAILY_FOREIGN_INVESTMENT,2026-08-21T09:59:05.591Z
2022-01-04,2317,鴻海,13862990609,6420987608,46.31,7442003001,53.68,100,TWSE_MI_QFIIS_DAILY_FOREIGN_INVESTMENT,2026-08-21T09:59:05.591Z
2022-01-04,2330,台積電,25930380458,19528278107,75.31,6402102351,24.68,100,TWSE_MI_QFIIS_DAILY_FOREIGN_INVESTMENT,2026-08-21T09:59:05.591Z
2022-01-04,2454,聯發科,1598841998,1102134097,68.93,496707901,31.06,100,TWSE_MI_QFIIS_DAILY_FOREIGN_INVESTMENT,2026-08-21T09:59:05.591Z
2022-01-05,0050,元大台灣50,1190000000,139272856,11.7,1050727144,88.29,100,TWSE_MI_QFIIS_DAILY_FOREIGN_INVESTMENT,2026-08-21T09:59:05.591Z
2022-01-05,2317,鴻海,13862990609,6428108035,46.36,7434882574,53.63,100,TWSE_MI_QFIIS_DAILY_FOREIGN_INVESTMENT,2026-08-21T09:59:05.591Z
2022-01-05,2330,台積電,25930380458,19534190637,75.33,6396189821,24.66,100,TWSE_MI_QFIIS_DAILY_FOREIGN_INVESTMENT,2026-08-21T09:59:05.591Z
2022-01-05,2454,聯發科,1598841998,1103526157,69.02,495315841,30.97,100,TWSE_MI_QFIIS_DAILY_FOREIGN_INVESTMENT,2026-08-21T09:59:05.591Z
2022-01-06,0050,元大台灣50,1190000000,139953580,11.76,1050046420,88.23,100,TWSE_MI_QFIIS_DAILY_FOREIGN_INVESTMENT,2026-08-21T09:59:05.591Z
2022-01-06,2317,鴻海,13862990609,6420585979,46.31,7442404630,53.68,100,TWSE_MI_QFIIS_DAILY_FOREIGN_INVESTMENT,2026-08-21T09:59:05.591Z
2022-01-06,2330,台積電,25930380458,19522870479,75.28,6407509979,24.71,100,TWSE_MI_QFIIS_DAILY_FOREIGN_INVESTMENT,2026-08-21T09:59:05.591Z
2022-01-06,2454,聯發科,1598841998,1101826559,68.91,497015439,31.08,100,TWSE_MI_QFIIS_DAILY_FOREIGN_INVESTMENT,2026-08-21T09:59:05.591Z
2022-01-07,0050,元大台灣50,1190000000,137150003,11.52,1052849997,88.47,100,TWSE_MI_QFIIS_DAILY_FOREIGN_INVESTMENT,2026-08-21T09:59:05.591Z
2022-01-07,2317,鴻海,13862990609,6421873973,46.32,7441116636,53.67,100,TWSE_MI_QFIIS_DAILY_FOREIGN_INVESTMENT,2026-08-21T09:59:05.591Z
2022-01-07,2330,台積電,25930380458,19512776670,75.25,6417603788,24.74,100,TWSE_MI_QFIIS_DAILY_FOREIGN_INVESTMENT,2026-08-21T09:59:05.591Z
2022-01-07,2454,聯發科,1598841998,1102512497,68.95,496329501,31.04,100,TWSE_MI_QFIIS_DAILY_FOREIGN_INVESTMENT,2026-08-21T09:59:05.591Z
2022-01-10,0050,元大台灣50,1183500000,122914955,10.38,1060585045,89.61,100,TWSE_MI_QFIIS_DAILY_FOREIGN_INVESTMENT,2026-08-21T09:59:05.591Z
2022-01-10,2317,鴻海,13862990609,6408401398,46.22,7454589211,53.77,100,TWSE_MI_QFIIS_DAILY_FOREIGN_INVESTMENT,2026-08-21T09:59:05.591Z
2022-01-10,2330,台積電,25930380458,19513406179,75.25,6416974279,24.74,100,TWSE_MI_QFIIS_DAILY_FOREIGN_INVESTMENT,2026-08-21T09:59:05.591Z
2022-01-10,2454,聯發科,1598841998,1100211136,68.81,498630862,31.18,100,TWSE_MI_QFIIS_DAILY_FOREIGN_INVESTMENT,2026-08-21T09:59:05.591Z
2022-01-11,0050,元大台灣50,1171500000,102852851,8.77,1068647149,91.22,100,TWSE_MI_QFIIS_DAILY_FOREIGN_INVESTMENT,2026-08-21T09:59:05.591Z
2022-01-11,2317,鴻海,13862990609,6402883267,46.18,7460107342,53.81,100,TWSE_MI_QFIIS_DAILY_FOREIGN_INVESTMENT,2026-08-21T09:59:05.591Z
2022-01-11,2330,台積電,25930380458,19522722574,75.28,6407657884,24.71,100,TWSE_MI_QFIIS_DAILY_FOREIGN_INVESTMENT,2026-08-21T09:59:05.591Z
2022-01-11,2454,聯發科,1598841998,1099995224,68.79,498846774,31.2,100,TWSE_MI_QFIIS_DAILY_FOREIGN_INVESTMENT,2026-08-21T09:59:05.591Z
2022-01-12,0050,元大台灣50,1172000000,101308534,8.64,1070691466,91.35,100,TWSE_MI_QFIIS_DAILY_FOREIGN_INVESTMENT,2026-08-21T09:59:05.591Z
2022-01-12,2317,鴻海,13862990609,6397719790,46.14,7465270819,53.85,100,TWSE_MI_QFIIS_DAILY_FOREIGN_INVESTMENT,2026-08-21T09:59:05.591Z
2022-01-12,2330,台積電,25930380458,19538763279,75.35,6391617179,24.64,100,TWSE_MI_QFIIS_DAILY_FOREIGN_INVESTMENT,2026-08-21T09:59:05.591Z
2022-01-12,2454,聯發科,1598841998,1099851752,68.79,498990246,31.2,100,TWSE_MI_QFIIS_DAILY_FOREIGN_INVESTMENT,2026-08-21T09:59:05.591Z
2022-01-13,0050,元大台灣50,1172000000,100133976,8.54,1071866024,91.45,100,TWSE_MI_QFIIS_DAILY_FOREIGN_INVESTMENT,2026-08-21T09:59:05.591Z
2022-01-13,2317,鴻海,13862990609,6402637892,46.18,7460352717,53.81,100,TWSE_MI_QFIIS_DAILY_FOREIGN_INVESTMENT,2026-08-21T09:59:05.591Z
2022-01-13,2330,台積電,25930380458,19549626622,75.39,6380753836,24.6,100,TWSE_MI_QFIIS_DAILY_FOREIGN_INVESTMENT,2026-08-21T09:59:05.591Z
2022-01-13,2454,聯發科,1598841998,1100323239,68.82,498518759,31.17,100,TWSE_MI_QFIIS_DAILY_FOREIGN_INVESTMENT,2026-08-21T09:59:05.591Z
2022-01-14,0050,元大台灣50,1166000000,93586402,8.02,1072413598,91.97,100,TWSE_MI_QFIIS_DAILY_FOREIGN_INVESTMENT,2026-08-21T09:59:05.591Z
2022-01-14,2317,鴻海,13862990609,6379372191,46.01,7483618418,53.98,100,TWSE_MI_QFIIS_DAILY_FOREIGN_INVESTMENT,2026-08-21T09:59:05.591Z
2022-01-14,2330,台積電,25930380458,19591936542,75.55,6338443916,24.44,100,TWSE_MI_QFIIS_DAILY_FOREIGN_INVESTMENT,2026-08-21T09:59:05.591Z
2022-01-14,2454,聯發科,1598841998,1099461568,68.76,499380430,31.23,100,TWSE_MI_QFIIS_DAILY_FOREIGN_INVESTMENT,2026-08-21T09:59:05.591Z
2022-01-17,0050,元大台灣50,1154000000,81138431,7.03,1072861569,92.96,100,TWSE_MI_QFIIS_DAILY_FOREIGN_INVESTMENT,2026-08-21T09:59:05.591Z
2022-01-17,2317,鴻海,13862990609,6377865129,46,7485125480,53.99,100,TWSE_MI_QFIIS_DAILY_FOREIGN_INVESTMENT,2026-08-21T09:59:05.591Z
2022-01-17,2330,台積電,25930380458,19612537860,75.63,6317842598,24.36,100,TWSE_MI_QFIIS_DAILY_FOREIGN_INVESTMENT,2026-08-21T09:59:05.591Z
2022-01-17,2454,聯發科,1598841998,1099667430,68.77,499174568,31.22,100,TWSE_MI_QFIIS_DAILY_FOREIGN_INVESTMENT,2026-08-21T09:59:05.591Z
2022-01-18,0050,元大台灣50,1150000000,71711946,6.23,1078288054,93.76,100,TWSE_MI_QFIIS_DAILY_FOREIGN_INVESTMENT,2026-08-21T09:59:05.591Z
2022-01-18,2317,鴻海,13862990609,6378260552,46,7484730057,53.99,100,TWSE_MI_QFIIS_DAILY_FOREIGN_INVESTMENT,2026-08-21T09:59:05.591Z
2022-01-18,2330,台積電,25930380458,19599075707,75.58,6331304751,24.41,100,TWSE_MI_QFIIS_DAILY_FOREIGN_INVESTMENT,2026-08-21T09:59:05.591Z
2022-01-18,2454,聯發科,1598841998,1099829465,68.78,499012533,31.21,100,TWSE_MI_QFIIS_DAILY_FOREIGN_INVESTMENT,2026-08-21T09:59:05.591Z
2022-01-19,0050,元大台灣50,1147500000,59981843,5.22,1087518157,94.77,100,TWSE_MI_QFIIS_DAILY_FOREIGN_INVESTMENT,2026-08-21T09:59:05.591Z
2022-01-19,2317,鴻海,13862990609,6377089648,46,7485900961,53.99,100,TWSE_MI_QFIIS_DAILY_FOREIGN_INVESTMENT,2026-08-21T09:59:05.591Z
2022-01-19,2330,台積電,25930380458,19600585657,75.58,6329794801,24.41,100,TWSE_MI_QFIIS_DAILY_FOREIGN_INVESTMENT,2026-08-21T09:59:05.591Z
2022-01-19,2454,聯發科,1598841998,1100524470,68.83,498317528,31.16,100,TWSE_MI_QFIIS_DAILY_FOREIGN_INVESTMENT,2026-08-21T09:59:05.591Z
2022-01-20,0050,元大台灣50,1150000000,54652130,4.75,1095347870,95.24,100,TWSE_MI_QFIIS_DAILY_FOREIGN_INVESTMENT,2026-08-21T09:59:05.591Z
2022-01-20,2317,鴻海,13862990609,6366786502,45.92,7496204107,54.07,100,TWSE_MI_QFIIS_DAILY_FOREIGN_INVESTMENT,2026-08-21T09:59:05.591Z
2022-01-20,2330,台積電,25930380458,19592404279,75.55,6337976179,24.44,100,TWSE_MI_QFIIS_DAILY_FOREIGN_INVESTMENT,2026-08-21T09:59:05.591Z
2022-01-20,2454,聯發科,1598841998,1100240893,68.81,498601105,31.18,100,TWSE_MI_QFIIS_DAILY_FOREIGN_INVESTMENT,2026-08-21T09:59:05.591Z
2022-01-21,0050,元大台灣50,1174000000,48966865,4.17,1125033135,95.82,100,TWSE_MI_QFIIS_DAILY_FOREIGN_INVESTMENT,2026-08-21T09:59:05.591Z
2022-01-21,2317,鴻海,13862990609,6353032539,45.82,7509958070,54.17,100,TWSE_MI_QFIIS_DAILY_FOREIGN_INVESTMENT,2026-08-21T09:59:05.591Z
2022-01-21,2330,台積電,25930380458,19579734926,75.5,6350645532,24.49,100,TWSE_MI_QFIIS_DAILY_FOREIGN_INVESTMENT,2026-08-21T09:59:05.591Z
2022-01-21,2454,聯發科,1598841998,1099602039,68.77,499239959,31.22,100,TWSE_MI_QFIIS_DAILY_FOREIGN_INVESTMENT,2026-08-21T09:59:05.591Z
2022-01-24,0050,元大台灣50,1175000000,55180027,4.69,1119819973,95.3,100,TWSE_MI_QFIIS_DAILY_FOREIGN_INVESTMENT,2026-08-21T09:59:05.591Z
2022-01-24,2317,鴻海,13862990609,6350874307,45.81,7512116302,54.18,100,TWSE_MI_QFIIS_DAILY_FOREIGN_INVESTMENT,2026-08-21T09:59:05.591Z
2022-01-24,2330,台積電,25930380458,19583792503,75.52,6346587955,24.47,100,TWSE_MI_QFIIS_DAILY_FOREIGN_INVESTMENT,2026-08-21T09:59:05.591Z
2022-01-24,2454,聯發科,1598841998,1098904806,68.73,499937192,31.26,100,TWSE_MI_QFIIS_DAILY_FOREIGN_INVESTMENT,2026-08-21T09:59:05.591Z
2022-01-25,0050,元大台灣50,1183500000,47147751,3.98,1136352249,96.01,100,TWSE_MI_QFIIS_DAILY_FOREIGN_INVESTMENT,2026-08-21T09:59:05.591Z
2022-01-25,2317,鴻海,13862990609,6341589211,45.74,7521401398,54.25,100,TWSE_MI_QFIIS_DAILY_FOREIGN_INVESTMENT,2026-08-21T09:59:05.591Z
2022-01-25,2330,台積電,25930380458,19565545579,75.45,6364834879,24.54,100,TWSE_MI_QFIIS_DAILY_FOREIGN_INVESTMENT,2026-08-21T09:59:05.591Z
2022-01-25,2454,聯發科,1598841998,1097912373,68.66,500929625,31.33,100,TWSE_MI_QFIIS_DAILY_FOREIGN_INVESTMENT,2026-08-21T09:59:05.591Z
2022-01-26,0050,元大台灣50,1201000000,47613115,3.96,1153386885,96.03,100,TWSE_MI_QFIIS_DAILY_FOREIGN_INVESTMENT,2026-08-21T09:59:05.591Z
2022-01-26,2317,鴻海,13862990609,6326472355,45.63,7536518254,54.36,100,TWSE_MI_QFIIS_DAILY_FOREIGN_INVESTMENT,2026-08-21T09:59:05.591Z
2022-01-26,2330,台積電,25930380458,19554474993,75.41,6375905465,24.58,100,TWSE_MI_QFIIS_DAILY_FOREIGN_INVESTMENT,2026-08-21T09:59:05.591Z
2022-01-26,2454,聯發科,1598841998,1096763382,68.59,502078616,31.4,100,TWSE_MI_QFIIS_DAILY_FOREIGN_INVESTMENT,2026-08-21T09:59:05.591Z
2022-01-27,0050,元大台灣50,1201000000,51112115,4.25,1149887885,95.74,100,TWSE_MI_QFIIS_DAILY_FOREIGN_INVESTMENT,2026-08-21T09:59:05.591Z
2022-01-27,2317,鴻海,13862990609,6326277115,45.63,7536713494,54.36,100,TWSE_MI_QFIIS_DAILY_FOREIGN_INVESTMENT,2026-08-21T09:59:05.591Z
2022-01-27,2330,台積電,25930380458,19554089168,75.4,6376291290,24.59,100,TWSE_MI_QFIIS_DAILY_FOREIGN_INVESTMENT,2026-08-21T09:59:05.591Z
2022-01-27,2454,聯發科,1598841998,1096742673,68.59,502099325,31.4,100,TWSE_MI_QFIIS_DAILY_FOREIGN_INVESTMENT,2026-08-21T09:59:05.591Z
2022-01-28,0050,元大台灣50,1201000000,51112115,4.25,1149887885,95.74,100,TWSE_MI_QFIIS_DAILY_FOREIGN_INVESTMENT,2026-08-21T09:59:05.591Z
2022-01-28,2317,鴻海,13862990609,6326277115,45.63,7536713494,54.36,100,TWSE_MI_QFIIS_DAILY_FOREIGN_INVESTMENT,2026-08-21T09:59:05.591Z
2022-01-28,2330,台積電,25930380458,19554089168,75.4,6376291290,24.59,100,TWSE_MI_QFIIS_DAILY_FOREIGN_INVESTMENT,2026-08-21T09:59:05.591Z
2022-01-28,2454,聯發科,1598841998,1096742673,68.59,502099325,31.4,100,TWSE_MI_QFIIS_DAILY_FOREIGN_INVESTMENT,2026-08-21T09:59:05.591Z
2022-02-07,0050,元大台灣50,1231000000,50325781,4.08,1180674219,95.91,100,TWSE_MI_QFIIS_DAILY_FOREIGN_INVESTMENT,2026-08-21T09:59:05.591Z
2022-02-07,2317,鴻海,13862990609,6321847612,45.6,7541142997,54.39,100,TWSE_MI_QFIIS_DAILY_FOREIGN_INVESTMENT,2026-08-21T09:59:05.591Z
2022-02-07,2330,台積電,25930380458,19548995464,75.39,6381384994,24.6,100,TWSE_MI_QFIIS_DAILY_FOREIGN_INVESTMENT,2026-08-21T09:59:05.591Z
2022-02-07,2454,聯發科,1598841998,1099129411,68.74,499712587,31.25,100,TWSE_MI_QFIIS_DAILY_FOREIGN_INVESTMENT,2026-08-21T09:59:05.591Z
2022-02-08,0050,元大台灣50,1261500000,71885249,5.69,1189614751,94.3,100,TWSE_MI_QFIIS_DAILY_FOREIGN_INVESTMENT,2026-08-21T09:59:05.591Z
2022-02-08,2317,鴻海,13862990609,6328137159,45.64,7534853450,54.35,100,TWSE_MI_QFIIS_DAILY_FOREIGN_INVESTMENT,2026-08-21T09:59:05.591Z
2022-02-08,2330,台積電,25930380458,19537529903,75.34,6392850555,24.65,100,TWSE_MI_QFIIS_DAILY_FOREIGN_INVESTMENT,2026-08-21T09:59:05.591Z
2022-02-08,2454,聯發科,1598841998,1101809859,68.91,497032139,31.08,100,TWSE_MI_QFIIS_DAILY_FOREIGN_INVESTMENT,2026-08-21T09:59:05.591Z
2022-02-09,0050,元大台灣50,1273000000,82307080,6.46,1190692920,93.53,100,TWSE_MI_QFIIS_DAILY_FOREIGN_INVESTMENT,2026-08-21T09:59:05.591Z
2022-02-09,2317,鴻海,13862990609,6329806268,45.65,7533184341,54.34,100,TWSE_MI_QFIIS_DAILY_FOREIGN_INVESTMENT,2026-08-21T09:59:05.591Z
2022-02-09,2330,台積電,25930380458,19535420413,75.33,6394960045,24.66,100,TWSE_MI_QFIIS_DAILY_FOREIGN_INVESTMENT,2026-08-21T09:59:05.591Z
2022-02-09,2454,聯發科,1598841998,1105013324,69.11,493828674,30.88,100,TWSE_MI_QFIIS_DAILY_FOREIGN_INVESTMENT,2026-08-21T09:59:05.591Z
2022-02-10,0050,元大台灣50,1274000000,76977444,6.04,1197022556,93.95,100,TWSE_MI_QFIIS_DAILY_FOREIGN_INVESTMENT,2026-08-21T09:59:05.591Z
2022-02-10,2317,鴻海,13862990609,6332084293,45.67,7530906316,54.32,100,TWSE_MI_QFIIS_DAILY_FOREIGN_INVESTMENT,2026-08-21T09:59:05.591Z
2022-02-10,2330,台積電,25930380458,19546473181,75.38,6383907277,24.61,100,TWSE_MI_QFIIS_DAILY_FOREIGN_INVESTMENT,2026-08-21T09:59:05.591Z
2022-02-10,2454,聯發科,1598841998,1107043931,69.24,491798067,30.75,100,TWSE_MI_QFIIS_DAILY_FOREIGN_INVESTMENT,2026-08-21T09:59:05.591Z
2022-02-11,0050,元大台灣50,1274000000,77003451,6.04,1196996549,93.95,100,TWSE_MI_QFIIS_DAILY_FOREIGN_INVESTMENT,2026-08-21T09:59:05.591Z
2022-02-11,2317,鴻海,13862990609,6330983260,45.66,7532007349,54.33,100,TWSE_MI_QFIIS_DAILY_FOREIGN_INVESTMENT,2026-08-21T09:59:05.591Z
2022-02-11,2330,台積電,25930380458,19549642299,75.39,6380738159,24.6,100,TWSE_MI_QFIIS_DAILY_FOREIGN_INVESTMENT,2026-08-21T09:59:05.591Z
2022-02-11,2454,聯發科,1598841998,1107667392,69.27,491174606,30.72,100,TWSE_MI_QFIIS_DAILY_FOREIGN_INVESTMENT,2026-08-21T09:59:05.591Z
2022-02-14,0050,元大台灣50,1285000000,80783686,6.28,1204216314,93.71,100,TWSE_MI_QFIIS_DAILY_FOREIGN_INVESTMENT,2026-08-21T09:59:05.591Z
2022-02-14,2317,鴻海,13862990609,6326133522,45.63,7536857087,54.36,100,TWSE_MI_QFIIS_DAILY_FOREIGN_INVESTMENT,2026-08-21T09:59:05.591Z
2022-02-14,2330,台積電,25930380458,19542879741,75.36,6387500717,24.63,100,TWSE_MI_QFIIS_DAILY_FOREIGN_INVESTMENT,2026-08-21T09:59:05.591Z
2022-02-14,2454,聯發科,1598841998,1106502035,69.2,492339963,30.79,100,TWSE_MI_QFIIS_DAILY_FOREIGN_INVESTMENT,2026-08-21T09:59:05.591Z
2022-02-15,0050,元大台灣50,1291000000,81239167,6.29,1209760833,93.7,100,TWSE_MI_QFIIS_DAILY_FOREIGN_INVESTMENT,2026-08-21T09:59:05.591Z
2022-02-15,2317,鴻海,13862990609,6322924626,45.61,7540065983,54.38,100,TWSE_MI_QFIIS_DAILY_FOREIGN_INVESTMENT,2026-08-21T09:59:05.591Z
2022-02-15,2330,台積電,25930380458,19534391329,75.33,6395989129,24.66,100,TWSE_MI_QFIIS_DAILY_FOREIGN_INVESTMENT,2026-08-21T09:59:05.591Z
2022-02-15,2454,聯發科,1598841998,1106057991,69.17,492784007,30.82,100,TWSE_MI_QFIIS_DAILY_FOREIGN_INVESTMENT,2026-08-21T09:59:05.591Z
2022-02-16,0050,元大台灣50,1291000000,80856527,6.26,1210143473,93.73,100,TWSE_MI_QFIIS_DAILY_FOREIGN_INVESTMENT,2026-08-21T09:59:05.591Z
2022-02-16,2317,鴻海,13862990609,6326145711,45.63,7536844898,54.36,100,TWSE_MI_QFIIS_DAILY_FOREIGN_INVESTMENT,2026-08-21T09:59:05.591Z
2022-02-16,2330,台積電,25930380458,19537593677,75.34,6392786781,24.65,100,TWSE_MI_QFIIS_DAILY_FOREIGN_INVESTMENT,2026-08-21T09:59:05.591Z
2022-02-16,2454,聯發科,1598841998,1106454775,69.2,492387223,30.79,100,TWSE_MI_QFIIS_DAILY_FOREIGN_INVESTMENT,2026-08-21T09:59:05.591Z
2022-02-17,0050,元大台灣50,1291500000,81223099,6.28,1210276901,93.71,100,TWSE_MI_QFIIS_DAILY_FOREIGN_INVESTMENT,2026-08-21T09:59:05.591Z
2022-02-17,2317,鴻海,13862990609,6331201453,45.66,7531789156,54.33,100,TWSE_MI_QFIIS_DAILY_FOREIGN_INVESTMENT,2026-08-21T09:59:05.591Z
2022-02-17,2330,台積電,25930380458,19540614534,75.35,6389765924,24.64,100,TWSE_MI_QFIIS_DAILY_FOREIGN_INVESTMENT,2026-08-21T09:59:05.591Z
2022-02-17,2454,聯發科,1598841998,1107478504,69.26,491363494,30.73,100,TWSE_MI_QFIIS_DAILY_FOREIGN_INVESTMENT,2026-08-21T09:59:05.591Z
2022-02-18,0050,元大台灣50,1291500000,80019705,6.19,1211480295,93.8,100,TWSE_MI_QFIIS_DAILY_FOREIGN_INVESTMENT,2026-08-21T09:59:05.591Z
2022-02-18,2317,鴻海,13862990609,6328904408,45.65,7534086201,54.34,100,TWSE_MI_QFIIS_DAILY_FOREIGN_INVESTMENT,2026-08-21T09:59:05.591Z
2022-02-18,2330,台積電,25930380458,19533704185,75.33,6396676273,24.66,100,TWSE_MI_QFIIS_DAILY_FOREIGN_INVESTMENT,2026-08-21T09:59:05.591Z
2022-02-18,2454,聯發科,1598841998,1107786053,69.28,491055945,30.71,100,TWSE_MI_QFIIS_DAILY_FOREIGN_INVESTMENT,2026-08-21T09:59:05.591Z
2022-02-21,0050,元大台灣50,1291500000,77665188,6.01,1213834812,93.98,100,TWSE_MI_QFIIS_DAILY_FOREIGN_INVESTMENT,2026-08-21T09:59:05.591Z
2022-02-21,2317,鴻海,13862990609,6333005156,45.68,7529985453,54.31,100,TWSE_MI_QFIIS_DAILY_FOREIGN_INVESTMENT,2026-08-21T09:59:05.591Z
2022-02-21,2330,台積電,25930380458,19523701472,75.29,6406678986,24.7,100,TWSE_MI_QFIIS_DAILY_FOREIGN_INVESTMENT,2026-08-21T09:59:05.591Z
2022-02-21,2454,聯發科,1598841998,1107749148,69.28,491092850,30.71,100,TWSE_MI_QFIIS_DAILY_FOREIGN_INVESTMENT,2026-08-21T09:59:05.591Z
2022-02-22,0050,元大台灣50,1296500000,61590282,4.75,1234909718,95.24,100,TWSE_MI_QFIIS_DAILY_FOREIGN_INVESTMENT,2026-08-21T09:59:05.591Z
2022-02-22,2317,鴻海,13862990609,6320033867,45.58,7542956742,54.41,100,TWSE_MI_QFIIS_DAILY_FOREIGN_INVESTMENT,2026-08-21T09:59:05.591Z
2022-02-22,2330,台積電,25930380458,19510112624,75.24,6420267834,24.75,100,TWSE_MI_QFIIS_DAILY_FOREIGN_INVESTMENT,2026-08-21T09:59:05.591Z
2022-02-22,2454,聯發科,1598841998,1106467053,69.2,492374945,30.79,100,TWSE_MI_QFIIS_DAILY_FOREIGN_INVESTMENT,2026-08-21T09:59:05.591Z
2022-02-23,0050,元大台灣50,1304500000,65632262,5.03,1238867738,94.96,100,TWSE_MI_QFIIS_DAILY_FOREIGN_INVESTMENT,2026-08-21T09:59:05.591Z
2022-02-23,2317,鴻海,13862990609,6318325031,45.57,7544665578,54.42,100,TWSE_MI_QFIIS_DAILY_FOREIGN_INVESTMENT,2026-08-21T09:59:05.591Z
2022-02-23,2330,台積電,25930380458,19489723057,75.16,6440657401,24.83,100,TWSE_MI_QFIIS_DAILY_FOREIGN_INVESTMENT,2026-08-21T09:59:05.591Z
2022-02-23,2454,聯發科,1598841998,1106551484,69.2,492290514,30.79,100,TWSE_MI_QFIIS_DAILY_FOREIGN_INVESTMENT,2026-08-21T09:59:05.591Z
2022-02-24,0050,元大台灣50,1320000000,53715139,4.06,1266284861,95.93,100,TWSE_MI_QFIIS_DAILY_FOREIGN_INVESTMENT,2026-08-21T09:59:05.591Z
2022-02-24,2317,鴻海,13862990609,6298176331,45.43,7564814278,54.56,100,TWSE_MI_QFIIS_DAILY_FOREIGN_INVESTMENT,2026-08-21T09:59:05.591Z
2022-02-24,2330,台積電,25930380458,19444057020,74.98,6486323438,25.01,100,TWSE_MI_QFIIS_DAILY_FOREIGN_INVESTMENT,2026-08-21T09:59:05.591Z
2022-02-24,2454,聯發科,1598872559,1104531612,69.08,494340947,30.91,100,TWSE_MI_QFIIS_DAILY_FOREIGN_INVESTMENT,2026-08-21T09:59:05.591Z
2022-02-25,0050,元大台灣50,1342000000,57438760,4.28,1284561240,95.71,100,TWSE_MI_QFIIS_DAILY_FOREIGN_INVESTMENT,2026-08-21T09:59:05.591Z
2022-02-25,2317,鴻海,13862990609,6289911149,45.37,7573079460,54.62,100,TWSE_MI_QFIIS_DAILY_FOREIGN_INVESTMENT,2026-08-21T09:59:05.591Z
2022-02-25,2330,台積電,25930380458,19393741916,74.79,6536638542,25.2,100,TWSE_MI_QFIIS_DAILY_FOREIGN_INVESTMENT,2026-08-21T09:59:05.591Z
2022-02-25,2454,聯發科,1598872559,1103840461,69.03,495032098,30.96,100,TWSE_MI_QFIIS_DAILY_FOREIGN_INVESTMENT,2026-08-21T09:59:05.591Z
2022-03-01,0050,元大台灣50,1354500000,67591795,4.99,1286908205,95,100,TWSE_MI_QFIIS_DAILY_FOREIGN_INVESTMENT,2026-08-21T09:59:05.591Z
2022-03-01,2317,鴻海,13862990609,6292941620,45.39,7570048989,54.6,100,TWSE_MI_QFIIS_DAILY_FOREIGN_INVESTMENT,2026-08-21T09:59:05.591Z
2022-03-01,2330,台積電,25930380458,19366818891,74.68,6563561567,25.31,100,TWSE_MI_QFIIS_DAILY_FOREIGN_INVESTMENT,2026-08-21T09:59:05.591Z
2022-03-01,2454,聯發科,1598872559,1103731314,69.03,495141245,30.96,100,TWSE_MI_QFIIS_DAILY_FOREIGN_INVESTMENT,2026-08-21T09:59:05.591Z
2022-03-02,0050,元大台灣50,1355500000,64628500,4.76,1290871500,95.23,100,TWSE_MI_QFIIS_DAILY_FOREIGN_INVESTMENT,2026-08-21T09:59:05.591Z
2022-03-02,2317,鴻海,13862990609,6292477927,45.39,7570512682,54.6,100,TWSE_MI_QFIIS_DAILY_FOREIGN_INVESTMENT,2026-08-21T09:59:05.591Z
2022-03-02,2330,台積電,25930380458,19345976297,74.6,6584404161,25.39,100,TWSE_MI_QFIIS_DAILY_FOREIGN_INVESTMENT,2026-08-21T09:59:05.591Z
2022-03-02,2454,聯發科,1598872559,1102595383,68.96,496277176,31.03,100,TWSE_MI_QFIIS_DAILY_FOREIGN_INVESTMENT,2026-08-21T09:59:05.591Z
2022-03-03,0050,元大台灣50,1355500000,61443444,4.53,1294056556,95.46,100,TWSE_MI_QFIIS_DAILY_FOREIGN_INVESTMENT,2026-08-21T09:59:05.591Z
2022-03-03,2317,鴻海,13862990609,6289811613,45.37,7573178996,54.62,100,TWSE_MI_QFIIS_DAILY_FOREIGN_INVESTMENT,2026-08-21T09:59:05.591Z
2022-03-03,2330,台積電,25930380458,19329862623,74.54,6600517835,25.45,100,TWSE_MI_QFIIS_DAILY_FOREIGN_INVESTMENT,2026-08-21T09:59:05.591Z
2022-03-03,2454,聯發科,1598872559,1101644297,68.9,497228262,31.09,100,TWSE_MI_QFIIS_DAILY_FOREIGN_INVESTMENT,2026-08-21T09:59:05.591Z
2022-03-04,0050,元大台灣50,1369000000,63804836,4.66,1305195164,95.33,100,TWSE_MI_QFIIS_DAILY_FOREIGN_INVESTMENT,2026-08-21T09:59:05.591Z
2022-03-04,2317,鴻海,13862990609,6289478932,45.36,7573511677,54.63,100,TWSE_MI_QFIIS_DAILY_FOREIGN_INVESTMENT,2026-08-21T09:59:05.591Z
2022-03-04,2330,台積電,25930380458,19284474564,74.37,6645905894,25.62,100,TWSE_MI_QFIIS_DAILY_FOREIGN_INVESTMENT,2026-08-21T09:59:05.591Z
2022-03-04,2454,聯發科,1598872559,1099883463,68.79,498989096,31.2,100,TWSE_MI_QFIIS_DAILY_FOREIGN_INVESTMENT,2026-08-21T09:59:05.591Z
2022-03-07,0050,元大台灣50,1412000000,26823362,1.89,1385176638,98.1,100,TWSE_MI_QFIIS_DAILY_FOREIGN_INVESTMENT,2026-08-21T09:59:05.591Z
2022-03-07,2317,鴻海,13862990609,6272006943,45.24,7590983666,54.75,100,TWSE_MI_QFIIS_DAILY_FOREIGN_INVESTMENT,2026-08-21T09:59:05.591Z
2022-03-07,2330,台積電,25930380458,19224042886,74.13,6706337572,25.86,100,TWSE_MI_QFIIS_DAILY_FOREIGN_INVESTMENT,2026-08-21T09:59:05.591Z
2022-03-07,2454,聯發科,1598872559,1097087803,68.61,501784756,31.38,100,TWSE_MI_QFIIS_DAILY_FOREIGN_INVESTMENT,2026-08-21T09:59:05.591Z
2022-03-08,0050,元大台灣50,1496500000,33176187,2.21,1463323813,97.78,100,TWSE_MI_QFIIS_DAILY_FOREIGN_INVESTMENT,2026-08-21T09:59:05.591Z
2022-03-08,2317,鴻海,13862990609,6249138505,45.07,7613852104,54.92,100,TWSE_MI_QFIIS_DAILY_FOREIGN_INVESTMENT,2026-08-21T09:59:05.591Z
2022-03-08,2330,台積電,25930380458,19174104144,73.94,6756276314,26.05,100,TWSE_MI_QFIIS_DAILY_FOREIGN_INVESTMENT,2026-08-21T09:59:05.591Z
2022-03-08,2454,聯發科,1598872559,1095232913,68.5,503639646,31.49,100,TWSE_MI_QFIIS_DAILY_FOREIGN_INVESTMENT,2026-08-21T09:59:05.591Z
2022-03-09,0050,元大台灣50,1574500000,85175183,5.4,1489324817,94.59,100,TWSE_MI_QFIIS_DAILY_FOREIGN_INVESTMENT,2026-08-21T09:59:05.591Z
2022-03-09,2317,鴻海,13862990609,6237126994,44.99,7625863615,55,100,TWSE_MI_QFIIS_DAILY_FOREIGN_INVESTMENT,2026-08-21T09:59:05.591Z
2022-03-09,2330,台積電,25930380458,19139525549,73.81,6790854909,26.18,100,TWSE_MI_QFIIS_DAILY_FOREIGN_INVESTMENT,2026-08-21T09:59:05.591Z
2022-03-09,2454,聯發科,1598872559,1093113735,68.36,505758824,31.63,100,TWSE_MI_QFIIS_DAILY_FOREIGN_INVESTMENT,2026-08-21T09:59:05.591Z
2022-03-10,0050,元大台灣50,1600500000,157450331,9.83,1443049669,90.16,100,TWSE_MI_QFIIS_DAILY_FOREIGN_INVESTMENT,2026-08-21T09:59:05.591Z
2022-03-10,2317,鴻海,13862990609,6232666039,44.95,7630324570,55.04,100,TWSE_MI_QFIIS_DAILY_FOREIGN_INVESTMENT,2026-08-21T09:59:05.591Z
2022-03-10,2330,台積電,25931767458,19125529492,73.75,6806237966,26.24,100,TWSE_MI_QFIIS_DAILY_FOREIGN_INVESTMENT,2026-08-21T09:59:05.591Z
2022-03-10,2454,聯發科,1598872559,1092697402,68.34,506175157,31.65,100,TWSE_MI_QFIIS_DAILY_FOREIGN_INVESTMENT,2026-08-21T09:59:05.591Z
2022-03-11,0050,元大台灣50,1621000000,172517793,10.64,1448482207,89.35,100,TWSE_MI_QFIIS_DAILY_FOREIGN_INVESTMENT,2026-08-21T09:59:05.591Z
2022-03-11,2317,鴻海,13862990609,6235128631,44.97,7627861978,55.02,100,TWSE_MI_QFIIS_DAILY_FOREIGN_INVESTMENT,2026-08-21T09:59:05.591Z
2022-03-11,2330,台積電,25931767458,19093480946,73.62,6838286512,26.37,100,TWSE_MI_QFIIS_DAILY_FOREIGN_INVESTMENT,2026-08-21T09:59:05.591Z
2022-03-11,2454,聯發科,1598872559,1090468049,68.2,508404510,31.79,100,TWSE_MI_QFIIS_DAILY_FOREIGN_INVESTMENT,2026-08-21T09:59:05.591Z
2022-03-14,0050,元大台灣50,1630000000,169206283,10.38,1460793717,89.61,100,TWSE_MI_QFIIS_DAILY_FOREIGN_INVESTMENT,2026-08-21T09:59:05.591Z
2022-03-14,2317,鴻海,13862990609,6227409774,44.92,7635580835,55.07,100,TWSE_MI_QFIIS_DAILY_FOREIGN_INVESTMENT,2026-08-21T09:59:05.591Z
2022-03-14,2330,台積電,25931767458,19073280662,73.55,6858486796,26.44,100,TWSE_MI_QFIIS_DAILY_FOREIGN_INVESTMENT,2026-08-21T09:59:05.591Z
2022-03-14,2454,聯發科,1598872559,1087901933,68.04,510970626,31.95,100,TWSE_MI_QFIIS_DAILY_FOREIGN_INVESTMENT,2026-08-21T09:59:05.591Z
2022-03-15,0050,元大台灣50,1583500000,159192662,10.05,1424307338,89.94,100,TWSE_MI_QFIIS_DAILY_FOREIGN_INVESTMENT,2026-08-21T09:59:05.591Z
2022-03-15,2317,鴻海,13862990609,6215428364,44.83,7647562245,55.16,100,TWSE_MI_QFIIS_DAILY_FOREIGN_INVESTMENT,2026-08-21T09:59:05.591Z
2022-03-15,2330,台積電,25931767458,19015526792,73.32,6916240666,26.67,100,TWSE_MI_QFIIS_DAILY_FOREIGN_INVESTMENT,2026-08-21T09:59:05.591Z
2022-03-15,2454,聯發科,1599029833,1084421761,67.81,514608072,32.18,100,TWSE_MI_QFIIS_DAILY_FOREIGN_INVESTMENT,2026-08-21T09:59:05.591Z
2022-03-16,0050,元大台灣50,1597500000,98315066,6.15,1499184934,93.84,100,TWSE_MI_QFIIS_DAILY_FOREIGN_INVESTMENT,2026-08-21T09:59:05.591Z
2022-03-16,2317,鴻海,13862990609,6211475877,44.8,7651514732,55.19,100,TWSE_MI_QFIIS_DAILY_FOREIGN_INVESTMENT,2026-08-21T09:59:05.591Z
2022-03-16,2330,台積電,25931767458,19000127880,73.26,6931639578,26.73,100,TWSE_MI_QFIIS_DAILY_FOREIGN_INVESTMENT,2026-08-21T09:59:05.591Z
2022-03-16,2454,聯發科,1599029833,1082725123,67.71,516304710,32.28,100,TWSE_MI_QFIIS_DAILY_FOREIGN_INVESTMENT,2026-08-21T09:59:05.591Z
2022-03-17,0050,元大台灣50,1555000000,110611874,7.11,1444388126,92.88,100,TWSE_MI_QFIIS_DAILY_FOREIGN_INVESTMENT,2026-08-21T09:59:05.591Z
2022-03-17,2317,鴻海,13862990609,6222823499,44.88,7640167110,55.11,100,TWSE_MI_QFIIS_DAILY_FOREIGN_INVESTMENT,2026-08-21T09:59:05.591Z
2022-03-17,2330,台積電,25931767458,19019375413,73.34,6912392045,26.65,100,TWSE_MI_QFIIS_DAILY_FOREIGN_INVESTMENT,2026-08-21T09:59:05.591Z
2022-03-17,2454,聯發科,1599029833,1083552678,67.76,515477155,32.23,100,TWSE_MI_QFIIS_DAILY_FOREIGN_INVESTMENT,2026-08-21T09:59:05.591Z
2022-03-18,0050,元大台灣50,1557000000,70039283,4.49,1486960717,95.5,100,TWSE_MI_QFIIS_DAILY_FOREIGN_INVESTMENT,2026-08-21T09:59:05.591Z
2022-03-18,2317,鴻海,13862990609,6238265819,44.99,7624724790,55,100,TWSE_MI_QFIIS_DAILY_FOREIGN_INVESTMENT,2026-08-21T09:59:05.591Z
2022-03-18,2330,台積電,25931767458,19020973393,73.35,6910794065,26.64,100,TWSE_MI_QFIIS_DAILY_FOREIGN_INVESTMENT,2026-08-21T09:59:05.591Z
2022-03-18,2454,聯發科,1599029833,1084098808,67.79,514931025,32.2,100,TWSE_MI_QFIIS_DAILY_FOREIGN_INVESTMENT,2026-08-21T09:59:05.591Z
2022-03-21,0050,元大台灣50,1556000000,65817290,4.22,1490182710,95.77,100,TWSE_MI_QFIIS_DAILY_FOREIGN_INVESTMENT,2026-08-21T09:59:05.591Z
2022-03-21,2317,鴻海,13862990609,6236436836,44.98,7626553773,55.01,100,TWSE_MI_QFIIS_DAILY_FOREIGN_INVESTMENT,2026-08-21T09:59:05.591Z
2022-03-21,2330,台積電,25931767458,19020985396,73.35,6910782062,26.64,100,TWSE_MI_QFIIS_DAILY_FOREIGN_INVESTMENT,2026-08-21T09:59:05.591Z
2022-03-21,2454,聯發科,1599029833,1084745601,67.83,514284232,32.16,100,TWSE_MI_QFIIS_DAILY_FOREIGN_INVESTMENT,2026-08-21T09:59:05.591Z
2022-03-22,0050,元大台灣50,1563500000,70596619,4.51,1492903381,95.48,100,TWSE_MI_QFIIS_DAILY_FOREIGN_INVESTMENT,2026-08-21T09:59:05.591Z
2022-03-22,2317,鴻海,13862990609,6230830244,44.94,7632160365,55.05,100,TWSE_MI_QFIIS_DAILY_FOREIGN_INVESTMENT,2026-08-21T09:59:05.591Z
2022-03-22,2330,台積電,25931767458,19018155062,73.33,6913612396,26.66,100,TWSE_MI_QFIIS_DAILY_FOREIGN_INVESTMENT,2026-08-21T09:59:05.591Z
2022-03-22,2454,聯發科,1599029833,1083757990,67.77,515271843,32.22,100,TWSE_MI_QFIIS_DAILY_FOREIGN_INVESTMENT,2026-08-21T09:59:05.591Z
2022-03-23,0050,元大台灣50,1563500000,72411307,4.63,1491088693,95.36,100,TWSE_MI_QFIIS_DAILY_FOREIGN_INVESTMENT,2026-08-21T09:59:05.591Z
2022-03-23,2317,鴻海,13862990609,6234146702,44.96,7628843907,55.03,100,TWSE_MI_QFIIS_DAILY_FOREIGN_INVESTMENT,2026-08-21T09:59:05.591Z
2022-03-23,2330,台積電,25931767458,19024343102,73.36,6907424356,26.63,100,TWSE_MI_QFIIS_DAILY_FOREIGN_INVESTMENT,2026-08-21T09:59:05.591Z
2022-03-23,2454,聯發科,1599029833,1083573073,67.76,515456760,32.23,100,TWSE_MI_QFIIS_DAILY_FOREIGN_INVESTMENT,2026-08-21T09:59:05.591Z
2022-03-24,0050,元大台灣50,1563000000,72516548,4.63,1490483452,95.36,100,TWSE_MI_QFIIS_DAILY_FOREIGN_INVESTMENT,2026-08-21T09:59:05.591Z
2022-03-24,2317,鴻海,13862990609,6228522871,44.92,7634467738,55.07,100,TWSE_MI_QFIIS_DAILY_FOREIGN_INVESTMENT,2026-08-21T09:59:05.591Z
2022-03-24,2330,台積電,25931767458,19027695991,73.37,6904071467,26.62,100,TWSE_MI_QFIIS_DAILY_FOREIGN_INVESTMENT,2026-08-21T09:59:05.591Z
2022-03-24,2454,聯發科,1599029833,1083702014,67.77,515327819,32.22,100,TWSE_MI_QFIIS_DAILY_FOREIGN_INVESTMENT,2026-08-21T09:59:05.591Z
2022-03-25,0050,元大台灣50,1562500000,72805405,4.65,1489694595,95.34,100,TWSE_MI_QFIIS_DAILY_FOREIGN_INVESTMENT,2026-08-21T09:59:05.591Z
2022-03-25,2317,鴻海,13862990609,6229394905,44.93,7633595704,55.06,100,TWSE_MI_QFIIS_DAILY_FOREIGN_INVESTMENT,2026-08-21T09:59:05.591Z
2022-03-25,2330,台積電,25931767458,19036910319,73.41,6894857139,26.58,100,TWSE_MI_QFIIS_DAILY_FOREIGN_INVESTMENT,2026-08-21T09:59:05.591Z
2022-03-25,2454,聯發科,1599029833,1083458395,67.75,515571438,32.24,100,TWSE_MI_QFIIS_DAILY_FOREIGN_INVESTMENT,2026-08-21T09:59:05.591Z
2022-03-28,0050,元大台灣50,1569000000,67110308,4.27,1501889692,95.72,100,TWSE_MI_QFIIS_DAILY_FOREIGN_INVESTMENT,2026-08-21T09:59:05.591Z
2022-03-28,2317,鴻海,13862990609,6228110040,44.92,7634880569,55.07,100,TWSE_MI_QFIIS_DAILY_FOREIGN_INVESTMENT,2026-08-21T09:59:05.591Z
2022-03-28,2330,台積電,25931767458,19025166060,73.36,6906601398,26.63,100,TWSE_MI_QFIIS_DAILY_FOREIGN_INVESTMENT,2026-08-21T09:59:05.591Z
2022-03-28,2454,聯發科,1599029833,1082733331,67.71,516296502,32.28,100,TWSE_MI_QFIIS_DAILY_FOREIGN_INVESTMENT,2026-08-21T09:59:05.591Z
2022-03-29,0050,元大台灣50,1569000000,69763593,4.44,1499236407,95.55,100,TWSE_MI_QFIIS_DAILY_FOREIGN_INVESTMENT,2026-08-21T09:59:05.591Z
2022-03-29,2317,鴻海,13862990609,6224218594,44.89,7638772015,55.1,100,TWSE_MI_QFIIS_DAILY_FOREIGN_INVESTMENT,2026-08-21T09:59:05.591Z
2022-03-29,2330,台積電,25931767458,19027249420,73.37,6904518038,26.62,100,TWSE_MI_QFIIS_DAILY_FOREIGN_INVESTMENT,2026-08-21T09:59:05.591Z
2022-03-29,2454,聯發科,1599029833,1076064684,67.29,522965149,32.7,100,TWSE_MI_QFIIS_DAILY_FOREIGN_INVESTMENT,2026-08-21T09:59:05.591Z
2022-03-30,0050,元大台灣50,1569000000,71102152,4.53,1497897848,95.46,100,TWSE_MI_QFIIS_DAILY_FOREIGN_INVESTMENT,2026-08-21T09:59:05.591Z
2022-03-30,2317,鴻海,13862990609,6222936710,44.88,7640053899,55.11,100,TWSE_MI_QFIIS_DAILY_FOREIGN_INVESTMENT,2026-08-21T09:59:05.591Z
2022-03-30,2330,台積電,25931767458,19045959516,73.44,6885807942,26.55,100,TWSE_MI_QFIIS_DAILY_FOREIGN_INVESTMENT,2026-08-21T09:59:05.591Z
2022-03-30,2454,聯發科,1599029833,1072760447,67.08,526269386,32.91,100,TWSE_MI_QFIIS_DAILY_FOREIGN_INVESTMENT,2026-08-21T09:59:05.591Z
2022-03-31,0050,元大台灣50,1569000000,71594607,4.56,1497405393,95.43,100,TWSE_MI_QFIIS_DAILY_FOREIGN_INVESTMENT,2026-08-21T09:59:05.591Z
2022-03-31,2317,鴻海,13862990609,6225487086,44.9,7637503523,55.09,100,TWSE_MI_QFIIS_DAILY_FOREIGN_INVESTMENT,2026-08-21T09:59:05.591Z
2022-03-31,2330,台積電,25931767458,19049590737,73.46,6882176721,26.53,100,TWSE_MI_QFIIS_DAILY_FOREIGN_INVESTMENT,2026-08-21T09:59:05.591Z
2022-03-31,2454,聯發科,1599029833,1069992843,66.91,529036990,33.08,100,TWSE_MI_QFIIS_DAILY_FOREIGN_INVESTMENT,2026-08-21T09:59:05.591Z
2022-04-01,0050,元大台灣50,1569000000,66202084,4.21,1502797916,95.78,100,TWSE_MI_QFIIS_DAILY_FOREIGN_INVESTMENT,2026-08-21T09:59:05.591Z
2022-04-01,2317,鴻海,13862990609,6214531026,44.82,7648459583,55.17,100,TWSE_MI_QFIIS_DAILY_FOREIGN_INVESTMENT,2026-08-21T09:59:05.591Z
2022-04-01,2330,台積電,25931767458,19040034841,73.42,6891732617,26.57,100,TWSE_MI_QFIIS_DAILY_FOREIGN_INVESTMENT,2026-08-21T09:59:05.591Z
2022-04-01,2454,聯發科,1599029833,1065650612,66.64,533379221,33.35,100,TWSE_MI_QFIIS_DAILY_FOREIGN_INVESTMENT,2026-08-21T09:59:05.591Z
2022-04-06,0050,元大台灣50,1580000000,58438261,3.69,1521561739,96.3,100,TWSE_MI_QFIIS_DAILY_FOREIGN_INVESTMENT,2026-08-21T09:59:05.591Z
2022-04-06,2317,鴻海,13862990609,6207268092,44.77,7655722517,55.22,100,TWSE_MI_QFIIS_DAILY_FOREIGN_INVESTMENT,2026-08-21T09:59:05.591Z
2022-04-06,2330,台積電,25931767458,19027774922,73.37,6903992536,26.62,100,TWSE_MI_QFIIS_DAILY_FOREIGN_INVESTMENT,2026-08-21T09:59:05.591Z
2022-04-06,2454,聯發科,1599029833,1063076970,66.48,535952863,33.51,100,TWSE_MI_QFIIS_DAILY_FOREIGN_INVESTMENT,2026-08-21T09:59:05.591Z
2022-04-07,0050,元大台灣50,1580500000,59267164,3.74,1521232836,96.25,100,TWSE_MI_QFIIS_DAILY_FOREIGN_INVESTMENT,2026-08-21T09:59:05.591Z
2022-04-07,2317,鴻海,13862990609,6198447677,44.71,7664542932,55.28,100,TWSE_MI_QFIIS_DAILY_FOREIGN_INVESTMENT,2026-08-21T09:59:05.591Z
2022-04-07,2330,台積電,25931767458,19000271463,73.27,6931495995,26.72,100,TWSE_MI_QFIIS_DAILY_FOREIGN_INVESTMENT,2026-08-21T09:59:05.591Z
2022-04-07,2454,聯發科,1599029833,1056797084,66.08,542232749,33.91,100,TWSE_MI_QFIIS_DAILY_FOREIGN_INVESTMENT,2026-08-21T09:59:05.591Z
2022-04-08,0050,元大台灣50,1583000000,55295601,3.49,1527704399,96.5,100,TWSE_MI_QFIIS_DAILY_FOREIGN_INVESTMENT,2026-08-21T09:59:05.591Z
2022-04-08,2317,鴻海,13862990609,6188241285,44.63,7674749324,55.36,100,TWSE_MI_QFIIS_DAILY_FOREIGN_INVESTMENT,2026-08-21T09:59:05.591Z
2022-04-08,2330,台積電,25931767458,18984587546,73.2,6947179912,26.79,100,TWSE_MI_QFIIS_DAILY_FOREIGN_INVESTMENT,2026-08-21T09:59:05.591Z
2022-04-08,2454,聯發科,1599029833,1051354101,65.74,547675732,34.25,100,TWSE_MI_QFIIS_DAILY_FOREIGN_INVESTMENT,2026-08-21T09:59:05.591Z
2022-04-11,0050,元大台灣50,1576500000,47261275,2.99,1529238725,97,100,TWSE_MI_QFIIS_DAILY_FOREIGN_INVESTMENT,2026-08-21T09:59:05.591Z
2022-04-11,2317,鴻海,13862990609,6179776397,44.57,7683214212,55.42,100,TWSE_MI_QFIIS_DAILY_FOREIGN_INVESTMENT,2026-08-21T09:59:05.591Z
2022-04-11,2330,台積電,25931767458,18961341248,73.12,6970426210,26.87,100,TWSE_MI_QFIIS_DAILY_FOREIGN_INVESTMENT,2026-08-21T09:59:05.591Z
2022-04-11,2454,聯發科,1599029833,1049419464,65.62,549610369,34.37,100,TWSE_MI_QFIIS_DAILY_FOREIGN_INVESTMENT,2026-08-21T09:59:05.591Z
2022-04-12,0050,元大台灣50,1594500000,37180362,2.33,1557319638,97.66,100,TWSE_MI_QFIIS_DAILY_FOREIGN_INVESTMENT,2026-08-21T09:59:05.591Z
2022-04-12,2317,鴻海,13862990609,6177542569,44.56,7685448040,55.43,100,TWSE_MI_QFIIS_DAILY_FOREIGN_INVESTMENT,2026-08-21T09:59:05.591Z
2022-04-12,2330,台積電,25931767458,18953968215,73.09,6977799243,26.9,100,TWSE_MI_QFIIS_DAILY_FOREIGN_INVESTMENT,2026-08-21T09:59:05.591Z
2022-04-12,2454,聯發科,1599029833,1046974833,65.47,552055000,34.52,100,TWSE_MI_QFIIS_DAILY_FOREIGN_INVESTMENT,2026-08-21T09:59:05.591Z
2022-04-13,0050,元大台灣50,1597500000,49800579,3.11,1547699421,96.88,100,TWSE_MI_QFIIS_DAILY_FOREIGN_INVESTMENT,2026-08-21T09:59:05.591Z
2022-04-13,2317,鴻海,13862990609,6179923845,44.57,7683066764,55.42,100,TWSE_MI_QFIIS_DAILY_FOREIGN_INVESTMENT,2026-08-21T09:59:05.591Z
2022-04-13,2330,台積電,25931767458,18956236399,73.1,6975531059,26.89,100,TWSE_MI_QFIIS_DAILY_FOREIGN_INVESTMENT,2026-08-21T09:59:05.591Z
2022-04-13,2454,聯發科,1599029833,1047418433,65.5,551611400,34.49,100,TWSE_MI_QFIIS_DAILY_FOREIGN_INVESTMENT,2026-08-21T09:59:05.591Z
2022-04-14,0050,元大台灣50,1600500000,48793475,3.04,1551706525,96.95,100,TWSE_MI_QFIIS_DAILY_FOREIGN_INVESTMENT,2026-08-21T09:59:05.591Z
2022-04-14,2317,鴻海,13862990609,6181514245,44.59,7681476364,55.4,100,TWSE_MI_QFIIS_DAILY_FOREIGN_INVESTMENT,2026-08-21T09:59:05.591Z
2022-04-14,2330,台積電,25931767458,18954900377,73.09,6976867081,26.9,100,TWSE_MI_QFIIS_DAILY_FOREIGN_INVESTMENT,2026-08-21T09:59:05.591Z
2022-04-14,2454,聯發科,1599029833,1045151706,65.36,553878127,34.63,100,TWSE_MI_QFIIS_DAILY_FOREIGN_INVESTMENT,2026-08-21T09:59:05.591Z
2022-04-15,0050,元大台灣50,1603500000,41386989,2.58,1562113011,97.41,100,TWSE_MI_QFIIS_DAILY_FOREIGN_INVESTMENT,2026-08-21T09:59:05.591Z
2022-04-15,2317,鴻海,13862990609,6177805043,44.56,7685185566,55.43,100,TWSE_MI_QFIIS_DAILY_FOREIGN_INVESTMENT,2026-08-21T09:59:05.591Z
2022-04-15,2330,台積電,25931767458,18940646533,73.04,6991120925,26.95,100,TWSE_MI_QFIIS_DAILY_FOREIGN_INVESTMENT,2026-08-21T09:59:05.591Z
2022-04-15,2454,聯發科,1599029833,1041490144,65.13,557539689,34.86,100,TWSE_MI_QFIIS_DAILY_FOREIGN_INVESTMENT,2026-08-21T09:59:05.591Z
2022-04-18,0050,元大台灣50,1617000000,44117180,2.72,1572882820,97.27,100,TWSE_MI_QFIIS_DAILY_FOREIGN_INVESTMENT,2026-08-21T09:59:05.591Z
2022-04-18,2317,鴻海,13862990609,6175058360,44.54,7687932249,55.45,100,TWSE_MI_QFIIS_DAILY_FOREIGN_INVESTMENT,2026-08-21T09:59:05.591Z
2022-04-18,2330,台積電,25931767458,18937017674,73.02,6994749784,26.97,100,TWSE_MI_QFIIS_DAILY_FOREIGN_INVESTMENT,2026-08-21T09:59:05.591Z
2022-04-18,2454,聯發科,1599029833,1040611334,65.07,558418499,34.92,100,TWSE_MI_QFIIS_DAILY_FOREIGN_INVESTMENT,2026-08-21T09:59:05.591Z
2022-04-19,0050,元大台灣50,1629000000,44280106,2.71,1584719894,97.28,100,TWSE_MI_QFIIS_DAILY_FOREIGN_INVESTMENT,2026-08-21T09:59:05.591Z
2022-04-19,2317,鴻海,13862990609,6167078504,44.48,7695912105,55.51,100,TWSE_MI_QFIIS_DAILY_FOREIGN_INVESTMENT,2026-08-21T09:59:05.591Z
2022-04-19,2330,台積電,25931767458,18937366644,73.02,6994400814,26.97,100,TWSE_MI_QFIIS_DAILY_FOREIGN_INVESTMENT,2026-08-21T09:59:05.591Z
2022-04-19,2454,聯發科,1599029833,1039656126,65.01,559373707,34.98,100,TWSE_MI_QFIIS_DAILY_FOREIGN_INVESTMENT,2026-08-21T09:59:05.591Z
2022-04-20,0050,元大台灣50,1639500000,58150493,3.54,1581349507,96.45,100,TWSE_MI_QFIIS_DAILY_FOREIGN_INVESTMENT,2026-08-21T09:59:05.591Z
2022-04-20,2317,鴻海,13862990609,6162281455,44.45,7700709154,55.54,100,TWSE_MI_QFIIS_DAILY_FOREIGN_INVESTMENT,2026-08-21T09:59:05.591Z
2022-04-20,2330,台積電,25931767458,18939261833,73.03,6992505625,26.96,100,TWSE_MI_QFIIS_DAILY_FOREIGN_INVESTMENT,2026-08-21T09:59:05.591Z
2022-04-20,2454,聯發科,1599029833,1037911921,64.9,561117912,35.09,100,TWSE_MI_QFIIS_DAILY_FOREIGN_INVESTMENT,2026-08-21T09:59:05.591Z
2022-04-21,0050,元大台灣50,1639500000,50432574,3.07,1589067426,96.92,100,TWSE_MI_QFIIS_DAILY_FOREIGN_INVESTMENT,2026-08-21T09:59:05.591Z
2022-04-21,2317,鴻海,13862990609,6163434065,44.45,7699556544,55.54,100,TWSE_MI_QFIIS_DAILY_FOREIGN_INVESTMENT,2026-08-21T09:59:05.591Z
2022-04-21,2330,台積電,25931767458,18936664270,73.02,6995103188,26.97,100,TWSE_MI_QFIIS_DAILY_FOREIGN_INVESTMENT,2026-08-21T09:59:05.591Z
2022-04-21,2454,聯發科,1599029833,1037895545,64.9,561134288,35.09,100,TWSE_MI_QFIIS_DAILY_FOREIGN_INVESTMENT,2026-08-21T09:59:05.591Z
2022-04-22,0050,元大台灣50,1647000000,40508299,2.45,1606491701,97.54,100,TWSE_MI_QFIIS_DAILY_FOREIGN_INVESTMENT,2026-08-21T09:59:05.591Z
2022-04-22,2317,鴻海,13862990609,6167459474,44.48,7695531135,55.51,100,TWSE_MI_QFIIS_DAILY_FOREIGN_INVESTMENT,2026-08-21T09:59:05.591Z
2022-04-22,2330,台積電,25931767458,18920305401,72.96,7011462057,27.03,100,TWSE_MI_QFIIS_DAILY_FOREIGN_INVESTMENT,2026-08-21T09:59:05.591Z
2022-04-22,2454,聯發科,1599029833,1035879723,64.78,563150110,35.21,100,TWSE_MI_QFIIS_DAILY_FOREIGN_INVESTMENT,2026-08-21T09:59:05.591Z
2022-04-25,0050,元大台灣50,1659500000,25401996,1.53,1634098004,98.46,100,TWSE_MI_QFIIS_DAILY_FOREIGN_INVESTMENT,2026-08-21T09:59:05.591Z
2022-04-25,2317,鴻海,13862990609,6141673066,44.3,7721317543,55.69,100,TWSE_MI_QFIIS_DAILY_FOREIGN_INVESTMENT,2026-08-21T09:59:05.591Z
2022-04-25,2330,台積電,25931767458,18895839874,72.86,7035927584,27.13,100,TWSE_MI_QFIIS_DAILY_FOREIGN_INVESTMENT,2026-08-21T09:59:05.591Z
2022-04-25,2454,聯發科,1599029833,1033218752,64.61,565811081,35.38,100,TWSE_MI_QFIIS_DAILY_FOREIGN_INVESTMENT,2026-08-21T09:59:05.591Z
2022-04-26,0050,元大台灣50,1665000000,27537546,1.65,1637462454,98.34,100,TWSE_MI_QFIIS_DAILY_FOREIGN_INVESTMENT,2026-08-21T09:59:05.591Z
2022-04-26,2317,鴻海,13862990609,6140956221,44.29,7722034388,55.7,100,TWSE_MI_QFIIS_DAILY_FOREIGN_INVESTMENT,2026-08-21T09:59:05.591Z
2022-04-26,2330,台積電,25931767458,18880781550,72.8,7050985908,27.19,100,TWSE_MI_QFIIS_DAILY_FOREIGN_INVESTMENT,2026-08-21T09:59:05.591Z
2022-04-26,2454,聯發科,1599029833,1030001062,64.41,569028771,35.58,100,TWSE_MI_QFIIS_DAILY_FOREIGN_INVESTMENT,2026-08-21T09:59:05.591Z
2022-04-27,0050,元大台灣50,1688000000,22895332,1.35,1665104668,98.64,100,TWSE_MI_QFIIS_DAILY_FOREIGN_INVESTMENT,2026-08-21T09:59:05.591Z
2022-04-27,2317,鴻海,13862990609,6138139508,44.27,7724851101,55.72,100,TWSE_MI_QFIIS_DAILY_FOREIGN_INVESTMENT,2026-08-21T09:59:05.591Z
2022-04-27,2330,台積電,25931767458,18852190786,72.69,7079576672,27.3,100,TWSE_MI_QFIIS_DAILY_FOREIGN_INVESTMENT,2026-08-21T09:59:05.591Z
2022-04-27,2454,聯發科,1599029833,1027082356,64.23,571947477,35.76,100,TWSE_MI_QFIIS_DAILY_FOREIGN_INVESTMENT,2026-08-21T09:59:05.591Z
2022-04-28,0050,元大台灣50,1689000000,23303133,1.37,1665696867,98.62,100,TWSE_MI_QFIIS_DAILY_FOREIGN_INVESTMENT,2026-08-21T09:59:05.591Z
2022-04-28,2317,鴻海,13862990609,6132141849,44.23,7730848760,55.76,100,TWSE_MI_QFIIS_DAILY_FOREIGN_INVESTMENT,2026-08-21T09:59:05.591Z
2022-04-28,2330,台積電,25931767458,18844027394,72.66,7087740064,27.33,100,TWSE_MI_QFIIS_DAILY_FOREIGN_INVESTMENT,2026-08-21T09:59:05.591Z
2022-04-28,2454,聯發科,1599029833,1025472057,64.13,573557776,35.86,100,TWSE_MI_QFIIS_DAILY_FOREIGN_INVESTMENT,2026-08-21T09:59:05.591Z
2022-04-29,0050,元大台灣50,1694500000,27497482,1.62,1667002518,98.37,100,TWSE_MI_QFIIS_DAILY_FOREIGN_INVESTMENT,2026-08-21T09:59:05.591Z
2022-04-29,2317,鴻海,13862990609,6132727191,44.23,7730263418,55.76,100,TWSE_MI_QFIIS_DAILY_FOREIGN_INVESTMENT,2026-08-21T09:59:05.591Z
2022-04-29,2330,台積電,25931767458,18842496875,72.66,7089270583,27.33,100,TWSE_MI_QFIIS_DAILY_FOREIGN_INVESTMENT,2026-08-21T09:59:05.591Z
2022-04-29,2454,聯發科,1599029833,1023814659,64.02,575215174,35.97,100,TWSE_MI_QFIIS_DAILY_FOREIGN_INVESTMENT,2026-08-21T09:59:05.591Z
2022-05-03,0050,元大台灣50,1694500000,25885863,1.52,1668614137,98.47,100,TWSE_MI_QFIIS_DAILY_FOREIGN_INVESTMENT,2026-08-21T09:59:05.591Z
2022-05-03,2317,鴻海,13862990609,6136093250,44.26,7726897359,55.73,100,TWSE_MI_QFIIS_DAILY_FOREIGN_INVESTMENT,2026-08-21T09:59:05.591Z
2022-05-03,2330,台積電,25931767458,18839199797,72.64,7092567661,27.35,100,TWSE_MI_QFIIS_DAILY_FOREIGN_INVESTMENT,2026-08-21T09:59:05.591Z
2022-05-03,2454,聯發科,1599029833,1021643598,63.89,577386235,36.1,100,TWSE_MI_QFIIS_DAILY_FOREIGN_INVESTMENT,2026-08-21T09:59:05.591Z
2022-05-04,0050,元大台灣50,1694500000,28088777,1.65,1666411223,98.34,100,TWSE_MI_QFIIS_DAILY_FOREIGN_INVESTMENT,2026-08-21T09:59:05.591Z
2022-05-04,2317,鴻海,13862990609,6142578439,44.3,7720412170,55.69,100,TWSE_MI_QFIIS_DAILY_FOREIGN_INVESTMENT,2026-08-21T09:59:05.591Z
2022-05-04,2330,台積電,25931767458,18836813084,72.63,7094954374,27.36,100,TWSE_MI_QFIIS_DAILY_FOREIGN_INVESTMENT,2026-08-21T09:59:05.591Z
2022-05-04,2454,聯發科,1599029833,1021561128,63.88,577468705,36.11,100,TWSE_MI_QFIIS_DAILY_FOREIGN_INVESTMENT,2026-08-21T09:59:05.591Z
2022-05-05,0050,元大台灣50,1694500000,27439662,1.61,1667060338,98.38,100,TWSE_MI_QFIIS_DAILY_FOREIGN_INVESTMENT,2026-08-21T09:59:05.591Z
2022-05-05,2317,鴻海,13862990609,6150622822,44.36,7712367787,55.63,100,TWSE_MI_QFIIS_DAILY_FOREIGN_INVESTMENT,2026-08-21T09:59:05.591Z
2022-05-05,2330,台積電,25931767458,18838297044,72.64,7093470414,27.35,100,TWSE_MI_QFIIS_DAILY_FOREIGN_INVESTMENT,2026-08-21T09:59:05.591Z
2022-05-05,2454,聯發科,1599029833,1021012902,63.85,578016931,36.14,100,TWSE_MI_QFIIS_DAILY_FOREIGN_INVESTMENT,2026-08-21T09:59:05.591Z
2022-05-06,0050,元大台灣50,1704500000,14962410,0.87,1689537590,99.12,100,TWSE_MI_QFIIS_DAILY_FOREIGN_INVESTMENT,2026-08-21T09:59:05.591Z
2022-05-06,2317,鴻海,13862990609,6151994350,44.37,7710996259,55.62,100,TWSE_MI_QFIIS_DAILY_FOREIGN_INVESTMENT,2026-08-21T09:59:05.591Z
2022-05-06,2330,台積電,25931767458,18828283717,72.6,7103483741,27.39,100,TWSE_MI_QFIIS_DAILY_FOREIGN_INVESTMENT,2026-08-21T09:59:05.591Z
2022-05-06,2454,聯發科,1599029833,1019816967,63.77,579212866,36.22,100,TWSE_MI_QFIIS_DAILY_FOREIGN_INVESTMENT,2026-08-21T09:59:05.591Z
2022-05-09,0050,元大台灣50,1718000000,19965287,1.16,1698034713,98.83,100,TWSE_MI_QFIIS_DAILY_FOREIGN_INVESTMENT,2026-08-21T09:59:05.591Z
2022-05-09,2317,鴻海,13862990609,6147790832,44.34,7715199777,55.65,100,TWSE_MI_QFIIS_DAILY_FOREIGN_INVESTMENT,2026-08-21T09:59:05.591Z
2022-05-09,2330,台積電,25931767458,18818056732,72.56,7113710726,27.43,100,TWSE_MI_QFIIS_DAILY_FOREIGN_INVESTMENT,2026-08-21T09:59:05.591Z
2022-05-09,2454,聯發科,1599029833,1018194057,63.67,580835776,36.32,100,TWSE_MI_QFIIS_DAILY_FOREIGN_INVESTMENT,2026-08-21T09:59:05.591Z
2022-05-10,0050,元大台灣50,1719000000,19512425,1.13,1699487575,98.86,100,TWSE_MI_QFIIS_DAILY_FOREIGN_INVESTMENT,2026-08-21T09:59:05.591Z
2022-05-10,2317,鴻海,13862990609,6149132049,44.35,7713858560,55.64,100,TWSE_MI_QFIIS_DAILY_FOREIGN_INVESTMENT,2026-08-21T09:59:05.591Z
2022-05-10,2330,台積電,25931767458,18809855689,72.53,7121911769,27.46,100,TWSE_MI_QFIIS_DAILY_FOREIGN_INVESTMENT,2026-08-21T09:59:05.591Z
2022-05-10,2454,聯發科,1599029833,1016782673,63.58,582247160,36.41,100,TWSE_MI_QFIIS_DAILY_FOREIGN_INVESTMENT,2026-08-21T09:59:05.591Z
2022-05-11,0050,元大台灣50,1724000000,22192073,1.28,1701807927,98.71,100,TWSE_MI_QFIIS_DAILY_FOREIGN_INVESTMENT,2026-08-21T09:59:05.591Z
2022-05-11,2317,鴻海,13862990609,6143621334,44.31,7719369275,55.68,100,TWSE_MI_QFIIS_DAILY_FOREIGN_INVESTMENT,2026-08-21T09:59:05.591Z
2022-05-11,2330,台積電,25931767458,18806457639,72.52,7125309819,27.47,100,TWSE_MI_QFIIS_DAILY_FOREIGN_INVESTMENT,2026-08-21T09:59:05.591Z
2022-05-11,2454,聯發科,1599029833,1016871184,63.59,582158649,36.4,100,TWSE_MI_QFIIS_DAILY_FOREIGN_INVESTMENT,2026-08-21T09:59:05.591Z
2022-05-12,0050,元大台灣50,1724000000,14659645,0.85,1709340355,99.14,100,TWSE_MI_QFIIS_DAILY_FOREIGN_INVESTMENT,2026-08-21T09:59:05.591Z
2022-05-12,2317,鴻海,13862990609,6141195521,44.29,7721795088,55.7,100,TWSE_MI_QFIIS_DAILY_FOREIGN_INVESTMENT,2026-08-21T09:59:05.591Z
2022-05-12,2330,台積電,25931767458,18794279634,72.47,7137487824,27.52,100,TWSE_MI_QFIIS_DAILY_FOREIGN_INVESTMENT,2026-08-21T09:59:05.591Z
2022-05-12,2454,聯發科,1599029833,1016748241,63.58,582281592,36.41,100,TWSE_MI_QFIIS_DAILY_FOREIGN_INVESTMENT,2026-08-21T09:59:05.591Z
2022-05-13,0050,元大台灣50,1722500000,13500290,0.78,1708999710,99.21,100,TWSE_MI_QFIIS_DAILY_FOREIGN_INVESTMENT,2026-08-21T09:59:05.591Z
2022-05-13,2317,鴻海,13862990609,6143812452,44.31,7719178157,55.68,100,TWSE_MI_QFIIS_DAILY_FOREIGN_INVESTMENT,2026-08-21T09:59:05.591Z
2022-05-13,2330,台積電,25931767458,18790326113,72.46,7141441345,27.53,100,TWSE_MI_QFIIS_DAILY_FOREIGN_INVESTMENT,2026-08-21T09:59:05.591Z
2022-05-13,2454,聯發科,1599029833,1017461544,63.62,581568289,36.37,100,TWSE_MI_QFIIS_DAILY_FOREIGN_INVESTMENT,2026-08-21T09:59:05.591Z
2022-05-16,0050,元大台灣50,1727500000,12126221,0.7,1715373779,99.29,100,TWSE_MI_QFIIS_DAILY_FOREIGN_INVESTMENT,2026-08-21T09:59:05.591Z
2022-05-16,2317,鴻海,13862990609,6144190276,44.32,7718800333,55.67,100,TWSE_MI_QFIIS_DAILY_FOREIGN_INVESTMENT,2026-08-21T09:59:05.591Z
2022-05-16,2330,台積電,25931767458,18795385775,72.48,7136381683,27.51,100,TWSE_MI_QFIIS_DAILY_FOREIGN_INVESTMENT,2026-08-21T09:59:05.591Z
2022-05-16,2454,聯發科,1599029833,1016199630,63.55,582830203,36.44,100,TWSE_MI_QFIIS_DAILY_FOREIGN_INVESTMENT,2026-08-21T09:59:05.591Z
2022-05-17,0050,元大台灣50,1727500000,16158728,0.93,1711341272,99.06,100,TWSE_MI_QFIIS_DAILY_FOREIGN_INVESTMENT,2026-08-21T09:59:05.591Z
2022-05-17,2317,鴻海,13862990609,6148218806,44.34,7714771803,55.65,100,TWSE_MI_QFIIS_DAILY_FOREIGN_INVESTMENT,2026-08-21T09:59:05.591Z
2022-05-17,2330,台積電,25931767458,18796409849,72.48,7135357609,27.51,100,TWSE_MI_QFIIS_DAILY_FOREIGN_INVESTMENT,2026-08-21T09:59:05.591Z
2022-05-17,2454,聯發科,1599088292,1017154664,63.6,581933628,36.39,100,TWSE_MI_QFIIS_DAILY_FOREIGN_INVESTMENT,2026-08-21T09:59:05.591Z
2022-05-18,0050,元大台灣50,1728000000,13385117,0.77,1714614883,99.22,100,TWSE_MI_QFIIS_DAILY_FOREIGN_INVESTMENT,2026-08-21T09:59:05.591Z
2022-05-18,2317,鴻海,13862990609,6169460663,44.5,7693529946,55.49,100,TWSE_MI_QFIIS_DAILY_FOREIGN_INVESTMENT,2026-08-21T09:59:05.591Z
2022-05-18,2330,台積電,25931767458,18798764219,72.49,7133003239,27.5,100,TWSE_MI_QFIIS_DAILY_FOREIGN_INVESTMENT,2026-08-21T09:59:05.591Z
2022-05-18,2454,聯發科,1599088292,1017927915,63.65,581160377,36.34,100,TWSE_MI_QFIIS_DAILY_FOREIGN_INVESTMENT,2026-08-21T09:59:05.591Z
2022-05-19,0050,元大台灣50,1738000000,7454294,0.42,1730545706,99.57,100,TWSE_MI_QFIIS_DAILY_FOREIGN_INVESTMENT,2026-08-21T09:59:05.591Z
2022-05-19,2317,鴻海,13862990609,6176321949,44.55,7686668660,55.44,100,TWSE_MI_QFIIS_DAILY_FOREIGN_INVESTMENT,2026-08-21T09:59:05.591Z
2022-05-19,2330,台積電,25931767458,18788060498,72.45,7143706960,27.54,100,TWSE_MI_QFIIS_DAILY_FOREIGN_INVESTMENT,2026-08-21T09:59:05.591Z
2022-05-19,2454,聯發科,1599085195,1017768713,63.64,581316482,36.35,100,TWSE_MI_QFIIS_DAILY_FOREIGN_INVESTMENT,2026-08-21T09:59:05.591Z
2022-05-20,0050,元大台灣50,1739500000,14787532,0.85,1724712468,99.14,100,TWSE_MI_QFIIS_DAILY_FOREIGN_INVESTMENT,2026-08-21T09:59:05.591Z
2022-05-20,2317,鴻海,13862990609,6187728418,44.63,7675262191,55.36,100,TWSE_MI_QFIIS_DAILY_FOREIGN_INVESTMENT,2026-08-21T09:59:05.591Z
2022-05-20,2330,台積電,25931767458,18790642391,72.46,7141125067,27.53,100,TWSE_MI_QFIIS_DAILY_FOREIGN_INVESTMENT,2026-08-21T09:59:05.591Z
2022-05-20,2454,聯發科,1599085195,1017810812,63.64,581274383,36.35,100,TWSE_MI_QFIIS_DAILY_FOREIGN_INVESTMENT,2026-08-21T09:59:05.591Z
2022-05-23,0050,元大台灣50,1739500000,14571321,0.83,1724928679,99.16,100,TWSE_MI_QFIIS_DAILY_FOREIGN_INVESTMENT,2026-08-21T09:59:05.591Z
2022-05-23,2317,鴻海,13862990609,6192336568,44.66,7670654041,55.33,100,TWSE_MI_QFIIS_DAILY_FOREIGN_INVESTMENT,2026-08-21T09:59:05.591Z
2022-05-23,2330,台積電,25930380458,18790777313,72.46,7139603145,27.53,100,TWSE_MI_QFIIS_DAILY_FOREIGN_INVESTMENT,2026-08-21T09:59:05.591Z
2022-05-23,2454,聯發科,1599085195,1018044807,63.66,581040388,36.33,100,TWSE_MI_QFIIS_DAILY_FOREIGN_INVESTMENT,2026-08-21T09:59:05.591Z
2022-05-24,0050,元大台灣50,1739500000,13708020,0.78,1725791980,99.21,100,TWSE_MI_QFIIS_DAILY_FOREIGN_INVESTMENT,2026-08-21T09:59:05.591Z
2022-05-24,2317,鴻海,13862990609,6188421205,44.63,7674569404,55.36,100,TWSE_MI_QFIIS_DAILY_FOREIGN_INVESTMENT,2026-08-21T09:59:05.591Z
2022-05-24,2330,台積電,25930380458,18786707900,72.45,7143672558,27.54,100,TWSE_MI_QFIIS_DAILY_FOREIGN_INVESTMENT,2026-08-21T09:59:05.591Z
2022-05-24,2454,聯發科,1599085195,1017692511,63.64,581392684,36.35,100,TWSE_MI_QFIIS_DAILY_FOREIGN_INVESTMENT,2026-08-21T09:59:05.591Z
2022-05-25,0050,元大台灣50,1739500000,14219385,0.81,1725280615,99.18,100,TWSE_MI_QFIIS_DAILY_FOREIGN_INVESTMENT,2026-08-21T09:59:05.591Z
2022-05-25,2317,鴻海,13862990609,6199505540,44.71,7663485069,55.28,100,TWSE_MI_QFIIS_DAILY_FOREIGN_INVESTMENT,2026-08-21T09:59:05.591Z
2022-05-25,2330,台積電,25930380458,18782743314,72.43,7147637144,27.56,100,TWSE_MI_QFIIS_DAILY_FOREIGN_INVESTMENT,2026-08-21T09:59:05.591Z
2022-05-25,2454,聯發科,1599085195,1018312687,63.68,580772508,36.31,100,TWSE_MI_QFIIS_DAILY_FOREIGN_INVESTMENT,2026-08-21T09:59:05.591Z
2022-05-26,0050,元大台灣50,1745000000,10914283,0.62,1734085717,99.37,100,TWSE_MI_QFIIS_DAILY_FOREIGN_INVESTMENT,2026-08-21T09:59:05.591Z
2022-05-26,2317,鴻海,13862990609,6199244403,44.71,7663746206,55.28,100,TWSE_MI_QFIIS_DAILY_FOREIGN_INVESTMENT,2026-08-21T09:59:05.591Z
2022-05-26,2330,台積電,25930380458,18769094612,72.38,7161285846,27.61,100,TWSE_MI_QFIIS_DAILY_FOREIGN_INVESTMENT,2026-08-21T09:59:05.591Z
2022-05-26,2454,聯發科,1599085195,1017393160,63.62,581692035,36.37,100,TWSE_MI_QFIIS_DAILY_FOREIGN_INVESTMENT,2026-08-21T09:59:05.591Z
2022-05-27,0050,元大台灣50,1747000000,18371655,1.05,1728628345,98.94,100,TWSE_MI_QFIIS_DAILY_FOREIGN_INVESTMENT,2026-08-21T09:59:05.591Z
2022-05-27,2317,鴻海,13862990609,6211116927,44.8,7651873682,55.19,100,TWSE_MI_QFIIS_DAILY_FOREIGN_INVESTMENT,2026-08-21T09:59:05.591Z
2022-05-27,2330,台積電,25930380458,18772946938,72.39,7157433520,27.6,100,TWSE_MI_QFIIS_DAILY_FOREIGN_INVESTMENT,2026-08-21T09:59:05.591Z
2022-05-27,2454,聯發科,1599085195,1018368017,63.68,580717178,36.31,100,TWSE_MI_QFIIS_DAILY_FOREIGN_INVESTMENT,2026-08-21T09:59:05.591Z
2022-05-30,0050,元大台灣50,1748500000,18453165,1.05,1730046835,98.94,100,TWSE_MI_QFIIS_DAILY_FOREIGN_INVESTMENT,2026-08-21T09:59:05.591Z
2022-05-30,2317,鴻海,13862990609,6218777678,44.85,7644212931,55.14,100,TWSE_MI_QFIIS_DAILY_FOREIGN_INVESTMENT,2026-08-21T09:59:05.591Z
2022-05-30,2330,台積電,25930380458,18787351194,72.45,7143029264,27.54,100,TWSE_MI_QFIIS_DAILY_FOREIGN_INVESTMENT,2026-08-21T09:59:05.591Z
2022-05-30,2454,聯發科,1599085195,1020510536,63.81,578574659,36.18,100,TWSE_MI_QFIIS_DAILY_FOREIGN_INVESTMENT,2026-08-21T09:59:05.591Z
2022-05-31,0050,元大台灣50,1748500000,20681199,1.18,1727818801,98.81,100,TWSE_MI_QFIIS_DAILY_FOREIGN_INVESTMENT,2026-08-21T09:59:05.591Z
2022-05-31,2317,鴻海,13862990609,6249468818,45.08,7613521791,54.91,100,TWSE_MI_QFIIS_DAILY_FOREIGN_INVESTMENT,2026-08-21T09:59:05.591Z
2022-05-31,2330,台積電,25930380458,18801785899,72.5,7128594559,27.49,100,TWSE_MI_QFIIS_DAILY_FOREIGN_INVESTMENT,2026-08-21T09:59:05.591Z
2022-05-31,2454,聯發科,1599085195,1022689237,63.95,576395958,36.04,100,TWSE_MI_QFIIS_DAILY_FOREIGN_INVESTMENT,2026-08-21T09:59:05.591Z
2022-06-01,0050,元大台灣50,1745500000,19353555,1.1,1726146445,98.89,100,TWSE_MI_QFIIS_DAILY_FOREIGN_INVESTMENT,2026-08-21T09:59:05.591Z
2022-06-01,2317,鴻海,13862990609,6258539525,45.14,7604451084,54.85,100,TWSE_MI_QFIIS_DAILY_FOREIGN_INVESTMENT,2026-08-21T09:59:05.591Z
2022-06-01,2330,台積電,25930380458,18797721056,72.49,7132659402,27.5,100,TWSE_MI_QFIIS_DAILY_FOREIGN_INVESTMENT,2026-08-21T09:59:05.591Z
2022-06-01,2454,聯發科,1599085195,1022814172,63.96,576271023,36.03,100,TWSE_MI_QFIIS_DAILY_FOREIGN_INVESTMENT,2026-08-21T09:59:05.591Z
2022-06-02,0050,元大台灣50,1770500000,37882012,2.13,1732617988,97.86,100,TWSE_MI_QFIIS_DAILY_FOREIGN_INVESTMENT,2026-08-21T09:59:05.591Z
2022-06-02,2317,鴻海,13862990609,6257287316,45.13,7605703293,54.86,100,TWSE_MI_QFIIS_DAILY_FOREIGN_INVESTMENT,2026-08-21T09:59:05.591Z
2022-06-02,2330,台積電,25930380458,18790338627,72.46,7140041831,27.53,100,TWSE_MI_QFIIS_DAILY_FOREIGN_INVESTMENT,2026-08-21T09:59:05.591Z
2022-06-02,2454,聯發科,1599085195,1022751530,63.95,576333665,36.04,100,TWSE_MI_QFIIS_DAILY_FOREIGN_INVESTMENT,2026-08-21T09:59:05.591Z
2022-06-06,0050,元大台灣50,1770500000,41806130,2.36,1728693870,97.63,100,TWSE_MI_QFIIS_DAILY_FOREIGN_INVESTMENT,2026-08-21T09:59:05.591Z
2022-06-06,2317,鴻海,13862990609,6263024323,45.17,7599966286,54.82,100,TWSE_MI_QFIIS_DAILY_FOREIGN_INVESTMENT,2026-08-21T09:59:05.591Z
2022-06-06,2330,台積電,25930380458,18785880439,72.44,7144500019,27.55,100,TWSE_MI_QFIIS_DAILY_FOREIGN_INVESTMENT,2026-08-21T09:59:05.591Z
2022-06-06,2454,聯發科,1599085195,1021887246,63.9,577197949,36.09,100,TWSE_MI_QFIIS_DAILY_FOREIGN_INVESTMENT,2026-08-21T09:59:05.591Z
2022-06-07,0050,元大台灣50,1817500000,45713061,2.51,1771786939,97.48,100,TWSE_MI_QFIIS_DAILY_FOREIGN_INVESTMENT,2026-08-21T09:59:05.591Z
2022-06-07,2317,鴻海,13862990609,6256596191,45.13,7606394418,54.86,100,TWSE_MI_QFIIS_DAILY_FOREIGN_INVESTMENT,2026-08-21T09:59:05.591Z
2022-06-07,2330,台積電,25930380458,18780291871,72.42,7150088587,27.57,100,TWSE_MI_QFIIS_DAILY_FOREIGN_INVESTMENT,2026-08-21T09:59:05.591Z
2022-06-07,2454,聯發科,1599085195,1018764214,63.7,580320981,36.29,100,TWSE_MI_QFIIS_DAILY_FOREIGN_INVESTMENT,2026-08-21T09:59:05.591Z
2022-06-08,0050,元大台灣50,1883000000,92727999,4.92,1790272001,95.07,100,TWSE_MI_QFIIS_DAILY_FOREIGN_INVESTMENT,2026-08-21T09:59:05.591Z
2022-06-08,2317,鴻海,13862990609,6259195963,45.15,7603794646,54.84,100,TWSE_MI_QFIIS_DAILY_FOREIGN_INVESTMENT,2026-08-21T09:59:05.591Z
2022-06-08,2330,台積電,25930380458,18779856499,72.42,7150523959,27.57,100,TWSE_MI_QFIIS_DAILY_FOREIGN_INVESTMENT,2026-08-21T09:59:05.591Z
2022-06-08,2454,聯發科,1599085195,1020213694,63.79,578871501,36.2,100,TWSE_MI_QFIIS_DAILY_FOREIGN_INVESTMENT,2026-08-21T09:59:05.591Z
2022-06-09,0050,元大台灣50,1929000000,158129209,8.19,1770870791,91.8,100,TWSE_MI_QFIIS_DAILY_FOREIGN_INVESTMENT,2026-08-21T09:59:05.591Z
2022-06-09,2317,鴻海,13862990609,6254518670,45.11,7608471939,54.88,100,TWSE_MI_QFIIS_DAILY_FOREIGN_INVESTMENT,2026-08-21T09:59:05.591Z
2022-06-09,2330,台積電,25930380458,18768142341,72.37,7162238117,27.62,100,TWSE_MI_QFIIS_DAILY_FOREIGN_INVESTMENT,2026-08-21T09:59:05.591Z
2022-06-09,2454,聯發科,1599085195,1017380622,63.62,581704573,36.37,100,TWSE_MI_QFIIS_DAILY_FOREIGN_INVESTMENT,2026-08-21T09:59:05.591Z
2022-06-10,0050,元大台灣50,1943000000,215400913,11.08,1727599087,88.91,100,TWSE_MI_QFIIS_DAILY_FOREIGN_INVESTMENT,2026-08-21T09:59:05.591Z
2022-06-10,2317,鴻海,13862990609,6242702243,45.03,7620288366,54.96,100,TWSE_MI_QFIIS_DAILY_FOREIGN_INVESTMENT,2026-08-21T09:59:05.591Z
2022-06-10,2330,台積電,25930380458,18747042924,72.29,7183337534,27.7,100,TWSE_MI_QFIIS_DAILY_FOREIGN_INVESTMENT,2026-08-21T09:59:05.591Z
2022-06-10,2454,聯發科,1599085195,1015861302,63.52,583223893,36.47,100,TWSE_MI_QFIIS_DAILY_FOREIGN_INVESTMENT,2026-08-21T09:59:05.591Z
2022-06-13,0050,元大台灣50,1956000000,202713057,10.36,1753286943,89.63,100,TWSE_MI_QFIIS_DAILY_FOREIGN_INVESTMENT,2026-08-21T09:59:05.591Z
2022-06-13,2317,鴻海,13862990609,6239452992,45,7623537617,54.99,100,TWSE_MI_QFIIS_DAILY_FOREIGN_INVESTMENT,2026-08-21T09:59:05.591Z
2022-06-13,2330,台積電,25930380458,18723839854,72.2,7206540604,27.79,100,TWSE_MI_QFIIS_DAILY_FOREIGN_INVESTMENT,2026-08-21T09:59:05.591Z
2022-06-13,2454,聯發科,1599085195,1011457998,63.25,587627197,36.74,100,TWSE_MI_QFIIS_DAILY_FOREIGN_INVESTMENT,2026-08-21T09:59:05.591Z
2022-06-14,0050,元大台灣50,2059500000,245370153,11.91,1814129847,88.08,100,TWSE_MI_QFIIS_DAILY_FOREIGN_INVESTMENT,2026-08-21T09:59:05.591Z
2022-06-14,2317,鴻海,13862990609,6233952332,44.96,7629038277,55.03,100,TWSE_MI_QFIIS_DAILY_FOREIGN_INVESTMENT,2026-08-21T09:59:05.591Z
2022-06-14,2330,台積電,25930380458,18700698328,72.11,7229682130,27.88,100,TWSE_MI_QFIIS_DAILY_FOREIGN_INVESTMENT,2026-08-21T09:59:05.591Z
2022-06-14,2454,聯發科,1599085195,1008290813,63.05,590794382,36.94,100,TWSE_MI_QFIIS_DAILY_FOREIGN_INVESTMENT,2026-08-21T09:59:05.591Z
2022-06-15,0050,元大台灣50,1928000000,186110634,9.65,1741889366,90.34,100,TWSE_MI_QFIIS_DAILY_FOREIGN_INVESTMENT,2026-08-21T09:59:05.591Z
2022-06-15,2317,鴻海,13862990609,6234222829,44.97,7628767780,55.02,100,TWSE_MI_QFIIS_DAILY_FOREIGN_INVESTMENT,2026-08-21T09:59:05.591Z
2022-06-15,2330,台積電,25930380458,18693610515,72.09,7236769943,27.9,100,TWSE_MI_QFIIS_DAILY_FOREIGN_INVESTMENT,2026-08-21T09:59:05.591Z
2022-06-15,2454,聯發科,1599085195,1006963374,62.97,592121821,37.02,100,TWSE_MI_QFIIS_DAILY_FOREIGN_INVESTMENT,2026-08-21T09:59:05.591Z
2022-06-16,0050,元大台灣50,1923000000,181411976,9.43,1741588024,90.56,100,TWSE_MI_QFIIS_DAILY_FOREIGN_INVESTMENT,2026-08-21T09:59:05.591Z
2022-06-16,2317,鴻海,13862990609,6237148425,44.99,7625842184,55,100,TWSE_MI_QFIIS_DAILY_FOREIGN_INVESTMENT,2026-08-21T09:59:05.591Z
2022-06-16,2330,台積電,25930380458,18697258547,72.1,7233121911,27.89,100,TWSE_MI_QFIIS_DAILY_FOREIGN_INVESTMENT,2026-08-21T09:59:05.591Z
2022-06-16,2454,聯發科,1599085195,1006208638,62.92,592876557,37.07,100,TWSE_MI_QFIIS_DAILY_FOREIGN_INVESTMENT,2026-08-21T09:59:05.591Z
2022-06-17,0050,元大台灣50,1923500000,169234616,8.79,1754265384,91.2,100,TWSE_MI_QFIIS_DAILY_FOREIGN_INVESTMENT,2026-08-21T09:59:05.591Z
2022-06-17,2317,鴻海,13862990609,6231924227,44.95,7631066382,55.04,100,TWSE_MI_QFIIS_DAILY_FOREIGN_INVESTMENT,2026-08-21T09:59:05.591Z
2022-06-17,2330,台積電,25930380458,18679472368,72.03,7250908090,27.96,100,TWSE_MI_QFIIS_DAILY_FOREIGN_INVESTMENT,2026-08-21T09:59:05.591Z
2022-06-17,2454,聯發科,1599085195,1001550931,62.63,597534264,37.36,100,TWSE_MI_QFIIS_DAILY_FOREIGN_INVESTMENT,2026-08-21T09:59:05.591Z
2022-06-20,0050,元大台灣50,1925500000,165553145,8.59,1759946855,91.4,100,TWSE_MI_QFIIS_DAILY_FOREIGN_INVESTMENT,2026-08-21T09:59:05.591Z
2022-06-20,2317,鴻海,13862990609,6233181330,44.96,7629809279,55.03,100,TWSE_MI_QFIIS_DAILY_FOREIGN_INVESTMENT,2026-08-21T09:59:05.591Z
2022-06-20,2330,台積電,25930380458,18664704479,71.98,7265675979,28.01,100,TWSE_MI_QFIIS_DAILY_FOREIGN_INVESTMENT,2026-08-21T09:59:05.591Z
2022-06-20,2454,聯發科,1599085195,998784663,62.45,600300532,37.54,100,TWSE_MI_QFIIS_DAILY_FOREIGN_INVESTMENT,2026-08-21T09:59:05.591Z
2022-06-21,0050,元大台灣50,1948500000,179729336,9.22,1768770664,90.77,100,TWSE_MI_QFIIS_DAILY_FOREIGN_INVESTMENT,2026-08-21T09:59:05.591Z
2022-06-21,2317,鴻海,13862990609,6232278563,44.95,7630712046,55.04,100,TWSE_MI_QFIIS_DAILY_FOREIGN_INVESTMENT,2026-08-21T09:59:05.591Z
2022-06-21,2330,台積電,25930380458,18666186687,71.98,7264193771,28.01,100,TWSE_MI_QFIIS_DAILY_FOREIGN_INVESTMENT,2026-08-21T09:59:05.591Z
2022-06-21,2454,聯發科,1599085195,997055554,62.35,602029641,37.64,100,TWSE_MI_QFIIS_DAILY_FOREIGN_INVESTMENT,2026-08-21T09:59:05.591Z
2022-06-22,0050,元大台灣50,1955000000,176416108,9.02,1778583892,90.97,100,TWSE_MI_QFIIS_DAILY_FOREIGN_INVESTMENT,2026-08-21T09:59:05.591Z
2022-06-22,2317,鴻海,13862990609,6222187799,44.88,7640802810,55.11,100,TWSE_MI_QFIIS_DAILY_FOREIGN_INVESTMENT,2026-08-21T09:59:05.591Z
2022-06-22,2330,台積電,25930380458,18657010125,71.95,7273370333,28.04,100,TWSE_MI_QFIIS_DAILY_FOREIGN_INVESTMENT,2026-08-21T09:59:05.591Z
2022-06-22,2454,聯發科,1599085195,989033908,61.84,610051287,38.15,100,TWSE_MI_QFIIS_DAILY_FOREIGN_INVESTMENT,2026-08-21T09:59:05.591Z
2022-06-23,0050,元大台灣50,1977000000,185095316,9.36,1791904684,90.63,100,TWSE_MI_QFIIS_DAILY_FOREIGN_INVESTMENT,2026-08-21T09:59:05.591Z
2022-06-23,2317,鴻海,13862990609,6210668149,44.8,7652322460,55.19,100,TWSE_MI_QFIIS_DAILY_FOREIGN_INVESTMENT,2026-08-21T09:59:05.591Z
2022-06-23,2330,台積電,25930380458,18648294969,71.91,7282085489,28.08,100,TWSE_MI_QFIIS_DAILY_FOREIGN_INVESTMENT,2026-08-21T09:59:05.591Z
2022-06-23,2454,聯發科,1599085195,987733125,61.76,611352070,38.23,100,TWSE_MI_QFIIS_DAILY_FOREIGN_INVESTMENT,2026-08-21T09:59:05.591Z
2022-06-24,0050,元大台灣50,1987000000,200427829,10.08,1786572171,89.91,100,TWSE_MI_QFIIS_DAILY_FOREIGN_INVESTMENT,2026-08-21T09:59:05.591Z
2022-06-24,2317,鴻海,13862990609,6211756303,44.8,7651234306,55.19,100,TWSE_MI_QFIIS_DAILY_FOREIGN_INVESTMENT,2026-08-21T09:59:05.591Z
2022-06-24,2330,台積電,25930380458,18644259053,71.9,7286121405,28.09,100,TWSE_MI_QFIIS_DAILY_FOREIGN_INVESTMENT,2026-08-21T09:59:05.591Z
2022-06-24,2454,聯發科,1599085195,984375661,61.55,614709534,38.44,100,TWSE_MI_QFIIS_DAILY_FOREIGN_INVESTMENT,2026-08-21T09:59:05.591Z
2022-06-27,0050,元大台灣50,2002500000,204699812,10.22,1797800188,89.77,100,TWSE_MI_QFIIS_DAILY_FOREIGN_INVESTMENT,2026-08-21T09:59:05.591Z
2022-06-27,2317,鴻海,13862990609,6208156751,44.78,7654833858,55.21,100,TWSE_MI_QFIIS_DAILY_FOREIGN_INVESTMENT,2026-08-21T09:59:05.591Z
2022-06-27,2330,台積電,25930380458,18650238838,71.92,7280141620,28.07,100,TWSE_MI_QFIIS_DAILY_FOREIGN_INVESTMENT,2026-08-21T09:59:05.591Z
2022-06-27,2454,聯發科,1599085195,985937338,61.65,613147857,38.34,100,TWSE_MI_QFIIS_DAILY_FOREIGN_INVESTMENT,2026-08-21T09:59:05.591Z
2022-06-28,0050,元大台灣50,2006000000,200776467,10,1805223533,89.99,100,TWSE_MI_QFIIS_DAILY_FOREIGN_INVESTMENT,2026-08-21T09:59:05.591Z
2022-06-28,2317,鴻海,13862990609,6208536032,44.78,7654454577,55.21,100,TWSE_MI_QFIIS_DAILY_FOREIGN_INVESTMENT,2026-08-21T09:59:05.591Z
2022-06-28,2330,台積電,25930380458,18644574254,71.9,7285806204,28.09,100,TWSE_MI_QFIIS_DAILY_FOREIGN_INVESTMENT,2026-08-21T09:59:05.591Z
2022-06-28,2454,聯發科,1599085195,983862760,61.52,615222435,38.47,100,TWSE_MI_QFIIS_DAILY_FOREIGN_INVESTMENT,2026-08-21T09:59:05.591Z
2022-06-29,0050,元大台灣50,2016000000,199150743,9.87,1816849257,90.12,100,TWSE_MI_QFIIS_DAILY_FOREIGN_INVESTMENT,2026-08-21T09:59:05.591Z
2022-06-29,2317,鴻海,13862990609,6204260706,44.75,7658729903,55.24,100,TWSE_MI_QFIIS_DAILY_FOREIGN_INVESTMENT,2026-08-21T09:59:05.591Z
2022-06-29,2330,台積電,25930380458,18638180427,71.87,7292200031,28.12,100,TWSE_MI_QFIIS_DAILY_FOREIGN_INVESTMENT,2026-08-21T09:59:05.591Z
2022-06-29,2454,聯發科,1599085195,984659649,61.57,614425546,38.42,100,TWSE_MI_QFIIS_DAILY_FOREIGN_INVESTMENT,2026-08-21T09:59:05.591Z
2022-06-30,0050,元大台灣50,2028000000,193316901,9.53,1834683099,90.46,100,TWSE_MI_QFIIS_DAILY_FOREIGN_INVESTMENT,2026-08-21T09:59:05.591Z
2022-06-30,2317,鴻海,13862990609,6193221157,44.67,7669769452,55.32,100,TWSE_MI_QFIIS_DAILY_FOREIGN_INVESTMENT,2026-08-21T09:59:05.591Z
2022-06-30,2330,台積電,25930380458,18625603489,71.82,7304776969,28.17,100,TWSE_MI_QFIIS_DAILY_FOREIGN_INVESTMENT,2026-08-21T09:59:05.591Z
2022-06-30,2454,聯發科,1599085195,983292559,61.49,615792636,38.5,100,TWSE_MI_QFIIS_DAILY_FOREIGN_INVESTMENT,2026-08-21T09:59:05.591Z
2022-07-01,0050,元大台灣50,2035000000,184799556,9.08,1850200444,90.91,100,TWSE_MI_QFIIS_DAILY_FOREIGN_INVESTMENT,2026-08-21T09:59:05.591Z
2022-07-01,2317,鴻海,13862990609,6175134511,44.54,7687856098,55.45,100,TWSE_MI_QFIIS_DAILY_FOREIGN_INVESTMENT,2026-08-21T09:59:05.591Z
2022-07-01,2330,台積電,25930380458,18613976668,71.78,7316403790,28.21,100,TWSE_MI_QFIIS_DAILY_FOREIGN_INVESTMENT,2026-08-21T09:59:05.591Z
2022-07-01,2454,聯發科,1599085195,982140641,61.41,616944554,38.58,100,TWSE_MI_QFIIS_DAILY_FOREIGN_INVESTMENT,2026-08-21T09:59:05.591Z
2022-07-04,0050,元大台灣50,2052000000,177715666,8.66,1874284334,91.33,100,TWSE_MI_QFIIS_DAILY_FOREIGN_INVESTMENT,2026-08-21T09:59:05.591Z
2022-07-04,2317,鴻海,13862990609,6167935071,44.49,7695055538,55.5,100,TWSE_MI_QFIIS_DAILY_FOREIGN_INVESTMENT,2026-08-21T09:59:05.591Z
2022-07-04,2330,台積電,25930380458,18609311613,71.76,7321068845,28.23,100,TWSE_MI_QFIIS_DAILY_FOREIGN_INVESTMENT,2026-08-21T09:59:05.591Z
2022-07-04,2454,聯發科,1599085195,981298902,61.36,617786293,38.63,100,TWSE_MI_QFIIS_DAILY_FOREIGN_INVESTMENT,2026-08-21T09:59:05.591Z
2022-07-05,0050,元大台灣50,2052000000,186704414,9.09,1865295586,90.9,100,TWSE_MI_QFIIS_DAILY_FOREIGN_INVESTMENT,2026-08-21T09:59:05.591Z
2022-07-05,2317,鴻海,13862990609,6175919762,44.54,7687070847,55.45,100,TWSE_MI_QFIIS_DAILY_FOREIGN_INVESTMENT,2026-08-21T09:59:05.591Z
2022-07-05,2330,台積電,25930380458,18613718956,71.78,7316661502,28.21,100,TWSE_MI_QFIIS_DAILY_FOREIGN_INVESTMENT,2026-08-21T09:59:05.591Z
2022-07-05,2454,聯發科,1599085195,980678052,61.32,618407143,38.67,100,TWSE_MI_QFIIS_DAILY_FOREIGN_INVESTMENT,2026-08-21T09:59:05.591Z
2022-07-06,0050,元大台灣50,2058000000,176905963,8.59,1881094037,91.4,100,TWSE_MI_QFIIS_DAILY_FOREIGN_INVESTMENT,2026-08-21T09:59:05.591Z
2022-07-06,2317,鴻海,13862990609,6171815325,44.52,7691175284,55.47,100,TWSE_MI_QFIIS_DAILY_FOREIGN_INVESTMENT,2026-08-21T09:59:05.591Z
2022-07-06,2330,台積電,25930380458,18615441316,71.79,7314939142,28.2,100,TWSE_MI_QFIIS_DAILY_FOREIGN_INVESTMENT,2026-08-21T09:59:05.591Z
2022-07-06,2454,聯發科,1599085195,980687651,61.32,618397544,38.67,100,TWSE_MI_QFIIS_DAILY_FOREIGN_INVESTMENT,2026-08-21T09:59:05.591Z
2022-07-07,0050,元大台灣50,2058000000,183350883,8.9,1874649117,91.09,100,TWSE_MI_QFIIS_DAILY_FOREIGN_INVESTMENT,2026-08-21T09:59:05.591Z
2022-07-07,2317,鴻海,13862990609,6178458213,44.56,7684532396,55.43,100,TWSE_MI_QFIIS_DAILY_FOREIGN_INVESTMENT,2026-08-21T09:59:05.591Z
2022-07-07,2330,台積電,25930380458,18632251429,71.85,7298129029,28.14,100,TWSE_MI_QFIIS_DAILY_FOREIGN_INVESTMENT,2026-08-21T09:59:05.591Z
2022-07-07,2454,聯發科,1599085195,981837501,61.39,617247694,38.6,100,TWSE_MI_QFIIS_DAILY_FOREIGN_INVESTMENT,2026-08-21T09:59:05.591Z
2022-07-08,0050,元大台灣50,2058000000,239775729,11.65,1818224271,88.34,100,TWSE_MI_QFIIS_DAILY_FOREIGN_INVESTMENT,2026-08-21T09:59:05.591Z
2022-07-08,2317,鴻海,13862990609,6172116123,44.52,7690874486,55.47,100,TWSE_MI_QFIIS_DAILY_FOREIGN_INVESTMENT,2026-08-21T09:59:05.591Z
2022-07-08,2330,台積電,25930380458,18635933728,71.86,7294446730,28.13,100,TWSE_MI_QFIIS_DAILY_FOREIGN_INVESTMENT,2026-08-21T09:59:05.591Z
2022-07-08,2454,聯發科,1599085195,983408702,61.49,615676493,38.5,100,TWSE_MI_QFIIS_DAILY_FOREIGN_INVESTMENT,2026-08-21T09:59:05.591Z
2022-07-11,0050,元大台灣50,2058000000,231483278,11.24,1826516722,88.75,100,TWSE_MI_QFIIS_DAILY_FOREIGN_INVESTMENT,2026-08-21T09:59:05.591Z
2022-07-11,2317,鴻海,13862990609,6169222210,44.5,7693768399,55.49,100,TWSE_MI_QFIIS_DAILY_FOREIGN_INVESTMENT,2026-08-21T09:59:05.591Z
2022-07-11,2330,台積電,25930380458,18642313887,71.89,7288066571,28.1,100,TWSE_MI_QFIIS_DAILY_FOREIGN_INVESTMENT,2026-08-21T09:59:05.591Z
2022-07-11,2454,聯發科,1599085195,983397732,61.49,615687463,38.5,100,TWSE_MI_QFIIS_DAILY_FOREIGN_INVESTMENT,2026-08-21T09:59:05.591Z
2022-07-12,0050,元大台灣50,2058000000,223776118,10.87,1834223882,89.12,100,TWSE_MI_QFIIS_DAILY_FOREIGN_INVESTMENT,2026-08-21T09:59:05.591Z
2022-07-12,2317,鴻海,13862990609,6164377756,44.46,7698612853,55.53,100,TWSE_MI_QFIIS_DAILY_FOREIGN_INVESTMENT,2026-08-21T09:59:05.591Z
2022-07-12,2330,台積電,25930380458,18641382311,71.89,7288998147,28.1,100,TWSE_MI_QFIIS_DAILY_FOREIGN_INVESTMENT,2026-08-21T09:59:05.591Z
2022-07-12,2454,聯發科,1599085195,984097202,61.54,614987993,38.45,100,TWSE_MI_QFIIS_DAILY_FOREIGN_INVESTMENT,2026-08-21T09:59:05.591Z
2022-07-13,0050,元大台灣50,2063000000,222470030,10.78,1840529970,89.21,100,TWSE_MI_QFIIS_DAILY_FOREIGN_INVESTMENT,2026-08-21T09:59:05.591Z
2022-07-13,2317,鴻海,13862990609,6163205027,44.45,7699785582,55.54,100,TWSE_MI_QFIIS_DAILY_FOREIGN_INVESTMENT,2026-08-21T09:59:05.591Z
2022-07-13,2330,台積電,25930380458,18646564860,71.91,7283815598,28.08,100,TWSE_MI_QFIIS_DAILY_FOREIGN_INVESTMENT,2026-08-21T09:59:05.591Z
2022-07-13,2454,聯發科,1599085195,984479219,61.56,614605976,38.43,100,TWSE_MI_QFIIS_DAILY_FOREIGN_INVESTMENT,2026-08-21T09:59:05.591Z
2022-07-14,0050,元大台灣50,2061000000,209795677,10.17,1851204323,89.82,100,TWSE_MI_QFIIS_DAILY_FOREIGN_INVESTMENT,2026-08-21T09:59:05.591Z
2022-07-14,2317,鴻海,13862990609,6173146506,44.52,7689844103,55.47,100,TWSE_MI_QFIIS_DAILY_FOREIGN_INVESTMENT,2026-08-21T09:59:05.591Z
2022-07-14,2330,台積電,25930380458,18642334103,71.89,7288046355,28.1,100,TWSE_MI_QFIIS_DAILY_FOREIGN_INVESTMENT,2026-08-21T09:59:05.591Z
2022-07-14,2454,聯發科,1599085195,984715106,61.57,614370089,38.42,100,TWSE_MI_QFIIS_DAILY_FOREIGN_INVESTMENT,2026-08-21T09:59:05.591Z
2022-07-15,0050,元大台灣50,2049500000,194019798,9.46,1855480202,90.53,100,TWSE_MI_QFIIS_DAILY_FOREIGN_INVESTMENT,2026-08-21T09:59:05.591Z
2022-07-15,2317,鴻海,13862990609,6172180282,44.52,7690810327,55.47,100,TWSE_MI_QFIIS_DAILY_FOREIGN_INVESTMENT,2026-08-21T09:59:05.591Z
2022-07-15,2330,台積電,25930380458,18648536036,71.91,7281844422,28.08,100,TWSE_MI_QFIIS_DAILY_FOREIGN_INVESTMENT,2026-08-21T09:59:05.591Z
2022-07-15,2454,聯發科,1599085195,984415296,61.56,614669899,38.43,100,TWSE_MI_QFIIS_DAILY_FOREIGN_INVESTMENT,2026-08-21T09:59:05.591Z
2022-07-18,0050,元大台灣50,2055000000,180470905,8.78,1874529095,91.21,100,TWSE_MI_QFIIS_DAILY_FOREIGN_INVESTMENT,2026-08-21T09:59:05.591Z
2022-07-18,2317,鴻海,13862990609,6170203758,44.5,7692786851,55.49,100,TWSE_MI_QFIIS_DAILY_FOREIGN_INVESTMENT,2026-08-21T09:59:05.591Z
2022-07-18,2330,台積電,25930380458,18648038822,71.91,7282341636,28.08,100,TWSE_MI_QFIIS_DAILY_FOREIGN_INVESTMENT,2026-08-21T09:59:05.591Z
2022-07-18,2454,聯發科,1599085195,985559703,61.63,613525492,38.36,100,TWSE_MI_QFIIS_DAILY_FOREIGN_INVESTMENT,2026-08-21T09:59:05.591Z
2022-07-19,0050,元大台灣50,2079000000,193822283,9.32,1885177717,90.67,100,TWSE_MI_QFIIS_DAILY_FOREIGN_INVESTMENT,2026-08-21T09:59:05.591Z
2022-07-19,2317,鴻海,13862990609,6166909733,44.48,7696080876,55.51,100,TWSE_MI_QFIIS_DAILY_FOREIGN_INVESTMENT,2026-08-21T09:59:05.591Z
2022-07-19,2330,台積電,25930380458,18644701886,71.9,7285678572,28.09,100,TWSE_MI_QFIIS_DAILY_FOREIGN_INVESTMENT,2026-08-21T09:59:05.591Z
2022-07-19,2454,聯發科,1599085195,985867724,61.65,613217471,38.34,100,TWSE_MI_QFIIS_DAILY_FOREIGN_INVESTMENT,2026-08-21T09:59:05.591Z
2022-07-20,0050,元大台灣50,2068500000,199967813,9.66,1868532187,90.33,100,TWSE_MI_QFIIS_DAILY_FOREIGN_INVESTMENT,2026-08-21T09:59:05.591Z
2022-07-20,2317,鴻海,13862990609,6163893920,44.46,7699096689,55.53,100,TWSE_MI_QFIIS_DAILY_FOREIGN_INVESTMENT,2026-08-21T09:59:05.591Z
2022-07-20,2330,台積電,25930380458,18643946861,71.9,7286433597,28.09,100,TWSE_MI_QFIIS_DAILY_FOREIGN_INVESTMENT,2026-08-21T09:59:05.591Z
2022-07-20,2454,聯發科,1599085195,986817367,61.71,612267828,38.28,100,TWSE_MI_QFIIS_DAILY_FOREIGN_INVESTMENT,2026-08-21T09:59:05.591Z
2022-07-21,0050,元大台灣50,2071000000,199864548,9.65,1871135452,90.34,100,TWSE_MI_QFIIS_DAILY_FOREIGN_INVESTMENT,2026-08-21T09:59:05.591Z
2022-07-21,2317,鴻海,13862990609,6167311727,44.48,7695678882,55.51,100,TWSE_MI_QFIIS_DAILY_FOREIGN_INVESTMENT,2026-08-21T09:59:05.591Z
2022-07-21,2330,台積電,25930380458,18649992053,71.92,7280388405,28.07,100,TWSE_MI_QFIIS_DAILY_FOREIGN_INVESTMENT,2026-08-21T09:59:05.591Z
2022-07-21,2454,聯發科,1599085195,989858060,61.9,609227135,38.09,100,TWSE_MI_QFIIS_DAILY_FOREIGN_INVESTMENT,2026-08-21T09:59:05.591Z
2022-07-22,0050,元大台灣50,2078000000,202268201,9.73,1875731799,90.26,100,TWSE_MI_QFIIS_DAILY_FOREIGN_INVESTMENT,2026-08-21T09:59:05.591Z
2022-07-22,2317,鴻海,13862990609,6174197836,44.53,7688792773,55.46,100,TWSE_MI_QFIIS_DAILY_FOREIGN_INVESTMENT,2026-08-21T09:59:05.591Z
2022-07-22,2330,台積電,25930380458,18658209655,71.95,7272170803,28.04,100,TWSE_MI_QFIIS_DAILY_FOREIGN_INVESTMENT,2026-08-21T09:59:05.591Z
2022-07-22,2454,聯發科,1599085195,988665521,61.82,610419674,38.17,100,TWSE_MI_QFIIS_DAILY_FOREIGN_INVESTMENT,2026-08-21T09:59:05.591Z
2022-07-25,0050,元大台灣50,2085500000,210893015,10.11,1874606985,89.88,100,TWSE_MI_QFIIS_DAILY_FOREIGN_INVESTMENT,2026-08-21T09:59:05.591Z
2022-07-25,2317,鴻海,13862990609,6189645146,44.64,7673345463,55.35,100,TWSE_MI_QFIIS_DAILY_FOREIGN_INVESTMENT,2026-08-21T09:59:05.591Z
2022-07-25,2330,台積電,25930380458,18660226943,71.96,7270153515,28.03,100,TWSE_MI_QFIIS_DAILY_FOREIGN_INVESTMENT,2026-08-21T09:59:05.591Z
2022-07-25,2454,聯發科,1599085195,987376839,61.74,611708356,38.25,100,TWSE_MI_QFIIS_DAILY_FOREIGN_INVESTMENT,2026-08-21T09:59:05.591Z
2022-07-26,0050,元大台灣50,2085000000,207924508,9.97,1877075492,90.02,100,TWSE_MI_QFIIS_DAILY_FOREIGN_INVESTMENT,2026-08-21T09:59:05.591Z
2022-07-26,2317,鴻海,13862990609,6196709298,44.69,7666281311,55.3,100,TWSE_MI_QFIIS_DAILY_FOREIGN_INVESTMENT,2026-08-21T09:59:05.591Z
2022-07-26,2330,台積電,25930380458,18660960827,71.96,7269419631,28.03,100,TWSE_MI_QFIIS_DAILY_FOREIGN_INVESTMENT,2026-08-21T09:59:05.591Z
2022-07-26,2454,聯發科,1599085195,987502737,61.75,611582458,38.24,100,TWSE_MI_QFIIS_DAILY_FOREIGN_INVESTMENT,2026-08-21T09:59:05.591Z
2022-07-27,0050,元大台灣50,2090000000,208544367,9.97,1881455633,90.02,100,TWSE_MI_QFIIS_DAILY_FOREIGN_INVESTMENT,2026-08-21T09:59:05.591Z
2022-07-27,2317,鴻海,13862990609,6204563650,44.75,7658426959,55.24,100,TWSE_MI_QFIIS_DAILY_FOREIGN_INVESTMENT,2026-08-21T09:59:05.591Z
2022-07-27,2330,台積電,25930380458,18663408764,71.97,7266971694,28.02,100,TWSE_MI_QFIIS_DAILY_FOREIGN_INVESTMENT,2026-08-21T09:59:05.591Z
2022-07-27,2454,聯發科,1599085195,987854521,61.77,611230674,38.22,100,TWSE_MI_QFIIS_DAILY_FOREIGN_INVESTMENT,2026-08-21T09:59:05.591Z
2022-07-28,0050,元大台灣50,2090000000,207004176,9.9,1882995824,90.09,100,TWSE_MI_QFIIS_DAILY_FOREIGN_INVESTMENT,2026-08-21T09:59:05.591Z
2022-07-28,2317,鴻海,13862990609,6204587617,44.75,7658402992,55.24,100,TWSE_MI_QFIIS_DAILY_FOREIGN_INVESTMENT,2026-08-21T09:59:05.591Z
2022-07-28,2330,台積電,25930380458,18668976878,71.99,7261403580,28,100,TWSE_MI_QFIIS_DAILY_FOREIGN_INVESTMENT,2026-08-21T09:59:05.591Z
2022-07-28,2454,聯發科,1599085195,988921335,61.84,610163860,38.15,100,TWSE_MI_QFIIS_DAILY_FOREIGN_INVESTMENT,2026-08-21T09:59:05.591Z
2022-07-29,0050,元大台灣50,2090000000,206084416,9.86,1883915584,90.13,100,TWSE_MI_QFIIS_DAILY_FOREIGN_INVESTMENT,2026-08-21T09:59:05.591Z
2022-07-29,2317,鴻海,13862990609,6208505532,44.78,7654485077,55.21,100,TWSE_MI_QFIIS_DAILY_FOREIGN_INVESTMENT,2026-08-21T09:59:05.591Z
2022-07-29,2330,台積電,25930380458,18681716801,72.04,7248663657,27.95,100,TWSE_MI_QFIIS_DAILY_FOREIGN_INVESTMENT,2026-08-21T09:59:05.591Z
2022-07-29,2454,聯發科,1599085195,989759092,61.89,609326103,38.1,100,TWSE_MI_QFIIS_DAILY_FOREIGN_INVESTMENT,2026-08-21T09:59:05.591Z
2022-08-01,0050,元大台灣50,2090000000,200197121,9.57,1889802879,90.42,100,TWSE_MI_QFIIS_DAILY_FOREIGN_INVESTMENT,2026-08-21T09:59:05.591Z
2022-08-01,2317,鴻海,13862990609,6208150938,44.78,7654839671,55.21,100,TWSE_MI_QFIIS_DAILY_FOREIGN_INVESTMENT,2026-08-21T09:59:05.591Z
2022-08-01,2330,台積電,25930380458,18675036498,72.01,7255343960,27.98,100,TWSE_MI_QFIIS_DAILY_FOREIGN_INVESTMENT,2026-08-21T09:59:05.591Z
2022-08-01,2454,聯發科,1599085195,990683599,61.95,608401596,38.04,100,TWSE_MI_QFIIS_DAILY_FOREIGN_INVESTMENT,2026-08-21T09:59:05.591Z
2022-08-02,0050,元大台灣50,2090000000,189996515,9.09,1900003485,90.9,100,TWSE_MI_QFIIS_DAILY_FOREIGN_INVESTMENT,2026-08-21T09:59:05.591Z
2022-08-02,2317,鴻海,13862990609,6199407780,44.71,7663582829,55.28,100,TWSE_MI_QFIIS_DAILY_FOREIGN_INVESTMENT,2026-08-21T09:59:05.591Z
2022-08-02,2330,台積電,25930380458,18665767844,71.98,7264612614,28.01,100,TWSE_MI_QFIIS_DAILY_FOREIGN_INVESTMENT,2026-08-21T09:59:05.591Z
2022-08-02,2454,聯發科,1599085195,987902757,61.77,611182438,38.22,100,TWSE_MI_QFIIS_DAILY_FOREIGN_INVESTMENT,2026-08-21T09:59:05.591Z
2022-08-03,0050,元大台灣50,2095000000,187861027,8.96,1907138973,91.03,100,TWSE_MI_QFIIS_DAILY_FOREIGN_INVESTMENT,2026-08-21T09:59:05.591Z
2022-08-03,2317,鴻海,13862990609,6194424161,44.68,7668566448,55.31,100,TWSE_MI_QFIIS_DAILY_FOREIGN_INVESTMENT,2026-08-21T09:59:05.591Z
2022-08-03,2330,台積電,25930380458,18666554928,71.98,7263825530,28.01,100,TWSE_MI_QFIIS_DAILY_FOREIGN_INVESTMENT,2026-08-21T09:59:05.591Z
2022-08-03,2454,聯發科,1599085195,987695968,61.76,611389227,38.23,100,TWSE_MI_QFIIS_DAILY_FOREIGN_INVESTMENT,2026-08-21T09:59:05.591Z
2022-08-04,0050,元大台灣50,2095000000,192361480,9.18,1902638520,90.81,100,TWSE_MI_QFIIS_DAILY_FOREIGN_INVESTMENT,2026-08-21T09:59:05.591Z
2022-08-04,2317,鴻海,13862990609,6186897367,44.62,7676093242,55.37,100,TWSE_MI_QFIIS_DAILY_FOREIGN_INVESTMENT,2026-08-21T09:59:05.591Z
2022-08-04,2330,台積電,25930380458,18666661184,71.98,7263719274,28.01,100,TWSE_MI_QFIIS_DAILY_FOREIGN_INVESTMENT,2026-08-21T09:59:05.591Z
2022-08-04,2454,聯發科,1599085195,987168435,61.73,611916760,38.26,100,TWSE_MI_QFIIS_DAILY_FOREIGN_INVESTMENT,2026-08-21T09:59:05.591Z
2022-08-05,0050,元大台灣50,2095000000,194006095,9.26,1900993905,90.73,100,TWSE_MI_QFIIS_DAILY_FOREIGN_INVESTMENT,2026-08-21T09:59:05.591Z
2022-08-05,2317,鴻海,13862990609,6184866024,44.61,7678124585,55.38,100,TWSE_MI_QFIIS_DAILY_FOREIGN_INVESTMENT,2026-08-21T09:59:05.591Z
2022-08-05,2330,台積電,25930380458,18683546909,72.05,7246833549,27.94,100,TWSE_MI_QFIIS_DAILY_FOREIGN_INVESTMENT,2026-08-21T09:59:05.591Z
2022-08-05,2454,聯發科,1599085195,990484202,61.94,608600993,38.05,100,TWSE_MI_QFIIS_DAILY_FOREIGN_INVESTMENT,2026-08-21T09:59:05.591Z
2022-08-08,0050,元大台灣50,2100000000,191047828,9.09,1908952172,90.9,100,TWSE_MI_QFIIS_DAILY_FOREIGN_INVESTMENT,2026-08-21T09:59:05.591Z
2022-08-08,2317,鴻海,13862990609,6186898102,44.62,7676092507,55.37,100,TWSE_MI_QFIIS_DAILY_FOREIGN_INVESTMENT,2026-08-21T09:59:05.591Z
2022-08-08,2330,台積電,25930380458,18680593569,72.04,7249786889,27.95,100,TWSE_MI_QFIIS_DAILY_FOREIGN_INVESTMENT,2026-08-21T09:59:05.591Z
2022-08-08,2454,聯發科,1599085195,990079570,61.91,609005625,38.08,100,TWSE_MI_QFIIS_DAILY_FOREIGN_INVESTMENT,2026-08-21T09:59:05.591Z
2022-08-09,0050,元大台灣50,2100000000,194459543,9.25,1905540457,90.74,100,TWSE_MI_QFIIS_DAILY_FOREIGN_INVESTMENT,2026-08-21T09:59:05.591Z
2022-08-09,2317,鴻海,13862990609,6186307112,44.62,7676683497,55.37,100,TWSE_MI_QFIIS_DAILY_FOREIGN_INVESTMENT,2026-08-21T09:59:05.591Z
2022-08-09,2330,台積電,25930380458,18673187439,72.01,7257193019,27.98,100,TWSE_MI_QFIIS_DAILY_FOREIGN_INVESTMENT,2026-08-21T09:59:05.591Z
2022-08-09,2454,聯發科,1599085195,988313311,61.8,610771884,38.19,100,TWSE_MI_QFIIS_DAILY_FOREIGN_INVESTMENT,2026-08-21T09:59:05.591Z
2022-08-10,0050,元大台灣50,2100000000,193412491,9.21,1906587509,90.78,100,TWSE_MI_QFIIS_DAILY_FOREIGN_INVESTMENT,2026-08-21T09:59:05.591Z
2022-08-10,2317,鴻海,13862990609,6190909210,44.65,7672081399,55.34,100,TWSE_MI_QFIIS_DAILY_FOREIGN_INVESTMENT,2026-08-21T09:59:05.591Z
2022-08-10,2330,台積電,25930380458,18661610186,71.96,7268770272,28.03,100,TWSE_MI_QFIIS_DAILY_FOREIGN_INVESTMENT,2026-08-21T09:59:05.591Z
2022-08-10,2454,聯發科,1599085195,984934585,61.59,614150610,38.4,100,TWSE_MI_QFIIS_DAILY_FOREIGN_INVESTMENT,2026-08-21T09:59:05.591Z
2022-08-11,0050,元大台灣50,2100000000,195677168,9.31,1904322832,90.68,100,TWSE_MI_QFIIS_DAILY_FOREIGN_INVESTMENT,2026-08-21T09:59:05.591Z
2022-08-11,2317,鴻海,13862990609,6214054697,44.82,7648935912,55.17,100,TWSE_MI_QFIIS_DAILY_FOREIGN_INVESTMENT,2026-08-21T09:59:05.591Z
2022-08-11,2330,台積電,25930380458,18669293282,71.99,7261087176,28,100,TWSE_MI_QFIIS_DAILY_FOREIGN_INVESTMENT,2026-08-21T09:59:05.591Z
2022-08-11,2454,聯發科,1599037578,983121634,61.48,615915944,38.51,100,TWSE_MI_QFIIS_DAILY_FOREIGN_INVESTMENT,2026-08-21T09:59:05.591Z
2022-08-12,0050,元大台灣50,2100000000,198080551,9.43,1901919449,90.56,100,TWSE_MI_QFIIS_DAILY_FOREIGN_INVESTMENT,2026-08-21T09:59:05.591Z
2022-08-12,2317,鴻海,13862990609,6221226874,44.87,7641763735,55.12,100,TWSE_MI_QFIIS_DAILY_FOREIGN_INVESTMENT,2026-08-21T09:59:05.591Z
2022-08-12,2330,台積電,25930380458,18674352058,72.01,7256028400,27.98,100,TWSE_MI_QFIIS_DAILY_FOREIGN_INVESTMENT,2026-08-21T09:59:05.591Z
2022-08-12,2454,聯發科,1599037578,984249819,61.55,614787759,38.44,100,TWSE_MI_QFIIS_DAILY_FOREIGN_INVESTMENT,2026-08-21T09:59:05.591Z
2022-08-15,0050,元大台灣50,2100000000,198943688,9.47,1901056312,90.52,100,TWSE_MI_QFIIS_DAILY_FOREIGN_INVESTMENT,2026-08-21T09:59:05.591Z
2022-08-15,2317,鴻海,13862990609,6216598320,44.84,7646392289,55.15,100,TWSE_MI_QFIIS_DAILY_FOREIGN_INVESTMENT,2026-08-21T09:59:05.591Z
2022-08-15,2330,台積電,25930380458,18677395368,72.02,7252985090,27.97,100,TWSE_MI_QFIIS_DAILY_FOREIGN_INVESTMENT,2026-08-21T09:59:05.591Z
2022-08-15,2454,聯發科,1599037578,985363147,61.62,613674431,38.37,100,TWSE_MI_QFIIS_DAILY_FOREIGN_INVESTMENT,2026-08-21T09:59:05.591Z
2022-08-16,0050,元大台灣50,2099000000,197588343,9.41,1901411657,90.58,100,TWSE_MI_QFIIS_DAILY_FOREIGN_INVESTMENT,2026-08-21T09:59:05.591Z
2022-08-16,2317,鴻海,13862990609,6215464576,44.83,7647526033,55.16,100,TWSE_MI_QFIIS_DAILY_FOREIGN_INVESTMENT,2026-08-21T09:59:05.591Z
2022-08-16,2330,台積電,25930380458,18675901442,72.02,7254479016,27.97,100,TWSE_MI_QFIIS_DAILY_FOREIGN_INVESTMENT,2026-08-21T09:59:05.591Z
2022-08-16,2454,聯發科,1599037578,985796543,61.64,613241035,38.35,100,TWSE_MI_QFIIS_DAILY_FOREIGN_INVESTMENT,2026-08-21T09:59:05.591Z
2022-08-17,0050,元大台灣50,2099000000,192056408,9.14,1906943592,90.85,100,TWSE_MI_QFIIS_DAILY_FOREIGN_INVESTMENT,2026-08-21T09:59:05.591Z
2022-08-17,2317,鴻海,13862990609,6223390290,44.89,7639600319,55.1,100,TWSE_MI_QFIIS_DAILY_FOREIGN_INVESTMENT,2026-08-21T09:59:05.591Z
2022-08-17,2330,台積電,25930380458,18674119242,72.01,7256261216,27.98,100,TWSE_MI_QFIIS_DAILY_FOREIGN_INVESTMENT,2026-08-21T09:59:05.591Z
2022-08-17,2454,聯發科,1599037578,986249813,61.67,612787765,38.32,100,TWSE_MI_QFIIS_DAILY_FOREIGN_INVESTMENT,2026-08-21T09:59:05.591Z
2022-08-18,0050,元大台灣50,2099000000,191271057,9.11,1907728943,90.88,100,TWSE_MI_QFIIS_DAILY_FOREIGN_INVESTMENT,2026-08-21T09:59:05.591Z
2022-08-18,2317,鴻海,13862990609,6223389489,44.89,7639601120,55.1,100,TWSE_MI_QFIIS_DAILY_FOREIGN_INVESTMENT,2026-08-21T09:59:05.591Z
2022-08-18,2330,台積電,25930380458,18665783654,71.98,7264596804,28.01,100,TWSE_MI_QFIIS_DAILY_FOREIGN_INVESTMENT,2026-08-21T09:59:05.591Z
2022-08-18,2454,聯發科,1599037578,986887018,61.71,612150560,38.28,100,TWSE_MI_QFIIS_DAILY_FOREIGN_INVESTMENT,2026-08-21T09:59:05.591Z
2022-08-19,0050,元大台灣50,2099000000,188029325,8.95,1910970675,91.04,100,TWSE_MI_QFIIS_DAILY_FOREIGN_INVESTMENT,2026-08-21T09:59:05.591Z
2022-08-19,2317,鴻海,13862990609,6221682327,44.87,7641308282,55.12,100,TWSE_MI_QFIIS_DAILY_FOREIGN_INVESTMENT,2026-08-21T09:59:05.591Z
2022-08-19,2330,台積電,25930380458,18661802502,71.96,7268577956,28.03,100,TWSE_MI_QFIIS_DAILY_FOREIGN_INVESTMENT,2026-08-21T09:59:05.591Z
2022-08-19,2454,聯發科,1599037578,985028579,61.6,614008999,38.39,100,TWSE_MI_QFIIS_DAILY_FOREIGN_INVESTMENT,2026-08-21T09:59:05.591Z
2022-08-22,0050,元大台灣50,2094500000,182928126,8.73,1911571874,91.26,100,TWSE_MI_QFIIS_DAILY_FOREIGN_INVESTMENT,2026-08-21T09:59:05.591Z
2022-08-22,2317,鴻海,13862990609,6221428414,44.87,7641562195,55.12,100,TWSE_MI_QFIIS_DAILY_FOREIGN_INVESTMENT,2026-08-21T09:59:05.591Z
2022-08-22,2330,台積電,25930380458,18652636572,71.93,7277743886,28.06,100,TWSE_MI_QFIIS_DAILY_FOREIGN_INVESTMENT,2026-08-21T09:59:05.591Z
2022-08-22,2454,聯發科,1599037578,983312182,61.49,615725396,38.5,100,TWSE_MI_QFIIS_DAILY_FOREIGN_INVESTMENT,2026-08-21T09:59:05.591Z
2022-08-23,0050,元大台灣50,2097500000,175685816,8.37,1921814184,91.62,100,TWSE_MI_QFIIS_DAILY_FOREIGN_INVESTMENT,2026-08-21T09:59:05.591Z
2022-08-23,2317,鴻海,13862990609,6220376949,44.87,7642613660,55.12,100,TWSE_MI_QFIIS_DAILY_FOREIGN_INVESTMENT,2026-08-21T09:59:05.591Z
2022-08-23,2330,台積電,25930380458,18643975547,71.9,7286404911,28.09,100,TWSE_MI_QFIIS_DAILY_FOREIGN_INVESTMENT,2026-08-21T09:59:05.591Z
2022-08-23,2454,聯發科,1599037578,983121659,61.48,615915919,38.51,100,TWSE_MI_QFIIS_DAILY_FOREIGN_INVESTMENT,2026-08-21T09:59:05.591Z
2022-08-24,0050,元大台灣50,2091000000,170102117,8.13,1920897883,91.86,100,TWSE_MI_QFIIS_DAILY_FOREIGN_INVESTMENT,2026-08-21T09:59:05.591Z
2022-08-24,2317,鴻海,13862990609,6215287220,44.83,7647703389,55.16,100,TWSE_MI_QFIIS_DAILY_FOREIGN_INVESTMENT,2026-08-21T09:59:05.591Z
2022-08-24,2330,台積電,25930380458,18638831747,71.88,7291548711,28.11,100,TWSE_MI_QFIIS_DAILY_FOREIGN_INVESTMENT,2026-08-21T09:59:05.591Z
2022-08-24,2454,聯發科,1599037578,981623076,61.38,617414502,38.61,100,TWSE_MI_QFIIS_DAILY_FOREIGN_INVESTMENT,2026-08-21T09:59:05.591Z
2022-08-25,0050,元大台灣50,2107500000,178882056,8.48,1928617944,91.51,100,TWSE_MI_QFIIS_DAILY_FOREIGN_INVESTMENT,2026-08-21T09:59:05.591Z
2022-08-25,2317,鴻海,13862990609,6213820131,44.82,7649170478,55.17,100,TWSE_MI_QFIIS_DAILY_FOREIGN_INVESTMENT,2026-08-21T09:59:05.591Z
2022-08-25,2330,台積電,25930380458,18639264757,71.88,7291115701,28.11,100,TWSE_MI_QFIIS_DAILY_FOREIGN_INVESTMENT,2026-08-21T09:59:05.591Z
2022-08-25,2454,聯發科,1599037578,980703340,61.33,618334238,38.66,100,TWSE_MI_QFIIS_DAILY_FOREIGN_INVESTMENT,2026-08-21T09:59:05.591Z
2022-08-26,0050,元大台灣50,2113000000,183212134,8.67,1929787866,91.32,100,TWSE_MI_QFIIS_DAILY_FOREIGN_INVESTMENT,2026-08-21T09:59:05.591Z
2022-08-26,2317,鴻海,13862990609,6215527438,44.83,7647463171,55.16,100,TWSE_MI_QFIIS_DAILY_FOREIGN_INVESTMENT,2026-08-21T09:59:05.591Z
2022-08-26,2330,台積電,25930380458,18638678805,71.87,7291701653,28.12,100,TWSE_MI_QFIIS_DAILY_FOREIGN_INVESTMENT,2026-08-21T09:59:05.591Z
2022-08-26,2454,聯發科,1599037578,981033596,61.35,618003982,38.64,100,TWSE_MI_QFIIS_DAILY_FOREIGN_INVESTMENT,2026-08-21T09:59:05.591Z
2022-08-29,0050,元大台灣50,2118000000,181046721,8.54,1936953279,91.45,100,TWSE_MI_QFIIS_DAILY_FOREIGN_INVESTMENT,2026-08-21T09:59:05.591Z
2022-08-29,2317,鴻海,13862990609,6207376061,44.77,7655614548,55.22,100,TWSE_MI_QFIIS_DAILY_FOREIGN_INVESTMENT,2026-08-21T09:59:05.591Z
2022-08-29,2330,台積電,25930380458,18626469390,71.83,7303911068,28.16,100,TWSE_MI_QFIIS_DAILY_FOREIGN_INVESTMENT,2026-08-21T09:59:05.591Z
2022-08-29,2454,聯發科,1599037578,979122042,61.23,619915536,38.76,100,TWSE_MI_QFIIS_DAILY_FOREIGN_INVESTMENT,2026-08-21T09:59:05.591Z
2022-08-30,0050,元大台灣50,2118000000,178764890,8.44,1939235110,91.55,100,TWSE_MI_QFIIS_DAILY_FOREIGN_INVESTMENT,2026-08-21T09:59:05.591Z
2022-08-30,2317,鴻海,13862990609,6206540628,44.77,7656449981,55.22,100,TWSE_MI_QFIIS_DAILY_FOREIGN_INVESTMENT,2026-08-21T09:59:05.591Z
2022-08-30,2330,台積電,25930380458,18611755235,71.77,7318625223,28.22,100,TWSE_MI_QFIIS_DAILY_FOREIGN_INVESTMENT,2026-08-21T09:59:05.591Z
2022-08-30,2454,聯發科,1599037578,978524569,61.19,620513009,38.8,100,TWSE_MI_QFIIS_DAILY_FOREIGN_INVESTMENT,2026-08-21T09:59:05.591Z
2022-08-31,0050,元大台灣50,2123500000,176710275,8.32,1946789725,91.67,100,TWSE_MI_QFIIS_DAILY_FOREIGN_INVESTMENT,2026-08-21T09:59:05.591Z
2022-08-31,2317,鴻海,13862990609,6208579551,44.78,7654411058,55.21,100,TWSE_MI_QFIIS_DAILY_FOREIGN_INVESTMENT,2026-08-21T09:59:05.591Z
2022-08-31,2330,台積電,25930380458,18613701338,71.78,7316679120,28.21,100,TWSE_MI_QFIIS_DAILY_FOREIGN_INVESTMENT,2026-08-21T09:59:05.591Z
2022-08-31,2454,聯發科,1599037578,979324395,61.24,619713183,38.75,100,TWSE_MI_QFIIS_DAILY_FOREIGN_INVESTMENT,2026-08-21T09:59:05.591Z
2022-09-01,0050,元大台灣50,2121000000,173080872,8.16,1947919128,91.83,100,TWSE_MI_QFIIS_DAILY_FOREIGN_INVESTMENT,2026-08-21T09:59:05.591Z
2022-09-01,2317,鴻海,13862990609,6193611064,44.67,7669379545,55.32,100,TWSE_MI_QFIIS_DAILY_FOREIGN_INVESTMENT,2026-08-21T09:59:05.591Z
2022-09-01,2330,台積電,25930380458,18593853556,71.7,7336526902,28.29,100,TWSE_MI_QFIIS_DAILY_FOREIGN_INVESTMENT,2026-08-21T09:59:05.591Z
2022-09-01,2454,聯發科,1599037578,976761387,61.08,622276191,38.91,100,TWSE_MI_QFIIS_DAILY_FOREIGN_INVESTMENT,2026-08-21T09:59:05.591Z
2022-09-02,0050,元大台灣50,2126000000,172454795,8.11,1953545205,91.88,100,TWSE_MI_QFIIS_DAILY_FOREIGN_INVESTMENT,2026-08-21T09:59:05.591Z
2022-09-02,2317,鴻海,13862990609,6192195702,44.66,7670794907,55.33,100,TWSE_MI_QFIIS_DAILY_FOREIGN_INVESTMENT,2026-08-21T09:59:05.591Z
2022-09-02,2330,台積電,25930380458,18578792687,71.64,7351587771,28.35,100,TWSE_MI_QFIIS_DAILY_FOREIGN_INVESTMENT,2026-08-21T09:59:05.591Z
2022-09-02,2454,聯發科,1599037578,972377329,60.81,626660249,39.18,100,TWSE_MI_QFIIS_DAILY_FOREIGN_INVESTMENT,2026-08-21T09:59:05.591Z
2022-09-05,0050,元大台灣50,2126500000,168028143,7.9,1958471857,92.09,100,TWSE_MI_QFIIS_DAILY_FOREIGN_INVESTMENT,2026-08-21T09:59:05.591Z
2022-09-05,2317,鴻海,13862990609,6194953234,44.68,7668037375,55.31,100,TWSE_MI_QFIIS_DAILY_FOREIGN_INVESTMENT,2026-08-21T09:59:05.591Z
2022-09-05,2330,台積電,25930380458,18578319444,71.64,7352061014,28.35,100,TWSE_MI_QFIIS_DAILY_FOREIGN_INVESTMENT,2026-08-21T09:59:05.591Z
2022-09-05,2454,聯發科,1599037578,973317672,60.86,625719906,39.13,100,TWSE_MI_QFIIS_DAILY_FOREIGN_INVESTMENT,2026-08-21T09:59:05.591Z
2022-09-06,0050,元大台灣50,2131500000,165433814,7.76,1966066186,92.23,100,TWSE_MI_QFIIS_DAILY_FOREIGN_INVESTMENT,2026-08-21T09:59:05.591Z
2022-09-06,2317,鴻海,13862990609,6194483831,44.68,7668506778,55.31,100,TWSE_MI_QFIIS_DAILY_FOREIGN_INVESTMENT,2026-08-21T09:59:05.591Z
2022-09-06,2330,台積電,25930380458,18576595433,71.64,7353785025,28.35,100,TWSE_MI_QFIIS_DAILY_FOREIGN_INVESTMENT,2026-08-21T09:59:05.591Z
2022-09-06,2454,聯發科,1599037578,972815039,60.83,626222539,39.16,100,TWSE_MI_QFIIS_DAILY_FOREIGN_INVESTMENT,2026-08-21T09:59:05.591Z
2022-09-07,0050,元大台灣50,2132500000,161203172,7.55,1971296828,92.44,100,TWSE_MI_QFIIS_DAILY_FOREIGN_INVESTMENT,2026-08-21T09:59:05.591Z
2022-09-07,2317,鴻海,13862990609,6188887315,44.64,7674103294,55.35,100,TWSE_MI_QFIIS_DAILY_FOREIGN_INVESTMENT,2026-08-21T09:59:05.591Z
2022-09-07,2330,台積電,25930380458,18561929499,71.58,7368450959,28.41,100,TWSE_MI_QFIIS_DAILY_FOREIGN_INVESTMENT,2026-08-21T09:59:05.591Z
2022-09-07,2454,聯發科,1599037578,972063468,60.79,626974110,39.2,100,TWSE_MI_QFIIS_DAILY_FOREIGN_INVESTMENT,2026-08-21T09:59:05.591Z
2022-09-08,0050,元大台灣50,2140500000,158757286,7.41,1981742714,92.58,100,TWSE_MI_QFIIS_DAILY_FOREIGN_INVESTMENT,2026-08-21T09:59:05.591Z
2022-09-08,2317,鴻海,13862990609,6187364894,44.63,7675625715,55.36,100,TWSE_MI_QFIIS_DAILY_FOREIGN_INVESTMENT,2026-08-21T09:59:05.591Z
2022-09-08,2330,台積電,25930380458,18554594556,71.55,7375785902,28.44,100,TWSE_MI_QFIIS_DAILY_FOREIGN_INVESTMENT,2026-08-21T09:59:05.591Z
2022-09-08,2454,聯發科,1599037578,971652152,60.76,627385426,39.23,100,TWSE_MI_QFIIS_DAILY_FOREIGN_INVESTMENT,2026-08-21T09:59:05.591Z
2022-09-12,0050,元大台灣50,2140500000,166254149,7.76,1974245851,92.23,100,TWSE_MI_QFIIS_DAILY_FOREIGN_INVESTMENT,2026-08-21T09:59:05.591Z
2022-09-12,2317,鴻海,13862990609,6192151511,44.66,7670839098,55.33,100,TWSE_MI_QFIIS_DAILY_FOREIGN_INVESTMENT,2026-08-21T09:59:05.591Z
2022-09-12,2330,台積電,25930380458,18553059596,71.54,7377320862,28.45,100,TWSE_MI_QFIIS_DAILY_FOREIGN_INVESTMENT,2026-08-21T09:59:05.591Z
2022-09-12,2454,聯發科,1599037578,971074815,60.72,627962763,39.27,100,TWSE_MI_QFIIS_DAILY_FOREIGN_INVESTMENT,2026-08-21T09:59:05.591Z
2022-09-13,0050,元大台灣50,2141000000,162683143,7.59,1978316857,92.4,100,TWSE_MI_QFIIS_DAILY_FOREIGN_INVESTMENT,2026-08-21T09:59:05.591Z
2022-09-13,2317,鴻海,13862990609,6199189284,44.71,7663801325,55.28,100,TWSE_MI_QFIIS_DAILY_FOREIGN_INVESTMENT,2026-08-21T09:59:05.591Z
2022-09-13,2330,台積電,25930380458,18559523290,71.57,7370857168,28.42,100,TWSE_MI_QFIIS_DAILY_FOREIGN_INVESTMENT,2026-08-21T09:59:05.591Z
2022-09-13,2454,聯發科,1599037578,970436796,60.68,628600782,39.31,100,TWSE_MI_QFIIS_DAILY_FOREIGN_INVESTMENT,2026-08-21T09:59:05.591Z
2022-09-14,0050,元大台灣50,2141000000,156849835,7.32,1984150165,92.67,100,TWSE_MI_QFIIS_DAILY_FOREIGN_INVESTMENT,2026-08-21T09:59:05.591Z
2022-09-14,2317,鴻海,13862990609,6191151605,44.65,7671839004,55.34,100,TWSE_MI_QFIIS_DAILY_FOREIGN_INVESTMENT,2026-08-21T09:59:05.591Z
2022-09-14,2330,台積電,25930380458,18556210467,71.56,7374169991,28.43,100,TWSE_MI_QFIIS_DAILY_FOREIGN_INVESTMENT,2026-08-21T09:59:05.591Z
2022-09-14,2454,聯發科,1599037578,969955169,60.65,629082409,39.34,100,TWSE_MI_QFIIS_DAILY_FOREIGN_INVESTMENT,2026-08-21T09:59:05.591Z
2022-09-15,0050,元大台灣50,2139000000,153985634,7.19,1985014366,92.8,100,TWSE_MI_QFIIS_DAILY_FOREIGN_INVESTMENT,2026-08-21T09:59:05.591Z
2022-09-15,2317,鴻海,13862990609,6190967259,44.65,7672023350,55.34,100,TWSE_MI_QFIIS_DAILY_FOREIGN_INVESTMENT,2026-08-21T09:59:05.591Z
2022-09-15,2330,台積電,25930380458,18553000397,71.54,7377380061,28.45,100,TWSE_MI_QFIIS_DAILY_FOREIGN_INVESTMENT,2026-08-21T09:59:05.591Z
2022-09-15,2454,聯發科,1599037578,969499522,60.63,629538056,39.36,100,TWSE_MI_QFIIS_DAILY_FOREIGN_INVESTMENT,2026-08-21T09:59:05.591Z
2022-09-16,0050,元大台灣50,2129000000,148623004,6.98,1980376996,93.01,100,TWSE_MI_QFIIS_DAILY_FOREIGN_INVESTMENT,2026-08-21T09:59:05.591Z
2022-09-16,2317,鴻海,13862990609,6187192609,44.63,7675798000,55.36,100,TWSE_MI_QFIIS_DAILY_FOREIGN_INVESTMENT,2026-08-21T09:59:05.591Z
2022-09-16,2330,台積電,25930380458,18549174156,71.53,7381206302,28.46,100,TWSE_MI_QFIIS_DAILY_FOREIGN_INVESTMENT,2026-08-21T09:59:05.591Z
2022-09-16,2454,聯發科,1599037578,966337110,60.43,632700468,39.56,100,TWSE_MI_QFIIS_DAILY_FOREIGN_INVESTMENT,2026-08-21T09:59:05.591Z
2022-09-19,0050,元大台灣50,2136500000,136815913,6.4,1999684087,93.59,100,TWSE_MI_QFIIS_DAILY_FOREIGN_INVESTMENT,2026-08-21T09:59:05.591Z
2022-09-19,2317,鴻海,13862990609,6187742529,44.63,7675248080,55.36,100,TWSE_MI_QFIIS_DAILY_FOREIGN_INVESTMENT,2026-08-21T09:59:05.591Z
2022-09-19,2330,台積電,25930380458,18544977456,71.51,7385403002,28.48,100,TWSE_MI_QFIIS_DAILY_FOREIGN_INVESTMENT,2026-08-21T09:59:05.591Z
2022-09-19,2454,聯發科,1599037578,966350514,60.43,632687064,39.56,100,TWSE_MI_QFIIS_DAILY_FOREIGN_INVESTMENT,2026-08-21T09:59:05.591Z
2022-09-20,0050,元大台灣50,2093000000,116362115,5.55,1976637885,94.44,100,TWSE_MI_QFIIS_DAILY_FOREIGN_INVESTMENT,2026-08-21T09:59:05.591Z
2022-09-20,2317,鴻海,13862990609,6192057575,44.66,7670933034,55.33,100,TWSE_MI_QFIIS_DAILY_FOREIGN_INVESTMENT,2026-08-21T09:59:05.591Z
2022-09-20,2330,台積電,25930380458,18548235055,71.53,7382145403,28.46,100,TWSE_MI_QFIIS_DAILY_FOREIGN_INVESTMENT,2026-08-21T09:59:05.591Z
2022-09-20,2454,聯發科,1599037578,965543823,60.38,633493755,39.61,100,TWSE_MI_QFIIS_DAILY_FOREIGN_INVESTMENT,2026-08-21T09:59:05.591Z
2022-09-21,0050,元大台灣50,2093000000,91404242,4.36,2001595758,95.63,100,TWSE_MI_QFIIS_DAILY_FOREIGN_INVESTMENT,2026-08-21T09:59:05.591Z
2022-09-21,2317,鴻海,13862990609,6187448468,44.63,7675542141,55.36,100,TWSE_MI_QFIIS_DAILY_FOREIGN_INVESTMENT,2026-08-21T09:59:05.591Z
2022-09-21,2330,台積電,25930380458,18547596957,71.52,7382783501,28.47,100,TWSE_MI_QFIIS_DAILY_FOREIGN_INVESTMENT,2026-08-21T09:59:05.591Z
2022-09-21,2454,聯發科,1599309612,965400214,60.36,633909398,39.63,100,TWSE_MI_QFIIS_DAILY_FOREIGN_INVESTMENT,2026-08-21T09:59:05.591Z
2022-09-22,0050,元大台灣50,2086500000,74583703,3.57,2011916297,96.42,100,TWSE_MI_QFIIS_DAILY_FOREIGN_INVESTMENT,2026-08-21T09:59:05.591Z
2022-09-22,2317,鴻海,13862990609,6186105723,44.62,7676884886,55.37,100,TWSE_MI_QFIIS_DAILY_FOREIGN_INVESTMENT,2026-08-21T09:59:05.591Z
2022-09-22,2330,台積電,25930380458,18537401753,71.48,7392978705,28.51,100,TWSE_MI_QFIIS_DAILY_FOREIGN_INVESTMENT,2026-08-21T09:59:05.591Z
2022-09-22,2454,聯發科,1599309612,963245403,60.22,636064209,39.77,100,TWSE_MI_QFIIS_DAILY_FOREIGN_INVESTMENT,2026-08-21T09:59:05.591Z
2022-09-23,0050,元大台灣50,2089500000,71855658,3.43,2017644342,96.56,100,TWSE_MI_QFIIS_DAILY_FOREIGN_INVESTMENT,2026-08-21T09:59:05.591Z
2022-09-23,2317,鴻海,13862990609,6181289423,44.58,7681701186,55.41,100,TWSE_MI_QFIIS_DAILY_FOREIGN_INVESTMENT,2026-08-21T09:59:05.591Z
2022-09-23,2330,台積電,25930380458,18526097051,71.44,7404283407,28.55,100,TWSE_MI_QFIIS_DAILY_FOREIGN_INVESTMENT,2026-08-21T09:59:05.591Z
2022-09-23,2454,聯發科,1599309612,962592115,60.18,636717497,39.81,100,TWSE_MI_QFIIS_DAILY_FOREIGN_INVESTMENT,2026-08-21T09:59:05.591Z
2022-09-26,0050,元大台灣50,2094500000,65514985,3.12,2028985015,96.87,100,TWSE_MI_QFIIS_DAILY_FOREIGN_INVESTMENT,2026-08-21T09:59:05.591Z
2022-09-26,2317,鴻海,13862990609,6172871861,44.52,7690118748,55.47,100,TWSE_MI_QFIIS_DAILY_FOREIGN_INVESTMENT,2026-08-21T09:59:05.591Z
2022-09-26,2330,台積電,25930380458,18520706944,71.42,7409673514,28.57,100,TWSE_MI_QFIIS_DAILY_FOREIGN_INVESTMENT,2026-08-21T09:59:05.591Z
2022-09-26,2454,聯發科,1599309612,961265669,60.1,638043943,39.89,100,TWSE_MI_QFIIS_DAILY_FOREIGN_INVESTMENT,2026-08-21T09:59:05.591Z
2022-09-27,0050,元大台灣50,2098000000,68025122,3.24,2029974878,96.75,100,TWSE_MI_QFIIS_DAILY_FOREIGN_INVESTMENT,2026-08-21T09:59:05.591Z
2022-09-27,2317,鴻海,13862990609,6169301435,44.5,7693689174,55.49,100,TWSE_MI_QFIIS_DAILY_FOREIGN_INVESTMENT,2026-08-21T09:59:05.591Z
2022-09-27,2330,台積電,25930380458,18514384101,71.4,7415996357,28.59,100,TWSE_MI_QFIIS_DAILY_FOREIGN_INVESTMENT,2026-08-21T09:59:05.591Z
2022-09-27,2454,聯發科,1599309612,959927123,60.02,639382489,39.97,100,TWSE_MI_QFIIS_DAILY_FOREIGN_INVESTMENT,2026-08-21T09:59:05.591Z
2022-09-28,0050,元大台灣50,2098500000,58795270,2.8,2039704730,97.19,100,TWSE_MI_QFIIS_DAILY_FOREIGN_INVESTMENT,2026-08-21T09:59:05.591Z
2022-09-28,2317,鴻海,13862990609,6154434892,44.39,7708555717,55.6,100,TWSE_MI_QFIIS_DAILY_FOREIGN_INVESTMENT,2026-08-21T09:59:05.591Z
2022-09-28,2330,台積電,25930380458,18509714427,71.38,7420666031,28.61,100,TWSE_MI_QFIIS_DAILY_FOREIGN_INVESTMENT,2026-08-21T09:59:05.591Z
2022-09-28,2454,聯發科,1599309612,960107861,60.03,639201751,39.96,100,TWSE_MI_QFIIS_DAILY_FOREIGN_INVESTMENT,2026-08-21T09:59:05.591Z
2022-09-29,0050,元大台灣50,2103500000,56500931,2.68,2046999069,97.31,100,TWSE_MI_QFIIS_DAILY_FOREIGN_INVESTMENT,2026-08-21T09:59:05.591Z
2022-09-29,2317,鴻海,13862990609,6151444921,44.37,7711545688,55.62,100,TWSE_MI_QFIIS_DAILY_FOREIGN_INVESTMENT,2026-08-21T09:59:05.591Z
2022-09-29,2330,台積電,25930380458,18502015390,71.35,7428365068,28.64,100,TWSE_MI_QFIIS_DAILY_FOREIGN_INVESTMENT,2026-08-21T09:59:05.591Z
2022-09-29,2454,聯發科,1599309612,960191235,60.03,639118377,39.96,100,TWSE_MI_QFIIS_DAILY_FOREIGN_INVESTMENT,2026-08-21T09:59:05.591Z
2022-09-30,0050,元大台灣50,2106500000,53835700,2.55,2052664300,97.44,100,TWSE_MI_QFIIS_DAILY_FOREIGN_INVESTMENT,2026-08-21T09:59:05.591Z
2022-09-30,2317,鴻海,13862990609,6150879777,44.36,7712110832,55.63,100,TWSE_MI_QFIIS_DAILY_FOREIGN_INVESTMENT,2026-08-21T09:59:05.591Z
2022-09-30,2330,台積電,25930380458,18490402109,71.3,7439978349,28.69,100,TWSE_MI_QFIIS_DAILY_FOREIGN_INVESTMENT,2026-08-21T09:59:05.591Z
2022-09-30,2454,聯發科,1599309612,961657770,60.12,637651842,39.87,100,TWSE_MI_QFIIS_DAILY_FOREIGN_INVESTMENT,2026-08-21T09:59:05.591Z
2022-10-03,0050,元大台灣50,2099000000,44895561,2.13,2054104439,97.86,100,TWSE_MI_QFIIS_DAILY_FOREIGN_INVESTMENT,2026-08-21T09:59:05.591Z
2022-10-03,2317,鴻海,13862990609,6148538828,44.35,7714451781,55.64,100,TWSE_MI_QFIIS_DAILY_FOREIGN_INVESTMENT,2026-08-21T09:59:05.591Z
2022-10-03,2330,台積電,25930380458,18491330788,71.31,7439049670,28.68,100,TWSE_MI_QFIIS_DAILY_FOREIGN_INVESTMENT,2026-08-21T09:59:05.591Z
2022-10-03,2454,聯發科,1599309612,960908560,60.08,638401052,39.91,100,TWSE_MI_QFIIS_DAILY_FOREIGN_INVESTMENT,2026-08-21T09:59:05.591Z
2022-10-04,0050,元大台灣50,2100500000,45398067,2.16,2055101933,97.83,100,TWSE_MI_QFIIS_DAILY_FOREIGN_INVESTMENT,2026-08-21T09:59:05.591Z
2022-10-04,2317,鴻海,13862990609,6145379897,44.32,7717610712,55.67,100,TWSE_MI_QFIIS_DAILY_FOREIGN_INVESTMENT,2026-08-21T09:59:05.591Z
2022-10-04,2330,台積電,25930380458,18493818444,71.32,7436562014,28.67,100,TWSE_MI_QFIIS_DAILY_FOREIGN_INVESTMENT,2026-08-21T09:59:05.591Z
2022-10-04,2454,聯發科,1599309612,961820453,60.13,637489159,39.86,100,TWSE_MI_QFIIS_DAILY_FOREIGN_INVESTMENT,2026-08-21T09:59:05.591Z
2022-10-05,0050,元大台灣50,2098000000,37081604,1.76,2060918396,98.23,100,TWSE_MI_QFIIS_DAILY_FOREIGN_INVESTMENT,2026-08-21T09:59:05.591Z
2022-10-05,2317,鴻海,13862990609,6151716959,44.37,7711273650,55.62,100,TWSE_MI_QFIIS_DAILY_FOREIGN_INVESTMENT,2026-08-21T09:59:05.591Z
2022-10-05,2330,台積電,25930380458,18502832999,71.35,7427547459,28.64,100,TWSE_MI_QFIIS_DAILY_FOREIGN_INVESTMENT,2026-08-21T09:59:05.591Z
2022-10-05,2454,聯發科,1599309612,964440872,60.3,634868740,39.69,100,TWSE_MI_QFIIS_DAILY_FOREIGN_INVESTMENT,2026-08-21T09:59:05.591Z
2022-10-06,0050,元大台灣50,2104000000,42880221,2.03,2061119779,97.96,100,TWSE_MI_QFIIS_DAILY_FOREIGN_INVESTMENT,2026-08-21T09:59:05.591Z
2022-10-06,2317,鴻海,13862990609,6150660322,44.36,7712330287,55.63,100,TWSE_MI_QFIIS_DAILY_FOREIGN_INVESTMENT,2026-08-21T09:59:05.591Z
2022-10-06,2330,台積電,25930380458,18509025259,71.37,7421355199,28.62,100,TWSE_MI_QFIIS_DAILY_FOREIGN_INVESTMENT,2026-08-21T09:59:05.591Z
2022-10-06,2454,聯發科,1599309612,964318967,60.29,634990645,39.7,100,TWSE_MI_QFIIS_DAILY_FOREIGN_INVESTMENT,2026-08-21T09:59:05.591Z
2022-10-07,0050,元大台灣50,2106000000,44754406,2.12,2061245594,97.87,100,TWSE_MI_QFIIS_DAILY_FOREIGN_INVESTMENT,2026-08-21T09:59:05.591Z
2022-10-07,2317,鴻海,13862990609,6151204076,44.37,7711786533,55.62,100,TWSE_MI_QFIIS_DAILY_FOREIGN_INVESTMENT,2026-08-21T09:59:05.591Z
2022-10-07,2330,台積電,25930380458,18505363953,71.36,7425016505,28.63,100,TWSE_MI_QFIIS_DAILY_FOREIGN_INVESTMENT,2026-08-21T09:59:05.591Z
2022-10-07,2454,聯發科,1599309612,963661934,60.25,635647678,39.74,100,TWSE_MI_QFIIS_DAILY_FOREIGN_INVESTMENT,2026-08-21T09:59:05.591Z
2022-10-11,0050,元大台灣50,2112000000,25465670,1.2,2086534330,98.79,100,TWSE_MI_QFIIS_DAILY_FOREIGN_INVESTMENT,2026-08-21T09:59:05.591Z
2022-10-11,2317,鴻海,13862990609,6143552503,44.31,7719438106,55.68,100,TWSE_MI_QFIIS_DAILY_FOREIGN_INVESTMENT,2026-08-21T09:59:05.591Z
2022-10-11,2330,台積電,25930380458,18461857277,71.19,7468523181,28.8,100,TWSE_MI_QFIIS_DAILY_FOREIGN_INVESTMENT,2026-08-21T09:59:05.591Z
2022-10-11,2454,聯發科,1599309612,965520002,60.37,633789610,39.62,100,TWSE_MI_QFIIS_DAILY_FOREIGN_INVESTMENT,2026-08-21T09:59:05.591Z
2022-10-12,0050,元大台灣50,2156000000,31434389,1.45,2124565611,98.54,100,TWSE_MI_QFIIS_DAILY_FOREIGN_INVESTMENT,2026-08-21T09:59:05.591Z
2022-10-12,2317,鴻海,13862990609,6135986979,44.26,7727003630,55.73,100,TWSE_MI_QFIIS_DAILY_FOREIGN_INVESTMENT,2026-08-21T09:59:05.591Z
2022-10-12,2330,台積電,25930380458,18439664752,71.11,7490715706,28.88,100,TWSE_MI_QFIIS_DAILY_FOREIGN_INVESTMENT,2026-08-21T09:59:05.591Z
2022-10-12,2454,聯發科,1599309612,964223399,60.28,635086213,39.71,100,TWSE_MI_QFIIS_DAILY_FOREIGN_INVESTMENT,2026-08-21T09:59:05.591Z
2022-10-13,0050,元大台灣50,2157000000,53235674,2.46,2103764326,97.53,100,TWSE_MI_QFIIS_DAILY_FOREIGN_INVESTMENT,2026-08-21T09:59:05.591Z
2022-10-13,2317,鴻海,13862990609,6133432841,44.24,7729557768,55.75,100,TWSE_MI_QFIIS_DAILY_FOREIGN_INVESTMENT,2026-08-21T09:59:05.591Z
2022-10-13,2330,台積電,25930380458,18434323212,71.09,7496057246,28.9,100,TWSE_MI_QFIIS_DAILY_FOREIGN_INVESTMENT,2026-08-21T09:59:05.591Z
2022-10-13,2454,聯發科,1599309612,964509130,60.3,634800482,39.69,100,TWSE_MI_QFIIS_DAILY_FOREIGN_INVESTMENT,2026-08-21T09:59:05.591Z
2022-10-14,0050,元大台灣50,2166500000,54430004,2.51,2112069996,97.48,100,TWSE_MI_QFIIS_DAILY_FOREIGN_INVESTMENT,2026-08-21T09:59:05.591Z
2022-10-14,2317,鴻海,13862990609,6127952300,44.2,7735038309,55.79,100,TWSE_MI_QFIIS_DAILY_FOREIGN_INVESTMENT,2026-08-21T09:59:05.591Z
2022-10-14,2330,台積電,25930380458,18441145107,71.11,7489235351,28.88,100,TWSE_MI_QFIIS_DAILY_FOREIGN_INVESTMENT,2026-08-21T09:59:05.591Z
2022-10-14,2454,聯發科,1599309612,965601244,60.37,633708368,39.62,100,TWSE_MI_QFIIS_DAILY_FOREIGN_INVESTMENT,2026-08-21T09:59:05.591Z
2022-10-17,0050,元大台灣50,2173500000,52767331,2.42,2120732669,97.57,100,TWSE_MI_QFIIS_DAILY_FOREIGN_INVESTMENT,2026-08-21T09:59:05.591Z
2022-10-17,2317,鴻海,13862990609,6121303221,44.15,7741687388,55.84,100,TWSE_MI_QFIIS_DAILY_FOREIGN_INVESTMENT,2026-08-21T09:59:05.591Z
2022-10-17,2330,台積電,25930380458,18424952768,71.05,7505427690,28.94,100,TWSE_MI_QFIIS_DAILY_FOREIGN_INVESTMENT,2026-08-21T09:59:05.591Z
2022-10-17,2454,聯發科,1599309612,965909578,60.39,633400034,39.6,100,TWSE_MI_QFIIS_DAILY_FOREIGN_INVESTMENT,2026-08-21T09:59:05.591Z
2022-10-18,0050,元大台灣50,2180000000,52500221,2.4,2127499779,97.59,100,TWSE_MI_QFIIS_DAILY_FOREIGN_INVESTMENT,2026-08-21T09:59:05.591Z
2022-10-18,2317,鴻海,13862990609,6108980699,44.06,7754009910,55.93,100,TWSE_MI_QFIIS_DAILY_FOREIGN_INVESTMENT,2026-08-21T09:59:05.591Z
2022-10-18,2330,台積電,25930380458,18423200495,71.04,7507179963,28.95,100,TWSE_MI_QFIIS_DAILY_FOREIGN_INVESTMENT,2026-08-21T09:59:05.591Z
2022-10-18,2454,聯發科,1599309612,966113167,60.4,633196445,39.59,100,TWSE_MI_QFIIS_DAILY_FOREIGN_INVESTMENT,2026-08-21T09:59:05.591Z
2022-10-19,0050,元大台灣50,2212000000,85320256,3.85,2126679744,96.14,100,TWSE_MI_QFIIS_DAILY_FOREIGN_INVESTMENT,2026-08-21T09:59:05.591Z
2022-10-19,2317,鴻海,13862990609,6094910979,43.96,7768079630,56.03,100,TWSE_MI_QFIIS_DAILY_FOREIGN_INVESTMENT,2026-08-21T09:59:05.591Z
2022-10-19,2330,台積電,25930380458,18399169136,70.95,7531211322,29.04,100,TWSE_MI_QFIIS_DAILY_FOREIGN_INVESTMENT,2026-08-21T09:59:05.591Z
2022-10-19,2454,聯發科,1599309612,966583196,60.43,632726416,39.56,100,TWSE_MI_QFIIS_DAILY_FOREIGN_INVESTMENT,2026-08-21T09:59:05.591Z
2022-10-20,0050,元大台灣50,2220000000,78768732,3.54,2141231268,96.45,100,TWSE_MI_QFIIS_DAILY_FOREIGN_INVESTMENT,2026-08-21T09:59:05.591Z
2022-10-20,2317,鴻海,13862990609,6081326939,43.86,7781663670,56.13,100,TWSE_MI_QFIIS_DAILY_FOREIGN_INVESTMENT,2026-08-21T09:59:05.591Z
2022-10-20,2330,台積電,25930380458,18390681285,70.92,7539699173,29.07,100,TWSE_MI_QFIIS_DAILY_FOREIGN_INVESTMENT,2026-08-21T09:59:05.591Z
2022-10-20,2454,聯發科,1599309612,966306303,60.42,633003309,39.57,100,TWSE_MI_QFIIS_DAILY_FOREIGN_INVESTMENT,2026-08-21T09:59:05.591Z
2022-10-21,0050,元大台灣50,2223500000,75134281,3.37,2148365719,96.62,100,TWSE_MI_QFIIS_DAILY_FOREIGN_INVESTMENT,2026-08-21T09:59:05.591Z
2022-10-21,2317,鴻海,13862990609,6084170449,43.88,7778820160,56.11,100,TWSE_MI_QFIIS_DAILY_FOREIGN_INVESTMENT,2026-08-21T09:59:05.591Z
2022-10-21,2330,台積電,25930380458,18381896530,70.88,7548483928,29.11,100,TWSE_MI_QFIIS_DAILY_FOREIGN_INVESTMENT,2026-08-21T09:59:05.591Z
2022-10-21,2454,聯發科,1599309612,966685905,60.44,632623707,39.55,100,TWSE_MI_QFIIS_DAILY_FOREIGN_INVESTMENT,2026-08-21T09:59:05.591Z
2022-10-24,0050,元大台灣50,2235500000,73612905,3.29,2161887095,96.7,100,TWSE_MI_QFIIS_DAILY_FOREIGN_INVESTMENT,2026-08-21T09:59:05.591Z
2022-10-24,2317,鴻海,13862990609,6077445619,43.83,7785544990,56.16,100,TWSE_MI_QFIIS_DAILY_FOREIGN_INVESTMENT,2026-08-21T09:59:05.591Z
2022-10-24,2330,台積電,25930380458,18369249466,70.84,7561130992,29.15,100,TWSE_MI_QFIIS_DAILY_FOREIGN_INVESTMENT,2026-08-21T09:59:05.591Z
2022-10-24,2454,聯發科,1599309612,968573482,60.56,630736130,39.43,100,TWSE_MI_QFIIS_DAILY_FOREIGN_INVESTMENT,2026-08-21T09:59:05.591Z
2022-10-25,0050,元大台灣50,2250500000,67495879,2.99,2183004121,97,100,TWSE_MI_QFIIS_DAILY_FOREIGN_INVESTMENT,2026-08-21T09:59:05.591Z
2022-10-25,2317,鴻海,13862990609,6077239096,43.83,7785751513,56.16,100,TWSE_MI_QFIIS_DAILY_FOREIGN_INVESTMENT,2026-08-21T09:59:05.591Z
2022-10-25,2330,台積電,25930380458,18351606389,70.77,7578774069,29.22,100,TWSE_MI_QFIIS_DAILY_FOREIGN_INVESTMENT,2026-08-21T09:59:05.591Z
2022-10-25,2454,聯發科,1599309612,967334727,60.48,631974885,39.51,100,TWSE_MI_QFIIS_DAILY_FOREIGN_INVESTMENT,2026-08-21T09:59:05.591Z
2022-10-26,0050,元大台灣50,2256500000,67467063,2.98,2189032937,97.01,100,TWSE_MI_QFIIS_DAILY_FOREIGN_INVESTMENT,2026-08-21T09:59:05.591Z
2022-10-26,2317,鴻海,13862990609,6081170376,43.86,7781820233,56.13,100,TWSE_MI_QFIIS_DAILY_FOREIGN_INVESTMENT,2026-08-21T09:59:05.591Z
2022-10-26,2330,台積電,25930380458,18355957017,70.78,7574423441,29.21,100,TWSE_MI_QFIIS_DAILY_FOREIGN_INVESTMENT,2026-08-21T09:59:05.591Z
2022-10-26,2454,聯發科,1599309612,968513690,60.55,630795922,39.44,100,TWSE_MI_QFIIS_DAILY_FOREIGN_INVESTMENT,2026-08-21T09:59:05.591Z
2022-10-27,0050,元大台灣50,2257000000,63402426,2.8,2193597574,97.19,100,TWSE_MI_QFIIS_DAILY_FOREIGN_INVESTMENT,2026-08-21T09:59:05.591Z
2022-10-27,2317,鴻海,13862990609,6083597425,43.88,7779393184,56.11,100,TWSE_MI_QFIIS_DAILY_FOREIGN_INVESTMENT,2026-08-21T09:59:05.591Z
2022-10-27,2330,台積電,25930380458,18360896847,70.8,7569483611,29.19,100,TWSE_MI_QFIIS_DAILY_FOREIGN_INVESTMENT,2026-08-21T09:59:05.591Z
2022-10-27,2454,聯發科,1599309612,970054173,60.65,629255439,39.34,100,TWSE_MI_QFIIS_DAILY_FOREIGN_INVESTMENT,2026-08-21T09:59:05.591Z
2022-10-28,0050,元大台灣50,2261000000,59974606,2.65,2201025394,97.34,100,TWSE_MI_QFIIS_DAILY_FOREIGN_INVESTMENT,2026-08-21T09:59:05.591Z
2022-10-28,2317,鴻海,13862990609,6082443579,43.87,7780547030,56.12,100,TWSE_MI_QFIIS_DAILY_FOREIGN_INVESTMENT,2026-08-21T09:59:05.591Z
2022-10-28,2330,台積電,25930380458,18349494243,70.76,7580886215,29.23,100,TWSE_MI_QFIIS_DAILY_FOREIGN_INVESTMENT,2026-08-21T09:59:05.591Z
2022-10-28,2454,聯發科,1599309612,968885598,60.58,630424014,39.41,100,TWSE_MI_QFIIS_DAILY_FOREIGN_INVESTMENT,2026-08-21T09:59:05.591Z
2022-10-31,0050,元大台灣50,2261000000,57016725,2.52,2203983275,97.47,100,TWSE_MI_QFIIS_DAILY_FOREIGN_INVESTMENT,2026-08-21T09:59:05.591Z
2022-10-31,2317,鴻海,13862990609,6077262801,43.83,7785727808,56.16,100,TWSE_MI_QFIIS_DAILY_FOREIGN_INVESTMENT,2026-08-21T09:59:05.591Z
2022-10-31,2330,台積電,25930380458,18357611655,70.79,7572768803,29.2,100,TWSE_MI_QFIIS_DAILY_FOREIGN_INVESTMENT,2026-08-21T09:59:05.591Z
2022-10-31,2454,聯發科,1599309612,970395498,60.67,628914114,39.32,100,TWSE_MI_QFIIS_DAILY_FOREIGN_INVESTMENT,2026-08-21T09:59:05.591Z
2022-11-01,0050,元大台灣50,2268500000,53447193,2.35,2215052807,97.64,100,TWSE_MI_QFIIS_DAILY_FOREIGN_INVESTMENT,2026-08-21T09:59:05.591Z
2022-11-01,2317,鴻海,13862990609,6065861625,43.75,7797128984,56.24,100,TWSE_MI_QFIIS_DAILY_FOREIGN_INVESTMENT,2026-08-21T09:59:05.591Z
2022-11-01,2330,台積電,25930380458,18355641877,70.78,7574738581,29.21,100,TWSE_MI_QFIIS_DAILY_FOREIGN_INVESTMENT,2026-08-21T09:59:05.591Z
2022-11-01,2454,聯發科,1599309612,969564314,60.62,629745298,39.37,100,TWSE_MI_QFIIS_DAILY_FOREIGN_INVESTMENT,2026-08-21T09:59:05.591Z
2022-11-02,0050,元大台灣50,2268500000,59097582,2.6,2209402418,97.39,100,TWSE_MI_QFIIS_DAILY_FOREIGN_INVESTMENT,2026-08-21T09:59:05.591Z
2022-11-02,2317,鴻海,13862990609,6066913650,43.76,7796076959,56.23,100,TWSE_MI_QFIIS_DAILY_FOREIGN_INVESTMENT,2026-08-21T09:59:05.591Z
2022-11-02,2330,台積電,25930380458,18357223911,70.79,7573156547,29.2,100,TWSE_MI_QFIIS_DAILY_FOREIGN_INVESTMENT,2026-08-21T09:59:05.591Z
2022-11-02,2454,聯發科,1599309612,969127919,60.59,630181693,39.4,100,TWSE_MI_QFIIS_DAILY_FOREIGN_INVESTMENT,2026-08-21T09:59:05.591Z
2022-11-03,0050,元大台灣50,2268500000,57251638,2.52,2211248362,97.47,100,TWSE_MI_QFIIS_DAILY_FOREIGN_INVESTMENT,2026-08-21T09:59:05.591Z
2022-11-03,2317,鴻海,13862990609,6057352291,43.69,7805638318,56.3,100,TWSE_MI_QFIIS_DAILY_FOREIGN_INVESTMENT,2026-08-21T09:59:05.591Z
2022-11-03,2330,台積電,25930380458,18336567073,70.71,7593813385,29.28,100,TWSE_MI_QFIIS_DAILY_FOREIGN_INVESTMENT,2026-08-21T09:59:05.591Z
2022-11-03,2454,聯發科,1599309612,968534609,60.55,630775003,39.44,100,TWSE_MI_QFIIS_DAILY_FOREIGN_INVESTMENT,2026-08-21T09:59:05.591Z
2022-11-04,0050,元大台灣50,2271500000,58679493,2.58,2212820507,97.41,100,TWSE_MI_QFIIS_DAILY_FOREIGN_INVESTMENT,2026-08-21T09:59:05.591Z
2022-11-04,2317,鴻海,13862990609,6036053200,43.54,7826937409,56.45,100,TWSE_MI_QFIIS_DAILY_FOREIGN_INVESTMENT,2026-08-21T09:59:05.591Z
2022-11-04,2330,台積電,25930380458,18329100126,70.68,7601280332,29.31,100,TWSE_MI_QFIIS_DAILY_FOREIGN_INVESTMENT,2026-08-21T09:59:05.591Z
2022-11-04,2454,聯發科,1599309612,968082106,60.53,631227506,39.46,100,TWSE_MI_QFIIS_DAILY_FOREIGN_INVESTMENT,2026-08-21T09:59:05.591Z
2022-11-07,0050,元大台灣50,2273500000,57440752,2.52,2216059248,97.47,100,TWSE_MI_QFIIS_DAILY_FOREIGN_INVESTMENT,2026-08-21T09:59:05.591Z
2022-11-07,2317,鴻海,13862990609,6021816101,43.43,7841174508,56.56,100,TWSE_MI_QFIIS_DAILY_FOREIGN_INVESTMENT,2026-08-21T09:59:05.591Z
2022-11-07,2330,台積電,25930380458,18335569890,70.71,7594810568,29.28,100,TWSE_MI_QFIIS_DAILY_FOREIGN_INVESTMENT,2026-08-21T09:59:05.591Z
2022-11-07,2454,聯發科,1599309612,969250170,60.6,630059442,39.39,100,TWSE_MI_QFIIS_DAILY_FOREIGN_INVESTMENT,2026-08-21T09:59:05.591Z
2022-11-08,0050,元大台灣50,2275500000,55530732,2.44,2219969268,97.55,100,TWSE_MI_QFIIS_DAILY_FOREIGN_INVESTMENT,2026-08-21T09:59:05.591Z
2022-11-08,2317,鴻海,13862990609,6010697244,43.35,7852293365,56.64,100,TWSE_MI_QFIIS_DAILY_FOREIGN_INVESTMENT,2026-08-21T09:59:05.591Z
2022-11-08,2330,台積電,25930380458,18350321149,70.76,7580059309,29.23,100,TWSE_MI_QFIIS_DAILY_FOREIGN_INVESTMENT,2026-08-21T09:59:05.591Z
2022-11-08,2454,聯發科,1599309612,969236900,60.6,630072712,39.39,100,TWSE_MI_QFIIS_DAILY_FOREIGN_INVESTMENT,2026-08-21T09:59:05.591Z
2022-11-09,0050,元大台灣50,2276000000,66367237,2.91,2209632763,97.08,100,TWSE_MI_QFIIS_DAILY_FOREIGN_INVESTMENT,2026-08-21T09:59:05.591Z
2022-11-09,2317,鴻海,13862990609,6013715380,43.37,7849275229,56.62,100,TWSE_MI_QFIIS_DAILY_FOREIGN_INVESTMENT,2026-08-21T09:59:05.591Z
2022-11-09,2330,台積電,25930380458,18363726474,70.81,7566653984,29.18,100,TWSE_MI_QFIIS_DAILY_FOREIGN_INVESTMENT,2026-08-21T09:59:05.591Z
2022-11-09,2454,聯發科,1599309612,970315394,60.67,628994218,39.32,100,TWSE_MI_QFIIS_DAILY_FOREIGN_INVESTMENT,2026-08-21T09:59:05.591Z
2022-11-10,0050,元大台灣50,2277000000,65981506,2.89,2211018494,97.1,100,TWSE_MI_QFIIS_DAILY_FOREIGN_INVESTMENT,2026-08-21T09:59:05.591Z
2022-11-10,2317,鴻海,13862990609,5991171854,43.21,7871818755,56.78,100,TWSE_MI_QFIIS_DAILY_FOREIGN_INVESTMENT,2026-08-21T09:59:05.591Z
2022-11-10,2330,台積電,25930380458,18357713519,70.79,7572666939,29.2,100,TWSE_MI_QFIIS_DAILY_FOREIGN_INVESTMENT,2026-08-21T09:59:05.591Z
2022-11-10,2454,聯發科,1599309612,972652927,60.81,626656685,39.18,100,TWSE_MI_QFIIS_DAILY_FOREIGN_INVESTMENT,2026-08-21T09:59:05.591Z
2022-11-11,0050,元大台灣50,2286000000,83196597,3.63,2202803403,96.36,100,TWSE_MI_QFIIS_DAILY_FOREIGN_INVESTMENT,2026-08-21T09:59:05.591Z
2022-11-11,2317,鴻海,13862990609,5951050428,42.92,7911940181,57.07,100,TWSE_MI_QFIIS_DAILY_FOREIGN_INVESTMENT,2026-08-21T09:59:05.591Z
2022-11-11,2330,台積電,25930380458,18404572571,70.97,7525807887,29.02,100,TWSE_MI_QFIIS_DAILY_FOREIGN_INVESTMENT,2026-08-21T09:59:05.591Z
2022-11-11,2454,聯發科,1599309612,976769361,61.07,622540251,38.92,100,TWSE_MI_QFIIS_DAILY_FOREIGN_INVESTMENT,2026-08-21T09:59:05.591Z
2022-11-14,0050,元大台灣50,2288000000,98864878,4.32,2189135122,95.67,100,TWSE_MI_QFIIS_DAILY_FOREIGN_INVESTMENT,2026-08-21T09:59:05.591Z
2022-11-14,2317,鴻海,13862990609,5949084873,42.91,7913905736,57.08,100,TWSE_MI_QFIIS_DAILY_FOREIGN_INVESTMENT,2026-08-21T09:59:05.591Z
2022-11-14,2330,台積電,25930380458,18418518491,71.03,7511861967,28.96,100,TWSE_MI_QFIIS_DAILY_FOREIGN_INVESTMENT,2026-08-21T09:59:05.591Z
2022-11-14,2454,聯發科,1599435327,978257229,61.16,621178098,38.83,100,TWSE_MI_QFIIS_DAILY_FOREIGN_INVESTMENT,2026-08-21T09:59:05.591Z
2022-11-15,0050,元大台灣50,2289500000,112060706,4.89,2177439294,95.1,100,TWSE_MI_QFIIS_DAILY_FOREIGN_INVESTMENT,2026-08-21T09:59:05.591Z
2022-11-15,2317,鴻海,13862990609,5956657013,42.96,7906333596,57.03,100,TWSE_MI_QFIIS_DAILY_FOREIGN_INVESTMENT,2026-08-21T09:59:05.591Z
2022-11-15,2330,台積電,25930380458,18447321176,71.14,7483059282,28.85,100,TWSE_MI_QFIIS_DAILY_FOREIGN_INVESTMENT,2026-08-21T09:59:05.591Z
2022-11-15,2454,聯發科,1599435327,982420553,61.42,617014774,38.57,100,TWSE_MI_QFIIS_DAILY_FOREIGN_INVESTMENT,2026-08-21T09:59:05.591Z
2022-11-16,0050,元大台灣50,2290500000,106820440,4.66,2183679560,95.33,100,TWSE_MI_QFIIS_DAILY_FOREIGN_INVESTMENT,2026-08-21T09:59:05.591Z
2022-11-16,2317,鴻海,13862990609,5953566930,42.94,7909423679,57.05,100,TWSE_MI_QFIIS_DAILY_FOREIGN_INVESTMENT,2026-08-21T09:59:05.591Z
2022-11-16,2330,台積電,25930380458,18457047528,71.17,7473332930,28.82,100,TWSE_MI_QFIIS_DAILY_FOREIGN_INVESTMENT,2026-08-21T09:59:05.591Z
2022-11-16,2454,聯發科,1599435327,984254673,61.53,615180654,38.46,100,TWSE_MI_QFIIS_DAILY_FOREIGN_INVESTMENT,2026-08-21T09:59:05.591Z
2022-11-17,0050,元大台灣50,2290500000,106247710,4.63,2184252290,95.36,100,TWSE_MI_QFIIS_DAILY_FOREIGN_INVESTMENT,2026-08-21T09:59:05.591Z
2022-11-17,2317,鴻海,13862990609,5947887646,42.9,7915102963,57.09,100,TWSE_MI_QFIIS_DAILY_FOREIGN_INVESTMENT,2026-08-21T09:59:05.591Z
2022-11-17,2330,台積電,25930380458,18456219847,71.17,7474160611,28.82,100,TWSE_MI_QFIIS_DAILY_FOREIGN_INVESTMENT,2026-08-21T09:59:05.591Z
2022-11-17,2454,聯發科,1599435327,984541088,61.55,614894239,38.44,100,TWSE_MI_QFIIS_DAILY_FOREIGN_INVESTMENT,2026-08-21T09:59:05.591Z
2022-11-18,0050,元大台灣50,2290500000,108490534,4.73,2182009466,95.26,100,TWSE_MI_QFIIS_DAILY_FOREIGN_INVESTMENT,2026-08-21T09:59:05.591Z
2022-11-18,2317,鴻海,13862990609,5937495435,42.82,7925495174,57.17,100,TWSE_MI_QFIIS_DAILY_FOREIGN_INVESTMENT,2026-08-21T09:59:05.591Z
2022-11-18,2330,台積電,25930380458,18457768565,71.18,7472611893,28.81,100,TWSE_MI_QFIIS_DAILY_FOREIGN_INVESTMENT,2026-08-21T09:59:05.591Z
2022-11-18,2454,聯發科,1599435327,984423879,61.54,615011448,38.45,100,TWSE_MI_QFIIS_DAILY_FOREIGN_INVESTMENT,2026-08-21T09:59:05.591Z
2022-11-21,0050,元大台灣50,2285500000,109876835,4.8,2175623165,95.19,100,TWSE_MI_QFIIS_DAILY_FOREIGN_INVESTMENT,2026-08-21T09:59:05.591Z
2022-11-21,2317,鴻海,13862990609,5927528152,42.75,7935462457,57.24,100,TWSE_MI_QFIIS_DAILY_FOREIGN_INVESTMENT,2026-08-21T09:59:05.591Z
2022-11-21,2330,台積電,25930380458,18452446976,71.16,7477933482,28.83,100,TWSE_MI_QFIIS_DAILY_FOREIGN_INVESTMENT,2026-08-21T09:59:05.591Z
2022-11-21,2454,聯發科,1599435327,984029987,61.52,615405340,38.47,100,TWSE_MI_QFIIS_DAILY_FOREIGN_INVESTMENT,2026-08-21T09:59:05.591Z
2022-11-22,0050,元大台灣50,2285500000,105886579,4.63,2179613421,95.36,100,TWSE_MI_QFIIS_DAILY_FOREIGN_INVESTMENT,2026-08-21T09:59:05.591Z
2022-11-22,2317,鴻海,13862990609,5918548618,42.69,7944441991,57.3,100,TWSE_MI_QFIIS_DAILY_FOREIGN_INVESTMENT,2026-08-21T09:59:05.591Z
2022-11-22,2330,台積電,25930380458,18454754892,71.17,7475625566,28.82,100,TWSE_MI_QFIIS_DAILY_FOREIGN_INVESTMENT,2026-08-21T09:59:05.591Z
2022-11-22,2454,聯發科,1599435327,983386656,61.48,616048671,38.51,100,TWSE_MI_QFIIS_DAILY_FOREIGN_INVESTMENT,2026-08-21T09:59:05.591Z
2022-11-23,0050,元大台灣50,2285500000,107484950,4.7,2178015050,95.29,100,TWSE_MI_QFIIS_DAILY_FOREIGN_INVESTMENT,2026-08-21T09:59:05.591Z
2022-11-23,2317,鴻海,13862990609,5910630922,42.63,7952359687,57.36,100,TWSE_MI_QFIIS_DAILY_FOREIGN_INVESTMENT,2026-08-21T09:59:05.591Z
2022-11-23,2330,台積電,25930380458,18449717290,71.15,7480663168,28.84,100,TWSE_MI_QFIIS_DAILY_FOREIGN_INVESTMENT,2026-08-21T09:59:05.591Z
2022-11-23,2454,聯發科,1599435327,983328954,61.47,616106373,38.52,100,TWSE_MI_QFIIS_DAILY_FOREIGN_INVESTMENT,2026-08-21T09:59:05.591Z
2022-11-24,0050,元大台灣50,2291000000,117412074,5.12,2173587926,94.87,100,TWSE_MI_QFIIS_DAILY_FOREIGN_INVESTMENT,2026-08-21T09:59:05.591Z
2022-11-24,2317,鴻海,13862990609,5909583550,42.62,7953407059,57.37,100,TWSE_MI_QFIIS_DAILY_FOREIGN_INVESTMENT,2026-08-21T09:59:05.591Z
2022-11-24,2330,台積電,25930380458,18459734205,71.18,7470646253,28.81,100,TWSE_MI_QFIIS_DAILY_FOREIGN_INVESTMENT,2026-08-21T09:59:05.591Z
2022-11-24,2454,聯發科,1599435327,985530443,61.61,613904884,38.38,100,TWSE_MI_QFIIS_DAILY_FOREIGN_INVESTMENT,2026-08-21T09:59:05.591Z
2022-11-25,0050,元大台灣50,2291000000,124460275,5.43,2166539725,94.56,100,TWSE_MI_QFIIS_DAILY_FOREIGN_INVESTMENT,2026-08-21T09:59:05.591Z
2022-11-25,2317,鴻海,13862990609,5898289617,42.54,7964700992,57.45,100,TWSE_MI_QFIIS_DAILY_FOREIGN_INVESTMENT,2026-08-21T09:59:05.591Z
2022-11-25,2330,台積電,25930380458,18455770442,71.17,7474610016,28.82,100,TWSE_MI_QFIIS_DAILY_FOREIGN_INVESTMENT,2026-08-21T09:59:05.591Z
2022-11-25,2454,聯發科,1599435327,984555765,61.55,614879562,38.44,100,TWSE_MI_QFIIS_DAILY_FOREIGN_INVESTMENT,2026-08-21T09:59:05.591Z
2022-11-28,0050,元大台灣50,2292000000,123613101,5.39,2168386899,94.6,100,TWSE_MI_QFIIS_DAILY_FOREIGN_INVESTMENT,2026-08-21T09:59:05.591Z
2022-11-28,2317,鴻海,13862990609,5881155604,42.42,7981835005,57.57,100,TWSE_MI_QFIIS_DAILY_FOREIGN_INVESTMENT,2026-08-21T09:59:05.591Z
2022-11-28,2330,台積電,25930380458,18445410493,71.13,7484969965,28.86,100,TWSE_MI_QFIIS_DAILY_FOREIGN_INVESTMENT,2026-08-21T09:59:05.591Z
2022-11-28,2454,聯發科,1599435327,982621574,61.43,616813753,38.56,100,TWSE_MI_QFIIS_DAILY_FOREIGN_INVESTMENT,2026-08-21T09:59:05.591Z
2022-11-29,0050,元大台灣50,2299000000,125962168,5.47,2173037832,94.52,100,TWSE_MI_QFIIS_DAILY_FOREIGN_INVESTMENT,2026-08-21T09:59:05.591Z
2022-11-29,2317,鴻海,13862990609,5879437694,42.41,7983552915,57.58,100,TWSE_MI_QFIIS_DAILY_FOREIGN_INVESTMENT,2026-08-21T09:59:05.591Z
2022-11-29,2330,台積電,25930380458,18446574356,71.13,7483806102,28.86,100,TWSE_MI_QFIIS_DAILY_FOREIGN_INVESTMENT,2026-08-21T09:59:05.591Z
2022-11-29,2454,聯發科,1599435327,982510674,61.42,616924653,38.57,100,TWSE_MI_QFIIS_DAILY_FOREIGN_INVESTMENT,2026-08-21T09:59:05.591Z
2022-11-30,0050,元大台灣50,2299000000,137141744,5.96,2161858256,94.03,100,TWSE_MI_QFIIS_DAILY_FOREIGN_INVESTMENT,2026-08-21T09:59:05.591Z
2022-11-30,2317,鴻海,13862990609,5872978881,42.36,7990011728,57.63,100,TWSE_MI_QFIIS_DAILY_FOREIGN_INVESTMENT,2026-08-21T09:59:05.591Z
2022-11-30,2330,台積電,25930380458,18454245674,71.16,7476134784,28.83,100,TWSE_MI_QFIIS_DAILY_FOREIGN_INVESTMENT,2026-08-21T09:59:05.591Z
2022-11-30,2454,聯發科,1599435327,983954967,61.51,615480360,38.48,100,TWSE_MI_QFIIS_DAILY_FOREIGN_INVESTMENT,2026-08-21T09:59:05.591Z
2022-12-01,0050,元大台灣50,2303500000,148375148,6.44,2155124852,93.55,100,TWSE_MI_QFIIS_DAILY_FOREIGN_INVESTMENT,2026-08-21T09:59:05.591Z
2022-12-01,2317,鴻海,13862990609,5886548686,42.46,7976441923,57.53,100,TWSE_MI_QFIIS_DAILY_FOREIGN_INVESTMENT,2026-08-21T09:59:05.591Z
2022-12-01,2330,台積電,25930380458,18465785379,71.21,7464595079,28.78,100,TWSE_MI_QFIIS_DAILY_FOREIGN_INVESTMENT,2026-08-21T09:59:05.591Z
2022-12-01,2454,聯發科,1599435327,984524038,61.55,614911289,38.44,100,TWSE_MI_QFIIS_DAILY_FOREIGN_INVESTMENT,2026-08-21T09:59:05.591Z
2022-12-02,0050,元大台灣50,2306500000,144843299,6.27,2161656701,93.72,100,TWSE_MI_QFIIS_DAILY_FOREIGN_INVESTMENT,2026-08-21T09:59:05.591Z
2022-12-02,2317,鴻海,13862990609,5902035536,42.57,7960955073,57.42,100,TWSE_MI_QFIIS_DAILY_FOREIGN_INVESTMENT,2026-08-21T09:59:05.591Z
2022-12-02,2330,台積電,25930380458,18459837143,71.18,7470543315,28.81,100,TWSE_MI_QFIIS_DAILY_FOREIGN_INVESTMENT,2026-08-21T09:59:05.591Z
2022-12-02,2454,聯發科,1599435327,983948563,61.51,615486764,38.48,100,TWSE_MI_QFIIS_DAILY_FOREIGN_INVESTMENT,2026-08-21T09:59:05.591Z
2022-12-05,0050,元大台灣50,2308000000,151008795,6.54,2156991205,93.45,100,TWSE_MI_QFIIS_DAILY_FOREIGN_INVESTMENT,2026-08-21T09:59:05.591Z
2022-12-05,2317,鴻海,13862990609,5897363923,42.54,7965626686,57.45,100,TWSE_MI_QFIIS_DAILY_FOREIGN_INVESTMENT,2026-08-21T09:59:05.591Z
2022-12-05,2330,台積電,25930380458,18453931875,71.16,7476448583,28.83,100,TWSE_MI_QFIIS_DAILY_FOREIGN_INVESTMENT,2026-08-21T09:59:05.591Z
2022-12-05,2454,聯發科,1599435327,983893971,61.51,615541356,38.48,100,TWSE_MI_QFIIS_DAILY_FOREIGN_INVESTMENT,2026-08-21T09:59:05.591Z
2022-12-06,0050,元大台灣50,2308000000,143723187,6.22,2164276813,93.77,100,TWSE_MI_QFIIS_DAILY_FOREIGN_INVESTMENT,2026-08-21T09:59:05.591Z
2022-12-06,2317,鴻海,13862990609,5879561262,42.41,7983429347,57.58,100,TWSE_MI_QFIIS_DAILY_FOREIGN_INVESTMENT,2026-08-21T09:59:05.591Z
2022-12-06,2330,台積電,25930380458,18446713469,71.13,7483666989,28.86,100,TWSE_MI_QFIIS_DAILY_FOREIGN_INVESTMENT,2026-08-21T09:59:05.591Z
2022-12-06,2454,聯發科,1599435327,982620270,61.43,616815057,38.56,100,TWSE_MI_QFIIS_DAILY_FOREIGN_INVESTMENT,2026-08-21T09:59:05.591Z
2022-12-07,0050,元大台灣50,2308000000,141490640,6.13,2166509360,93.86,100,TWSE_MI_QFIIS_DAILY_FOREIGN_INVESTMENT,2026-08-21T09:59:05.591Z
2022-12-07,2317,鴻海,13862990609,5873651107,42.36,7989339502,57.63,100,TWSE_MI_QFIIS_DAILY_FOREIGN_INVESTMENT,2026-08-21T09:59:05.591Z
2022-12-07,2330,台積電,25930380458,18441478381,71.11,7488902077,28.88,100,TWSE_MI_QFIIS_DAILY_FOREIGN_INVESTMENT,2026-08-21T09:59:05.591Z
2022-12-07,2454,聯發科,1599435327,981333396,61.35,618101931,38.64,100,TWSE_MI_QFIIS_DAILY_FOREIGN_INVESTMENT,2026-08-21T09:59:05.591Z
2022-12-08,0050,元大台灣50,2309000000,137882924,5.97,2171117076,94.02,100,TWSE_MI_QFIIS_DAILY_FOREIGN_INVESTMENT,2026-08-21T09:59:05.591Z
2022-12-08,2317,鴻海,13862990609,5863152855,42.29,7999837754,57.7,100,TWSE_MI_QFIIS_DAILY_FOREIGN_INVESTMENT,2026-08-21T09:59:05.591Z
2022-12-08,2330,台積電,25930380458,18436844191,71.1,7493536267,28.89,100,TWSE_MI_QFIIS_DAILY_FOREIGN_INVESTMENT,2026-08-21T09:59:05.591Z
2022-12-08,2454,聯發科,1599435327,980414789,61.29,619020538,38.7,100,TWSE_MI_QFIIS_DAILY_FOREIGN_INVESTMENT,2026-08-21T09:59:05.591Z
2022-12-09,0050,元大台灣50,2309000000,139319488,6.03,2169680512,93.96,100,TWSE_MI_QFIIS_DAILY_FOREIGN_INVESTMENT,2026-08-21T09:59:05.591Z
2022-12-09,2317,鴻海,13862990609,5859875995,42.26,8003114614,57.73,100,TWSE_MI_QFIIS_DAILY_FOREIGN_INVESTMENT,2026-08-21T09:59:05.591Z
2022-12-09,2330,台積電,25930380458,18437859442,71.1,7492521016,28.89,100,TWSE_MI_QFIIS_DAILY_FOREIGN_INVESTMENT,2026-08-21T09:59:05.591Z
2022-12-09,2454,聯發科,1599435327,981366962,61.35,618068365,38.64,100,TWSE_MI_QFIIS_DAILY_FOREIGN_INVESTMENT,2026-08-21T09:59:05.591Z
2022-12-12,0050,元大台灣50,2309000000,134202442,5.81,2174797558,94.18,100,TWSE_MI_QFIIS_DAILY_FOREIGN_INVESTMENT,2026-08-21T09:59:05.591Z
2022-12-12,2317,鴻海,13862990609,5856187399,42.24,8006803210,57.75,100,TWSE_MI_QFIIS_DAILY_FOREIGN_INVESTMENT,2026-08-21T09:59:05.591Z
2022-12-12,2330,台積電,25930380458,18436395496,71.09,7493984962,28.9,100,TWSE_MI_QFIIS_DAILY_FOREIGN_INVESTMENT,2026-08-21T09:59:05.591Z
2022-12-12,2454,聯發科,1599435327,979812043,61.25,619623284,38.74,100,TWSE_MI_QFIIS_DAILY_FOREIGN_INVESTMENT,2026-08-21T09:59:05.591Z
2022-12-13,0050,元大台灣50,2317000000,133103959,5.74,2183896041,94.25,100,TWSE_MI_QFIIS_DAILY_FOREIGN_INVESTMENT,2026-08-21T09:59:05.591Z
2022-12-13,2317,鴻海,13862990609,5837373315,42.1,8025617294,57.89,100,TWSE_MI_QFIIS_DAILY_FOREIGN_INVESTMENT,2026-08-21T09:59:05.591Z
2022-12-13,2330,台積電,25930380458,18427775007,71.06,7502605451,28.93,100,TWSE_MI_QFIIS_DAILY_FOREIGN_INVESTMENT,2026-08-21T09:59:05.591Z
2022-12-13,2454,聯發科,1599435327,979357337,61.23,620077990,38.76,100,TWSE_MI_QFIIS_DAILY_FOREIGN_INVESTMENT,2026-08-21T09:59:05.591Z
2022-12-14,0050,元大台灣50,2317000000,142597307,6.15,2174402693,93.84,100,TWSE_MI_QFIIS_DAILY_FOREIGN_INVESTMENT,2026-08-21T09:59:05.591Z
2022-12-14,2317,鴻海,13862990609,5841581919,42.13,8021408690,57.86,100,TWSE_MI_QFIIS_DAILY_FOREIGN_INVESTMENT,2026-08-21T09:59:05.591Z
2022-12-14,2330,台積電,25930380458,18431785396,71.08,7498595062,28.91,100,TWSE_MI_QFIIS_DAILY_FOREIGN_INVESTMENT,2026-08-21T09:59:05.591Z
2022-12-14,2454,聯發科,1599435327,979739990,61.25,619695337,38.74,100,TWSE_MI_QFIIS_DAILY_FOREIGN_INVESTMENT,2026-08-21T09:59:05.591Z
2022-12-15,0050,元大台灣50,2317000000,137655190,5.94,2179344810,94.05,100,TWSE_MI_QFIIS_DAILY_FOREIGN_INVESTMENT,2026-08-21T09:59:05.591Z
2022-12-15,2317,鴻海,13862990609,5835289975,42.09,8027700634,57.9,100,TWSE_MI_QFIIS_DAILY_FOREIGN_INVESTMENT,2026-08-21T09:59:05.591Z
2022-12-15,2330,台積電,25930380458,18435311618,71.09,7495068840,28.9,100,TWSE_MI_QFIIS_DAILY_FOREIGN_INVESTMENT,2026-08-21T09:59:05.591Z
2022-12-15,2454,聯發科,1599435327,974587191,60.93,624848136,39.06,100,TWSE_MI_QFIIS_DAILY_FOREIGN_INVESTMENT,2026-08-21T09:59:05.591Z
2022-12-16,0050,元大台灣50,2317000000,132484487,5.71,2184515513,94.28,100,TWSE_MI_QFIIS_DAILY_FOREIGN_INVESTMENT,2026-08-21T09:59:05.591Z
2022-12-16,2317,鴻海,13862990609,5805663410,41.87,8057327199,58.12,100,TWSE_MI_QFIIS_DAILY_FOREIGN_INVESTMENT,2026-08-21T09:59:05.591Z
2022-12-16,2330,台積電,25930380458,18424455222,71.05,7505925236,28.94,100,TWSE_MI_QFIIS_DAILY_FOREIGN_INVESTMENT,2026-08-21T09:59:05.591Z
2022-12-16,2454,聯發科,1599435327,974705530,60.94,624729797,39.05,100,TWSE_MI_QFIIS_DAILY_FOREIGN_INVESTMENT,2026-08-21T09:59:05.591Z
2022-12-19,0050,元大台灣50,2317000000,131218288,5.66,2185781712,94.33,100,TWSE_MI_QFIIS_DAILY_FOREIGN_INVESTMENT,2026-08-21T09:59:05.591Z
2022-12-19,2317,鴻海,13862990609,5800980588,41.84,8062010021,58.15,100,TWSE_MI_QFIIS_DAILY_FOREIGN_INVESTMENT,2026-08-21T09:59:05.591Z
2022-12-19,2330,台積電,25930380458,18416778356,71.02,7513602102,28.97,100,TWSE_MI_QFIIS_DAILY_FOREIGN_INVESTMENT,2026-08-21T09:59:05.591Z
2022-12-19,2454,聯發科,1599435327,974124323,60.9,625311004,39.09,100,TWSE_MI_QFIIS_DAILY_FOREIGN_INVESTMENT,2026-08-21T09:59:05.591Z
2022-12-20,0050,元大台灣50,2307000000,120066419,5.2,2186933581,94.79,100,TWSE_MI_QFIIS_DAILY_FOREIGN_INVESTMENT,2026-08-21T09:59:05.591Z
2022-12-20,2317,鴻海,13862990609,5783867668,41.72,8079122941,58.27,100,TWSE_MI_QFIIS_DAILY_FOREIGN_INVESTMENT,2026-08-21T09:59:05.591Z
2022-12-20,2330,台積電,25930380458,18409537012,70.99,7520843446,29,100,TWSE_MI_QFIIS_DAILY_FOREIGN_INVESTMENT,2026-08-21T09:59:05.591Z
2022-12-20,2454,聯發科,1599435327,973874990,60.88,625560337,39.11,100,TWSE_MI_QFIIS_DAILY_FOREIGN_INVESTMENT,2026-08-21T09:59:05.591Z
2022-12-21,0050,元大台灣50,2307000000,117111429,5.07,2189888571,94.92,100,TWSE_MI_QFIIS_DAILY_FOREIGN_INVESTMENT,2026-08-21T09:59:05.591Z
2022-12-21,2317,鴻海,13862990609,5772148673,41.63,8090841936,58.36,100,TWSE_MI_QFIIS_DAILY_FOREIGN_INVESTMENT,2026-08-21T09:59:05.591Z
2022-12-21,2330,台積電,25930380458,18409952729,70.99,7520427729,29,100,TWSE_MI_QFIIS_DAILY_FOREIGN_INVESTMENT,2026-08-21T09:59:05.591Z
2022-12-21,2454,聯發科,1599435327,974938279,60.95,624497048,39.04,100,TWSE_MI_QFIIS_DAILY_FOREIGN_INVESTMENT,2026-08-21T09:59:05.591Z
2022-12-22,0050,元大台灣50,2307000000,118339463,5.12,2188660537,94.87,100,TWSE_MI_QFIIS_DAILY_FOREIGN_INVESTMENT,2026-08-21T09:59:05.591Z
2022-12-22,2317,鴻海,13862990609,5765417251,41.58,8097573358,58.41,100,TWSE_MI_QFIIS_DAILY_FOREIGN_INVESTMENT,2026-08-21T09:59:05.591Z
2022-12-22,2330,台積電,25930380458,18413084197,71,7517296261,28.99,100,TWSE_MI_QFIIS_DAILY_FOREIGN_INVESTMENT,2026-08-21T09:59:05.591Z
2022-12-22,2454,聯發科,1599435327,975606671,60.99,623828656,39,100,TWSE_MI_QFIIS_DAILY_FOREIGN_INVESTMENT,2026-08-21T09:59:05.591Z
2022-12-23,0050,元大台灣50,2307000000,115205321,4.99,2191794679,95,100,TWSE_MI_QFIIS_DAILY_FOREIGN_INVESTMENT,2026-08-21T09:59:05.591Z
2022-12-23,2317,鴻海,13862990609,5764514745,41.58,8098475864,58.41,100,TWSE_MI_QFIIS_DAILY_FOREIGN_INVESTMENT,2026-08-21T09:59:05.591Z
2022-12-23,2330,台積電,25930380458,18399509995,70.95,7530870463,29.04,100,TWSE_MI_QFIIS_DAILY_FOREIGN_INVESTMENT,2026-08-21T09:59:05.591Z
2022-12-23,2454,聯發科,1599435327,975652574,60.99,623782753,39,100,TWSE_MI_QFIIS_DAILY_FOREIGN_INVESTMENT,2026-08-21T09:59:05.591Z
2022-12-26,0050,元大台灣50,2307000000,114870082,4.97,2192129918,95.02,100,TWSE_MI_QFIIS_DAILY_FOREIGN_INVESTMENT,2026-08-21T09:59:05.591Z
2022-12-26,2317,鴻海,13862990609,5764135683,41.57,8098854926,58.42,100,TWSE_MI_QFIIS_DAILY_FOREIGN_INVESTMENT,2026-08-21T09:59:05.591Z
2022-12-26,2330,台積電,25930380458,18398189341,70.95,7532191117,29.04,100,TWSE_MI_QFIIS_DAILY_FOREIGN_INVESTMENT,2026-08-21T09:59:05.591Z
2022-12-26,2454,聯發科,1599435327,975268202,60.97,624167125,39.02,100,TWSE_MI_QFIIS_DAILY_FOREIGN_INVESTMENT,2026-08-21T09:59:05.591Z
2022-12-27,0050,元大台灣50,2307000000,114993289,4.98,2192006711,95.01,100,TWSE_MI_QFIIS_DAILY_FOREIGN_INVESTMENT,2026-08-21T09:59:05.591Z
2022-12-27,2317,鴻海,13862990609,5764372406,41.58,8098618203,58.41,100,TWSE_MI_QFIIS_DAILY_FOREIGN_INVESTMENT,2026-08-21T09:59:05.591Z
2022-12-27,2330,台積電,25930380458,18398927990,70.95,7531452468,29.04,100,TWSE_MI_QFIIS_DAILY_FOREIGN_INVESTMENT,2026-08-21T09:59:05.591Z
2022-12-27,2454,聯發科,1599435327,975576884,60.99,623858443,39,100,TWSE_MI_QFIIS_DAILY_FOREIGN_INVESTMENT,2026-08-21T09:59:05.591Z
2022-12-28,0050,元大台灣50,2307000000,109230849,4.73,2197769151,95.26,100,TWSE_MI_QFIIS_DAILY_FOREIGN_INVESTMENT,2026-08-21T09:59:05.591Z
2022-12-28,2317,鴻海,13862990609,5757472587,41.53,8105518022,58.46,100,TWSE_MI_QFIIS_DAILY_FOREIGN_INVESTMENT,2026-08-21T09:59:05.591Z
2022-12-28,2330,台積電,25930380458,18383298541,70.89,7547081917,29.1,100,TWSE_MI_QFIIS_DAILY_FOREIGN_INVESTMENT,2026-08-21T09:59:05.591Z
2022-12-28,2454,聯發科,1599435327,972824628,60.82,626610699,39.17,100,TWSE_MI_QFIIS_DAILY_FOREIGN_INVESTMENT,2026-08-21T09:59:05.591Z
2022-12-29,0050,元大台灣50,2307000000,103128961,4.47,2203871039,95.52,100,TWSE_MI_QFIIS_DAILY_FOREIGN_INVESTMENT,2026-08-21T09:59:05.591Z
2022-12-29,2317,鴻海,13862990609,5737822941,41.38,8125167668,58.61,100,TWSE_MI_QFIIS_DAILY_FOREIGN_INVESTMENT,2026-08-21T09:59:05.591Z
2022-12-29,2330,台積電,25930380458,18377398704,70.87,7552981754,29.12,100,TWSE_MI_QFIIS_DAILY_FOREIGN_INVESTMENT,2026-08-21T09:59:05.591Z
2022-12-29,2454,聯發科,1599435327,972195225,60.78,627240102,39.21,100,TWSE_MI_QFIIS_DAILY_FOREIGN_INVESTMENT,2026-08-21T09:59:05.591Z
2022-12-30,0050,元大台灣50,2307000000,100203851,4.34,2206796149,95.65,100,TWSE_MI_QFIIS_DAILY_FOREIGN_INVESTMENT,2026-08-21T09:59:05.591Z
2022-12-30,2317,鴻海,13862990609,5737657371,41.38,8125333238,58.61,100,TWSE_MI_QFIIS_DAILY_FOREIGN_INVESTMENT,2026-08-21T09:59:05.591Z
2022-12-30,2330,台積電,25930380458,18377265055,70.87,7553115403,29.12,100,TWSE_MI_QFIIS_DAILY_FOREIGN_INVESTMENT,2026-08-21T09:59:05.591Z
2022-12-30,2454,聯發科,1599435327,971922685,60.76,627512642,39.23,100,TWSE_MI_QFIIS_DAILY_FOREIGN_INVESTMENT,2026-08-21T09:59:05.591Z
2023-01-03,0050,元大台灣50,2312500000,102934022,4.45,2209565978,95.54,100,TWSE_MI_QFIIS_DAILY_FOREIGN_INVESTMENT,2026-08-21T09:59:05.591Z
2023-01-03,2317,鴻海,13862990609,5727687410,41.31,8135303199,58.68,100,TWSE_MI_QFIIS_DAILY_FOREIGN_INVESTMENT,2026-08-21T09:59:05.591Z
2023-01-03,2330,台積電,25930380458,18375777768,70.86,7554602690,29.13,100,TWSE_MI_QFIIS_DAILY_FOREIGN_INVESTMENT,2026-08-21T09:59:05.591Z
2023-01-03,2454,聯發科,1599435327,972336059,60.79,627099268,39.2,100,TWSE_MI_QFIIS_DAILY_FOREIGN_INVESTMENT,2026-08-21T09:59:05.591Z
2023-01-04,0050,元大台灣50,2307000000,86180105,3.73,2220819895,96.26,100,TWSE_MI_QFIIS_DAILY_FOREIGN_INVESTMENT,2026-08-21T09:59:05.591Z
2023-01-04,2317,鴻海,13862990609,5711100754,41.19,8151889855,58.8,100,TWSE_MI_QFIIS_DAILY_FOREIGN_INVESTMENT,2026-08-21T09:59:05.591Z
2023-01-04,2330,台積電,25930380458,18374189532,70.85,7556190926,29.14,100,TWSE_MI_QFIIS_DAILY_FOREIGN_INVESTMENT,2026-08-21T09:59:05.591Z
2023-01-04,2454,聯發科,1599435327,971901948,60.76,627533379,39.23,100,TWSE_MI_QFIIS_DAILY_FOREIGN_INVESTMENT,2026-08-21T09:59:05.591Z
2023-01-05,0050,元大台灣50,2308500000,80761199,3.49,2227738801,96.5,100,TWSE_MI_QFIIS_DAILY_FOREIGN_INVESTMENT,2026-08-21T09:59:05.591Z
2023-01-05,2317,鴻海,13862990609,5701365156,41.12,8161625453,58.87,100,TWSE_MI_QFIIS_DAILY_FOREIGN_INVESTMENT,2026-08-21T09:59:05.591Z
2023-01-05,2330,台積電,25930380458,18380716503,70.88,7549663955,29.11,100,TWSE_MI_QFIIS_DAILY_FOREIGN_INVESTMENT,2026-08-21T09:59:05.591Z
2023-01-05,2454,聯發科,1599435327,970507893,60.67,628927434,39.32,100,TWSE_MI_QFIIS_DAILY_FOREIGN_INVESTMENT,2026-08-21T09:59:05.591Z
2023-01-06,0050,元大台灣50,2318500000,84299313,3.63,2234200687,96.36,100,TWSE_MI_QFIIS_DAILY_FOREIGN_INVESTMENT,2026-08-21T09:59:05.591Z
2023-01-06,2317,鴻海,13862990609,5693322468,41.06,8169668141,58.93,100,TWSE_MI_QFIIS_DAILY_FOREIGN_INVESTMENT,2026-08-21T09:59:05.591Z
2023-01-06,2330,台積電,25930380458,18386544079,70.9,7543836379,29.09,100,TWSE_MI_QFIIS_DAILY_FOREIGN_INVESTMENT,2026-08-21T09:59:05.591Z
2023-01-06,2454,聯發科,1599435327,972563245,60.8,626872082,39.19,100,TWSE_MI_QFIIS_DAILY_FOREIGN_INVESTMENT,2026-08-21T09:59:05.591Z
2023-01-09,0050,元大台灣50,2319000000,86392257,3.72,2232607743,96.27,100,TWSE_MI_QFIIS_DAILY_FOREIGN_INVESTMENT,2026-08-21T09:59:05.591Z
2023-01-09,2317,鴻海,13862990609,5689550237,41.04,8173440372,58.95,100,TWSE_MI_QFIIS_DAILY_FOREIGN_INVESTMENT,2026-08-21T09:59:05.591Z
2023-01-09,2330,台積電,25930380458,18416306660,71.02,7514073798,28.97,100,TWSE_MI_QFIIS_DAILY_FOREIGN_INVESTMENT,2026-08-21T09:59:05.591Z
2023-01-09,2454,聯發科,1599435327,972360039,60.79,627075288,39.2,100,TWSE_MI_QFIIS_DAILY_FOREIGN_INVESTMENT,2026-08-21T09:59:05.591Z
2023-01-10,0050,元大台灣50,2324500000,89680588,3.85,2234819412,96.14,100,TWSE_MI_QFIIS_DAILY_FOREIGN_INVESTMENT,2026-08-21T09:59:05.591Z
2023-01-10,2317,鴻海,13862990609,5687863864,41.02,8175126745,58.97,100,TWSE_MI_QFIIS_DAILY_FOREIGN_INVESTMENT,2026-08-21T09:59:05.591Z
2023-01-10,2330,台積電,25930380458,18429651790,71.07,7500728668,28.92,100,TWSE_MI_QFIIS_DAILY_FOREIGN_INVESTMENT,2026-08-21T09:59:05.591Z
2023-01-10,2454,聯發科,1599435327,974446744,60.92,624988583,39.07,100,TWSE_MI_QFIIS_DAILY_FOREIGN_INVESTMENT,2026-08-21T09:59:05.591Z
2023-01-11,0050,元大台灣50,2329000000,84462443,3.62,2244537557,96.37,100,TWSE_MI_QFIIS_DAILY_FOREIGN_INVESTMENT,2026-08-21T09:59:05.591Z
2023-01-11,2317,鴻海,13862990609,5683390870,40.99,8179599739,59,100,TWSE_MI_QFIIS_DAILY_FOREIGN_INVESTMENT,2026-08-21T09:59:05.591Z
2023-01-11,2330,台積電,25930380458,18428982072,71.07,7501398386,28.92,100,TWSE_MI_QFIIS_DAILY_FOREIGN_INVESTMENT,2026-08-21T09:59:05.591Z
2023-01-11,2454,聯發科,1599435327,974909050,60.95,624526277,39.04,100,TWSE_MI_QFIIS_DAILY_FOREIGN_INVESTMENT,2026-08-21T09:59:05.591Z
2023-01-12,0050,元大台灣50,2308000000,62954210,2.72,2245045790,97.27,100,TWSE_MI_QFIIS_DAILY_FOREIGN_INVESTMENT,2026-08-21T09:59:05.591Z
2023-01-12,2317,鴻海,13862990609,5677734834,40.95,8185255775,59.04,100,TWSE_MI_QFIIS_DAILY_FOREIGN_INVESTMENT,2026-08-21T09:59:05.591Z
2023-01-12,2330,台積電,25930380458,18436653935,71.1,7493726523,28.89,100,TWSE_MI_QFIIS_DAILY_FOREIGN_INVESTMENT,2026-08-21T09:59:05.591Z
2023-01-12,2454,聯發科,1599435327,976047073,61.02,623388254,38.97,100,TWSE_MI_QFIIS_DAILY_FOREIGN_INVESTMENT,2026-08-21T09:59:05.591Z
2023-01-13,0050,元大台灣50,2305500000,74576007,3.23,2230923993,96.76,100,TWSE_MI_QFIIS_DAILY_FOREIGN_INVESTMENT,2026-08-21T09:59:05.591Z
2023-01-13,2317,鴻海,13862990609,5676838863,40.94,8186151746,59.05,100,TWSE_MI_QFIIS_DAILY_FOREIGN_INVESTMENT,2026-08-21T09:59:05.591Z
2023-01-13,2330,台積電,25930380458,18485711118,71.28,7444669340,28.71,100,TWSE_MI_QFIIS_DAILY_FOREIGN_INVESTMENT,2026-08-21T09:59:05.591Z
2023-01-13,2454,聯發科,1599435327,975053266,60.96,624382061,39.03,100,TWSE_MI_QFIIS_DAILY_FOREIGN_INVESTMENT,2026-08-21T09:59:05.591Z
2023-01-16,0050,元大台灣50,2301500000,79085281,3.43,2222414719,96.56,100,TWSE_MI_QFIIS_DAILY_FOREIGN_INVESTMENT,2026-08-21T09:59:05.591Z
2023-01-16,2317,鴻海,13862990609,5661295950,40.83,8201694659,59.16,100,TWSE_MI_QFIIS_DAILY_FOREIGN_INVESTMENT,2026-08-21T09:59:05.591Z
2023-01-16,2330,台積電,25930380458,18504819803,71.36,7425560655,28.63,100,TWSE_MI_QFIIS_DAILY_FOREIGN_INVESTMENT,2026-08-21T09:59:05.591Z
2023-01-16,2454,聯發科,1599435327,975766010,61,623669317,38.99,100,TWSE_MI_QFIIS_DAILY_FOREIGN_INVESTMENT,2026-08-21T09:59:05.591Z
2023-01-17,0050,元大台灣50,2260500000,33245385,1.47,2227254615,98.52,100,TWSE_MI_QFIIS_DAILY_FOREIGN_INVESTMENT,2026-08-21T09:59:05.591Z
2023-01-17,2317,鴻海,13862990609,5657861988,40.81,8205128621,59.18,100,TWSE_MI_QFIIS_DAILY_FOREIGN_INVESTMENT,2026-08-21T09:59:05.591Z
2023-01-17,2330,台積電,25930380458,18520315354,71.42,7410065104,28.57,100,TWSE_MI_QFIIS_DAILY_FOREIGN_INVESTMENT,2026-08-21T09:59:05.591Z
2023-01-17,2454,聯發科,1599435327,974844586,60.94,624590741,39.05,100,TWSE_MI_QFIIS_DAILY_FOREIGN_INVESTMENT,2026-08-21T09:59:05.591Z
2023-01-18,0050,元大台灣50,2260500000,33245385,1.47,2227254615,98.52,100,TWSE_MI_QFIIS_DAILY_FOREIGN_INVESTMENT,2026-08-21T09:59:05.591Z
2023-01-18,2317,鴻海,13862990609,5657861988,40.81,8205128621,59.18,100,TWSE_MI_QFIIS_DAILY_FOREIGN_INVESTMENT,2026-08-21T09:59:05.591Z
2023-01-18,2330,台積電,25930380458,18520315354,71.42,7410065104,28.57,100,TWSE_MI_QFIIS_DAILY_FOREIGN_INVESTMENT,2026-08-21T09:59:05.591Z
2023-01-18,2454,聯發科,1599435327,974844586,60.94,624590741,39.05,100,TWSE_MI_QFIIS_DAILY_FOREIGN_INVESTMENT,2026-08-21T09:59:05.591Z
2023-01-19,0050,元大台灣50,2260500000,33245385,1.47,2227254615,98.52,100,TWSE_MI_QFIIS_DAILY_FOREIGN_INVESTMENT,2026-08-21T09:59:05.591Z
2023-01-19,2317,鴻海,13862990609,5657861988,40.81,8205128621,59.18,100,TWSE_MI_QFIIS_DAILY_FOREIGN_INVESTMENT,2026-08-21T09:59:05.591Z
2023-01-19,2330,台積電,25930380458,18520315354,71.42,7410065104,28.57,100,TWSE_MI_QFIIS_DAILY_FOREIGN_INVESTMENT,2026-08-21T09:59:05.591Z
2023-01-19,2454,聯發科,1599435327,974844586,60.94,624590741,39.05,100,TWSE_MI_QFIIS_DAILY_FOREIGN_INVESTMENT,2026-08-21T09:59:05.591Z
2023-01-30,0050,元大台灣50,2260500000,58293548,2.57,2202206452,97.42,100,TWSE_MI_QFIIS_DAILY_FOREIGN_INVESTMENT,2026-08-21T09:59:05.591Z
2023-01-30,2317,鴻海,13862990609,5621111688,40.54,8241878921,59.45,100,TWSE_MI_QFIIS_DAILY_FOREIGN_INVESTMENT,2026-08-21T09:59:05.591Z
2023-01-30,2330,台積電,25930380458,18601100403,71.73,7329280055,28.26,100,TWSE_MI_QFIIS_DAILY_FOREIGN_INVESTMENT,2026-08-21T09:59:05.591Z
2023-01-30,2454,聯發科,1599435327,977468323,61.11,621967004,38.88,100,TWSE_MI_QFIIS_DAILY_FOREIGN_INVESTMENT,2026-08-21T09:59:05.591Z
2023-01-31,0050,元大台灣50,2260500000,63733964,2.81,2196766036,97.18,100,TWSE_MI_QFIIS_DAILY_FOREIGN_INVESTMENT,2026-08-21T09:59:05.591Z
2023-01-31,2317,鴻海,13862990609,5624698335,40.57,8238292274,59.42,100,TWSE_MI_QFIIS_DAILY_FOREIGN_INVESTMENT,2026-08-21T09:59:05.591Z
2023-01-31,2330,台積電,25930380458,18588057219,71.68,7342323239,28.31,100,TWSE_MI_QFIIS_DAILY_FOREIGN_INVESTMENT,2026-08-21T09:59:05.591Z
2023-01-31,2454,聯發科,1599435327,976053907,61.02,623381420,38.97,100,TWSE_MI_QFIIS_DAILY_FOREIGN_INVESTMENT,2026-08-21T09:59:05.591Z
2023-02-01,0050,元大台灣50,2260500000,62627155,2.77,2197872845,97.22,100,TWSE_MI_QFIIS_DAILY_FOREIGN_INVESTMENT,2026-08-21T09:59:05.591Z
2023-02-01,2317,鴻海,13862990609,5613529311,40.49,8249461298,59.5,100,TWSE_MI_QFIIS_DAILY_FOREIGN_INVESTMENT,2026-08-21T09:59:05.591Z
2023-02-01,2330,台積電,25930380458,18597374952,71.72,7333005506,28.27,100,TWSE_MI_QFIIS_DAILY_FOREIGN_INVESTMENT,2026-08-21T09:59:05.591Z
2023-02-01,2454,聯發科,1599435327,976143569,61.03,623291758,38.96,100,TWSE_MI_QFIIS_DAILY_FOREIGN_INVESTMENT,2026-08-21T09:59:05.591Z
2023-02-02,0050,元大台灣50,2259500000,71809470,3.17,2187690530,96.82,100,TWSE_MI_QFIIS_DAILY_FOREIGN_INVESTMENT,2026-08-21T09:59:05.591Z
2023-02-02,2317,鴻海,13862990609,5588720844,40.31,8274269765,59.68,100,TWSE_MI_QFIIS_DAILY_FOREIGN_INVESTMENT,2026-08-21T09:59:05.591Z
2023-02-02,2330,台積電,25930380458,18617709078,71.79,7312671380,28.2,100,TWSE_MI_QFIIS_DAILY_FOREIGN_INVESTMENT,2026-08-21T09:59:05.591Z
2023-02-02,2454,聯發科,1599435327,977739420,61.13,621695907,38.86,100,TWSE_MI_QFIIS_DAILY_FOREIGN_INVESTMENT,2026-08-21T09:59:05.591Z
2023-02-03,0050,元大台灣50,2259500000,76784558,3.39,2182715442,96.6,100,TWSE_MI_QFIIS_DAILY_FOREIGN_INVESTMENT,2026-08-21T09:59:05.591Z
2023-02-03,2317,鴻海,13862990609,5571470997,40.18,8291519612,59.81,100,TWSE_MI_QFIIS_DAILY_FOREIGN_INVESTMENT,2026-08-21T09:59:05.591Z
2023-02-03,2330,台積電,25930380458,18633605713,71.86,7296774745,28.13,100,TWSE_MI_QFIIS_DAILY_FOREIGN_INVESTMENT,2026-08-21T09:59:05.591Z
2023-02-03,2454,聯發科,1599435327,979552833,61.24,619882494,38.75,100,TWSE_MI_QFIIS_DAILY_FOREIGN_INVESTMENT,2026-08-21T09:59:05.591Z
2023-02-06,0050,元大台灣50,2264500000,71263971,3.14,2193236029,96.85,100,TWSE_MI_QFIIS_DAILY_FOREIGN_INVESTMENT,2026-08-21T09:59:05.591Z
2023-02-06,2317,鴻海,13862990609,5579198065,40.24,8283792544,59.75,100,TWSE_MI_QFIIS_DAILY_FOREIGN_INVESTMENT,2026-08-21T09:59:05.591Z
2023-02-06,2330,台積電,25930380458,18623425178,71.82,7306955280,28.17,100,TWSE_MI_QFIIS_DAILY_FOREIGN_INVESTMENT,2026-08-21T09:59:05.591Z
2023-02-06,2454,聯發科,1599435327,978330926,61.16,621104401,38.83,100,TWSE_MI_QFIIS_DAILY_FOREIGN_INVESTMENT,2026-08-21T09:59:05.591Z
2023-02-07,0050,元大台灣50,2264500000,73725368,3.25,2190774632,96.74,100,TWSE_MI_QFIIS_DAILY_FOREIGN_INVESTMENT,2026-08-21T09:59:05.591Z
2023-02-07,2317,鴻海,13862990609,5566829983,40.15,8296160626,59.84,100,TWSE_MI_QFIIS_DAILY_FOREIGN_INVESTMENT,2026-08-21T09:59:05.591Z
2023-02-07,2330,台積電,25930380458,18620119224,71.8,7310261234,28.19,100,TWSE_MI_QFIIS_DAILY_FOREIGN_INVESTMENT,2026-08-21T09:59:05.591Z
2023-02-07,2454,聯發科,1599435327,976283716,61.03,623151611,38.96,100,TWSE_MI_QFIIS_DAILY_FOREIGN_INVESTMENT,2026-08-21T09:59:05.591Z
2023-02-08,0050,元大台灣50,2266000000,75201649,3.31,2190798351,96.68,100,TWSE_MI_QFIIS_DAILY_FOREIGN_INVESTMENT,2026-08-21T09:59:05.591Z
2023-02-08,2317,鴻海,13862990609,5562555783,40.12,8300434826,59.87,100,TWSE_MI_QFIIS_DAILY_FOREIGN_INVESTMENT,2026-08-21T09:59:05.591Z
2023-02-08,2330,台積電,25930380458,18639472485,71.88,7290907973,28.11,100,TWSE_MI_QFIIS_DAILY_FOREIGN_INVESTMENT,2026-08-21T09:59:05.591Z
2023-02-08,2454,聯發科,1599435327,978298933,61.16,621136394,38.83,100,TWSE_MI_QFIIS_DAILY_FOREIGN_INVESTMENT,2026-08-21T09:59:05.591Z
2023-02-09,0050,元大台灣50,2266000000,74744184,3.29,2191255816,96.7,100,TWSE_MI_QFIIS_DAILY_FOREIGN_INVESTMENT,2026-08-21T09:59:05.591Z
2023-02-09,2317,鴻海,13862990609,5568372369,40.16,8294618240,59.83,100,TWSE_MI_QFIIS_DAILY_FOREIGN_INVESTMENT,2026-08-21T09:59:05.591Z
2023-02-09,2330,台積電,25930380458,18646453853,71.9,7283926605,28.09,100,TWSE_MI_QFIIS_DAILY_FOREIGN_INVESTMENT,2026-08-21T09:59:05.591Z
2023-02-09,2454,聯發科,1599435327,979146784,61.21,620288543,38.78,100,TWSE_MI_QFIIS_DAILY_FOREIGN_INVESTMENT,2026-08-21T09:59:05.591Z
2023-02-10,0050,元大台灣50,2266500000,76006009,3.35,2190493991,96.64,100,TWSE_MI_QFIIS_DAILY_FOREIGN_INVESTMENT,2026-08-21T09:59:05.591Z
2023-02-10,2317,鴻海,13862990609,5574206486,40.2,8288784123,59.79,100,TWSE_MI_QFIIS_DAILY_FOREIGN_INVESTMENT,2026-08-21T09:59:05.591Z
2023-02-10,2330,台積電,25930380458,18660646629,71.96,7269733829,28.03,100,TWSE_MI_QFIIS_DAILY_FOREIGN_INVESTMENT,2026-08-21T09:59:05.591Z
2023-02-10,2454,聯發科,1599435327,978818177,61.19,620617150,38.8,100,TWSE_MI_QFIIS_DAILY_FOREIGN_INVESTMENT,2026-08-21T09:59:05.591Z
2023-02-13,0050,元大台灣50,2266500000,75569399,3.33,2190930601,96.66,100,TWSE_MI_QFIIS_DAILY_FOREIGN_INVESTMENT,2026-08-21T09:59:05.591Z
2023-02-13,2317,鴻海,13862990609,5571808980,40.19,8291181629,59.8,100,TWSE_MI_QFIIS_DAILY_FOREIGN_INVESTMENT,2026-08-21T09:59:05.591Z
2023-02-13,2330,台積電,25930380458,18659083873,71.95,7271296585,28.04,100,TWSE_MI_QFIIS_DAILY_FOREIGN_INVESTMENT,2026-08-21T09:59:05.591Z
2023-02-13,2454,聯發科,1599435327,978698386,61.19,620736941,38.8,100,TWSE_MI_QFIIS_DAILY_FOREIGN_INVESTMENT,2026-08-21T09:59:05.591Z
2023-02-14,0050,元大台灣50,2264500000,79554993,3.51,2184945007,96.48,100,TWSE_MI_QFIIS_DAILY_FOREIGN_INVESTMENT,2026-08-21T09:59:05.591Z
2023-02-14,2317,鴻海,13862990609,5578981560,40.24,8284009049,59.75,100,TWSE_MI_QFIIS_DAILY_FOREIGN_INVESTMENT,2026-08-21T09:59:05.591Z
2023-02-14,2330,台積電,25930380458,18665192977,71.98,7265187481,28.01,100,TWSE_MI_QFIIS_DAILY_FOREIGN_INVESTMENT,2026-08-21T09:59:05.591Z
2023-02-14,2454,聯發科,1599435327,978651472,61.18,620783855,38.81,100,TWSE_MI_QFIIS_DAILY_FOREIGN_INVESTMENT,2026-08-21T09:59:05.591Z
2023-02-15,0050,元大台灣50,2264500000,74908484,3.3,2189591516,96.69,100,TWSE_MI_QFIIS_DAILY_FOREIGN_INVESTMENT,2026-08-21T09:59:05.591Z
2023-02-15,2317,鴻海,13862990609,5585647718,40.29,8277342891,59.7,100,TWSE_MI_QFIIS_DAILY_FOREIGN_INVESTMENT,2026-08-21T09:59:05.591Z
2023-02-15,2330,台積電,25930380458,18657954278,71.95,7272426180,28.04,100,TWSE_MI_QFIIS_DAILY_FOREIGN_INVESTMENT,2026-08-21T09:59:05.591Z
2023-02-15,2454,聯發科,1599435327,977043736,61.08,622391591,38.91,100,TWSE_MI_QFIIS_DAILY_FOREIGN_INVESTMENT,2026-08-21T09:59:05.591Z
2023-02-16,0050,元大台灣50,2269000000,72228412,3.18,2196771588,96.81,100,TWSE_MI_QFIIS_DAILY_FOREIGN_INVESTMENT,2026-08-21T09:59:05.591Z
2023-02-16,2317,鴻海,13862990609,5591787931,40.33,8271202678,59.66,100,TWSE_MI_QFIIS_DAILY_FOREIGN_INVESTMENT,2026-08-21T09:59:05.591Z
2023-02-16,2330,台積電,25930380458,18661045807,71.96,7269334651,28.03,100,TWSE_MI_QFIIS_DAILY_FOREIGN_INVESTMENT,2026-08-21T09:59:05.591Z
2023-02-16,2454,聯發科,1599435327,975725757,61,623709570,38.99,100,TWSE_MI_QFIIS_DAILY_FOREIGN_INVESTMENT,2026-08-21T09:59:05.591Z
2023-02-17,0050,元大台灣50,2259000000,62787208,2.77,2196212792,97.22,100,TWSE_MI_QFIIS_DAILY_FOREIGN_INVESTMENT,2026-08-21T09:59:05.591Z
2023-02-17,2317,鴻海,13862990609,5594528582,40.35,8268462027,59.64,100,TWSE_MI_QFIIS_DAILY_FOREIGN_INVESTMENT,2026-08-21T09:59:05.591Z
2023-02-17,2330,台積電,25930380458,18651615432,71.92,7278765026,28.07,100,TWSE_MI_QFIIS_DAILY_FOREIGN_INVESTMENT,2026-08-21T09:59:05.591Z
2023-02-17,2454,聯發科,1599435327,976544449,61.05,622890878,38.94,100,TWSE_MI_QFIIS_DAILY_FOREIGN_INVESTMENT,2026-08-21T09:59:05.591Z
2023-02-20,0050,元大台灣50,2264000000,61548825,2.71,2202451175,97.28,100,TWSE_MI_QFIIS_DAILY_FOREIGN_INVESTMENT,2026-08-21T09:59:05.591Z
2023-02-20,2317,鴻海,13862990609,5589033307,40.31,8273957302,59.68,100,TWSE_MI_QFIIS_DAILY_FOREIGN_INVESTMENT,2026-08-21T09:59:05.591Z
2023-02-20,2330,台積電,25930380458,18650843880,71.92,7279536578,28.07,100,TWSE_MI_QFIIS_DAILY_FOREIGN_INVESTMENT,2026-08-21T09:59:05.591Z
2023-02-20,2454,聯發科,1599435327,976939751,61.08,622495576,38.91,100,TWSE_MI_QFIIS_DAILY_FOREIGN_INVESTMENT,2026-08-21T09:59:05.591Z
2023-02-21,0050,元大台灣50,2264000000,64976369,2.86,2199023631,97.13,100,TWSE_MI_QFIIS_DAILY_FOREIGN_INVESTMENT,2026-08-21T09:59:05.591Z
2023-02-21,2317,鴻海,13862990609,5590311625,40.32,8272678984,59.67,100,TWSE_MI_QFIIS_DAILY_FOREIGN_INVESTMENT,2026-08-21T09:59:05.591Z
2023-02-21,2330,台積電,25930380458,18648052718,71.91,7282327740,28.08,100,TWSE_MI_QFIIS_DAILY_FOREIGN_INVESTMENT,2026-08-21T09:59:05.591Z
2023-02-21,2454,聯發科,1599427259,976292181,61.04,623135078,38.95,100,TWSE_MI_QFIIS_DAILY_FOREIGN_INVESTMENT,2026-08-21T09:59:05.591Z
2023-02-22,0050,元大台灣50,2276500000,56796614,2.49,2219703386,97.5,100,TWSE_MI_QFIIS_DAILY_FOREIGN_INVESTMENT,2026-08-21T09:59:05.591Z
2023-02-22,2317,鴻海,13862990609,5591281431,40.33,8271709178,59.66,100,TWSE_MI_QFIIS_DAILY_FOREIGN_INVESTMENT,2026-08-21T09:59:05.591Z
2023-02-22,2330,台積電,25930380458,18645347086,71.9,7285033372,28.09,100,TWSE_MI_QFIIS_DAILY_FOREIGN_INVESTMENT,2026-08-21T09:59:05.591Z
2023-02-22,2454,聯發科,1599427259,975296097,60.97,624131162,39.02,100,TWSE_MI_QFIIS_DAILY_FOREIGN_INVESTMENT,2026-08-21T09:59:05.591Z
2023-02-23,0050,元大台灣50,2279500000,66898252,2.93,2212601748,97.06,100,TWSE_MI_QFIIS_DAILY_FOREIGN_INVESTMENT,2026-08-21T09:59:05.591Z
2023-02-23,2317,鴻海,13862990609,5596895525,40.37,8266095084,59.62,100,TWSE_MI_QFIIS_DAILY_FOREIGN_INVESTMENT,2026-08-21T09:59:05.591Z
2023-02-23,2330,台積電,25930380458,18649011456,71.91,7281369002,28.08,100,TWSE_MI_QFIIS_DAILY_FOREIGN_INVESTMENT,2026-08-21T09:59:05.591Z
2023-02-23,2454,聯發科,1599427259,977984116,61.14,621443143,38.85,100,TWSE_MI_QFIIS_DAILY_FOREIGN_INVESTMENT,2026-08-21T09:59:05.591Z
2023-02-24,0050,元大台灣50,2284500000,72886149,3.19,2211613851,96.8,100,TWSE_MI_QFIIS_DAILY_FOREIGN_INVESTMENT,2026-08-21T09:59:05.591Z
2023-02-24,2317,鴻海,13862990609,5578372391,40.23,8284618218,59.76,100,TWSE_MI_QFIIS_DAILY_FOREIGN_INVESTMENT,2026-08-21T09:59:05.591Z
2023-02-24,2330,台積電,25930380458,18648905331,71.91,7281475127,28.08,100,TWSE_MI_QFIIS_DAILY_FOREIGN_INVESTMENT,2026-08-21T09:59:05.591Z
2023-02-24,2454,聯發科,1599427259,977466006,61.11,621961253,38.88,100,TWSE_MI_QFIIS_DAILY_FOREIGN_INVESTMENT,2026-08-21T09:59:05.591Z
2023-03-01,0050,元大台灣50,2284500000,70968608,3.1,2213531392,96.89,100,TWSE_MI_QFIIS_DAILY_FOREIGN_INVESTMENT,2026-08-21T09:59:05.591Z
2023-03-01,2317,鴻海,13862990609,5581790228,40.26,8281200381,59.73,100,TWSE_MI_QFIIS_DAILY_FOREIGN_INVESTMENT,2026-08-21T09:59:05.591Z
2023-03-01,2330,台積電,25930380458,18656657091,71.94,7273723367,28.05,100,TWSE_MI_QFIIS_DAILY_FOREIGN_INVESTMENT,2026-08-21T09:59:05.591Z
2023-03-01,2454,聯發科,1599427259,980038864,61.27,619388395,38.72,100,TWSE_MI_QFIIS_DAILY_FOREIGN_INVESTMENT,2026-08-21T09:59:05.591Z
2023-03-02,0050,元大台灣50,2284500000,68828240,3.01,2215671760,96.98,100,TWSE_MI_QFIIS_DAILY_FOREIGN_INVESTMENT,2026-08-21T09:59:05.591Z
2023-03-02,2317,鴻海,13862990609,5585241494,40.28,8277749115,59.71,100,TWSE_MI_QFIIS_DAILY_FOREIGN_INVESTMENT,2026-08-21T09:59:05.591Z
2023-03-02,2330,台積電,25930380458,18656811758,71.94,7273568700,28.05,100,TWSE_MI_QFIIS_DAILY_FOREIGN_INVESTMENT,2026-08-21T09:59:05.591Z
2023-03-02,2454,聯發科,1599427259,978304160,61.16,621123099,38.83,100,TWSE_MI_QFIIS_DAILY_FOREIGN_INVESTMENT,2026-08-21T09:59:05.591Z
2023-03-03,0050,元大台灣50,2284500000,68233166,2.98,2216266834,97.01,100,TWSE_MI_QFIIS_DAILY_FOREIGN_INVESTMENT,2026-08-21T09:59:05.591Z
2023-03-03,2317,鴻海,13862990609,5586131840,40.29,8276858769,59.7,100,TWSE_MI_QFIIS_DAILY_FOREIGN_INVESTMENT,2026-08-21T09:59:05.591Z
2023-03-03,2330,台積電,25930380458,18651019965,71.92,7279360493,28.07,100,TWSE_MI_QFIIS_DAILY_FOREIGN_INVESTMENT,2026-08-21T09:59:05.591Z
2023-03-03,2454,聯發科,1599427259,976788752,61.07,622638507,38.92,100,TWSE_MI_QFIIS_DAILY_FOREIGN_INVESTMENT,2026-08-21T09:59:05.591Z
2023-03-06,0050,元大台灣50,2284500000,68559705,3,2215940295,96.99,100,TWSE_MI_QFIIS_DAILY_FOREIGN_INVESTMENT,2026-08-21T09:59:05.591Z
2023-03-06,2317,鴻海,13862990609,5604283325,40.42,8258707284,59.57,100,TWSE_MI_QFIIS_DAILY_FOREIGN_INVESTMENT,2026-08-21T09:59:05.591Z
2023-03-06,2330,台積電,25930380458,18650621122,71.92,7279759336,28.07,100,TWSE_MI_QFIIS_DAILY_FOREIGN_INVESTMENT,2026-08-21T09:59:05.591Z
2023-03-06,2454,聯發科,1599427259,978103778,61.15,621323481,38.84,100,TWSE_MI_QFIIS_DAILY_FOREIGN_INVESTMENT,2026-08-21T09:59:05.591Z
2023-03-07,0050,元大台灣50,2285000000,68779397,3.01,2216220603,96.98,100,TWSE_MI_QFIIS_DAILY_FOREIGN_INVESTMENT,2026-08-21T09:59:05.591Z
2023-03-07,2317,鴻海,13862990609,5618832249,40.53,8244158360,59.46,100,TWSE_MI_QFIIS_DAILY_FOREIGN_INVESTMENT,2026-08-21T09:59:05.591Z
2023-03-07,2330,台積電,25930380458,18650698298,71.92,7279682160,28.07,100,TWSE_MI_QFIIS_DAILY_FOREIGN_INVESTMENT,2026-08-21T09:59:05.591Z
2023-03-07,2454,聯發科,1599427259,977938273,61.14,621488986,38.85,100,TWSE_MI_QFIIS_DAILY_FOREIGN_INVESTMENT,2026-08-21T09:59:05.591Z
2023-03-08,0050,元大台灣50,2285000000,64552463,2.82,2220447537,97.17,100,TWSE_MI_QFIIS_DAILY_FOREIGN_INVESTMENT,2026-08-21T09:59:05.591Z
2023-03-08,2317,鴻海,13862990609,5612663339,40.48,8250327270,59.51,100,TWSE_MI_QFIIS_DAILY_FOREIGN_INVESTMENT,2026-08-21T09:59:05.591Z
2023-03-08,2330,台積電,25932490458,18645930469,71.9,7286559989,28.09,100,TWSE_MI_QFIIS_DAILY_FOREIGN_INVESTMENT,2026-08-21T09:59:05.591Z
2023-03-08,2454,聯發科,1599427259,973081366,60.83,626345893,39.16,100,TWSE_MI_QFIIS_DAILY_FOREIGN_INVESTMENT,2026-08-21T09:59:05.591Z
2023-03-09,0050,元大台灣50,2290000000,64151309,2.8,2225848691,97.19,100,TWSE_MI_QFIIS_DAILY_FOREIGN_INVESTMENT,2026-08-21T09:59:05.591Z
2023-03-09,2317,鴻海,13862990609,5585631411,40.29,8277359198,59.7,100,TWSE_MI_QFIIS_DAILY_FOREIGN_INVESTMENT,2026-08-21T09:59:05.591Z
2023-03-09,2330,台積電,25932490458,18645619572,71.9,7286870886,28.09,100,TWSE_MI_QFIIS_DAILY_FOREIGN_INVESTMENT,2026-08-21T09:59:05.591Z
2023-03-09,2454,聯發科,1599427259,973676656,60.87,625750603,39.12,100,TWSE_MI_QFIIS_DAILY_FOREIGN_INVESTMENT,2026-08-21T09:59:05.591Z
2023-03-10,0050,元大台灣50,2296500000,63556188,2.76,2232943812,97.23,100,TWSE_MI_QFIIS_DAILY_FOREIGN_INVESTMENT,2026-08-21T09:59:05.591Z
2023-03-10,2317,鴻海,13862990609,5581234073,40.25,8281756536,59.74,100,TWSE_MI_QFIIS_DAILY_FOREIGN_INVESTMENT,2026-08-21T09:59:05.591Z
2023-03-10,2330,台積電,25932490458,18636197209,71.86,7296293249,28.13,100,TWSE_MI_QFIIS_DAILY_FOREIGN_INVESTMENT,2026-08-21T09:59:05.591Z
2023-03-10,2454,聯發科,1599427259,974630059,60.93,624797200,39.06,100,TWSE_MI_QFIIS_DAILY_FOREIGN_INVESTMENT,2026-08-21T09:59:05.591Z
2023-03-13,0050,元大台灣50,2300500000,65082302,2.82,2235417698,97.17,100,TWSE_MI_QFIIS_DAILY_FOREIGN_INVESTMENT,2026-08-21T09:59:05.591Z
2023-03-13,2317,鴻海,13862990609,5585776169,40.29,8277214440,59.7,100,TWSE_MI_QFIIS_DAILY_FOREIGN_INVESTMENT,2026-08-21T09:59:05.591Z
2023-03-13,2330,台積電,25932490458,18638440694,71.87,7294049764,28.12,100,TWSE_MI_QFIIS_DAILY_FOREIGN_INVESTMENT,2026-08-21T09:59:05.591Z
2023-03-13,2454,聯發科,1599427259,974428609,60.92,624998650,39.07,100,TWSE_MI_QFIIS_DAILY_FOREIGN_INVESTMENT,2026-08-21T09:59:05.591Z
2023-03-14,0050,元大台灣50,2300500000,59018451,2.56,2241481549,97.43,100,TWSE_MI_QFIIS_DAILY_FOREIGN_INVESTMENT,2026-08-21T09:59:05.591Z
2023-03-14,2317,鴻海,13862990609,5582739394,40.27,8280251215,59.72,100,TWSE_MI_QFIIS_DAILY_FOREIGN_INVESTMENT,2026-08-21T09:59:05.591Z
2023-03-14,2330,台積電,25932490458,18633543117,71.85,7298947341,28.14,100,TWSE_MI_QFIIS_DAILY_FOREIGN_INVESTMENT,2026-08-21T09:59:05.591Z
2023-03-14,2454,聯發科,1599427259,973048505,60.83,626378754,39.16,100,TWSE_MI_QFIIS_DAILY_FOREIGN_INVESTMENT,2026-08-21T09:59:05.591Z
2023-03-15,0050,元大台灣50,2304500000,61208613,2.65,2243291387,97.34,100,TWSE_MI_QFIIS_DAILY_FOREIGN_INVESTMENT,2026-08-21T09:59:05.591Z
2023-03-15,2317,鴻海,13862990609,5583897287,40.27,8279093322,59.72,100,TWSE_MI_QFIIS_DAILY_FOREIGN_INVESTMENT,2026-08-21T09:59:05.591Z
2023-03-15,2330,台積電,25932490458,18631391456,71.84,7301099002,28.15,100,TWSE_MI_QFIIS_DAILY_FOREIGN_INVESTMENT,2026-08-21T09:59:05.591Z
2023-03-15,2454,聯發科,1599629197,971973743,60.76,627655454,39.23,100,TWSE_MI_QFIIS_DAILY_FOREIGN_INVESTMENT,2026-08-21T09:59:05.591Z
2023-03-16,0050,元大台灣50,2304500000,61260490,2.65,2243239510,97.34,100,TWSE_MI_QFIIS_DAILY_FOREIGN_INVESTMENT,2026-08-21T09:59:05.591Z
2023-03-16,2317,鴻海,13862990609,5582277651,40.26,8280712958,59.73,100,TWSE_MI_QFIIS_DAILY_FOREIGN_INVESTMENT,2026-08-21T09:59:05.591Z
2023-03-16,2330,台積電,25932490458,18625207604,71.82,7307282854,28.17,100,TWSE_MI_QFIIS_DAILY_FOREIGN_INVESTMENT,2026-08-21T09:59:05.591Z
2023-03-16,2454,聯發科,1599629197,970678067,60.68,628951130,39.31,100,TWSE_MI_QFIIS_DAILY_FOREIGN_INVESTMENT,2026-08-21T09:59:05.591Z
2023-03-17,0050,元大台灣50,2304500000,64856627,2.81,2239643373,97.18,100,TWSE_MI_QFIIS_DAILY_FOREIGN_INVESTMENT,2026-08-21T09:59:05.591Z
2023-03-17,2317,鴻海,13862990609,5588461585,40.31,8274529024,59.68,100,TWSE_MI_QFIIS_DAILY_FOREIGN_INVESTMENT,2026-08-21T09:59:05.591Z
2023-03-17,2330,台積電,25932490458,18633790637,71.85,7298699821,28.14,100,TWSE_MI_QFIIS_DAILY_FOREIGN_INVESTMENT,2026-08-21T09:59:05.591Z
2023-03-17,2454,聯發科,1599629197,971198707,60.71,628430490,39.28,100,TWSE_MI_QFIIS_DAILY_FOREIGN_INVESTMENT,2026-08-21T09:59:05.591Z
2023-03-20,0050,元大台灣50,2305000000,60693754,2.63,2244306246,97.36,100,TWSE_MI_QFIIS_DAILY_FOREIGN_INVESTMENT,2026-08-21T09:59:05.591Z
2023-03-20,2317,鴻海,13862990609,5579143734,40.24,8283846875,59.75,100,TWSE_MI_QFIIS_DAILY_FOREIGN_INVESTMENT,2026-08-21T09:59:05.591Z
2023-03-20,2330,台積電,25932490458,18630046403,71.84,7302444055,28.15,100,TWSE_MI_QFIIS_DAILY_FOREIGN_INVESTMENT,2026-08-21T09:59:05.591Z
2023-03-20,2454,聯發科,1599629197,970898241,60.69,628730956,39.3,100,TWSE_MI_QFIIS_DAILY_FOREIGN_INVESTMENT,2026-08-21T09:59:05.591Z
2023-03-21,0050,元大台灣50,2305500000,60939811,2.64,2244560189,97.35,100,TWSE_MI_QFIIS_DAILY_FOREIGN_INVESTMENT,2026-08-21T09:59:05.591Z
2023-03-21,2317,鴻海,13862990609,5587034623,40.3,8275955986,59.69,100,TWSE_MI_QFIIS_DAILY_FOREIGN_INVESTMENT,2026-08-21T09:59:05.591Z
2023-03-21,2330,台積電,25932490458,18632442940,71.84,7300047518,28.15,100,TWSE_MI_QFIIS_DAILY_FOREIGN_INVESTMENT,2026-08-21T09:59:05.591Z
2023-03-21,2454,聯發科,1599629197,968769188,60.56,630860009,39.43,100,TWSE_MI_QFIIS_DAILY_FOREIGN_INVESTMENT,2026-08-21T09:59:05.591Z
2023-03-22,0050,元大台灣50,2306000000,71202285,3.08,2234797715,96.91,100,TWSE_MI_QFIIS_DAILY_FOREIGN_INVESTMENT,2026-08-21T09:59:05.591Z
2023-03-22,2317,鴻海,13862990609,5587599231,40.3,8275391378,59.69,100,TWSE_MI_QFIIS_DAILY_FOREIGN_INVESTMENT,2026-08-21T09:59:05.591Z
2023-03-22,2330,台積電,25932490458,18662101206,71.96,7270389252,28.03,100,TWSE_MI_QFIIS_DAILY_FOREIGN_INVESTMENT,2026-08-21T09:59:05.591Z
2023-03-22,2454,聯發科,1599629197,970067462,60.64,629561735,39.35,100,TWSE_MI_QFIIS_DAILY_FOREIGN_INVESTMENT,2026-08-21T09:59:05.591Z
2023-03-23,0050,元大台灣50,2300500000,76638769,3.33,2223861231,96.66,100,TWSE_MI_QFIIS_DAILY_FOREIGN_INVESTMENT,2026-08-21T09:59:05.591Z
2023-03-23,2317,鴻海,13862990609,5589400233,40.31,8273590376,59.68,100,TWSE_MI_QFIIS_DAILY_FOREIGN_INVESTMENT,2026-08-21T09:59:05.591Z
2023-03-23,2330,台積電,25932490458,18669251329,71.99,7263239129,28,100,TWSE_MI_QFIIS_DAILY_FOREIGN_INVESTMENT,2026-08-21T09:59:05.591Z
2023-03-23,2454,聯發科,1599629197,971448997,60.72,628180200,39.27,100,TWSE_MI_QFIIS_DAILY_FOREIGN_INVESTMENT,2026-08-21T09:59:05.591Z
2023-03-24,0050,元大台灣50,2298000000,80316906,3.49,2217683094,96.5,100,TWSE_MI_QFIIS_DAILY_FOREIGN_INVESTMENT,2026-08-21T09:59:05.591Z
2023-03-24,2317,鴻海,13862990609,5602635350,40.41,8260355259,59.58,100,TWSE_MI_QFIIS_DAILY_FOREIGN_INVESTMENT,2026-08-21T09:59:05.591Z
2023-03-24,2330,台積電,25932490458,18675926907,72.01,7256563551,27.98,100,TWSE_MI_QFIIS_DAILY_FOREIGN_INVESTMENT,2026-08-21T09:59:05.591Z
2023-03-24,2454,聯發科,1599629197,971820729,60.75,627808468,39.24,100,TWSE_MI_QFIIS_DAILY_FOREIGN_INVESTMENT,2026-08-21T09:59:05.591Z
2023-03-27,0050,元大台灣50,2290500000,76765641,3.35,2213734359,96.64,100,TWSE_MI_QFIIS_DAILY_FOREIGN_INVESTMENT,2026-08-21T09:59:05.591Z
2023-03-27,2317,鴻海,13862990609,5595505431,40.36,8267485178,59.63,100,TWSE_MI_QFIIS_DAILY_FOREIGN_INVESTMENT,2026-08-21T09:59:05.591Z
2023-03-27,2330,台積電,25932490458,18675548092,72.01,7256942366,27.98,100,TWSE_MI_QFIIS_DAILY_FOREIGN_INVESTMENT,2026-08-21T09:59:05.591Z
2023-03-27,2454,聯發科,1599629197,971689216,60.74,627939981,39.25,100,TWSE_MI_QFIIS_DAILY_FOREIGN_INVESTMENT,2026-08-21T09:59:05.591Z
2023-03-28,0050,元大台灣50,2288500000,73832571,3.22,2214667429,96.77,100,TWSE_MI_QFIIS_DAILY_FOREIGN_INVESTMENT,2026-08-21T09:59:05.591Z
2023-03-28,2317,鴻海,13862990609,5589296909,40.31,8273693700,59.68,100,TWSE_MI_QFIIS_DAILY_FOREIGN_INVESTMENT,2026-08-21T09:59:05.591Z
2023-03-28,2330,台積電,25932490458,18674161695,72.01,7258328763,27.98,100,TWSE_MI_QFIIS_DAILY_FOREIGN_INVESTMENT,2026-08-21T09:59:05.591Z
2023-03-28,2454,聯發科,1599629197,970505240,60.67,629123957,39.32,100,TWSE_MI_QFIIS_DAILY_FOREIGN_INVESTMENT,2026-08-21T09:59:05.591Z
2023-03-29,0050,元大台灣50,2289000000,74032457,3.23,2214967543,96.76,100,TWSE_MI_QFIIS_DAILY_FOREIGN_INVESTMENT,2026-08-21T09:59:05.591Z
2023-03-29,2317,鴻海,13862990609,5589469099,40.31,8273521510,59.68,100,TWSE_MI_QFIIS_DAILY_FOREIGN_INVESTMENT,2026-08-21T09:59:05.591Z
2023-03-29,2330,台積電,25932490458,18679130270,72.02,7253360188,27.97,100,TWSE_MI_QFIIS_DAILY_FOREIGN_INVESTMENT,2026-08-21T09:59:05.591Z
2023-03-29,2454,聯發科,1599629197,970508951,60.67,629120246,39.32,100,TWSE_MI_QFIIS_DAILY_FOREIGN_INVESTMENT,2026-08-21T09:59:05.591Z
2023-03-30,0050,元大台灣50,2289000000,76725447,3.35,2212274553,96.64,100,TWSE_MI_QFIIS_DAILY_FOREIGN_INVESTMENT,2026-08-21T09:59:05.591Z
2023-03-30,2317,鴻海,13862990609,5592739141,40.34,8270251468,59.65,100,TWSE_MI_QFIIS_DAILY_FOREIGN_INVESTMENT,2026-08-21T09:59:05.591Z
2023-03-30,2330,台積電,25932490458,18684945350,72.05,7247545108,27.94,100,TWSE_MI_QFIIS_DAILY_FOREIGN_INVESTMENT,2026-08-21T09:59:05.591Z
2023-03-30,2454,聯發科,1599629197,971325784,60.72,628303413,39.27,100,TWSE_MI_QFIIS_DAILY_FOREIGN_INVESTMENT,2026-08-21T09:59:05.591Z
2023-03-31,0050,元大台灣50,2289000000,82544036,3.6,2206455964,96.39,100,TWSE_MI_QFIIS_DAILY_FOREIGN_INVESTMENT,2026-08-21T09:59:05.591Z
2023-03-31,2317,鴻海,13862990609,5592191551,40.33,8270799058,59.66,100,TWSE_MI_QFIIS_DAILY_FOREIGN_INVESTMENT,2026-08-21T09:59:05.591Z
2023-03-31,2330,台積電,25932490458,18688619795,72.06,7243870663,27.93,100,TWSE_MI_QFIIS_DAILY_FOREIGN_INVESTMENT,2026-08-21T09:59:05.591Z
2023-03-31,2454,聯發科,1599629197,972527974,60.79,627101223,39.2,100,TWSE_MI_QFIIS_DAILY_FOREIGN_INVESTMENT,2026-08-21T09:59:05.591Z
2023-04-06,0050,元大台灣50,2289000000,79442169,3.47,2209557831,96.52,100,TWSE_MI_QFIIS_DAILY_FOREIGN_INVESTMENT,2026-08-21T09:59:05.591Z
2023-04-06,2317,鴻海,13862990609,5578956511,40.24,8284034098,59.75,100,TWSE_MI_QFIIS_DAILY_FOREIGN_INVESTMENT,2026-08-21T09:59:05.591Z
2023-04-06,2330,台積電,25932490458,18691104154,72.07,7241386304,27.92,100,TWSE_MI_QFIIS_DAILY_FOREIGN_INVESTMENT,2026-08-21T09:59:05.591Z
2023-04-06,2454,聯發科,1599629197,967308464,60.47,632320733,39.52,100,TWSE_MI_QFIIS_DAILY_FOREIGN_INVESTMENT,2026-08-21T09:59:05.591Z
2023-04-07,0050,元大台灣50,2289000000,78353989,3.42,2210646011,96.57,100,TWSE_MI_QFIIS_DAILY_FOREIGN_INVESTMENT,2026-08-21T09:59:05.591Z
2023-04-07,2317,鴻海,13862990609,5574979084,40.21,8288011525,59.78,100,TWSE_MI_QFIIS_DAILY_FOREIGN_INVESTMENT,2026-08-21T09:59:05.591Z
2023-04-07,2330,台積電,25932490458,18693195227,72.08,7239295231,27.91,100,TWSE_MI_QFIIS_DAILY_FOREIGN_INVESTMENT,2026-08-21T09:59:05.591Z
2023-04-07,2454,聯發科,1599629197,966230889,60.4,633398308,39.59,100,TWSE_MI_QFIIS_DAILY_FOREIGN_INVESTMENT,2026-08-21T09:59:05.591Z
2023-04-10,0050,元大台灣50,2289000000,77942238,3.4,2211057762,96.59,100,TWSE_MI_QFIIS_DAILY_FOREIGN_INVESTMENT,2026-08-21T09:59:05.591Z
2023-04-10,2317,鴻海,13862990609,5572247868,40.19,8290742741,59.8,100,TWSE_MI_QFIIS_DAILY_FOREIGN_INVESTMENT,2026-08-21T09:59:05.591Z
2023-04-10,2330,台積電,25932490458,18697361250,72.1,7235129208,27.89,100,TWSE_MI_QFIIS_DAILY_FOREIGN_INVESTMENT,2026-08-21T09:59:05.591Z
2023-04-10,2454,聯發科,1599629197,965051727,60.32,634577470,39.67,100,TWSE_MI_QFIIS_DAILY_FOREIGN_INVESTMENT,2026-08-21T09:59:05.591Z
2023-04-11,0050,元大台灣50,2289000000,78059434,3.41,2210940566,96.58,100,TWSE_MI_QFIIS_DAILY_FOREIGN_INVESTMENT,2026-08-21T09:59:05.591Z
2023-04-11,2317,鴻海,13862990609,5565462040,40.14,8297528569,59.85,100,TWSE_MI_QFIIS_DAILY_FOREIGN_INVESTMENT,2026-08-21T09:59:05.591Z
2023-04-11,2330,台積電,25932490458,18695946539,72.09,7236543919,27.9,100,TWSE_MI_QFIIS_DAILY_FOREIGN_INVESTMENT,2026-08-21T09:59:05.591Z
2023-04-11,2454,聯發科,1599629197,964947506,60.32,634681691,39.67,100,TWSE_MI_QFIIS_DAILY_FOREIGN_INVESTMENT,2026-08-21T09:59:05.591Z
2023-04-12,0050,元大台灣50,2289000000,78996136,3.45,2210003864,96.54,100,TWSE_MI_QFIIS_DAILY_FOREIGN_INVESTMENT,2026-08-21T09:59:05.591Z
2023-04-12,2317,鴻海,13862990609,5558396816,40.09,8304593793,59.9,100,TWSE_MI_QFIIS_DAILY_FOREIGN_INVESTMENT,2026-08-21T09:59:05.591Z
2023-04-12,2330,台積電,25932490458,18689681314,72.07,7242809144,27.92,100,TWSE_MI_QFIIS_DAILY_FOREIGN_INVESTMENT,2026-08-21T09:59:05.591Z
2023-04-12,2454,聯發科,1599629197,964829799,60.31,634799398,39.68,100,TWSE_MI_QFIIS_DAILY_FOREIGN_INVESTMENT,2026-08-21T09:59:05.591Z
2023-04-13,0050,元大台灣50,2287000000,76164886,3.33,2210835114,96.66,100,TWSE_MI_QFIIS_DAILY_FOREIGN_INVESTMENT,2026-08-21T09:59:05.591Z
2023-04-13,2317,鴻海,13862990609,5558275430,40.09,8304715179,59.9,100,TWSE_MI_QFIIS_DAILY_FOREIGN_INVESTMENT,2026-08-21T09:59:05.591Z
2023-04-13,2330,台積電,25932490458,18680605746,72.03,7251884712,27.96,100,TWSE_MI_QFIIS_DAILY_FOREIGN_INVESTMENT,2026-08-21T09:59:05.591Z
2023-04-13,2454,聯發科,1599629197,965324715,60.34,634304482,39.65,100,TWSE_MI_QFIIS_DAILY_FOREIGN_INVESTMENT,2026-08-21T09:59:05.591Z
2023-04-14,0050,元大台灣50,2287500000,76185383,3.33,2211314617,96.66,100,TWSE_MI_QFIIS_DAILY_FOREIGN_INVESTMENT,2026-08-21T09:59:05.591Z
2023-04-14,2317,鴻海,13862990609,5567967757,40.16,8295022852,59.83,100,TWSE_MI_QFIIS_DAILY_FOREIGN_INVESTMENT,2026-08-21T09:59:05.591Z
2023-04-14,2330,台積電,25932490458,18684321425,72.04,7248169033,27.95,100,TWSE_MI_QFIIS_DAILY_FOREIGN_INVESTMENT,2026-08-21T09:59:05.591Z
2023-04-14,2454,聯發科,1599629197,965280490,60.34,634348707,39.65,100,TWSE_MI_QFIIS_DAILY_FOREIGN_INVESTMENT,2026-08-21T09:59:05.591Z
2023-04-17,0050,元大台灣50,2293000000,72399531,3.15,2220600469,96.84,100,TWSE_MI_QFIIS_DAILY_FOREIGN_INVESTMENT,2026-08-21T09:59:05.591Z
2023-04-17,2317,鴻海,13862990609,5566647998,40.15,8296342611,59.84,100,TWSE_MI_QFIIS_DAILY_FOREIGN_INVESTMENT,2026-08-21T09:59:05.591Z
2023-04-17,2330,台積電,25932490458,18686163401,72.05,7246327057,27.94,100,TWSE_MI_QFIIS_DAILY_FOREIGN_INVESTMENT,2026-08-21T09:59:05.591Z
2023-04-17,2454,聯發科,1599629197,959601854,59.98,640027343,40.01,100,TWSE_MI_QFIIS_DAILY_FOREIGN_INVESTMENT,2026-08-21T09:59:05.591Z
2023-04-18,0050,元大台灣50,2293500000,75095161,3.27,2218404839,96.72,100,TWSE_MI_QFIIS_DAILY_FOREIGN_INVESTMENT,2026-08-21T09:59:05.591Z
2023-04-18,2317,鴻海,13862990609,5570032411,40.17,8292958198,59.82,100,TWSE_MI_QFIIS_DAILY_FOREIGN_INVESTMENT,2026-08-21T09:59:05.591Z
2023-04-18,2330,台積電,25932490458,18683951074,72.04,7248539384,27.95,100,TWSE_MI_QFIIS_DAILY_FOREIGN_INVESTMENT,2026-08-21T09:59:05.591Z
2023-04-18,2454,聯發科,1599629197,953377637,59.59,646251560,40.4,100,TWSE_MI_QFIIS_DAILY_FOREIGN_INVESTMENT,2026-08-21T09:59:05.591Z
2023-04-19,0050,元大台灣50,2293500000,72883093,3.17,2220616907,96.82,100,TWSE_MI_QFIIS_DAILY_FOREIGN_INVESTMENT,2026-08-21T09:59:05.591Z
2023-04-19,2317,鴻海,13862990609,5564618932,40.14,8298371677,59.85,100,TWSE_MI_QFIIS_DAILY_FOREIGN_INVESTMENT,2026-08-21T09:59:05.591Z
2023-04-19,2330,台積電,25932490458,18675823278,72.01,7256667180,27.98,100,TWSE_MI_QFIIS_DAILY_FOREIGN_INVESTMENT,2026-08-21T09:59:05.591Z
2023-04-19,2454,聯發科,1599629197,949948157,59.38,649681040,40.61,100,TWSE_MI_QFIIS_DAILY_FOREIGN_INVESTMENT,2026-08-21T09:59:05.591Z
2023-04-20,0050,元大台灣50,2293500000,68158906,2.97,2225341094,97.02,100,TWSE_MI_QFIIS_DAILY_FOREIGN_INVESTMENT,2026-08-21T09:59:05.591Z
2023-04-20,2317,鴻海,13862990609,5573936218,40.2,8289054391,59.79,100,TWSE_MI_QFIIS_DAILY_FOREIGN_INVESTMENT,2026-08-21T09:59:05.591Z
2023-04-20,2330,台積電,25932490458,18675934632,72.01,7256555826,27.98,100,TWSE_MI_QFIIS_DAILY_FOREIGN_INVESTMENT,2026-08-21T09:59:05.591Z
2023-04-20,2454,聯發科,1599629197,947045137,59.2,652584060,40.79,100,TWSE_MI_QFIIS_DAILY_FOREIGN_INVESTMENT,2026-08-21T09:59:05.591Z
2023-04-21,0050,元大台灣50,2293500000,66477000,2.89,2227023000,97.1,100,TWSE_MI_QFIIS_DAILY_FOREIGN_INVESTMENT,2026-08-21T09:59:05.591Z
2023-04-21,2317,鴻海,13862990609,5579980243,40.25,8283010366,59.74,100,TWSE_MI_QFIIS_DAILY_FOREIGN_INVESTMENT,2026-08-21T09:59:05.591Z
2023-04-21,2330,台積電,25932490458,18676090603,72.01,7256399855,27.98,100,TWSE_MI_QFIIS_DAILY_FOREIGN_INVESTMENT,2026-08-21T09:59:05.591Z
2023-04-21,2454,聯發科,1599629197,944886914,59.06,654742283,40.93,100,TWSE_MI_QFIIS_DAILY_FOREIGN_INVESTMENT,2026-08-21T09:59:05.591Z
2023-04-24,0050,元大台灣50,2290500000,54734921,2.38,2235765079,97.61,100,TWSE_MI_QFIIS_DAILY_FOREIGN_INVESTMENT,2026-08-21T09:59:05.591Z
2023-04-24,2317,鴻海,13862990609,5574256657,40.2,8288733952,59.79,100,TWSE_MI_QFIIS_DAILY_FOREIGN_INVESTMENT,2026-08-21T09:59:05.591Z
2023-04-24,2330,台積電,25932490458,18673800728,72,7258689730,27.99,100,TWSE_MI_QFIIS_DAILY_FOREIGN_INVESTMENT,2026-08-21T09:59:05.591Z
2023-04-24,2454,聯發科,1599629197,945108338,59.08,654520859,40.91,100,TWSE_MI_QFIIS_DAILY_FOREIGN_INVESTMENT,2026-08-21T09:59:05.591Z
2023-04-25,0050,元大台灣50,2294500000,51913466,2.26,2242586534,97.73,100,TWSE_MI_QFIIS_DAILY_FOREIGN_INVESTMENT,2026-08-21T09:59:05.591Z
2023-04-25,2317,鴻海,13862990609,5570775367,40.18,8292215242,59.81,100,TWSE_MI_QFIIS_DAILY_FOREIGN_INVESTMENT,2026-08-21T09:59:05.591Z
2023-04-25,2330,台積電,25932490458,18654981627,71.93,7277508831,28.06,100,TWSE_MI_QFIIS_DAILY_FOREIGN_INVESTMENT,2026-08-21T09:59:05.591Z
2023-04-25,2454,聯發科,1599629197,942105625,58.89,657523572,41.1,100,TWSE_MI_QFIIS_DAILY_FOREIGN_INVESTMENT,2026-08-21T09:59:05.591Z
2023-04-26,0050,元大台灣50,2304000000,50475266,2.19,2253524734,97.8,100,TWSE_MI_QFIIS_DAILY_FOREIGN_INVESTMENT,2026-08-21T09:59:05.591Z
2023-04-26,2317,鴻海,13862990609,5573029685,40.2,8289960924,59.79,100,TWSE_MI_QFIIS_DAILY_FOREIGN_INVESTMENT,2026-08-21T09:59:05.591Z
2023-04-26,2330,台積電,25932490458,18645470685,71.9,7287019773,28.09,100,TWSE_MI_QFIIS_DAILY_FOREIGN_INVESTMENT,2026-08-21T09:59:05.591Z
2023-04-26,2454,聯發科,1599629197,939511054,58.73,660118143,41.26,100,TWSE_MI_QFIIS_DAILY_FOREIGN_INVESTMENT,2026-08-21T09:59:05.591Z
2023-04-27,0050,元大台灣50,2309500000,43286327,1.87,2266213673,98.12,100,TWSE_MI_QFIIS_DAILY_FOREIGN_INVESTMENT,2026-08-21T09:59:05.591Z
2023-04-27,2317,鴻海,13862990609,5570720674,40.18,8292269935,59.81,100,TWSE_MI_QFIIS_DAILY_FOREIGN_INVESTMENT,2026-08-21T09:59:05.591Z
2023-04-27,2330,台積電,25932490458,18638339768,71.87,7294150690,28.12,100,TWSE_MI_QFIIS_DAILY_FOREIGN_INVESTMENT,2026-08-21T09:59:05.591Z
2023-04-27,2454,聯發科,1599629197,939611693,58.73,660017504,41.26,100,TWSE_MI_QFIIS_DAILY_FOREIGN_INVESTMENT,2026-08-21T09:59:05.591Z
2023-04-28,0050,元大台灣50,2312000000,45653177,1.97,2266346823,98.02,100,TWSE_MI_QFIIS_DAILY_FOREIGN_INVESTMENT,2026-08-21T09:59:05.591Z
2023-04-28,2317,鴻海,13862990609,5576263514,40.22,8286727095,59.77,100,TWSE_MI_QFIIS_DAILY_FOREIGN_INVESTMENT,2026-08-21T09:59:05.591Z
2023-04-28,2330,台積電,25932490458,18636916582,71.86,7295573876,28.13,100,TWSE_MI_QFIIS_DAILY_FOREIGN_INVESTMENT,2026-08-21T09:59:05.591Z
2023-04-28,2454,聯發科,1599629197,938290628,58.65,661338569,41.34,100,TWSE_MI_QFIIS_DAILY_FOREIGN_INVESTMENT,2026-08-21T09:59:05.591Z
2023-05-02,0050,元大台灣50,2317000000,41099840,1.77,2275900160,98.22,100,TWSE_MI_QFIIS_DAILY_FOREIGN_INVESTMENT,2026-08-21T09:59:05.591Z
2023-05-02,2317,鴻海,13862990609,5600032509,40.39,8262958100,59.6,100,TWSE_MI_QFIIS_DAILY_FOREIGN_INVESTMENT,2026-08-21T09:59:05.591Z
2023-05-02,2330,台積電,25932490458,18634752436,71.85,7297738022,28.14,100,TWSE_MI_QFIIS_DAILY_FOREIGN_INVESTMENT,2026-08-21T09:59:05.591Z
2023-05-02,2454,聯發科,1599629197,937897817,58.63,661731380,41.36,100,TWSE_MI_QFIIS_DAILY_FOREIGN_INVESTMENT,2026-08-21T09:59:05.591Z
2023-05-03,0050,元大台灣50,2319500000,43256464,1.86,2276243536,98.13,100,TWSE_MI_QFIIS_DAILY_FOREIGN_INVESTMENT,2026-08-21T09:59:05.591Z
2023-05-03,2317,鴻海,13862990609,5607566288,40.44,8255424321,59.55,100,TWSE_MI_QFIIS_DAILY_FOREIGN_INVESTMENT,2026-08-21T09:59:05.591Z
2023-05-03,2330,台積電,25932490458,18630243713,71.84,7302246745,28.15,100,TWSE_MI_QFIIS_DAILY_FOREIGN_INVESTMENT,2026-08-21T09:59:05.591Z
2023-05-03,2454,聯發科,1599629197,937996053,58.63,661633144,41.36,100,TWSE_MI_QFIIS_DAILY_FOREIGN_INVESTMENT,2026-08-21T09:59:05.591Z
2023-05-04,0050,元大台灣50,2339500000,43884307,1.87,2295615693,98.12,100,TWSE_MI_QFIIS_DAILY_FOREIGN_INVESTMENT,2026-08-21T09:59:05.591Z
2023-05-04,2317,鴻海,13862990609,5605559642,40.43,8257430967,59.56,100,TWSE_MI_QFIIS_DAILY_FOREIGN_INVESTMENT,2026-08-21T09:59:05.591Z
2023-05-04,2330,台積電,25932490458,18628628792,71.83,7303861666,28.16,100,TWSE_MI_QFIIS_DAILY_FOREIGN_INVESTMENT,2026-08-21T09:59:05.591Z
2023-05-04,2454,聯發科,1599629197,934084357,58.39,665544840,41.6,100,TWSE_MI_QFIIS_DAILY_FOREIGN_INVESTMENT,2026-08-21T09:59:05.591Z
2023-05-05,0050,元大台灣50,2339000000,43657064,1.86,2295342936,98.13,100,TWSE_MI_QFIIS_DAILY_FOREIGN_INVESTMENT,2026-08-21T09:59:05.591Z
2023-05-05,2317,鴻海,13862990609,5605822417,40.43,8257168192,59.56,100,TWSE_MI_QFIIS_DAILY_FOREIGN_INVESTMENT,2026-08-21T09:59:05.591Z
2023-05-05,2330,台積電,25932490458,18628873817,71.83,7303616641,28.16,100,TWSE_MI_QFIIS_DAILY_FOREIGN_INVESTMENT,2026-08-21T09:59:05.591Z
2023-05-05,2454,聯發科,1599629197,933535933,58.35,666093264,41.64,100,TWSE_MI_QFIIS_DAILY_FOREIGN_INVESTMENT,2026-08-21T09:59:05.591Z
2023-05-08,0050,元大台灣50,2339500000,42625037,1.82,2296874963,98.17,100,TWSE_MI_QFIIS_DAILY_FOREIGN_INVESTMENT,2026-08-21T09:59:05.591Z
2023-05-08,2317,鴻海,13862990609,5605562173,40.43,8257428436,59.56,100,TWSE_MI_QFIIS_DAILY_FOREIGN_INVESTMENT,2026-08-21T09:59:05.591Z
2023-05-08,2330,台積電,25932490458,18629728280,71.83,7302762178,28.16,100,TWSE_MI_QFIIS_DAILY_FOREIGN_INVESTMENT,2026-08-21T09:59:05.591Z
2023-05-08,2454,聯發科,1599629197,932070512,58.26,667558685,41.73,100,TWSE_MI_QFIIS_DAILY_FOREIGN_INVESTMENT,2026-08-21T09:59:05.591Z
2023-05-09,0050,元大台灣50,2339500000,42829730,1.83,2296670270,98.16,100,TWSE_MI_QFIIS_DAILY_FOREIGN_INVESTMENT,2026-08-21T09:59:05.591Z
2023-05-09,2317,鴻海,13862990609,5617526080,40.52,8245464529,59.47,100,TWSE_MI_QFIIS_DAILY_FOREIGN_INVESTMENT,2026-08-21T09:59:05.591Z
2023-05-09,2330,台積電,25932490458,18636199091,71.86,7296291367,28.13,100,TWSE_MI_QFIIS_DAILY_FOREIGN_INVESTMENT,2026-08-21T09:59:05.591Z
2023-05-09,2454,聯發科,1599629197,931741567,58.24,667887630,41.75,100,TWSE_MI_QFIIS_DAILY_FOREIGN_INVESTMENT,2026-08-21T09:59:05.591Z
2023-05-10,0050,元大台灣50,2340000000,41122424,1.75,2298877576,98.24,100,TWSE_MI_QFIIS_DAILY_FOREIGN_INVESTMENT,2026-08-21T09:59:05.591Z
2023-05-10,2317,鴻海,13862990609,5622518323,40.55,8240472286,59.44,100,TWSE_MI_QFIIS_DAILY_FOREIGN_INVESTMENT,2026-08-21T09:59:05.591Z
2023-05-10,2330,台積電,25932490458,18629164489,71.83,7303325969,28.16,100,TWSE_MI_QFIIS_DAILY_FOREIGN_INVESTMENT,2026-08-21T09:59:05.591Z
2023-05-10,2454,聯發科,1599629197,929500878,58.1,670128319,41.89,100,TWSE_MI_QFIIS_DAILY_FOREIGN_INVESTMENT,2026-08-21T09:59:05.591Z
2023-05-11,0050,元大台灣50,2340000000,41036627,1.75,2298963373,98.24,100,TWSE_MI_QFIIS_DAILY_FOREIGN_INVESTMENT,2026-08-21T09:59:05.591Z
2023-05-11,2317,鴻海,13862990609,5624021138,40.56,8238969471,59.43,100,TWSE_MI_QFIIS_DAILY_FOREIGN_INVESTMENT,2026-08-21T09:59:05.591Z
2023-05-11,2330,台積電,25932490458,18625896161,71.82,7306594297,28.17,100,TWSE_MI_QFIIS_DAILY_FOREIGN_INVESTMENT,2026-08-21T09:59:05.591Z
2023-05-11,2454,聯發科,1599629197,929078729,58.08,670550468,41.91,100,TWSE_MI_QFIIS_DAILY_FOREIGN_INVESTMENT,2026-08-21T09:59:05.591Z
2023-05-12,0050,元大台灣50,2340500000,39663233,1.69,2300836767,98.3,100,TWSE_MI_QFIIS_DAILY_FOREIGN_INVESTMENT,2026-08-21T09:59:05.591Z
2023-05-12,2317,鴻海,13862990609,5603999446,40.42,8258991163,59.57,100,TWSE_MI_QFIIS_DAILY_FOREIGN_INVESTMENT,2026-08-21T09:59:05.591Z
2023-05-12,2330,台積電,25932490458,18617847325,71.79,7314643133,28.2,100,TWSE_MI_QFIIS_DAILY_FOREIGN_INVESTMENT,2026-08-21T09:59:05.591Z
2023-05-12,2454,聯發科,1599629197,927310352,57.97,672318845,42.02,100,TWSE_MI_QFIIS_DAILY_FOREIGN_INVESTMENT,2026-08-21T09:59:05.591Z
2023-05-15,0050,元大台灣50,2340500000,38256969,1.63,2302243031,98.36,100,TWSE_MI_QFIIS_DAILY_FOREIGN_INVESTMENT,2026-08-21T09:59:05.591Z
2023-05-15,2317,鴻海,13862990609,5589293457,40.31,8273697152,59.68,100,TWSE_MI_QFIIS_DAILY_FOREIGN_INVESTMENT,2026-08-21T09:59:05.591Z
2023-05-15,2330,台積電,25932490458,18615195231,71.78,7317295227,28.21,100,TWSE_MI_QFIIS_DAILY_FOREIGN_INVESTMENT,2026-08-21T09:59:05.591Z
2023-05-15,2454,聯發科,1599684239,927594795,57.98,672089444,42.01,100,TWSE_MI_QFIIS_DAILY_FOREIGN_INVESTMENT,2026-08-21T09:59:05.591Z
2023-05-16,0050,元大台灣50,2346500000,43622654,1.85,2302877346,98.14,100,TWSE_MI_QFIIS_DAILY_FOREIGN_INVESTMENT,2026-08-21T09:59:05.591Z
2023-05-16,2317,鴻海,13862990609,5567810954,40.16,8295179655,59.83,100,TWSE_MI_QFIIS_DAILY_FOREIGN_INVESTMENT,2026-08-21T09:59:05.591Z
2023-05-16,2330,台積電,25932490458,18617073249,71.79,7315417209,28.2,100,TWSE_MI_QFIIS_DAILY_FOREIGN_INVESTMENT,2026-08-21T09:59:05.591Z
2023-05-16,2454,聯發科,1599645032,926752632,57.93,672892400,42.06,100,TWSE_MI_QFIIS_DAILY_FOREIGN_INVESTMENT,2026-08-21T09:59:05.591Z
2023-05-17,0050,元大台灣50,2347500000,54261706,2.31,2293238294,97.68,100,TWSE_MI_QFIIS_DAILY_FOREIGN_INVESTMENT,2026-08-21T09:59:05.591Z
2023-05-17,2317,鴻海,13862990609,5561436196,40.11,8301554413,59.88,100,TWSE_MI_QFIIS_DAILY_FOREIGN_INVESTMENT,2026-08-21T09:59:05.591Z
2023-05-17,2330,台積電,25932490458,18633280627,71.85,7299209831,28.14,100,TWSE_MI_QFIIS_DAILY_FOREIGN_INVESTMENT,2026-08-21T09:59:05.591Z
2023-05-17,2454,聯發科,1599645032,924082514,57.76,675562518,42.23,100,TWSE_MI_QFIIS_DAILY_FOREIGN_INVESTMENT,2026-08-21T09:59:05.591Z
2023-05-18,0050,元大台灣50,2351000000,67112423,2.85,2283887577,97.14,100,TWSE_MI_QFIIS_DAILY_FOREIGN_INVESTMENT,2026-08-21T09:59:05.591Z
2023-05-18,2317,鴻海,13862990609,5562414556,40.12,8300576053,59.87,100,TWSE_MI_QFIIS_DAILY_FOREIGN_INVESTMENT,2026-08-21T09:59:05.591Z
2023-05-18,2330,台積電,25932490458,18652218513,71.92,7280271945,28.07,100,TWSE_MI_QFIIS_DAILY_FOREIGN_INVESTMENT,2026-08-21T09:59:05.591Z
2023-05-18,2454,聯發科,1599645032,922851790,57.69,676793242,42.3,100,TWSE_MI_QFIIS_DAILY_FOREIGN_INVESTMENT,2026-08-21T09:59:05.591Z
2023-05-19,0050,元大台灣50,2352000000,95067726,4.04,2256932274,95.95,100,TWSE_MI_QFIIS_DAILY_FOREIGN_INVESTMENT,2026-08-21T09:59:05.591Z
2023-05-19,2317,鴻海,13862990609,5555687397,40.07,8307303212,59.92,100,TWSE_MI_QFIIS_DAILY_FOREIGN_INVESTMENT,2026-08-21T09:59:05.591Z
2023-05-19,2330,台積電,25932490458,18670080839,71.99,7262409619,28,100,TWSE_MI_QFIIS_DAILY_FOREIGN_INVESTMENT,2026-08-21T09:59:05.591Z
2023-05-19,2454,聯發科,1599645032,923623748,57.73,676021284,42.26,100,TWSE_MI_QFIIS_DAILY_FOREIGN_INVESTMENT,2026-08-21T09:59:05.591Z
2023-05-22,0050,元大台灣50,2350000000,105411683,4.48,2244588317,95.51,100,TWSE_MI_QFIIS_DAILY_FOREIGN_INVESTMENT,2026-08-21T09:59:05.591Z
2023-05-22,2317,鴻海,13862990609,5554810257,40.06,8308180352,59.93,100,TWSE_MI_QFIIS_DAILY_FOREIGN_INVESTMENT,2026-08-21T09:59:05.591Z
2023-05-22,2330,台積電,25932070992,18677344589,72.02,7254726403,27.97,100,TWSE_MI_QFIIS_DAILY_FOREIGN_INVESTMENT,2026-08-21T09:59:05.591Z
2023-05-22,2454,聯發科,1599645032,924468715,57.79,675176317,42.2,100,TWSE_MI_QFIIS_DAILY_FOREIGN_INVESTMENT,2026-08-21T09:59:05.591Z
2023-05-23,0050,元大台灣50,2350000000,109066353,4.64,2240933647,95.35,100,TWSE_MI_QFIIS_DAILY_FOREIGN_INVESTMENT,2026-08-21T09:59:05.591Z
2023-05-23,2317,鴻海,13862990609,5550968124,40.04,8312022485,59.95,100,TWSE_MI_QFIIS_DAILY_FOREIGN_INVESTMENT,2026-08-21T09:59:05.591Z
2023-05-23,2330,台積電,25932070992,18684844560,72.05,7247226432,27.94,100,TWSE_MI_QFIIS_DAILY_FOREIGN_INVESTMENT,2026-08-21T09:59:05.591Z
2023-05-23,2454,聯發科,1599645032,925239989,57.84,674405043,42.15,100,TWSE_MI_QFIIS_DAILY_FOREIGN_INVESTMENT,2026-08-21T09:59:05.591Z
2023-05-24,0050,元大台灣50,2357500000,116368413,4.93,2241131587,95.06,100,TWSE_MI_QFIIS_DAILY_FOREIGN_INVESTMENT,2026-08-21T09:59:05.591Z
2023-05-24,2317,鴻海,13862990609,5546768101,40.01,8316222508,59.98,100,TWSE_MI_QFIIS_DAILY_FOREIGN_INVESTMENT,2026-08-21T09:59:05.591Z
2023-05-24,2330,台積電,25932070992,18684398224,72.05,7247672768,27.94,100,TWSE_MI_QFIIS_DAILY_FOREIGN_INVESTMENT,2026-08-21T09:59:05.591Z
2023-05-24,2454,聯發科,1599645032,923809500,57.75,675835532,42.24,100,TWSE_MI_QFIIS_DAILY_FOREIGN_INVESTMENT,2026-08-21T09:59:05.591Z
2023-05-25,0050,元大台灣50,2357500000,128647466,5.45,2228852534,94.54,100,TWSE_MI_QFIIS_DAILY_FOREIGN_INVESTMENT,2026-08-21T09:59:05.591Z
2023-05-25,2317,鴻海,13862990609,5536359933,39.93,8326630676,60.06,100,TWSE_MI_QFIIS_DAILY_FOREIGN_INVESTMENT,2026-08-21T09:59:05.591Z
2023-05-25,2330,台積電,25932070992,18724958980,72.2,7207112012,27.79,100,TWSE_MI_QFIIS_DAILY_FOREIGN_INVESTMENT,2026-08-21T09:59:05.591Z
2023-05-25,2454,聯發科,1599645032,922664944,57.67,676980088,42.32,100,TWSE_MI_QFIIS_DAILY_FOREIGN_INVESTMENT,2026-08-21T09:59:05.591Z
2023-05-26,0050,元大台灣50,2357500000,141731849,6.01,2215768151,93.98,100,TWSE_MI_QFIIS_DAILY_FOREIGN_INVESTMENT,2026-08-21T09:59:05.591Z
2023-05-26,2317,鴻海,13862990609,5525225811,39.85,8337764798,60.14,100,TWSE_MI_QFIIS_DAILY_FOREIGN_INVESTMENT,2026-08-21T09:59:05.591Z
2023-05-26,2330,台積電,25932070992,18794234009,72.47,7137836983,27.52,100,TWSE_MI_QFIIS_DAILY_FOREIGN_INVESTMENT,2026-08-21T09:59:05.591Z
2023-05-26,2454,聯發科,1599645032,922507826,57.66,677137206,42.33,100,TWSE_MI_QFIIS_DAILY_FOREIGN_INVESTMENT,2026-08-21T09:59:05.591Z
2023-05-29,0050,元大台灣50,2401500000,195688353,8.14,2205811647,91.85,100,TWSE_MI_QFIIS_DAILY_FOREIGN_INVESTMENT,2026-08-21T09:59:05.591Z
2023-05-29,2317,鴻海,13862990609,5532836298,39.91,8330154311,60.08,100,TWSE_MI_QFIIS_DAILY_FOREIGN_INVESTMENT,2026-08-21T09:59:05.591Z
2023-05-29,2330,台積電,25932070992,18809318140,72.53,7122752852,27.46,100,TWSE_MI_QFIIS_DAILY_FOREIGN_INVESTMENT,2026-08-21T09:59:05.591Z
2023-05-29,2454,聯發科,1599645032,922324033,57.65,677320999,42.34,100,TWSE_MI_QFIIS_DAILY_FOREIGN_INVESTMENT,2026-08-21T09:59:05.591Z
2023-05-30,0050,元大台灣50,2411000000,209341708,8.68,2201658292,91.31,100,TWSE_MI_QFIIS_DAILY_FOREIGN_INVESTMENT,2026-08-21T09:59:05.591Z
2023-05-30,2317,鴻海,13862990609,5561490211,40.11,8301500398,59.88,100,TWSE_MI_QFIIS_DAILY_FOREIGN_INVESTMENT,2026-08-21T09:59:05.591Z
2023-05-30,2330,台積電,25932070992,18820775309,72.57,7111295683,27.42,100,TWSE_MI_QFIIS_DAILY_FOREIGN_INVESTMENT,2026-08-21T09:59:05.591Z
2023-05-30,2454,聯發科,1599645032,924864382,57.81,674780650,42.18,100,TWSE_MI_QFIIS_DAILY_FOREIGN_INVESTMENT,2026-08-21T09:59:05.591Z
2023-05-31,0050,元大台灣50,2411000000,213455313,8.85,2197544687,91.14,100,TWSE_MI_QFIIS_DAILY_FOREIGN_INVESTMENT,2026-08-21T09:59:05.591Z
2023-05-31,2317,鴻海,13862990609,5568915971,40.17,8294074638,59.82,100,TWSE_MI_QFIIS_DAILY_FOREIGN_INVESTMENT,2026-08-21T09:59:05.591Z
2023-05-31,2330,台積電,25932070992,18828416740,72.6,7103654252,27.39,100,TWSE_MI_QFIIS_DAILY_FOREIGN_INVESTMENT,2026-08-21T09:59:05.591Z
2023-05-31,2454,聯發科,1599645032,923938609,57.75,675706423,42.24,100,TWSE_MI_QFIIS_DAILY_FOREIGN_INVESTMENT,2026-08-21T09:59:05.591Z
2023-06-01,0050,元大台灣50,2430500000,231413679,9.52,2199086321,90.47,100,TWSE_MI_QFIIS_DAILY_FOREIGN_INVESTMENT,2026-08-21T09:59:05.591Z
2023-06-01,2317,鴻海,13862990609,5575059817,40.21,8287930792,59.78,100,TWSE_MI_QFIIS_DAILY_FOREIGN_INVESTMENT,2026-08-21T09:59:05.591Z
2023-06-01,2330,台積電,25932070992,18822995061,72.58,7109075931,27.41,100,TWSE_MI_QFIIS_DAILY_FOREIGN_INVESTMENT,2026-08-21T09:59:05.591Z
2023-06-01,2454,聯發科,1599645032,922116470,57.64,677528562,42.35,100,TWSE_MI_QFIIS_DAILY_FOREIGN_INVESTMENT,2026-08-21T09:59:05.591Z
2023-06-02,0050,元大台灣50,2453500000,258126194,10.52,2195373806,89.47,100,TWSE_MI_QFIIS_DAILY_FOREIGN_INVESTMENT,2026-08-21T09:59:05.591Z
2023-06-02,2317,鴻海,13862990609,5576343130,40.22,8286647479,59.77,100,TWSE_MI_QFIIS_DAILY_FOREIGN_INVESTMENT,2026-08-21T09:59:05.591Z
2023-06-02,2330,台積電,25932070992,18828616452,72.6,7103454540,27.39,100,TWSE_MI_QFIIS_DAILY_FOREIGN_INVESTMENT,2026-08-21T09:59:05.591Z
2023-06-02,2454,聯發科,1599645032,921308423,57.59,678336609,42.4,100,TWSE_MI_QFIIS_DAILY_FOREIGN_INVESTMENT,2026-08-21T09:59:05.591Z
2023-06-05,0050,元大台灣50,2508000000,256750663,10.23,2251249337,89.76,100,TWSE_MI_QFIIS_DAILY_FOREIGN_INVESTMENT,2026-08-21T09:59:05.591Z
2023-06-05,2317,鴻海,13862990609,5574186649,40.2,8288803960,59.79,100,TWSE_MI_QFIIS_DAILY_FOREIGN_INVESTMENT,2026-08-21T09:59:05.591Z
2023-06-05,2330,台積電,25932070992,18826231236,72.59,7105839756,27.4,100,TWSE_MI_QFIIS_DAILY_FOREIGN_INVESTMENT,2026-08-21T09:59:05.591Z
2023-06-05,2454,聯發科,1599645032,922477863,57.66,677167169,42.33,100,TWSE_MI_QFIIS_DAILY_FOREIGN_INVESTMENT,2026-08-21T09:59:05.591Z
2023-06-06,0050,元大台灣50,2552000000,302775888,11.86,2249224112,88.13,100,TWSE_MI_QFIIS_DAILY_FOREIGN_INVESTMENT,2026-08-21T09:59:05.591Z
2023-06-06,2317,鴻海,13862990609,5575998390,40.22,8286992219,59.77,100,TWSE_MI_QFIIS_DAILY_FOREIGN_INVESTMENT,2026-08-21T09:59:05.591Z
2023-06-06,2330,台積電,25932070992,18824611892,72.59,7107459100,27.4,100,TWSE_MI_QFIIS_DAILY_FOREIGN_INVESTMENT,2026-08-21T09:59:05.591Z
2023-06-06,2454,聯發科,1599645032,920207710,57.52,679437322,42.47,100,TWSE_MI_QFIIS_DAILY_FOREIGN_INVESTMENT,2026-08-21T09:59:05.591Z
2023-06-07,0050,元大台灣50,2576000000,358798780,13.92,2217201220,86.07,100,TWSE_MI_QFIIS_DAILY_FOREIGN_INVESTMENT,2026-08-21T09:59:05.591Z
2023-06-07,2317,鴻海,13862990609,5574776612,40.21,8288213997,59.78,100,TWSE_MI_QFIIS_DAILY_FOREIGN_INVESTMENT,2026-08-21T09:59:05.591Z
2023-06-07,2330,台積電,25932070992,18826439286,72.59,7105631706,27.4,100,TWSE_MI_QFIIS_DAILY_FOREIGN_INVESTMENT,2026-08-21T09:59:05.591Z
2023-06-07,2454,聯發科,1599645032,921878118,57.63,677766914,42.36,100,TWSE_MI_QFIIS_DAILY_FOREIGN_INVESTMENT,2026-08-21T09:59:05.591Z
2023-06-08,0050,元大台灣50,2625500000,383273448,14.59,2242226552,85.4,100,TWSE_MI_QFIIS_DAILY_FOREIGN_INVESTMENT,2026-08-21T09:59:05.591Z
2023-06-08,2317,鴻海,13862990609,5563863746,40.13,8299126863,59.86,100,TWSE_MI_QFIIS_DAILY_FOREIGN_INVESTMENT,2026-08-21T09:59:05.591Z
2023-06-08,2330,台積電,25932070992,18820503821,72.57,7111567171,27.42,100,TWSE_MI_QFIIS_DAILY_FOREIGN_INVESTMENT,2026-08-21T09:59:05.591Z
2023-06-08,2454,聯發科,1599645032,922593756,57.67,677051276,42.32,100,TWSE_MI_QFIIS_DAILY_FOREIGN_INVESTMENT,2026-08-21T09:59:05.591Z
2023-06-09,0050,元大台灣50,2675000000,433745873,16.21,2241254127,83.78,100,TWSE_MI_QFIIS_DAILY_FOREIGN_INVESTMENT,2026-08-21T09:59:05.591Z
2023-06-09,2317,鴻海,13862990609,5562732554,40.12,8300258055,59.87,100,TWSE_MI_QFIIS_DAILY_FOREIGN_INVESTMENT,2026-08-21T09:59:05.591Z
2023-06-09,2330,台積電,25932070992,18820153588,72.57,7111917404,27.42,100,TWSE_MI_QFIIS_DAILY_FOREIGN_INVESTMENT,2026-08-21T09:59:05.591Z
2023-06-09,2454,聯發科,1599645032,920568389,57.54,679076643,42.45,100,TWSE_MI_QFIIS_DAILY_FOREIGN_INVESTMENT,2026-08-21T09:59:05.591Z
2023-06-12,0050,元大台灣50,2675500000,493346442,18.43,2182153558,81.56,100,TWSE_MI_QFIIS_DAILY_FOREIGN_INVESTMENT,2026-08-21T09:59:05.591Z
2023-06-12,2317,鴻海,13862990609,5576333543,40.22,8286657066,59.77,100,TWSE_MI_QFIIS_DAILY_FOREIGN_INVESTMENT,2026-08-21T09:59:05.591Z
2023-06-12,2330,台積電,25932070992,18828601619,72.6,7103469373,27.39,100,TWSE_MI_QFIIS_DAILY_FOREIGN_INVESTMENT,2026-08-21T09:59:05.591Z
2023-06-12,2454,聯發科,1599645032,919189656,57.46,680455376,42.53,100,TWSE_MI_QFIIS_DAILY_FOREIGN_INVESTMENT,2026-08-21T09:59:05.591Z
2023-06-13,0050,元大台灣50,2725000000,504888057,18.52,2220111943,81.47,100,TWSE_MI_QFIIS_DAILY_FOREIGN_INVESTMENT,2026-08-21T09:59:05.591Z
2023-06-13,2317,鴻海,13862990609,5584660786,40.28,8278329823,59.71,100,TWSE_MI_QFIIS_DAILY_FOREIGN_INVESTMENT,2026-08-21T09:59:05.591Z
2023-06-13,2330,台積電,25932070992,18862855301,72.73,7069215691,27.26,100,TWSE_MI_QFIIS_DAILY_FOREIGN_INVESTMENT,2026-08-21T09:59:05.591Z
2023-06-13,2454,聯發科,1599645032,920500659,57.54,679144373,42.45,100,TWSE_MI_QFIIS_DAILY_FOREIGN_INVESTMENT,2026-08-21T09:59:05.591Z
2023-06-14,0050,元大台灣50,2653000000,485912084,18.31,2167087916,81.68,100,TWSE_MI_QFIIS_DAILY_FOREIGN_INVESTMENT,2026-08-21T09:59:05.591Z
2023-06-14,2317,鴻海,13862990609,5588880684,40.31,8274109925,59.68,100,TWSE_MI_QFIIS_DAILY_FOREIGN_INVESTMENT,2026-08-21T09:59:05.591Z
2023-06-14,2330,台積電,25932070992,18867020670,72.75,7065050322,27.24,100,TWSE_MI_QFIIS_DAILY_FOREIGN_INVESTMENT,2026-08-21T09:59:05.591Z
2023-06-14,2454,聯發科,1599645032,920845515,57.56,678799517,42.43,100,TWSE_MI_QFIIS_DAILY_FOREIGN_INVESTMENT,2026-08-21T09:59:05.591Z
2023-06-15,0050,元大台灣50,2653000000,491854555,18.53,2161145445,81.46,100,TWSE_MI_QFIIS_DAILY_FOREIGN_INVESTMENT,2026-08-21T09:59:05.591Z
2023-06-15,2317,鴻海,13862990609,5587214537,40.3,8275776072,59.69,100,TWSE_MI_QFIIS_DAILY_FOREIGN_INVESTMENT,2026-08-21T09:59:05.591Z
2023-06-15,2330,台積電,25932070992,18874491813,72.78,7057579179,27.21,100,TWSE_MI_QFIIS_DAILY_FOREIGN_INVESTMENT,2026-08-21T09:59:05.591Z
2023-06-15,2454,聯發科,1599645032,918040504,57.39,681604528,42.6,100,TWSE_MI_QFIIS_DAILY_FOREIGN_INVESTMENT,2026-08-21T09:59:05.591Z
2023-06-16,0050,元大台灣50,2653000000,491843918,18.53,2161156082,81.46,100,TWSE_MI_QFIIS_DAILY_FOREIGN_INVESTMENT,2026-08-21T09:59:05.591Z
2023-06-16,2317,鴻海,13862990609,5585286717,40.28,8277703892,59.71,100,TWSE_MI_QFIIS_DAILY_FOREIGN_INVESTMENT,2026-08-21T09:59:05.591Z
2023-06-16,2330,台積電,25932070992,18880309988,72.8,7051761004,27.19,100,TWSE_MI_QFIIS_DAILY_FOREIGN_INVESTMENT,2026-08-21T09:59:05.591Z
2023-06-16,2454,聯發科,1599645032,912887617,57.06,686757415,42.93,100,TWSE_MI_QFIIS_DAILY_FOREIGN_INVESTMENT,2026-08-21T09:59:05.591Z
2023-06-19,0050,元大台灣50,2653500000,492168750,18.54,2161331250,81.45,100,TWSE_MI_QFIIS_DAILY_FOREIGN_INVESTMENT,2026-08-21T09:59:05.591Z
2023-06-19,2317,鴻海,13862990609,5588715756,40.31,8274274853,59.68,100,TWSE_MI_QFIIS_DAILY_FOREIGN_INVESTMENT,2026-08-21T09:59:05.591Z
2023-06-19,2330,台積電,25932070992,18879040113,72.8,7053030879,27.19,100,TWSE_MI_QFIIS_DAILY_FOREIGN_INVESTMENT,2026-08-21T09:59:05.591Z
2023-06-19,2454,聯發科,1599645032,914974867,57.19,684670165,42.8,100,TWSE_MI_QFIIS_DAILY_FOREIGN_INVESTMENT,2026-08-21T09:59:05.591Z
2023-06-20,0050,元大台灣50,2643500000,490458235,18.55,2153041765,81.44,100,TWSE_MI_QFIIS_DAILY_FOREIGN_INVESTMENT,2026-08-21T09:59:05.591Z
2023-06-20,2317,鴻海,13862990609,5585674760,40.29,8277315849,59.7,100,TWSE_MI_QFIIS_DAILY_FOREIGN_INVESTMENT,2026-08-21T09:59:05.591Z
2023-06-20,2330,台積電,25932070992,18880336545,72.8,7051734447,27.19,100,TWSE_MI_QFIIS_DAILY_FOREIGN_INVESTMENT,2026-08-21T09:59:05.591Z
2023-06-20,2454,聯發科,1599645032,912761763,57.06,686883269,42.93,100,TWSE_MI_QFIIS_DAILY_FOREIGN_INVESTMENT,2026-08-21T09:59:05.591Z
2023-06-21,0050,元大台灣50,2641500000,504730193,19.1,2136769807,80.89,100,TWSE_MI_QFIIS_DAILY_FOREIGN_INVESTMENT,2026-08-21T09:59:05.591Z
2023-06-21,2317,鴻海,13862990609,5585371815,40.28,8277618794,59.71,100,TWSE_MI_QFIIS_DAILY_FOREIGN_INVESTMENT,2026-08-21T09:59:05.591Z
2023-06-21,2330,台積電,25932070992,18879289641,72.8,7052781351,27.19,100,TWSE_MI_QFIIS_DAILY_FOREIGN_INVESTMENT,2026-08-21T09:59:05.591Z
2023-06-21,2454,聯發科,1599645032,918417709,57.41,681227323,42.58,100,TWSE_MI_QFIIS_DAILY_FOREIGN_INVESTMENT,2026-08-21T09:59:05.591Z
2023-06-26,0050,元大台灣50,2641500000,501276392,18.97,2140223608,81.02,100,TWSE_MI_QFIIS_DAILY_FOREIGN_INVESTMENT,2026-08-21T09:59:05.591Z
2023-06-26,2317,鴻海,13862990609,5593036438,40.34,8269954171,59.65,100,TWSE_MI_QFIIS_DAILY_FOREIGN_INVESTMENT,2026-08-21T09:59:05.591Z
2023-06-26,2330,台積電,25932070992,18875095888,72.78,7056975104,27.21,100,TWSE_MI_QFIIS_DAILY_FOREIGN_INVESTMENT,2026-08-21T09:59:05.591Z
2023-06-26,2454,聯發科,1599645032,917990593,57.38,681654439,42.61,100,TWSE_MI_QFIIS_DAILY_FOREIGN_INVESTMENT,2026-08-21T09:59:05.591Z
2023-06-27,0050,元大台灣50,2641500000,503368077,19.05,2138131923,80.94,100,TWSE_MI_QFIIS_DAILY_FOREIGN_INVESTMENT,2026-08-21T09:59:05.591Z
2023-06-27,2317,鴻海,13862990609,5574451995,40.21,8288538614,59.78,100,TWSE_MI_QFIIS_DAILY_FOREIGN_INVESTMENT,2026-08-21T09:59:05.591Z
2023-06-27,2330,台積電,25932070992,18871246203,72.77,7060824789,27.22,100,TWSE_MI_QFIIS_DAILY_FOREIGN_INVESTMENT,2026-08-21T09:59:05.591Z
2023-06-27,2454,聯發科,1599645032,918933232,57.44,680711800,42.55,100,TWSE_MI_QFIIS_DAILY_FOREIGN_INVESTMENT,2026-08-21T09:59:05.591Z
2023-06-28,0050,元大台灣50,2641500000,503307778,19.05,2138192222,80.94,100,TWSE_MI_QFIIS_DAILY_FOREIGN_INVESTMENT,2026-08-21T09:59:05.591Z
2023-06-28,2317,鴻海,13862990609,5575507271,40.21,8287483338,59.78,100,TWSE_MI_QFIIS_DAILY_FOREIGN_INVESTMENT,2026-08-21T09:59:05.591Z
2023-06-28,2330,台積電,25932070992,18867809428,72.75,7064261564,27.24,100,TWSE_MI_QFIIS_DAILY_FOREIGN_INVESTMENT,2026-08-21T09:59:05.591Z
2023-06-28,2454,聯發科,1599645032,920486969,57.54,679158063,42.45,100,TWSE_MI_QFIIS_DAILY_FOREIGN_INVESTMENT,2026-08-21T09:59:05.591Z
2023-06-29,0050,元大台灣50,2642000000,503404183,19.05,2138595817,80.94,100,TWSE_MI_QFIIS_DAILY_FOREIGN_INVESTMENT,2026-08-21T09:59:05.591Z
2023-06-29,2317,鴻海,13862990609,5562981755,40.12,8300008854,59.87,100,TWSE_MI_QFIIS_DAILY_FOREIGN_INVESTMENT,2026-08-21T09:59:05.591Z
2023-06-29,2330,台積電,25932070992,18866453585,72.75,7065617407,27.24,100,TWSE_MI_QFIIS_DAILY_FOREIGN_INVESTMENT,2026-08-21T09:59:05.591Z
2023-06-29,2454,聯發科,1599645032,921330704,57.59,678314328,42.4,100,TWSE_MI_QFIIS_DAILY_FOREIGN_INVESTMENT,2026-08-21T09:59:05.591Z
2023-06-30,0050,元大台灣50,2642000000,500762151,18.95,2141237849,81.04,100,TWSE_MI_QFIIS_DAILY_FOREIGN_INVESTMENT,2026-08-21T09:59:05.591Z
2023-06-30,2317,鴻海,13862990609,5562063936,40.12,8300926673,59.87,100,TWSE_MI_QFIIS_DAILY_FOREIGN_INVESTMENT,2026-08-21T09:59:05.591Z
2023-06-30,2330,台積電,25932070992,18863881477,72.74,7068189515,27.25,100,TWSE_MI_QFIIS_DAILY_FOREIGN_INVESTMENT,2026-08-21T09:59:05.591Z
2023-06-30,2454,聯發科,1599645032,919546348,57.48,680098684,42.51,100,TWSE_MI_QFIIS_DAILY_FOREIGN_INVESTMENT,2026-08-21T09:59:05.591Z
2023-07-03,0050,元大台灣50,2642500000,499275110,18.89,2143224890,81.1,100,TWSE_MI_QFIIS_DAILY_FOREIGN_INVESTMENT,2026-08-21T09:59:05.591Z
2023-07-03,2317,鴻海,13862990609,5568372141,40.16,8294618468,59.83,100,TWSE_MI_QFIIS_DAILY_FOREIGN_INVESTMENT,2026-08-21T09:59:05.591Z
2023-07-03,2330,台積電,25932070992,18866234301,72.75,7065836691,27.24,100,TWSE_MI_QFIIS_DAILY_FOREIGN_INVESTMENT,2026-08-21T09:59:05.591Z
2023-07-03,2454,聯發科,1599645032,919661946,57.49,679983086,42.5,100,TWSE_MI_QFIIS_DAILY_FOREIGN_INVESTMENT,2026-08-21T09:59:05.591Z
2023-07-04,0050,元大台灣50,2642500000,498433844,18.86,2144066156,81.13,100,TWSE_MI_QFIIS_DAILY_FOREIGN_INVESTMENT,2026-08-21T09:59:05.591Z
2023-07-04,2317,鴻海,13862990609,5570017742,40.17,8292972867,59.82,100,TWSE_MI_QFIIS_DAILY_FOREIGN_INVESTMENT,2026-08-21T09:59:05.591Z
2023-07-04,2330,台積電,25932070992,18871039387,72.77,7061031605,27.22,100,TWSE_MI_QFIIS_DAILY_FOREIGN_INVESTMENT,2026-08-21T09:59:05.591Z
2023-07-04,2454,聯發科,1599645032,921403444,57.6,678241588,42.39,100,TWSE_MI_QFIIS_DAILY_FOREIGN_INVESTMENT,2026-08-21T09:59:05.591Z
2023-07-05,0050,元大台灣50,2642500000,497230568,18.81,2145269432,81.18,100,TWSE_MI_QFIIS_DAILY_FOREIGN_INVESTMENT,2026-08-21T09:59:05.591Z
2023-07-05,2317,鴻海,13862990609,5562657896,40.12,8300332713,59.87,100,TWSE_MI_QFIIS_DAILY_FOREIGN_INVESTMENT,2026-08-21T09:59:05.591Z
2023-07-05,2330,台積電,25932070992,18870149235,72.76,7061921757,27.23,100,TWSE_MI_QFIIS_DAILY_FOREIGN_INVESTMENT,2026-08-21T09:59:05.591Z
2023-07-05,2454,聯發科,1599645032,920622611,57.55,679022421,42.44,100,TWSE_MI_QFIIS_DAILY_FOREIGN_INVESTMENT,2026-08-21T09:59:05.591Z
2023-07-06,0050,元大台灣50,2650000000,485981003,18.33,2164018997,81.66,100,TWSE_MI_QFIIS_DAILY_FOREIGN_INVESTMENT,2026-08-21T09:59:05.591Z
2023-07-06,2317,鴻海,13862990609,5547344829,40.01,8315645780,59.98,100,TWSE_MI_QFIIS_DAILY_FOREIGN_INVESTMENT,2026-08-21T09:59:05.591Z
2023-07-06,2330,台積電,25932070992,18853672538,72.7,7078398454,27.29,100,TWSE_MI_QFIIS_DAILY_FOREIGN_INVESTMENT,2026-08-21T09:59:05.591Z
2023-07-06,2454,聯發科,1599645032,919313270,57.46,680331762,42.53,100,TWSE_MI_QFIIS_DAILY_FOREIGN_INVESTMENT,2026-08-21T09:59:05.591Z
2023-07-07,0050,元大台灣50,2650000000,503778132,19.01,2146221868,80.98,100,TWSE_MI_QFIIS_DAILY_FOREIGN_INVESTMENT,2026-08-21T09:59:05.591Z
2023-07-07,2317,鴻海,13862990609,5554665149,40.06,8308325460,59.93,100,TWSE_MI_QFIIS_DAILY_FOREIGN_INVESTMENT,2026-08-21T09:59:05.591Z
2023-07-07,2330,台積電,25932070992,18849186780,72.68,7082884212,27.31,100,TWSE_MI_QFIIS_DAILY_FOREIGN_INVESTMENT,2026-08-21T09:59:05.591Z
2023-07-07,2454,聯發科,1599645032,917067019,57.32,682578013,42.67,100,TWSE_MI_QFIIS_DAILY_FOREIGN_INVESTMENT,2026-08-21T09:59:05.591Z
2023-07-10,0050,元大台灣50,2650000000,499568427,18.85,2150431573,81.14,100,TWSE_MI_QFIIS_DAILY_FOREIGN_INVESTMENT,2026-08-21T09:59:05.591Z
2023-07-10,2317,鴻海,13862990609,5542968318,39.98,8320022291,60.01,100,TWSE_MI_QFIIS_DAILY_FOREIGN_INVESTMENT,2026-08-21T09:59:05.591Z
2023-07-10,2330,台積電,25932070992,18848857945,72.68,7083213047,27.31,100,TWSE_MI_QFIIS_DAILY_FOREIGN_INVESTMENT,2026-08-21T09:59:05.591Z
2023-07-10,2454,聯發科,1599645032,914977108,57.19,684667924,42.8,100,TWSE_MI_QFIIS_DAILY_FOREIGN_INVESTMENT,2026-08-21T09:59:05.591Z
2023-07-11,0050,元大台灣50,2628500000,478617858,18.2,2149882142,81.79,100,TWSE_MI_QFIIS_DAILY_FOREIGN_INVESTMENT,2026-08-21T09:59:05.591Z
2023-07-11,2317,鴻海,13862990609,5546405874,40,8316584735,59.99,100,TWSE_MI_QFIIS_DAILY_FOREIGN_INVESTMENT,2026-08-21T09:59:05.591Z
2023-07-11,2330,台積電,25932070992,18858538143,72.72,7073532849,27.27,100,TWSE_MI_QFIIS_DAILY_FOREIGN_INVESTMENT,2026-08-21T09:59:05.591Z
2023-07-11,2454,聯發科,1599645032,915291770,57.21,684353262,42.78,100,TWSE_MI_QFIIS_DAILY_FOREIGN_INVESTMENT,2026-08-21T09:59:05.591Z
2023-07-12,0050,元大台灣50,2606500000,456309479,17.5,2150190521,82.49,100,TWSE_MI_QFIIS_DAILY_FOREIGN_INVESTMENT,2026-08-21T09:59:05.591Z
2023-07-12,2317,鴻海,13862990609,5548811812,40.02,8314178797,59.97,100,TWSE_MI_QFIIS_DAILY_FOREIGN_INVESTMENT,2026-08-21T09:59:05.591Z
2023-07-12,2330,台積電,25932070992,18863692499,72.74,7068378493,27.25,100,TWSE_MI_QFIIS_DAILY_FOREIGN_INVESTMENT,2026-08-21T09:59:05.591Z
2023-07-12,2454,聯發科,1599645032,915082412,57.2,684562620,42.79,100,TWSE_MI_QFIIS_DAILY_FOREIGN_INVESTMENT,2026-08-21T09:59:05.591Z
2023-07-13,0050,元大台灣50,2536000000,394265124,15.54,2141734876,84.45,100,TWSE_MI_QFIIS_DAILY_FOREIGN_INVESTMENT,2026-08-21T09:59:05.591Z
2023-07-13,2317,鴻海,13862990609,5550836080,40.04,8312154529,59.95,100,TWSE_MI_QFIIS_DAILY_FOREIGN_INVESTMENT,2026-08-21T09:59:05.591Z
2023-07-13,2330,台積電,25932070992,18884115187,72.82,7047955805,27.17,100,TWSE_MI_QFIIS_DAILY_FOREIGN_INVESTMENT,2026-08-21T09:59:05.591Z
2023-07-13,2454,聯發科,1599645032,915136962,57.2,684508070,42.79,100,TWSE_MI_QFIIS_DAILY_FOREIGN_INVESTMENT,2026-08-21T09:59:05.591Z
2023-07-14,0050,元大台灣50,2516500000,386127990,15.34,2130372010,84.65,100,TWSE_MI_QFIIS_DAILY_FOREIGN_INVESTMENT,2026-08-21T09:59:05.591Z
2023-07-14,2317,鴻海,13862990609,5563590741,40.13,8299399868,59.86,100,TWSE_MI_QFIIS_DAILY_FOREIGN_INVESTMENT,2026-08-21T09:59:05.591Z
2023-07-14,2330,台積電,25932070992,18898755950,72.87,7033315042,27.12,100,TWSE_MI_QFIIS_DAILY_FOREIGN_INVESTMENT,2026-08-21T09:59:05.591Z
2023-07-14,2454,聯發科,1599645032,916031604,57.26,683613428,42.73,100,TWSE_MI_QFIIS_DAILY_FOREIGN_INVESTMENT,2026-08-21T09:59:05.591Z
2023-07-17,0050,元大台灣50,2464500000,340470647,13.81,2124029353,86.18,100,TWSE_MI_QFIIS_DAILY_FOREIGN_INVESTMENT,2026-08-21T09:59:05.591Z
2023-07-17,2317,鴻海,13862990609,5573871873,40.2,8289118736,59.79,100,TWSE_MI_QFIIS_DAILY_FOREIGN_INVESTMENT,2026-08-21T09:59:05.591Z
2023-07-17,2330,台積電,25932070992,18907919992,72.91,7024151000,27.08,100,TWSE_MI_QFIIS_DAILY_FOREIGN_INVESTMENT,2026-08-21T09:59:05.591Z
2023-07-17,2454,聯發科,1599645032,914509188,57.16,685135844,42.83,100,TWSE_MI_QFIIS_DAILY_FOREIGN_INVESTMENT,2026-08-21T09:59:05.591Z
2023-07-18,0050,元大台灣50,2464500000,344981821,13.99,2119518179,86,100,TWSE_MI_QFIIS_DAILY_FOREIGN_INVESTMENT,2026-08-21T09:59:05.591Z
2023-07-18,2317,鴻海,13862990609,5583623242,40.27,8279367367,59.72,100,TWSE_MI_QFIIS_DAILY_FOREIGN_INVESTMENT,2026-08-21T09:59:05.591Z
2023-07-18,2330,台積電,25932070992,18903864705,72.89,7028206287,27.1,100,TWSE_MI_QFIIS_DAILY_FOREIGN_INVESTMENT,2026-08-21T09:59:05.591Z
2023-07-18,2454,聯發科,1599645032,913091011,57.08,686554021,42.91,100,TWSE_MI_QFIIS_DAILY_FOREIGN_INVESTMENT,2026-08-21T09:59:05.591Z
2023-07-19,0050,元大台灣50,2490500000,379761874,15.24,2110738126,84.75,100,TWSE_MI_QFIIS_DAILY_FOREIGN_INVESTMENT,2026-08-21T09:59:05.591Z
2023-07-19,2317,鴻海,13862990609,5575534057,40.21,8287456552,59.78,100,TWSE_MI_QFIIS_DAILY_FOREIGN_INVESTMENT,2026-08-21T09:59:05.591Z
2023-07-19,2330,台積電,25932070992,18901589675,72.88,7030481317,27.11,100,TWSE_MI_QFIIS_DAILY_FOREIGN_INVESTMENT,2026-08-21T09:59:05.591Z
2023-07-19,2454,聯發科,1599645032,915980881,57.26,683664151,42.73,100,TWSE_MI_QFIIS_DAILY_FOREIGN_INVESTMENT,2026-08-21T09:59:05.591Z
2023-07-20,0050,元大台灣50,2485000000,381109000,15.33,2103891000,84.66,100,TWSE_MI_QFIIS_DAILY_FOREIGN_INVESTMENT,2026-08-21T09:59:05.591Z
2023-07-20,2317,鴻海,13862990609,5576994956,40.22,8285995653,59.77,100,TWSE_MI_QFIIS_DAILY_FOREIGN_INVESTMENT,2026-08-21T09:59:05.591Z
2023-07-20,2330,台積電,25932070992,18897366204,72.87,7034704788,27.12,100,TWSE_MI_QFIIS_DAILY_FOREIGN_INVESTMENT,2026-08-21T09:59:05.591Z
2023-07-20,2454,聯發科,1599645032,914699519,57.18,684945513,42.81,100,TWSE_MI_QFIIS_DAILY_FOREIGN_INVESTMENT,2026-08-21T09:59:05.591Z
2023-07-21,0050,元大台灣50,2485000000,369638019,14.87,2115361981,85.12,100,TWSE_MI_QFIIS_DAILY_FOREIGN_INVESTMENT,2026-08-21T09:59:05.591Z
2023-07-21,2317,鴻海,13862990609,5575997659,40.22,8286992950,59.77,100,TWSE_MI_QFIIS_DAILY_FOREIGN_INVESTMENT,2026-08-21T09:59:05.591Z
2023-07-21,2330,台積電,25932070992,18875127435,72.78,7056943557,27.21,100,TWSE_MI_QFIIS_DAILY_FOREIGN_INVESTMENT,2026-08-21T09:59:05.591Z
2023-07-21,2454,聯發科,1599645032,910154208,56.89,689490824,43.1,100,TWSE_MI_QFIIS_DAILY_FOREIGN_INVESTMENT,2026-08-21T09:59:05.591Z
2023-07-24,0050,元大台灣50,2479500000,368093050,14.84,2111406950,85.15,100,TWSE_MI_QFIIS_DAILY_FOREIGN_INVESTMENT,2026-08-21T09:59:05.591Z
2023-07-24,2317,鴻海,13862990609,5577149715,40.23,8285840894,59.76,100,TWSE_MI_QFIIS_DAILY_FOREIGN_INVESTMENT,2026-08-21T09:59:05.591Z
2023-07-24,2330,台積電,25932070992,18869173309,72.76,7062897683,27.23,100,TWSE_MI_QFIIS_DAILY_FOREIGN_INVESTMENT,2026-08-21T09:59:05.591Z
2023-07-24,2454,聯發科,1599645032,909862367,56.87,689782665,43.12,100,TWSE_MI_QFIIS_DAILY_FOREIGN_INVESTMENT,2026-08-21T09:59:05.591Z
2023-07-25,0050,元大台灣50,2479000000,364815861,14.71,2114184139,85.28,100,TWSE_MI_QFIIS_DAILY_FOREIGN_INVESTMENT,2026-08-21T09:59:05.591Z
2023-07-25,2317,鴻海,13862990609,5598002631,40.38,8264987978,59.61,100,TWSE_MI_QFIIS_DAILY_FOREIGN_INVESTMENT,2026-08-21T09:59:05.591Z
2023-07-25,2330,台積電,25932070992,18871717238,72.77,7060353754,27.22,100,TWSE_MI_QFIIS_DAILY_FOREIGN_INVESTMENT,2026-08-21T09:59:05.591Z
2023-07-25,2454,聯發科,1599645032,906164088,56.64,693480944,43.35,100,TWSE_MI_QFIIS_DAILY_FOREIGN_INVESTMENT,2026-08-21T09:59:05.591Z
2023-07-26,0050,元大台灣50,2479000000,364570344,14.7,2114429656,85.29,100,TWSE_MI_QFIIS_DAILY_FOREIGN_INVESTMENT,2026-08-21T09:59:05.591Z
2023-07-26,2317,鴻海,13862990609,5603364466,40.41,8259626143,59.58,100,TWSE_MI_QFIIS_DAILY_FOREIGN_INVESTMENT,2026-08-21T09:59:05.591Z
2023-07-26,2330,台積電,25932070992,18868917988,72.76,7063153004,27.23,100,TWSE_MI_QFIIS_DAILY_FOREIGN_INVESTMENT,2026-08-21T09:59:05.591Z
2023-07-26,2454,聯發科,1599645032,904201743,56.52,695443289,43.47,100,TWSE_MI_QFIIS_DAILY_FOREIGN_INVESTMENT,2026-08-21T09:59:05.591Z
2023-07-27,0050,元大台灣50,2474000000,365853741,14.78,2108146259,85.21,100,TWSE_MI_QFIIS_DAILY_FOREIGN_INVESTMENT,2026-08-21T09:59:05.591Z
2023-07-27,2317,鴻海,13862990609,5603417763,40.41,8259572846,59.58,100,TWSE_MI_QFIIS_DAILY_FOREIGN_INVESTMENT,2026-08-21T09:59:05.591Z
2023-07-27,2330,台積電,25932070992,18869185077,72.76,7062885915,27.23,100,TWSE_MI_QFIIS_DAILY_FOREIGN_INVESTMENT,2026-08-21T09:59:05.591Z
2023-07-27,2454,聯發科,1599645032,903394930,56.47,696250102,43.52,100,TWSE_MI_QFIIS_DAILY_FOREIGN_INVESTMENT,2026-08-21T09:59:05.591Z
2023-07-28,0050,元大台灣50,2474000000,365488166,14.77,2108511834,85.22,100,TWSE_MI_QFIIS_DAILY_FOREIGN_INVESTMENT,2026-08-21T09:59:05.591Z
2023-07-28,2317,鴻海,13862990609,5596628548,40.37,8266362061,59.62,100,TWSE_MI_QFIIS_DAILY_FOREIGN_INVESTMENT,2026-08-21T09:59:05.591Z
2023-07-28,2330,台積電,25932070992,18865873043,72.75,7066197949,27.24,100,TWSE_MI_QFIIS_DAILY_FOREIGN_INVESTMENT,2026-08-21T09:59:05.591Z
2023-07-28,2454,聯發科,1599645032,901759662,56.37,697885370,43.62,100,TWSE_MI_QFIIS_DAILY_FOREIGN_INVESTMENT,2026-08-21T09:59:05.591Z
2023-07-31,0050,元大台灣50,2443000000,336551650,13.77,2106448350,86.22,100,TWSE_MI_QFIIS_DAILY_FOREIGN_INVESTMENT,2026-08-21T09:59:05.591Z
2023-07-31,2317,鴻海,13862990609,5591965366,40.33,8271025243,59.66,100,TWSE_MI_QFIIS_DAILY_FOREIGN_INVESTMENT,2026-08-21T09:59:05.591Z
2023-07-31,2330,台積電,25932070992,18866055285,72.75,7066015707,27.24,100,TWSE_MI_QFIIS_DAILY_FOREIGN_INVESTMENT,2026-08-21T09:59:05.591Z
2023-07-31,2454,聯發科,1599645032,909663757,56.86,689981275,43.13,100,TWSE_MI_QFIIS_DAILY_FOREIGN_INVESTMENT,2026-08-21T09:59:05.591Z
2023-08-01,0050,元大台灣50,2443000000,336178537,13.76,2106821463,86.23,100,TWSE_MI_QFIIS_DAILY_FOREIGN_INVESTMENT,2026-08-21T09:59:05.591Z
2023-08-01,2317,鴻海,13862990609,5601423777,40.4,8261566832,59.59,100,TWSE_MI_QFIIS_DAILY_FOREIGN_INVESTMENT,2026-08-21T09:59:05.591Z
2023-08-01,2330,台積電,25932070992,18867142203,72.75,7064928789,27.24,100,TWSE_MI_QFIIS_DAILY_FOREIGN_INVESTMENT,2026-08-21T09:59:05.591Z
2023-08-01,2454,聯發科,1599645032,914354375,57.15,685290657,42.84,100,TWSE_MI_QFIIS_DAILY_FOREIGN_INVESTMENT,2026-08-21T09:59:05.591Z
2023-08-02,0050,元大台灣50,2443000000,331697260,13.57,2111302740,86.42,100,TWSE_MI_QFIIS_DAILY_FOREIGN_INVESTMENT,2026-08-21T09:59:05.591Z
2023-08-02,2317,鴻海,13862990609,5591533624,40.33,8271456985,59.66,100,TWSE_MI_QFIIS_DAILY_FOREIGN_INVESTMENT,2026-08-21T09:59:05.591Z
2023-08-02,2330,台積電,25932070992,18862139284,72.73,7069931708,27.26,100,TWSE_MI_QFIIS_DAILY_FOREIGN_INVESTMENT,2026-08-21T09:59:05.591Z
2023-08-02,2454,聯發科,1599645032,916028859,57.26,683616173,42.73,100,TWSE_MI_QFIIS_DAILY_FOREIGN_INVESTMENT,2026-08-21T09:59:05.591Z
2023-08-04,0050,元大台灣50,2443000000,328111983,13.43,2114888017,86.56,100,TWSE_MI_QFIIS_DAILY_FOREIGN_INVESTMENT,2026-08-21T09:59:05.591Z
2023-08-04,2317,鴻海,13862990609,5606507538,40.44,8256483071,59.55,100,TWSE_MI_QFIIS_DAILY_FOREIGN_INVESTMENT,2026-08-21T09:59:05.591Z
2023-08-04,2330,台積電,25932070992,18851571690,72.69,7080499302,27.3,100,TWSE_MI_QFIIS_DAILY_FOREIGN_INVESTMENT,2026-08-21T09:59:05.591Z
2023-08-04,2454,聯發科,1599645032,916730986,57.3,682914046,42.69,100,TWSE_MI_QFIIS_DAILY_FOREIGN_INVESTMENT,2026-08-21T09:59:05.591Z
2023-08-07,0050,元大台灣50,2443000000,327854291,13.42,2115145709,86.57,100,TWSE_MI_QFIIS_DAILY_FOREIGN_INVESTMENT,2026-08-21T09:59:05.591Z
2023-08-07,2317,鴻海,13862990609,5596728830,40.37,8266261779,59.62,100,TWSE_MI_QFIIS_DAILY_FOREIGN_INVESTMENT,2026-08-21T09:59:05.591Z
2023-08-07,2330,台積電,25932070992,18850139549,72.69,7081931443,27.3,100,TWSE_MI_QFIIS_DAILY_FOREIGN_INVESTMENT,2026-08-21T09:59:05.591Z
2023-08-07,2454,聯發科,1599645032,916864489,57.31,682780543,42.68,100,TWSE_MI_QFIIS_DAILY_FOREIGN_INVESTMENT,2026-08-21T09:59:05.591Z
2023-08-08,0050,元大台灣50,2418000000,296273807,12.25,2121726193,87.74,100,TWSE_MI_QFIIS_DAILY_FOREIGN_INVESTMENT,2026-08-21T09:59:05.591Z
2023-08-08,2317,鴻海,13862990609,5601115178,40.4,8261875431,59.59,100,TWSE_MI_QFIIS_DAILY_FOREIGN_INVESTMENT,2026-08-21T09:59:05.591Z
2023-08-08,2330,台積電,25932070992,18847984258,72.68,7084086734,27.31,100,TWSE_MI_QFIIS_DAILY_FOREIGN_INVESTMENT,2026-08-21T09:59:05.591Z
2023-08-08,2454,聯發科,1599645032,915391551,57.22,684253481,42.77,100,TWSE_MI_QFIIS_DAILY_FOREIGN_INVESTMENT,2026-08-21T09:59:05.591Z
2023-08-09,0050,元大台灣50,2418000000,296064979,12.24,2121935021,87.75,100,TWSE_MI_QFIIS_DAILY_FOREIGN_INVESTMENT,2026-08-21T09:59:05.591Z
2023-08-09,2317,鴻海,13862990609,5601540598,40.4,8261450011,59.59,100,TWSE_MI_QFIIS_DAILY_FOREIGN_INVESTMENT,2026-08-21T09:59:05.591Z
2023-08-09,2330,台積電,25932070992,18848534335,72.68,7083536657,27.31,100,TWSE_MI_QFIIS_DAILY_FOREIGN_INVESTMENT,2026-08-21T09:59:05.591Z
2023-08-09,2454,聯發科,1599645032,914935662,57.19,684709370,42.8,100,TWSE_MI_QFIIS_DAILY_FOREIGN_INVESTMENT,2026-08-21T09:59:05.591Z
2023-08-10,0050,元大台灣50,2418000000,290242803,12,2127757197,87.99,100,TWSE_MI_QFIIS_DAILY_FOREIGN_INVESTMENT,2026-08-21T09:59:05.591Z
2023-08-10,2317,鴻海,13862990609,5599118458,40.38,8263872151,59.61,100,TWSE_MI_QFIIS_DAILY_FOREIGN_INVESTMENT,2026-08-21T09:59:05.591Z
2023-08-10,2330,台積電,25932070992,18846471525,72.67,7085599467,27.32,100,TWSE_MI_QFIIS_DAILY_FOREIGN_INVESTMENT,2026-08-21T09:59:05.591Z
2023-08-10,2454,聯發科,1599645032,914083351,57.14,685561681,42.85,100,TWSE_MI_QFIIS_DAILY_FOREIGN_INVESTMENT,2026-08-21T09:59:05.591Z
2023-08-11,0050,元大台灣50,2430500000,307525466,12.65,2122974534,87.34,100,TWSE_MI_QFIIS_DAILY_FOREIGN_INVESTMENT,2026-08-21T09:59:05.591Z
2023-08-11,2317,鴻海,13862990609,5586608091,40.29,8276382518,59.7,100,TWSE_MI_QFIIS_DAILY_FOREIGN_INVESTMENT,2026-08-21T09:59:05.591Z
2023-08-11,2330,台積電,25932070992,18836973319,72.63,7095097673,27.36,100,TWSE_MI_QFIIS_DAILY_FOREIGN_INVESTMENT,2026-08-21T09:59:05.591Z
2023-08-11,2454,聯發科,1599507129,911976238,57.01,687530891,42.98,100,TWSE_MI_QFIIS_DAILY_FOREIGN_INVESTMENT,2026-08-21T09:59:05.591Z
2023-08-14,0050,元大台灣50,2407500000,286347421,11.89,2121152579,88.1,100,TWSE_MI_QFIIS_DAILY_FOREIGN_INVESTMENT,2026-08-21T09:59:05.591Z
2023-08-14,2317,鴻海,13862990609,5586758159,40.29,8276232450,59.7,100,TWSE_MI_QFIIS_DAILY_FOREIGN_INVESTMENT,2026-08-21T09:59:05.591Z
2023-08-14,2330,台積電,25932070992,18829720349,72.61,7102350643,27.38,100,TWSE_MI_QFIIS_DAILY_FOREIGN_INVESTMENT,2026-08-21T09:59:05.591Z
2023-08-14,2454,聯發科,1599507129,911003698,56.95,688503431,43.04,100,TWSE_MI_QFIIS_DAILY_FOREIGN_INVESTMENT,2026-08-21T09:59:05.591Z
2023-08-15,0050,元大台灣50,2412500000,257450039,10.67,2155049961,89.32,100,TWSE_MI_QFIIS_DAILY_FOREIGN_INVESTMENT,2026-08-21T09:59:05.591Z
2023-08-15,2317,鴻海,13862990609,5565063761,40.14,8297926848,59.85,100,TWSE_MI_QFIIS_DAILY_FOREIGN_INVESTMENT,2026-08-21T09:59:05.591Z
2023-08-15,2330,台積電,25932070992,18830857242,72.61,7101213750,27.38,100,TWSE_MI_QFIIS_DAILY_FOREIGN_INVESTMENT,2026-08-21T09:59:05.591Z
2023-08-15,2454,聯發科,1599507129,910971580,56.95,688535549,43.04,100,TWSE_MI_QFIIS_DAILY_FOREIGN_INVESTMENT,2026-08-21T09:59:05.591Z
2023-08-16,0050,元大台灣50,2428500000,248508484,10.23,2179991516,89.76,100,TWSE_MI_QFIIS_DAILY_FOREIGN_INVESTMENT,2026-08-21T09:59:05.591Z
2023-08-16,2317,鴻海,13862990609,5548810611,40.02,8314179998,59.97,100,TWSE_MI_QFIIS_DAILY_FOREIGN_INVESTMENT,2026-08-21T09:59:05.591Z
2023-08-16,2330,台積電,25932070992,18821606628,72.58,7110464364,27.41,100,TWSE_MI_QFIIS_DAILY_FOREIGN_INVESTMENT,2026-08-21T09:59:05.591Z
2023-08-16,2454,聯發科,1599507129,911789931,57,687717198,42.99,100,TWSE_MI_QFIIS_DAILY_FOREIGN_INVESTMENT,2026-08-21T09:59:05.591Z
2023-08-17,0050,元大台灣50,2433500000,261804192,10.75,2171695808,89.24,100,TWSE_MI_QFIIS_DAILY_FOREIGN_INVESTMENT,2026-08-21T09:59:05.591Z
2023-08-17,2317,鴻海,13862990609,5548235129,40.02,8314755480,59.97,100,TWSE_MI_QFIIS_DAILY_FOREIGN_INVESTMENT,2026-08-21T09:59:05.591Z
2023-08-17,2330,台積電,25932070992,18821015362,72.57,7111055630,27.42,100,TWSE_MI_QFIIS_DAILY_FOREIGN_INVESTMENT,2026-08-21T09:59:05.591Z
2023-08-17,2454,聯發科,1599507129,909318711,56.84,690188418,43.15,100,TWSE_MI_QFIIS_DAILY_FOREIGN_INVESTMENT,2026-08-21T09:59:05.591Z
2023-08-18,0050,元大台灣50,2433500000,259222618,10.65,2174277382,89.34,100,TWSE_MI_QFIIS_DAILY_FOREIGN_INVESTMENT,2026-08-21T09:59:05.591Z
2023-08-18,2317,鴻海,13862990609,5543904545,39.99,8319086064,60,100,TWSE_MI_QFIIS_DAILY_FOREIGN_INVESTMENT,2026-08-21T09:59:05.591Z
2023-08-18,2330,台積電,25932070992,18817061450,72.56,7115009542,27.43,100,TWSE_MI_QFIIS_DAILY_FOREIGN_INVESTMENT,2026-08-21T09:59:05.591Z
2023-08-18,2454,聯發科,1599507129,908904171,56.82,690602958,43.17,100,TWSE_MI_QFIIS_DAILY_FOREIGN_INVESTMENT,2026-08-21T09:59:05.591Z
2023-08-21,0050,元大台灣50,2438500000,256111862,10.5,2182388138,89.49,100,TWSE_MI_QFIIS_DAILY_FOREIGN_INVESTMENT,2026-08-21T09:59:05.591Z
2023-08-21,2317,鴻海,13862990609,5542820769,39.98,8320169840,60.01,100,TWSE_MI_QFIIS_DAILY_FOREIGN_INVESTMENT,2026-08-21T09:59:05.591Z
2023-08-21,2330,台積電,25932070992,18811621027,72.54,7120449965,27.45,100,TWSE_MI_QFIIS_DAILY_FOREIGN_INVESTMENT,2026-08-21T09:59:05.591Z
2023-08-21,2454,聯發科,1599507129,908252657,56.78,691254472,43.21,100,TWSE_MI_QFIIS_DAILY_FOREIGN_INVESTMENT,2026-08-21T09:59:05.591Z
2023-08-22,0050,元大台灣50,2443500000,260201504,10.64,2183298496,89.35,100,TWSE_MI_QFIIS_DAILY_FOREIGN_INVESTMENT,2026-08-21T09:59:05.591Z
2023-08-22,2317,鴻海,13862990609,5545856899,40,8317133710,59.99,100,TWSE_MI_QFIIS_DAILY_FOREIGN_INVESTMENT,2026-08-21T09:59:05.591Z
2023-08-22,2330,台積電,25932070992,18812833105,72.54,7119237887,27.45,100,TWSE_MI_QFIIS_DAILY_FOREIGN_INVESTMENT,2026-08-21T09:59:05.591Z
2023-08-22,2454,聯發科,1599507129,907926969,56.76,691580160,43.23,100,TWSE_MI_QFIIS_DAILY_FOREIGN_INVESTMENT,2026-08-21T09:59:05.591Z
2023-08-23,0050,元大台灣50,2443500000,257012367,10.51,2186487633,89.48,100,TWSE_MI_QFIIS_DAILY_FOREIGN_INVESTMENT,2026-08-21T09:59:05.591Z
2023-08-23,2317,鴻海,13862990609,5549923461,40.03,8313067148,59.96,100,TWSE_MI_QFIIS_DAILY_FOREIGN_INVESTMENT,2026-08-21T09:59:05.591Z
2023-08-23,2330,台積電,25932070992,18817895628,72.56,7114175364,27.43,100,TWSE_MI_QFIIS_DAILY_FOREIGN_INVESTMENT,2026-08-21T09:59:05.591Z
2023-08-23,2454,聯發科,1599507129,907716746,56.74,691790383,43.25,100,TWSE_MI_QFIIS_DAILY_FOREIGN_INVESTMENT,2026-08-21T09:59:05.591Z
2023-08-24,0050,元大台灣50,2443500000,259494513,10.61,2184005487,89.38,100,TWSE_MI_QFIIS_DAILY_FOREIGN_INVESTMENT,2026-08-21T09:59:05.591Z
2023-08-24,2317,鴻海,13862990609,5561816484,40.11,8301174125,59.88,100,TWSE_MI_QFIIS_DAILY_FOREIGN_INVESTMENT,2026-08-21T09:59:05.591Z
2023-08-24,2330,台積電,25932070992,18828483684,72.6,7103587308,27.39,100,TWSE_MI_QFIIS_DAILY_FOREIGN_INVESTMENT,2026-08-21T09:59:05.591Z
2023-08-24,2454,聯發科,1599507129,910579450,56.92,688927679,43.07,100,TWSE_MI_QFIIS_DAILY_FOREIGN_INVESTMENT,2026-08-21T09:59:05.591Z
2023-08-25,0050,元大台灣50,2443500000,255354381,10.45,2188145619,89.54,100,TWSE_MI_QFIIS_DAILY_FOREIGN_INVESTMENT,2026-08-21T09:59:05.591Z
2023-08-25,2317,鴻海,13862990609,5555632474,40.07,8307358135,59.92,100,TWSE_MI_QFIIS_DAILY_FOREIGN_INVESTMENT,2026-08-21T09:59:05.591Z
2023-08-25,2330,台積電,25932070992,18816825270,72.56,7115245722,27.43,100,TWSE_MI_QFIIS_DAILY_FOREIGN_INVESTMENT,2026-08-21T09:59:05.591Z
2023-08-25,2454,聯發科,1599507129,912528354,57.05,686978775,42.94,100,TWSE_MI_QFIIS_DAILY_FOREIGN_INVESTMENT,2026-08-21T09:59:05.591Z
2023-08-28,0050,元大台灣50,2446000000,256241586,10.47,2189758414,89.52,100,TWSE_MI_QFIIS_DAILY_FOREIGN_INVESTMENT,2026-08-21T09:59:05.591Z
2023-08-28,2317,鴻海,13862990609,5555643310,40.07,8307347299,59.92,100,TWSE_MI_QFIIS_DAILY_FOREIGN_INVESTMENT,2026-08-21T09:59:05.591Z
2023-08-28,2330,台積電,25932070992,18816222755,72.55,7115848237,27.44,100,TWSE_MI_QFIIS_DAILY_FOREIGN_INVESTMENT,2026-08-21T09:59:05.591Z
2023-08-28,2454,聯發科,1599507129,914812147,57.19,684694982,42.8,100,TWSE_MI_QFIIS_DAILY_FOREIGN_INVESTMENT,2026-08-21T09:59:05.591Z
2023-08-29,0050,元大台灣50,2445000000,254676625,10.41,2190323375,89.58,100,TWSE_MI_QFIIS_DAILY_FOREIGN_INVESTMENT,2026-08-21T09:59:05.591Z
2023-08-29,2317,鴻海,13862990609,5550855523,40.04,8312135086,59.95,100,TWSE_MI_QFIIS_DAILY_FOREIGN_INVESTMENT,2026-08-21T09:59:05.591Z
2023-08-29,2330,台積電,25932070992,18814983524,72.55,7117087468,27.44,100,TWSE_MI_QFIIS_DAILY_FOREIGN_INVESTMENT,2026-08-21T09:59:05.591Z
2023-08-29,2454,聯發科,1599507129,917290150,57.34,682216979,42.65,100,TWSE_MI_QFIIS_DAILY_FOREIGN_INVESTMENT,2026-08-21T09:59:05.591Z
2023-08-30,0050,元大台灣50,2446500000,252493565,10.32,2194006435,89.67,100,TWSE_MI_QFIIS_DAILY_FOREIGN_INVESTMENT,2026-08-21T09:59:05.591Z
2023-08-30,2317,鴻海,13862990609,5549990394,40.03,8313000215,59.96,100,TWSE_MI_QFIIS_DAILY_FOREIGN_INVESTMENT,2026-08-21T09:59:05.591Z
2023-08-30,2330,台積電,25932070992,18816452454,72.56,7115618538,27.43,100,TWSE_MI_QFIIS_DAILY_FOREIGN_INVESTMENT,2026-08-21T09:59:05.591Z
2023-08-30,2454,聯發科,1599507129,916901282,57.32,682605847,42.67,100,TWSE_MI_QFIIS_DAILY_FOREIGN_INVESTMENT,2026-08-21T09:59:05.591Z
2023-08-31,0050,元大台灣50,2444500000,252391809,10.32,2192108191,89.67,100,TWSE_MI_QFIIS_DAILY_FOREIGN_INVESTMENT,2026-08-21T09:59:05.591Z
2023-08-31,2317,鴻海,13862990609,5552397419,40.05,8310593190,59.94,100,TWSE_MI_QFIIS_DAILY_FOREIGN_INVESTMENT,2026-08-21T09:59:05.591Z
2023-08-31,2330,台積電,25932070992,18811048548,72.53,7121022444,27.46,100,TWSE_MI_QFIIS_DAILY_FOREIGN_INVESTMENT,2026-08-21T09:59:05.591Z
2023-08-31,2454,聯發科,1599507129,917416527,57.35,682090602,42.64,100,TWSE_MI_QFIIS_DAILY_FOREIGN_INVESTMENT,2026-08-21T09:59:05.591Z
2023-09-01,0050,元大台灣50,2447000000,251347301,10.27,2195652699,89.72,100,TWSE_MI_QFIIS_DAILY_FOREIGN_INVESTMENT,2026-08-21T09:59:05.591Z
2023-09-01,2317,鴻海,13862990609,5554677117,40.06,8308313492,59.93,100,TWSE_MI_QFIIS_DAILY_FOREIGN_INVESTMENT,2026-08-21T09:59:05.591Z
2023-09-01,2330,台積電,25932070992,18808830001,72.53,7123240991,27.46,100,TWSE_MI_QFIIS_DAILY_FOREIGN_INVESTMENT,2026-08-21T09:59:05.591Z
2023-09-01,2454,聯發科,1599507129,918750127,57.43,680757002,42.56,100,TWSE_MI_QFIIS_DAILY_FOREIGN_INVESTMENT,2026-08-21T09:59:05.591Z
2023-09-04,0050,元大台灣50,2444000000,250135308,10.23,2193864692,89.76,100,TWSE_MI_QFIIS_DAILY_FOREIGN_INVESTMENT,2026-08-21T09:59:05.591Z
2023-09-04,2317,鴻海,13862990609,5553592325,40.06,8309398284,59.93,100,TWSE_MI_QFIIS_DAILY_FOREIGN_INVESTMENT,2026-08-21T09:59:05.591Z
2023-09-04,2330,台積電,25932070992,18809465775,72.53,7122605217,27.46,100,TWSE_MI_QFIIS_DAILY_FOREIGN_INVESTMENT,2026-08-21T09:59:05.591Z
2023-09-04,2454,聯發科,1599507129,918747108,57.43,680760021,42.56,100,TWSE_MI_QFIIS_DAILY_FOREIGN_INVESTMENT,2026-08-21T09:59:05.591Z
2023-09-05,0050,元大台灣50,2444000000,248541331,10.16,2195458669,89.83,100,TWSE_MI_QFIIS_DAILY_FOREIGN_INVESTMENT,2026-08-21T09:59:05.591Z
2023-09-05,2317,鴻海,13862990609,5554823221,40.06,8308167388,59.93,100,TWSE_MI_QFIIS_DAILY_FOREIGN_INVESTMENT,2026-08-21T09:59:05.591Z
2023-09-05,2330,台積電,25932070992,18805775680,72.51,7126295312,27.48,100,TWSE_MI_QFIIS_DAILY_FOREIGN_INVESTMENT,2026-08-21T09:59:05.591Z
2023-09-05,2454,聯發科,1599507129,918996285,57.45,680510844,42.54,100,TWSE_MI_QFIIS_DAILY_FOREIGN_INVESTMENT,2026-08-21T09:59:05.591Z
2023-09-06,0050,元大台灣50,2446500000,246277723,10.06,2200222277,89.93,100,TWSE_MI_QFIIS_DAILY_FOREIGN_INVESTMENT,2026-08-21T09:59:05.591Z
2023-09-06,2317,鴻海,13862990609,5552673995,40.05,8310316614,59.94,100,TWSE_MI_QFIIS_DAILY_FOREIGN_INVESTMENT,2026-08-21T09:59:05.591Z
2023-09-06,2330,台積電,25932070992,18804064270,72.51,7128006722,27.48,100,TWSE_MI_QFIIS_DAILY_FOREIGN_INVESTMENT,2026-08-21T09:59:05.591Z
2023-09-06,2454,聯發科,1599507129,918831465,57.44,680675664,42.55,100,TWSE_MI_QFIIS_DAILY_FOREIGN_INVESTMENT,2026-08-21T09:59:05.591Z
2023-09-07,0050,元大台灣50,2434000000,230060846,9.45,2203939154,90.54,100,TWSE_MI_QFIIS_DAILY_FOREIGN_INVESTMENT,2026-08-21T09:59:05.591Z
2023-09-07,2317,鴻海,13862990609,5550013007,40.03,8312977602,59.96,100,TWSE_MI_QFIIS_DAILY_FOREIGN_INVESTMENT,2026-08-21T09:59:05.591Z
2023-09-07,2330,台積電,25932070992,18796446843,72.48,7135624149,27.51,100,TWSE_MI_QFIIS_DAILY_FOREIGN_INVESTMENT,2026-08-21T09:59:05.591Z
2023-09-07,2454,聯發科,1599507129,919576139,57.49,679930990,42.5,100,TWSE_MI_QFIIS_DAILY_FOREIGN_INVESTMENT,2026-08-21T09:59:05.591Z
2023-09-08,0050,元大台灣50,2434000000,225910613,9.28,2208089387,90.71,100,TWSE_MI_QFIIS_DAILY_FOREIGN_INVESTMENT,2026-08-21T09:59:05.591Z
2023-09-08,2317,鴻海,13862990609,5546222161,40,8316768448,59.99,100,TWSE_MI_QFIIS_DAILY_FOREIGN_INVESTMENT,2026-08-21T09:59:05.591Z
2023-09-08,2330,台積電,25932070992,18787134281,72.44,7144936711,27.55,100,TWSE_MI_QFIIS_DAILY_FOREIGN_INVESTMENT,2026-08-21T09:59:05.591Z
2023-09-08,2454,聯發科,1599507129,917436932,57.35,682070197,42.64,100,TWSE_MI_QFIIS_DAILY_FOREIGN_INVESTMENT,2026-08-21T09:59:05.591Z
2023-09-11,0050,元大台灣50,2436500000,221337548,9.08,2215162452,90.91,100,TWSE_MI_QFIIS_DAILY_FOREIGN_INVESTMENT,2026-08-21T09:59:05.591Z
2023-09-11,2317,鴻海,13862990609,5536943998,39.94,8326046611,60.05,100,TWSE_MI_QFIIS_DAILY_FOREIGN_INVESTMENT,2026-08-21T09:59:05.591Z
2023-09-11,2330,台積電,25932070992,18779835176,72.41,7152235816,27.58,100,TWSE_MI_QFIIS_DAILY_FOREIGN_INVESTMENT,2026-08-21T09:59:05.591Z
2023-09-11,2454,聯發科,1599507129,917345383,57.35,682161746,42.64,100,TWSE_MI_QFIIS_DAILY_FOREIGN_INVESTMENT,2026-08-21T09:59:05.591Z
2023-09-12,0050,元大台灣50,2436500000,221514260,9.09,2214985740,90.9,100,TWSE_MI_QFIIS_DAILY_FOREIGN_INVESTMENT,2026-08-21T09:59:05.591Z
2023-09-12,2317,鴻海,13862990609,5550614463,40.03,8312376146,59.96,100,TWSE_MI_QFIIS_DAILY_FOREIGN_INVESTMENT,2026-08-21T09:59:05.591Z
2023-09-12,2330,台積電,25932070992,18775246326,72.4,7156824666,27.59,100,TWSE_MI_QFIIS_DAILY_FOREIGN_INVESTMENT,2026-08-21T09:59:05.591Z
2023-09-12,2454,聯發科,1599507129,919932707,57.51,679574422,42.48,100,TWSE_MI_QFIIS_DAILY_FOREIGN_INVESTMENT,2026-08-21T09:59:05.591Z
2023-09-13,0050,元大台灣50,2442000000,222024834,9.09,2219975166,90.9,100,TWSE_MI_QFIIS_DAILY_FOREIGN_INVESTMENT,2026-08-21T09:59:05.591Z
2023-09-13,2317,鴻海,13862990609,5545034316,39.99,8317956293,60,100,TWSE_MI_QFIIS_DAILY_FOREIGN_INVESTMENT,2026-08-21T09:59:05.591Z
2023-09-13,2330,台積電,25932070992,18772855987,72.39,7159215005,27.6,100,TWSE_MI_QFIIS_DAILY_FOREIGN_INVESTMENT,2026-08-21T09:59:05.591Z
2023-09-13,2454,聯發科,1599507129,920368888,57.54,679138241,42.45,100,TWSE_MI_QFIIS_DAILY_FOREIGN_INVESTMENT,2026-08-21T09:59:05.591Z
2023-09-14,0050,元大台灣50,2422000000,241953826,9.98,2180046174,90.01,100,TWSE_MI_QFIIS_DAILY_FOREIGN_INVESTMENT,2026-08-21T09:59:05.591Z
2023-09-14,2317,鴻海,13862990609,5542752482,39.98,8320238127,60.01,100,TWSE_MI_QFIIS_DAILY_FOREIGN_INVESTMENT,2026-08-21T09:59:05.591Z
2023-09-14,2330,台積電,25932070992,18776933166,72.4,7155137826,27.59,100,TWSE_MI_QFIIS_DAILY_FOREIGN_INVESTMENT,2026-08-21T09:59:05.591Z
2023-09-14,2454,聯發科,1599507129,920875691,57.57,678631438,42.42,100,TWSE_MI_QFIIS_DAILY_FOREIGN_INVESTMENT,2026-08-21T09:59:05.591Z
2023-09-15,0050,元大台灣50,2422000000,222618083,9.19,2199381917,90.8,100,TWSE_MI_QFIIS_DAILY_FOREIGN_INVESTMENT,2026-08-21T09:59:05.591Z
2023-09-15,2317,鴻海,13862990609,5539012401,39.95,8323978208,60.04,100,TWSE_MI_QFIIS_DAILY_FOREIGN_INVESTMENT,2026-08-21T09:59:05.591Z
2023-09-15,2330,台積電,25932070992,18789562953,72.45,7142508039,27.54,100,TWSE_MI_QFIIS_DAILY_FOREIGN_INVESTMENT,2026-08-21T09:59:05.591Z
2023-09-15,2454,聯發科,1599507129,929090407,58.08,670416722,41.91,100,TWSE_MI_QFIIS_DAILY_FOREIGN_INVESTMENT,2026-08-21T09:59:05.591Z
2023-09-18,0050,元大台灣50,2422000000,219193539,9.05,2202806461,90.94,100,TWSE_MI_QFIIS_DAILY_FOREIGN_INVESTMENT,2026-08-21T09:59:05.591Z
2023-09-18,2317,鴻海,13862990609,5536137058,39.93,8326853551,60.06,100,TWSE_MI_QFIIS_DAILY_FOREIGN_INVESTMENT,2026-08-21T09:59:05.591Z
2023-09-18,2330,台積電,25932070992,18767721844,72.37,7164349148,27.62,100,TWSE_MI_QFIIS_DAILY_FOREIGN_INVESTMENT,2026-08-21T09:59:05.591Z
2023-09-18,2454,聯發科,1599507129,931356257,58.22,668150872,41.77,100,TWSE_MI_QFIIS_DAILY_FOREIGN_INVESTMENT,2026-08-21T09:59:05.591Z
2023-09-19,0050,元大台灣50,2360000000,156234840,6.62,2203765160,93.37,100,TWSE_MI_QFIIS_DAILY_FOREIGN_INVESTMENT,2026-08-21T09:59:05.591Z
2023-09-19,2317,鴻海,13862990609,5544256425,39.99,8318734184,60,100,TWSE_MI_QFIIS_DAILY_FOREIGN_INVESTMENT,2026-08-21T09:59:05.591Z
2023-09-19,2330,台積電,25932070992,18759958401,72.34,7172112591,27.65,100,TWSE_MI_QFIIS_DAILY_FOREIGN_INVESTMENT,2026-08-21T09:59:05.591Z
2023-09-19,2454,聯發科,1599507129,931794108,58.25,667713021,41.74,100,TWSE_MI_QFIIS_DAILY_FOREIGN_INVESTMENT,2026-08-21T09:59:05.591Z
2023-09-20,0050,元大台灣50,2360000000,153295607,6.49,2206704393,93.5,100,TWSE_MI_QFIIS_DAILY_FOREIGN_INVESTMENT,2026-08-21T09:59:05.591Z
2023-09-20,2317,鴻海,13862990609,5537774899,39.94,8325215710,60.05,100,TWSE_MI_QFIIS_DAILY_FOREIGN_INVESTMENT,2026-08-21T09:59:05.591Z
2023-09-20,2330,台積電,25932070992,18744744451,72.28,7187326541,27.71,100,TWSE_MI_QFIIS_DAILY_FOREIGN_INVESTMENT,2026-08-21T09:59:05.591Z
2023-09-20,2454,聯發科,1599507129,931531157,58.23,667975972,41.76,100,TWSE_MI_QFIIS_DAILY_FOREIGN_INVESTMENT,2026-08-21T09:59:05.591Z
2023-09-21,0050,元大台灣50,2313000000,87221258,3.77,2225778742,96.22,100,TWSE_MI_QFIIS_DAILY_FOREIGN_INVESTMENT,2026-08-21T09:59:05.591Z
2023-09-21,2317,鴻海,13862990609,5529250658,39.88,8333739951,60.11,100,TWSE_MI_QFIIS_DAILY_FOREIGN_INVESTMENT,2026-08-21T09:59:05.591Z
2023-09-21,2330,台積電,25932070992,18727609136,72.21,7204461856,27.78,100,TWSE_MI_QFIIS_DAILY_FOREIGN_INVESTMENT,2026-08-21T09:59:05.591Z
2023-09-21,2454,聯發科,1599507129,930934536,58.2,668572593,41.79,100,TWSE_MI_QFIIS_DAILY_FOREIGN_INVESTMENT,2026-08-21T09:59:05.591Z
2023-09-22,0050,元大台灣50,2328500000,85073388,3.65,2243426612,96.34,100,TWSE_MI_QFIIS_DAILY_FOREIGN_INVESTMENT,2026-08-21T09:59:05.591Z
2023-09-22,2317,鴻海,13862990609,5525688389,39.85,8337302220,60.14,100,TWSE_MI_QFIIS_DAILY_FOREIGN_INVESTMENT,2026-08-21T09:59:05.591Z
2023-09-22,2330,台積電,25932070992,18711490709,72.15,7220580283,27.84,100,TWSE_MI_QFIIS_DAILY_FOREIGN_INVESTMENT,2026-08-21T09:59:05.591Z
2023-09-22,2454,聯發科,1599507129,928867925,58.07,670639204,41.92,100,TWSE_MI_QFIIS_DAILY_FOREIGN_INVESTMENT,2026-08-21T09:59:05.591Z
2023-09-25,0050,元大台灣50,2333500000,94088768,4.03,2239411232,95.96,100,TWSE_MI_QFIIS_DAILY_FOREIGN_INVESTMENT,2026-08-21T09:59:05.591Z
2023-09-25,2317,鴻海,13862990609,5518410863,39.8,8344579746,60.19,100,TWSE_MI_QFIIS_DAILY_FOREIGN_INVESTMENT,2026-08-21T09:59:05.591Z
2023-09-25,2330,台積電,25932070992,18704978338,72.13,7227092654,27.86,100,TWSE_MI_QFIIS_DAILY_FOREIGN_INVESTMENT,2026-08-21T09:59:05.591Z
2023-09-25,2454,聯發科,1599507129,929265992,58.09,670241137,41.9,100,TWSE_MI_QFIIS_DAILY_FOREIGN_INVESTMENT,2026-08-21T09:59:05.591Z
2023-09-26,0050,元大台灣50,2333500000,88889597,3.8,2244610403,96.19,100,TWSE_MI_QFIIS_DAILY_FOREIGN_INVESTMENT,2026-08-21T09:59:05.591Z
2023-09-26,2317,鴻海,13862990609,5509747121,39.74,8353243488,60.25,100,TWSE_MI_QFIIS_DAILY_FOREIGN_INVESTMENT,2026-08-21T09:59:05.591Z
2023-09-26,2330,台積電,25932070992,18687668655,72.06,7244402337,27.93,100,TWSE_MI_QFIIS_DAILY_FOREIGN_INVESTMENT,2026-08-21T09:59:05.591Z
2023-09-26,2454,聯發科,1599507129,927721320,58,671785809,41.99,100,TWSE_MI_QFIIS_DAILY_FOREIGN_INVESTMENT,2026-08-21T09:59:05.591Z
2023-09-27,0050,元大台灣50,2335000000,88244416,3.77,2246755584,96.22,100,TWSE_MI_QFIIS_DAILY_FOREIGN_INVESTMENT,2026-08-21T09:59:05.591Z
2023-09-27,2317,鴻海,13862990609,5504851749,39.7,8358138860,60.29,100,TWSE_MI_QFIIS_DAILY_FOREIGN_INVESTMENT,2026-08-21T09:59:05.591Z
2023-09-27,2330,台積電,25932070992,18686562363,72.05,7245508629,27.94,100,TWSE_MI_QFIIS_DAILY_FOREIGN_INVESTMENT,2026-08-21T09:59:05.591Z
2023-09-27,2454,聯發科,1599507129,927844789,58,671662340,41.99,100,TWSE_MI_QFIIS_DAILY_FOREIGN_INVESTMENT,2026-08-21T09:59:05.591Z
2023-09-28,0050,元大台灣50,2353000000,87983317,3.73,2265016683,96.26,100,TWSE_MI_QFIIS_DAILY_FOREIGN_INVESTMENT,2026-08-21T09:59:05.591Z
2023-09-28,2317,鴻海,13862990609,5502771190,39.69,8360219419,60.3,100,TWSE_MI_QFIIS_DAILY_FOREIGN_INVESTMENT,2026-08-21T09:59:05.591Z
2023-09-28,2330,台積電,25932070992,18683535020,72.04,7248535972,27.95,100,TWSE_MI_QFIIS_DAILY_FOREIGN_INVESTMENT,2026-08-21T09:59:05.591Z
2023-09-28,2454,聯發科,1599507129,927673225,57.99,671833904,42,100,TWSE_MI_QFIIS_DAILY_FOREIGN_INVESTMENT,2026-08-21T09:59:05.591Z
2023-10-02,0050,元大台灣50,2353000000,106889852,4.54,2246110148,95.45,100,TWSE_MI_QFIIS_DAILY_FOREIGN_INVESTMENT,2026-08-21T09:59:05.591Z
2023-10-02,2317,鴻海,13862990609,5499463263,39.67,8363527346,60.32,100,TWSE_MI_QFIIS_DAILY_FOREIGN_INVESTMENT,2026-08-21T09:59:05.591Z
2023-10-02,2330,台積電,25932070992,18683785018,72.04,7248285974,27.95,100,TWSE_MI_QFIIS_DAILY_FOREIGN_INVESTMENT,2026-08-21T09:59:05.591Z
2023-10-02,2454,聯發科,1599507129,927435037,57.98,672072092,42.01,100,TWSE_MI_QFIIS_DAILY_FOREIGN_INVESTMENT,2026-08-21T09:59:05.591Z
2023-10-03,0050,元大台灣50,2353000000,104894358,4.45,2248105642,95.54,100,TWSE_MI_QFIIS_DAILY_FOREIGN_INVESTMENT,2026-08-21T09:59:05.591Z
2023-10-03,2317,鴻海,13862990609,5499787251,39.67,8363203358,60.32,100,TWSE_MI_QFIIS_DAILY_FOREIGN_INVESTMENT,2026-08-21T09:59:05.591Z
2023-10-03,2330,台積電,25932070992,18681198635,72.03,7250872357,27.96,100,TWSE_MI_QFIIS_DAILY_FOREIGN_INVESTMENT,2026-08-21T09:59:05.591Z
2023-10-03,2454,聯發科,1599507129,929820471,58.13,669686658,41.86,100,TWSE_MI_QFIIS_DAILY_FOREIGN_INVESTMENT,2026-08-21T09:59:05.591Z
2023-10-04,0050,元大台灣50,2353000000,96632646,4.1,2256367354,95.89,100,TWSE_MI_QFIIS_DAILY_FOREIGN_INVESTMENT,2026-08-21T09:59:05.591Z
2023-10-04,2317,鴻海,13862990609,5488691821,39.59,8374298788,60.4,100,TWSE_MI_QFIIS_DAILY_FOREIGN_INVESTMENT,2026-08-21T09:59:05.591Z
2023-10-04,2330,台積電,25932070992,18667669206,71.98,7264401786,28.01,100,TWSE_MI_QFIIS_DAILY_FOREIGN_INVESTMENT,2026-08-21T09:59:05.591Z
2023-10-04,2454,聯發科,1599507129,929779350,58.12,669727779,41.87,100,TWSE_MI_QFIIS_DAILY_FOREIGN_INVESTMENT,2026-08-21T09:59:05.591Z
2023-10-05,0050,元大台灣50,2353000000,94750576,4.02,2258249424,95.97,100,TWSE_MI_QFIIS_DAILY_FOREIGN_INVESTMENT,2026-08-21T09:59:05.591Z
2023-10-05,2317,鴻海,13862990609,5486817975,39.57,8376172634,60.42,100,TWSE_MI_QFIIS_DAILY_FOREIGN_INVESTMENT,2026-08-21T09:59:05.591Z
2023-10-05,2330,台積電,25932070992,18666069450,71.98,7266001542,28.01,100,TWSE_MI_QFIIS_DAILY_FOREIGN_INVESTMENT,2026-08-21T09:59:05.591Z
2023-10-05,2454,聯發科,1599507129,930718313,58.18,668788816,41.81,100,TWSE_MI_QFIIS_DAILY_FOREIGN_INVESTMENT,2026-08-21T09:59:05.591Z
2023-10-06,0050,元大台灣50,2348500000,81603793,3.47,2266896207,96.52,100,TWSE_MI_QFIIS_DAILY_FOREIGN_INVESTMENT,2026-08-21T09:59:05.591Z
2023-10-06,2317,鴻海,13862990609,5490161808,39.6,8372828801,60.39,100,TWSE_MI_QFIIS_DAILY_FOREIGN_INVESTMENT,2026-08-21T09:59:05.591Z
2023-10-06,2330,台積電,25932070992,18668108063,71.98,7263962929,28.01,100,TWSE_MI_QFIIS_DAILY_FOREIGN_INVESTMENT,2026-08-21T09:59:05.591Z
2023-10-06,2454,聯發科,1599507129,931312790,58.22,668194339,41.77,100,TWSE_MI_QFIIS_DAILY_FOREIGN_INVESTMENT,2026-08-21T09:59:05.591Z
2023-10-11,0050,元大台灣50,2348500000,95268741,4.05,2253231259,95.94,100,TWSE_MI_QFIIS_DAILY_FOREIGN_INVESTMENT,2026-08-21T09:59:05.591Z
2023-10-11,2317,鴻海,13862990609,5496940004,39.65,8366050605,60.34,100,TWSE_MI_QFIIS_DAILY_FOREIGN_INVESTMENT,2026-08-21T09:59:05.591Z
2023-10-11,2330,台積電,25932070992,18685989720,72.05,7246081272,27.94,100,TWSE_MI_QFIIS_DAILY_FOREIGN_INVESTMENT,2026-08-21T09:59:05.591Z
2023-10-11,2454,聯發科,1599507129,934415023,58.41,665092106,41.58,100,TWSE_MI_QFIIS_DAILY_FOREIGN_INVESTMENT,2026-08-21T09:59:05.591Z
2023-10-12,0050,元大台灣50,2348500000,105204946,4.47,2243295054,95.52,100,TWSE_MI_QFIIS_DAILY_FOREIGN_INVESTMENT,2026-08-21T09:59:05.591Z
2023-10-12,2317,鴻海,13862990609,5510030898,39.74,8352959711,60.25,100,TWSE_MI_QFIIS_DAILY_FOREIGN_INVESTMENT,2026-08-21T09:59:05.591Z
2023-10-12,2330,台積電,25932070992,18698857791,72.1,7233213201,27.89,100,TWSE_MI_QFIIS_DAILY_FOREIGN_INVESTMENT,2026-08-21T09:59:05.591Z
2023-10-12,2454,聯發科,1599507129,934689386,58.43,664817743,41.56,100,TWSE_MI_QFIIS_DAILY_FOREIGN_INVESTMENT,2026-08-21T09:59:05.591Z
2023-10-13,0050,元大台灣50,2323000000,81980738,3.52,2241019262,96.47,100,TWSE_MI_QFIIS_DAILY_FOREIGN_INVESTMENT,2026-08-21T09:59:05.591Z
2023-10-13,2317,鴻海,13862990609,5516326278,39.79,8346664331,60.2,100,TWSE_MI_QFIIS_DAILY_FOREIGN_INVESTMENT,2026-08-21T09:59:05.591Z
2023-10-13,2330,台積電,25932070992,18708282501,72.14,7223788491,27.85,100,TWSE_MI_QFIIS_DAILY_FOREIGN_INVESTMENT,2026-08-21T09:59:05.591Z
2023-10-13,2454,聯發科,1599507129,938130229,58.65,661376900,41.34,100,TWSE_MI_QFIIS_DAILY_FOREIGN_INVESTMENT,2026-08-21T09:59:05.591Z
2023-10-16,0050,元大台灣50,2323000000,80255341,3.45,2242744659,96.54,100,TWSE_MI_QFIIS_DAILY_FOREIGN_INVESTMENT,2026-08-21T09:59:05.591Z
2023-10-16,2317,鴻海,13862990609,5514051091,39.77,8348939518,60.22,100,TWSE_MI_QFIIS_DAILY_FOREIGN_INVESTMENT,2026-08-21T09:59:05.591Z
2023-10-16,2330,台積電,25932070992,18701175295,72.11,7230895697,27.88,100,TWSE_MI_QFIIS_DAILY_FOREIGN_INVESTMENT,2026-08-21T09:59:05.591Z
2023-10-16,2454,聯發科,1599507129,937815083,58.63,661692046,41.36,100,TWSE_MI_QFIIS_DAILY_FOREIGN_INVESTMENT,2026-08-21T09:59:05.591Z
2023-10-17,0050,元大台灣50,2323000000,77701126,3.34,2245298874,96.65,100,TWSE_MI_QFIIS_DAILY_FOREIGN_INVESTMENT,2026-08-21T09:59:05.591Z
2023-10-17,2317,鴻海,13862990609,5511061162,39.75,8351929447,60.24,100,TWSE_MI_QFIIS_DAILY_FOREIGN_INVESTMENT,2026-08-21T09:59:05.591Z
2023-10-17,2330,台積電,25932070992,18705425220,72.13,7226645772,27.86,100,TWSE_MI_QFIIS_DAILY_FOREIGN_INVESTMENT,2026-08-21T09:59:05.591Z
2023-10-17,2454,聯發科,1599507129,938022016,58.64,661485113,41.35,100,TWSE_MI_QFIIS_DAILY_FOREIGN_INVESTMENT,2026-08-21T09:59:05.591Z
2023-10-18,0050,元大台灣50,2321500000,68568598,2.95,2252931402,97.04,100,TWSE_MI_QFIIS_DAILY_FOREIGN_INVESTMENT,2026-08-21T09:59:05.591Z
2023-10-18,2317,鴻海,13862990609,5506812591,39.72,8356178018,60.27,100,TWSE_MI_QFIIS_DAILY_FOREIGN_INVESTMENT,2026-08-21T09:59:05.591Z
2023-10-18,2330,台積電,25932070992,18700050811,72.11,7232020181,27.88,100,TWSE_MI_QFIIS_DAILY_FOREIGN_INVESTMENT,2026-08-21T09:59:05.591Z
2023-10-18,2454,聯發科,1599507129,936733083,58.56,662774046,41.43,100,TWSE_MI_QFIIS_DAILY_FOREIGN_INVESTMENT,2026-08-21T09:59:05.591Z
2023-10-19,0050,元大台灣50,2321500000,68137913,2.93,2253362087,97.06,100,TWSE_MI_QFIIS_DAILY_FOREIGN_INVESTMENT,2026-08-21T09:59:05.591Z
2023-10-19,2317,鴻海,13862990609,5493757681,39.62,8369232928,60.37,100,TWSE_MI_QFIIS_DAILY_FOREIGN_INVESTMENT,2026-08-21T09:59:05.591Z
2023-10-19,2330,台積電,25932070992,18697965180,72.1,7234105812,27.89,100,TWSE_MI_QFIIS_DAILY_FOREIGN_INVESTMENT,2026-08-21T09:59:05.591Z
2023-10-19,2454,聯發科,1599507129,938044728,58.64,661462401,41.35,100,TWSE_MI_QFIIS_DAILY_FOREIGN_INVESTMENT,2026-08-21T09:59:05.591Z
2023-10-20,0050,元大台灣50,2321500000,65933345,2.84,2255566655,97.15,100,TWSE_MI_QFIIS_DAILY_FOREIGN_INVESTMENT,2026-08-21T09:59:05.591Z
2023-10-20,2317,鴻海,13862990609,5492766281,39.62,8370224328,60.37,100,TWSE_MI_QFIIS_DAILY_FOREIGN_INVESTMENT,2026-08-21T09:59:05.591Z
2023-10-20,2330,台積電,25932070992,18715251735,72.17,7216819257,27.82,100,TWSE_MI_QFIIS_DAILY_FOREIGN_INVESTMENT,2026-08-21T09:59:05.591Z
2023-10-20,2454,聯發科,1599507129,938266535,58.65,661240594,41.34,100,TWSE_MI_QFIIS_DAILY_FOREIGN_INVESTMENT,2026-08-21T09:59:05.591Z
2023-10-23,0050,元大台灣50,2321500000,59859134,2.57,2261640866,97.42,100,TWSE_MI_QFIIS_DAILY_FOREIGN_INVESTMENT,2026-08-21T09:59:05.591Z
2023-10-23,2317,鴻海,13862990609,5453920411,39.34,8409070198,60.65,100,TWSE_MI_QFIIS_DAILY_FOREIGN_INVESTMENT,2026-08-21T09:59:05.591Z
2023-10-23,2330,台積電,25932070992,18707350861,72.13,7224720131,27.86,100,TWSE_MI_QFIIS_DAILY_FOREIGN_INVESTMENT,2026-08-21T09:59:05.591Z
2023-10-23,2454,聯發科,1599507129,938132343,58.65,661374786,41.34,100,TWSE_MI_QFIIS_DAILY_FOREIGN_INVESTMENT,2026-08-21T09:59:05.591Z
2023-10-24,0050,元大台灣50,2321500000,55309594,2.38,2266190406,97.61,100,TWSE_MI_QFIIS_DAILY_FOREIGN_INVESTMENT,2026-08-21T09:59:05.591Z
2023-10-24,2317,鴻海,13862990609,5416609119,39.07,8446381490,60.92,100,TWSE_MI_QFIIS_DAILY_FOREIGN_INVESTMENT,2026-08-21T09:59:05.591Z
2023-10-24,2330,台積電,25932070992,18703670449,72.12,7228400543,27.87,100,TWSE_MI_QFIIS_DAILY_FOREIGN_INVESTMENT,2026-08-21T09:59:05.591Z
2023-10-24,2454,聯發科,1599507129,937725376,58.62,661781753,41.37,100,TWSE_MI_QFIIS_DAILY_FOREIGN_INVESTMENT,2026-08-21T09:59:05.591Z
2023-10-25,0050,元大台灣50,2342000000,75924511,3.24,2266075489,96.75,100,TWSE_MI_QFIIS_DAILY_FOREIGN_INVESTMENT,2026-08-21T09:59:05.591Z
2023-10-25,2317,鴻海,13862990609,5397664651,38.93,8465325958,61.06,100,TWSE_MI_QFIIS_DAILY_FOREIGN_INVESTMENT,2026-08-21T09:59:05.591Z
2023-10-25,2330,台積電,25932070992,18701096736,72.11,7230974256,27.88,100,TWSE_MI_QFIIS_DAILY_FOREIGN_INVESTMENT,2026-08-21T09:59:05.591Z
2023-10-25,2454,聯發科,1599507129,937831686,58.63,661675443,41.36,100,TWSE_MI_QFIIS_DAILY_FOREIGN_INVESTMENT,2026-08-21T09:59:05.591Z
2023-10-26,0050,元大台灣50,2327500000,44800736,1.92,2282699264,98.07,100,TWSE_MI_QFIIS_DAILY_FOREIGN_INVESTMENT,2026-08-21T09:59:05.591Z
2023-10-26,2317,鴻海,13862990609,5384711757,38.84,8478278852,61.15,100,TWSE_MI_QFIIS_DAILY_FOREIGN_INVESTMENT,2026-08-21T09:59:05.591Z
2023-10-26,2330,台積電,25932070992,18690384796,72.07,7241686196,27.92,100,TWSE_MI_QFIIS_DAILY_FOREIGN_INVESTMENT,2026-08-21T09:59:05.591Z
2023-10-26,2454,聯發科,1599507129,938177119,58.65,661330010,41.34,100,TWSE_MI_QFIIS_DAILY_FOREIGN_INVESTMENT,2026-08-21T09:59:05.591Z
2023-10-27,0050,元大台灣50,2335500000,52987467,2.26,2282512533,97.73,100,TWSE_MI_QFIIS_DAILY_FOREIGN_INVESTMENT,2026-08-21T09:59:05.591Z
2023-10-27,2317,鴻海,13862990609,5370432382,38.73,8492558227,61.26,100,TWSE_MI_QFIIS_DAILY_FOREIGN_INVESTMENT,2026-08-21T09:59:05.591Z
2023-10-27,2330,台積電,25932070992,18685122991,72.05,7246948001,27.94,100,TWSE_MI_QFIIS_DAILY_FOREIGN_INVESTMENT,2026-08-21T09:59:05.591Z
2023-10-27,2454,聯發科,1599507129,935512784,58.48,663994345,41.51,100,TWSE_MI_QFIIS_DAILY_FOREIGN_INVESTMENT,2026-08-21T09:59:05.591Z
2023-10-30,0050,元大台灣50,2360500000,71454691,3.02,2289045309,96.97,100,TWSE_MI_QFIIS_DAILY_FOREIGN_INVESTMENT,2026-08-21T09:59:05.591Z
2023-10-30,2317,鴻海,13862990609,5342551834,38.53,8520438775,61.46,100,TWSE_MI_QFIIS_DAILY_FOREIGN_INVESTMENT,2026-08-21T09:59:05.591Z
2023-10-30,2330,台積電,25932070992,18673311745,72,7258759247,27.99,100,TWSE_MI_QFIIS_DAILY_FOREIGN_INVESTMENT,2026-08-21T09:59:05.591Z
2023-10-30,2454,聯發科,1599507129,940595410,58.8,658911719,41.19,100,TWSE_MI_QFIIS_DAILY_FOREIGN_INVESTMENT,2026-08-21T09:59:05.591Z
2023-10-31,0050,元大台灣50,2372500000,68893425,2.9,2303606575,97.09,100,TWSE_MI_QFIIS_DAILY_FOREIGN_INVESTMENT,2026-08-21T09:59:05.591Z
2023-10-31,2317,鴻海,13862990609,5345684895,38.56,8517305714,61.43,100,TWSE_MI_QFIIS_DAILY_FOREIGN_INVESTMENT,2026-08-21T09:59:05.591Z
2023-10-31,2330,台積電,25932070992,18663949222,71.97,7268121770,28.02,100,TWSE_MI_QFIIS_DAILY_FOREIGN_INVESTMENT,2026-08-21T09:59:05.591Z
2023-10-31,2454,聯發科,1599507129,939277079,58.72,660230050,41.27,100,TWSE_MI_QFIIS_DAILY_FOREIGN_INVESTMENT,2026-08-21T09:59:05.591Z
2023-11-01,0050,元大台灣50,2372500000,66943684,2.82,2305556316,97.17,100,TWSE_MI_QFIIS_DAILY_FOREIGN_INVESTMENT,2026-08-21T09:59:05.591Z
2023-11-01,2317,鴻海,13862990609,5332580933,38.46,8530409676,61.53,100,TWSE_MI_QFIIS_DAILY_FOREIGN_INVESTMENT,2026-08-21T09:59:05.591Z
2023-11-01,2330,台積電,25932070992,18659201132,71.95,7272869860,28.04,100,TWSE_MI_QFIIS_DAILY_FOREIGN_INVESTMENT,2026-08-21T09:59:05.591Z
2023-11-01,2454,聯發科,1599507129,939372284,58.72,660134845,41.27,100,TWSE_MI_QFIIS_DAILY_FOREIGN_INVESTMENT,2026-08-21T09:59:05.591Z
2023-11-02,0050,元大台灣50,2372500000,69998887,2.95,2302501113,97.04,100,TWSE_MI_QFIIS_DAILY_FOREIGN_INVESTMENT,2026-08-21T09:59:05.591Z
2023-11-02,2317,鴻海,13862990609,5329655839,38.44,8533334770,61.55,100,TWSE_MI_QFIIS_DAILY_FOREIGN_INVESTMENT,2026-08-21T09:59:05.591Z
2023-11-02,2330,台積電,25932070992,18669998550,71.99,7262072442,28,100,TWSE_MI_QFIIS_DAILY_FOREIGN_INVESTMENT,2026-08-21T09:59:05.591Z
2023-11-02,2454,聯發科,1599507129,938536875,58.67,660970254,41.32,100,TWSE_MI_QFIIS_DAILY_FOREIGN_INVESTMENT,2026-08-21T09:59:05.591Z
2023-11-03,0050,元大台灣50,2372500000,74946157,3.15,2297553843,96.84,100,TWSE_MI_QFIIS_DAILY_FOREIGN_INVESTMENT,2026-08-21T09:59:05.591Z
2023-11-03,2317,鴻海,13862990609,5317568265,38.35,8545422344,61.64,100,TWSE_MI_QFIIS_DAILY_FOREIGN_INVESTMENT,2026-08-21T09:59:05.591Z
2023-11-03,2330,台積電,25932070992,18671338811,72,7260732181,27.99,100,TWSE_MI_QFIIS_DAILY_FOREIGN_INVESTMENT,2026-08-21T09:59:05.591Z
2023-11-03,2454,聯發科,1599507129,938793056,58.69,660714073,41.3,100,TWSE_MI_QFIIS_DAILY_FOREIGN_INVESTMENT,2026-08-21T09:59:05.591Z
2023-11-06,0050,元大台灣50,2373000000,82737900,3.48,2290262100,96.51,100,TWSE_MI_QFIIS_DAILY_FOREIGN_INVESTMENT,2026-08-21T09:59:05.591Z
2023-11-06,2317,鴻海,13862990609,5319253680,38.37,8543736929,61.62,100,TWSE_MI_QFIIS_DAILY_FOREIGN_INVESTMENT,2026-08-21T09:59:05.591Z
2023-11-06,2330,台積電,25932070992,18684085045,72.05,7247985947,27.94,100,TWSE_MI_QFIIS_DAILY_FOREIGN_INVESTMENT,2026-08-21T09:59:05.591Z
2023-11-06,2454,聯發科,1599507129,938910935,58.7,660596194,41.29,100,TWSE_MI_QFIIS_DAILY_FOREIGN_INVESTMENT,2026-08-21T09:59:05.591Z
2023-11-07,0050,元大台灣50,2365000000,77036115,3.25,2287963885,96.74,100,TWSE_MI_QFIIS_DAILY_FOREIGN_INVESTMENT,2026-08-21T09:59:05.591Z
2023-11-07,2317,鴻海,13862990609,5307128966,38.28,8555861643,61.71,100,TWSE_MI_QFIIS_DAILY_FOREIGN_INVESTMENT,2026-08-21T09:59:05.591Z
2023-11-07,2330,台積電,25932070992,18691548368,72.07,7240522624,27.92,100,TWSE_MI_QFIIS_DAILY_FOREIGN_INVESTMENT,2026-08-21T09:59:05.591Z
2023-11-07,2454,聯發科,1599507129,939392523,58.73,660114606,41.26,100,TWSE_MI_QFIIS_DAILY_FOREIGN_INVESTMENT,2026-08-21T09:59:05.591Z
2023-11-08,0050,元大台灣50,2363500000,83659691,3.53,2279840309,96.46,100,TWSE_MI_QFIIS_DAILY_FOREIGN_INVESTMENT,2026-08-21T09:59:05.591Z
2023-11-08,2317,鴻海,13862990609,5312778523,38.32,8550212086,61.67,100,TWSE_MI_QFIIS_DAILY_FOREIGN_INVESTMENT,2026-08-21T09:59:05.591Z
2023-11-08,2330,台積電,25932070992,18695517634,72.09,7236553358,27.9,100,TWSE_MI_QFIIS_DAILY_FOREIGN_INVESTMENT,2026-08-21T09:59:05.591Z
2023-11-08,2454,聯發科,1599507129,941432782,58.85,658074347,41.14,100,TWSE_MI_QFIIS_DAILY_FOREIGN_INVESTMENT,2026-08-21T09:59:05.591Z
2023-11-09,0050,元大台灣50,2356000000,79212716,3.36,2276787284,96.63,100,TWSE_MI_QFIIS_DAILY_FOREIGN_INVESTMENT,2026-08-21T09:59:05.591Z
2023-11-09,2317,鴻海,13862990609,5317497742,38.35,8545492867,61.64,100,TWSE_MI_QFIIS_DAILY_FOREIGN_INVESTMENT,2026-08-21T09:59:05.591Z
2023-11-09,2330,台積電,25932070992,18698255053,72.1,7233815939,27.89,100,TWSE_MI_QFIIS_DAILY_FOREIGN_INVESTMENT,2026-08-21T09:59:05.591Z
2023-11-09,2454,聯發科,1599507129,940063661,58.77,659443468,41.22,100,TWSE_MI_QFIIS_DAILY_FOREIGN_INVESTMENT,2026-08-21T09:59:05.591Z
2023-11-10,0050,元大台灣50,2361500000,78376744,3.31,2283123256,96.68,100,TWSE_MI_QFIIS_DAILY_FOREIGN_INVESTMENT,2026-08-21T09:59:05.591Z
2023-11-10,2317,鴻海,13862990609,5313140550,38.32,8549850059,61.67,100,TWSE_MI_QFIIS_DAILY_FOREIGN_INVESTMENT,2026-08-21T09:59:05.591Z
2023-11-10,2330,台積電,25932070992,18699631144,72.11,7232439848,27.88,100,TWSE_MI_QFIIS_DAILY_FOREIGN_INVESTMENT,2026-08-21T09:59:05.591Z
2023-11-10,2454,聯發科,1599507129,938689292,58.68,660817837,41.31,100,TWSE_MI_QFIIS_DAILY_FOREIGN_INVESTMENT,2026-08-21T09:59:05.591Z
2023-11-13,0050,元大台灣50,2361500000,96388566,4.08,2265111434,95.91,100,TWSE_MI_QFIIS_DAILY_FOREIGN_INVESTMENT,2026-08-21T09:59:05.591Z
2023-11-13,2317,鴻海,13862990609,5313881445,38.33,8549109164,61.66,100,TWSE_MI_QFIIS_DAILY_FOREIGN_INVESTMENT,2026-08-21T09:59:05.591Z
2023-11-13,2330,台積電,25932070992,18715695377,72.17,7216375615,27.82,100,TWSE_MI_QFIIS_DAILY_FOREIGN_INVESTMENT,2026-08-21T09:59:05.591Z
2023-11-13,2454,聯發科,1599507129,940480983,58.79,659026146,41.2,100,TWSE_MI_QFIIS_DAILY_FOREIGN_INVESTMENT,2026-08-21T09:59:05.591Z
2023-11-14,0050,元大台灣50,2341500000,86971128,3.71,2254528872,96.28,100,TWSE_MI_QFIIS_DAILY_FOREIGN_INVESTMENT,2026-08-21T09:59:05.591Z
2023-11-14,2317,鴻海,13862990609,5321179077,38.38,8541811532,61.61,100,TWSE_MI_QFIIS_DAILY_FOREIGN_INVESTMENT,2026-08-21T09:59:05.591Z
2023-11-14,2330,台積電,25932070992,18726116325,72.21,7205954667,27.78,100,TWSE_MI_QFIIS_DAILY_FOREIGN_INVESTMENT,2026-08-21T09:59:05.591Z
2023-11-14,2454,聯發科,1599647517,939963162,58.76,659684355,41.23,100,TWSE_MI_QFIIS_DAILY_FOREIGN_INVESTMENT,2026-08-21T09:59:05.591Z
2023-11-15,0050,元大台灣50,2348500000,109312850,4.65,2239187150,95.34,100,TWSE_MI_QFIIS_DAILY_FOREIGN_INVESTMENT,2026-08-21T09:59:05.591Z
2023-11-15,2317,鴻海,13862990609,5332127795,38.46,8530862814,61.53,100,TWSE_MI_QFIIS_DAILY_FOREIGN_INVESTMENT,2026-08-21T09:59:05.591Z
2023-11-15,2330,台積電,25932070992,18752118143,72.31,7179952849,27.68,100,TWSE_MI_QFIIS_DAILY_FOREIGN_INVESTMENT,2026-08-21T09:59:05.591Z
2023-11-15,2454,聯發科,1599647517,941215182,58.83,658432335,41.16,100,TWSE_MI_QFIIS_DAILY_FOREIGN_INVESTMENT,2026-08-21T09:59:05.591Z
2023-11-16,0050,元大台灣50,2328500000,98648272,4.23,2229851728,95.76,100,TWSE_MI_QFIIS_DAILY_FOREIGN_INVESTMENT,2026-08-21T09:59:05.591Z
2023-11-16,2317,鴻海,13862990609,5341021702,38.52,8521968907,61.47,100,TWSE_MI_QFIIS_DAILY_FOREIGN_INVESTMENT,2026-08-21T09:59:05.591Z
2023-11-16,2330,台積電,25932070992,18765100400,72.36,7166970592,27.63,100,TWSE_MI_QFIIS_DAILY_FOREIGN_INVESTMENT,2026-08-21T09:59:05.591Z
2023-11-16,2454,聯發科,1599647517,942006795,58.88,657640722,41.11,100,TWSE_MI_QFIIS_DAILY_FOREIGN_INVESTMENT,2026-08-21T09:59:05.591Z
2023-11-17,0050,元大台灣50,2318500000,107364514,4.63,2211135486,95.36,100,TWSE_MI_QFIIS_DAILY_FOREIGN_INVESTMENT,2026-08-21T09:59:05.591Z
2023-11-17,2317,鴻海,13862990609,5353259961,38.61,8509730648,61.38,100,TWSE_MI_QFIIS_DAILY_FOREIGN_INVESTMENT,2026-08-21T09:59:05.591Z
2023-11-17,2330,台積電,25932070992,18770143567,72.38,7161927425,27.61,100,TWSE_MI_QFIIS_DAILY_FOREIGN_INVESTMENT,2026-08-21T09:59:05.591Z
2023-11-17,2454,聯發科,1599647517,943249915,58.96,656397602,41.03,100,TWSE_MI_QFIIS_DAILY_FOREIGN_INVESTMENT,2026-08-21T09:59:05.591Z
2023-11-20,0050,元大台灣50,2304500000,95763513,4.15,2208736487,95.84,100,TWSE_MI_QFIIS_DAILY_FOREIGN_INVESTMENT,2026-08-21T09:59:05.591Z
2023-11-20,2317,鴻海,13862990609,5350122029,38.59,8512868580,61.4,100,TWSE_MI_QFIIS_DAILY_FOREIGN_INVESTMENT,2026-08-21T09:59:05.591Z
2023-11-20,2330,台積電,25932070992,18773723375,72.39,7158347617,27.6,100,TWSE_MI_QFIIS_DAILY_FOREIGN_INVESTMENT,2026-08-21T09:59:05.591Z
2023-11-20,2454,聯發科,1599647517,944587725,59.04,655059792,40.95,100,TWSE_MI_QFIIS_DAILY_FOREIGN_INVESTMENT,2026-08-21T09:59:05.591Z
2023-11-21,0050,元大台灣50,2295000000,110232668,4.8,2184767332,95.19,100,TWSE_MI_QFIIS_DAILY_FOREIGN_INVESTMENT,2026-08-21T09:59:05.591Z
2023-11-21,2317,鴻海,13862990609,5368128982,38.72,8494861627,61.27,100,TWSE_MI_QFIIS_DAILY_FOREIGN_INVESTMENT,2026-08-21T09:59:05.591Z
2023-11-21,2330,台積電,25932070992,18792516453,72.46,7139554539,27.53,100,TWSE_MI_QFIIS_DAILY_FOREIGN_INVESTMENT,2026-08-21T09:59:05.591Z
2023-11-21,2454,聯發科,1599647517,947200964,59.21,652446553,40.78,100,TWSE_MI_QFIIS_DAILY_FOREIGN_INVESTMENT,2026-08-21T09:59:05.591Z
2023-11-22,0050,元大台灣50,2303000000,110875607,4.81,2192124393,95.18,100,TWSE_MI_QFIIS_DAILY_FOREIGN_INVESTMENT,2026-08-21T09:59:05.591Z
2023-11-22,2317,鴻海,13862990609,5368904253,38.72,8494086356,61.27,100,TWSE_MI_QFIIS_DAILY_FOREIGN_INVESTMENT,2026-08-21T09:59:05.591Z
2023-11-22,2330,台積電,25932070992,18789550115,72.45,7142520877,27.54,100,TWSE_MI_QFIIS_DAILY_FOREIGN_INVESTMENT,2026-08-21T09:59:05.591Z
2023-11-22,2454,聯發科,1599647517,948270623,59.27,651376894,40.72,100,TWSE_MI_QFIIS_DAILY_FOREIGN_INVESTMENT,2026-08-21T09:59:05.591Z
2023-11-23,0050,元大台灣50,2293500000,103628957,4.51,2189871043,95.48,100,TWSE_MI_QFIIS_DAILY_FOREIGN_INVESTMENT,2026-08-21T09:59:05.591Z
2023-11-23,2317,鴻海,13862990609,5365367730,38.7,8497622879,61.29,100,TWSE_MI_QFIIS_DAILY_FOREIGN_INVESTMENT,2026-08-21T09:59:05.591Z
2023-11-23,2330,台積電,25932070992,18793289958,72.47,7138781034,27.52,100,TWSE_MI_QFIIS_DAILY_FOREIGN_INVESTMENT,2026-08-21T09:59:05.591Z
2023-11-23,2454,聯發科,1599647517,947780758,59.24,651866759,40.75,100,TWSE_MI_QFIIS_DAILY_FOREIGN_INVESTMENT,2026-08-21T09:59:05.591Z
2023-11-24,0050,元大台灣50,2291500000,105738014,4.61,2185761986,95.38,100,TWSE_MI_QFIIS_DAILY_FOREIGN_INVESTMENT,2026-08-21T09:59:05.591Z
2023-11-24,2317,鴻海,13862990609,5360688567,38.66,8502302042,61.33,100,TWSE_MI_QFIIS_DAILY_FOREIGN_INVESTMENT,2026-08-21T09:59:05.591Z
2023-11-24,2330,台積電,25932070992,18792435834,72.46,7139635158,27.53,100,TWSE_MI_QFIIS_DAILY_FOREIGN_INVESTMENT,2026-08-21T09:59:05.591Z
2023-11-24,2454,聯發科,1599647517,948003096,59.26,651644421,40.73,100,TWSE_MI_QFIIS_DAILY_FOREIGN_INVESTMENT,2026-08-21T09:59:05.591Z
2023-11-27,0050,元大台灣50,2291500000,107137562,4.67,2184362438,95.32,100,TWSE_MI_QFIIS_DAILY_FOREIGN_INVESTMENT,2026-08-21T09:59:05.591Z
2023-11-27,2317,鴻海,13862990609,5357128061,38.64,8505862548,61.35,100,TWSE_MI_QFIIS_DAILY_FOREIGN_INVESTMENT,2026-08-21T09:59:05.591Z
2023-11-27,2330,台積電,25932070992,18790283108,72.45,7141787884,27.54,100,TWSE_MI_QFIIS_DAILY_FOREIGN_INVESTMENT,2026-08-21T09:59:05.591Z
2023-11-27,2454,聯發科,1599647517,947618838,59.23,652028679,40.76,100,TWSE_MI_QFIIS_DAILY_FOREIGN_INVESTMENT,2026-08-21T09:59:05.591Z
2023-11-28,0050,元大台灣50,2293000000,116051700,5.06,2176948300,94.93,100,TWSE_MI_QFIIS_DAILY_FOREIGN_INVESTMENT,2026-08-21T09:59:05.591Z
2023-11-28,2317,鴻海,13862990609,5362406911,38.68,8500583698,61.31,100,TWSE_MI_QFIIS_DAILY_FOREIGN_INVESTMENT,2026-08-21T09:59:05.591Z
2023-11-28,2330,台積電,25932070992,18793605577,72.47,7138465415,27.52,100,TWSE_MI_QFIIS_DAILY_FOREIGN_INVESTMENT,2026-08-21T09:59:05.591Z
2023-11-28,2454,聯發科,1599647517,948502787,59.29,651144730,40.7,100,TWSE_MI_QFIIS_DAILY_FOREIGN_INVESTMENT,2026-08-21T09:59:05.591Z
2023-11-29,0050,元大台灣50,2289500000,118407888,5.17,2171092112,94.82,100,TWSE_MI_QFIIS_DAILY_FOREIGN_INVESTMENT,2026-08-21T09:59:05.591Z
2023-11-29,2317,鴻海,13862990609,5359579482,38.66,8503411127,61.33,100,TWSE_MI_QFIIS_DAILY_FOREIGN_INVESTMENT,2026-08-21T09:59:05.591Z
2023-11-29,2330,台積電,25932070992,18793426147,72.47,7138644845,27.52,100,TWSE_MI_QFIIS_DAILY_FOREIGN_INVESTMENT,2026-08-21T09:59:05.591Z
2023-11-29,2454,聯發科,1599647517,950440359,59.41,649207158,40.58,100,TWSE_MI_QFIIS_DAILY_FOREIGN_INVESTMENT,2026-08-21T09:59:05.591Z
2023-11-30,0050,元大台灣50,2289500000,125139460,5.46,2164360540,94.53,100,TWSE_MI_QFIIS_DAILY_FOREIGN_INVESTMENT,2026-08-21T09:59:05.591Z
2023-11-30,2317,鴻海,13862990609,5352875510,38.61,8510115099,61.38,100,TWSE_MI_QFIIS_DAILY_FOREIGN_INVESTMENT,2026-08-21T09:59:05.591Z
2023-11-30,2330,台積電,25932070992,18798156495,72.48,7133914497,27.51,100,TWSE_MI_QFIIS_DAILY_FOREIGN_INVESTMENT,2026-08-21T09:59:05.591Z
2023-11-30,2454,聯發科,1599647517,950316049,59.4,649331468,40.59,100,TWSE_MI_QFIIS_DAILY_FOREIGN_INVESTMENT,2026-08-21T09:59:05.591Z
2023-12-01,0050,元大台灣50,2289500000,121280969,5.29,2168219031,94.7,100,TWSE_MI_QFIIS_DAILY_FOREIGN_INVESTMENT,2026-08-21T09:59:05.591Z
2023-12-01,2317,鴻海,13862990609,5340327964,38.52,8522662645,61.47,100,TWSE_MI_QFIIS_DAILY_FOREIGN_INVESTMENT,2026-08-21T09:59:05.591Z
2023-12-01,2330,台積電,25932070992,18805276216,72.51,7126794776,27.48,100,TWSE_MI_QFIIS_DAILY_FOREIGN_INVESTMENT,2026-08-21T09:59:05.591Z
2023-12-01,2454,聯發科,1599647517,951548255,59.48,648099262,40.51,100,TWSE_MI_QFIIS_DAILY_FOREIGN_INVESTMENT,2026-08-21T09:59:05.591Z
2023-12-04,0050,元大台灣50,2289500000,120051879,5.24,2169448121,94.75,100,TWSE_MI_QFIIS_DAILY_FOREIGN_INVESTMENT,2026-08-21T09:59:05.591Z
2023-12-04,2317,鴻海,13862990609,5342010868,38.53,8520979741,61.46,100,TWSE_MI_QFIIS_DAILY_FOREIGN_INVESTMENT,2026-08-21T09:59:05.591Z
2023-12-04,2330,台積電,25932070992,18800694841,72.49,7131376151,27.5,100,TWSE_MI_QFIIS_DAILY_FOREIGN_INVESTMENT,2026-08-21T09:59:05.591Z
2023-12-04,2454,聯發科,1599647517,951658788,59.49,647988729,40.5,100,TWSE_MI_QFIIS_DAILY_FOREIGN_INVESTMENT,2026-08-21T09:59:05.591Z
2023-12-05,0050,元大台灣50,2289500000,117765388,5.14,2171734612,94.85,100,TWSE_MI_QFIIS_DAILY_FOREIGN_INVESTMENT,2026-08-21T09:59:05.591Z
2023-12-05,2317,鴻海,13862990609,5345946057,38.56,8517044552,61.43,100,TWSE_MI_QFIIS_DAILY_FOREIGN_INVESTMENT,2026-08-21T09:59:05.591Z
2023-12-05,2330,台積電,25932070992,18796275818,72.48,7135795174,27.51,100,TWSE_MI_QFIIS_DAILY_FOREIGN_INVESTMENT,2026-08-21T09:59:05.591Z
2023-12-05,2454,聯發科,1599647517,951255773,59.46,648391744,40.53,100,TWSE_MI_QFIIS_DAILY_FOREIGN_INVESTMENT,2026-08-21T09:59:05.591Z
2023-12-06,0050,元大台灣50,2289500000,117332048,5.12,2172167952,94.87,100,TWSE_MI_QFIIS_DAILY_FOREIGN_INVESTMENT,2026-08-21T09:59:05.591Z
2023-12-06,2317,鴻海,13862990609,5344044275,38.54,8518946334,61.45,100,TWSE_MI_QFIIS_DAILY_FOREIGN_INVESTMENT,2026-08-21T09:59:05.591Z
2023-12-06,2330,台積電,25932070992,18798276117,72.49,7133794875,27.5,100,TWSE_MI_QFIIS_DAILY_FOREIGN_INVESTMENT,2026-08-21T09:59:05.591Z
2023-12-06,2454,聯發科,1599647517,951094330,59.45,648553187,40.54,100,TWSE_MI_QFIIS_DAILY_FOREIGN_INVESTMENT,2026-08-21T09:59:05.591Z
2023-12-07,0050,元大台灣50,2289500000,115959339,5.06,2173540661,94.93,100,TWSE_MI_QFIIS_DAILY_FOREIGN_INVESTMENT,2026-08-21T09:59:05.591Z
2023-12-07,2317,鴻海,13862990609,5342848872,38.54,8520141737,61.45,100,TWSE_MI_QFIIS_DAILY_FOREIGN_INVESTMENT,2026-08-21T09:59:05.591Z
2023-12-07,2330,台積電,25932070992,18795763147,72.48,7136307845,27.51,100,TWSE_MI_QFIIS_DAILY_FOREIGN_INVESTMENT,2026-08-21T09:59:05.591Z
2023-12-07,2454,聯發科,1599647517,951309943,59.46,648337574,40.53,100,TWSE_MI_QFIIS_DAILY_FOREIGN_INVESTMENT,2026-08-21T09:59:05.591Z
2023-12-08,0050,元大台灣50,2289500000,125067088,5.46,2164432912,94.53,100,TWSE_MI_QFIIS_DAILY_FOREIGN_INVESTMENT,2026-08-21T09:59:05.591Z
2023-12-08,2317,鴻海,13862990609,5346835251,38.56,8516155358,61.43,100,TWSE_MI_QFIIS_DAILY_FOREIGN_INVESTMENT,2026-08-21T09:59:05.591Z
2023-12-08,2330,台積電,25932070992,18803615427,72.51,7128455565,27.48,100,TWSE_MI_QFIIS_DAILY_FOREIGN_INVESTMENT,2026-08-21T09:59:05.591Z
2023-12-08,2454,聯發科,1599647517,952322182,59.53,647325335,40.46,100,TWSE_MI_QFIIS_DAILY_FOREIGN_INVESTMENT,2026-08-21T09:59:05.591Z
2023-12-11,0050,元大台灣50,2296500000,124307407,5.41,2172192593,94.58,100,TWSE_MI_QFIIS_DAILY_FOREIGN_INVESTMENT,2026-08-21T09:59:05.591Z
2023-12-11,2317,鴻海,13862990609,5344576592,38.55,8518414017,61.44,100,TWSE_MI_QFIIS_DAILY_FOREIGN_INVESTMENT,2026-08-21T09:59:05.591Z
2023-12-11,2330,台積電,25932070992,18808200903,72.52,7123870089,27.47,100,TWSE_MI_QFIIS_DAILY_FOREIGN_INVESTMENT,2026-08-21T09:59:05.591Z
2023-12-11,2454,聯發科,1599647517,951796483,59.5,647851034,40.49,100,TWSE_MI_QFIIS_DAILY_FOREIGN_INVESTMENT,2026-08-21T09:59:05.591Z
2023-12-12,0050,元大台灣50,2296500000,133235796,5.8,2163264204,94.19,100,TWSE_MI_QFIIS_DAILY_FOREIGN_INVESTMENT,2026-08-21T09:59:05.591Z
2023-12-12,2317,鴻海,13862990609,5344575192,38.55,8518415417,61.44,100,TWSE_MI_QFIIS_DAILY_FOREIGN_INVESTMENT,2026-08-21T09:59:05.591Z
2023-12-12,2330,台積電,25932070992,18816547306,72.56,7115523686,27.43,100,TWSE_MI_QFIIS_DAILY_FOREIGN_INVESTMENT,2026-08-21T09:59:05.591Z
2023-12-12,2454,聯發科,1599647517,951602780,59.48,648044737,40.51,100,TWSE_MI_QFIIS_DAILY_FOREIGN_INVESTMENT,2026-08-21T09:59:05.591Z
2023-12-13,0050,元大台灣50,2302500000,139124250,6.04,2163375750,93.95,100,TWSE_MI_QFIIS_DAILY_FOREIGN_INVESTMENT,2026-08-21T09:59:05.591Z
2023-12-13,2317,鴻海,13862990609,5342208445,38.53,8520782164,61.46,100,TWSE_MI_QFIIS_DAILY_FOREIGN_INVESTMENT,2026-08-21T09:59:05.591Z
2023-12-13,2330,台積電,25932070992,18815785129,72.55,7116285863,27.44,100,TWSE_MI_QFIIS_DAILY_FOREIGN_INVESTMENT,2026-08-21T09:59:05.591Z
2023-12-13,2454,聯發科,1599647517,953495616,59.6,646151901,40.39,100,TWSE_MI_QFIIS_DAILY_FOREIGN_INVESTMENT,2026-08-21T09:59:05.591Z
2023-12-14,0050,元大台灣50,2305000000,164526632,7.13,2140473368,92.86,100,TWSE_MI_QFIIS_DAILY_FOREIGN_INVESTMENT,2026-08-21T09:59:05.591Z
2023-12-14,2317,鴻海,13862990609,5350675112,38.59,8512315497,61.4,100,TWSE_MI_QFIIS_DAILY_FOREIGN_INVESTMENT,2026-08-21T09:59:05.591Z
2023-12-14,2330,台積電,25932070992,18838555673,72.64,7093515319,27.35,100,TWSE_MI_QFIIS_DAILY_FOREIGN_INVESTMENT,2026-08-21T09:59:05.591Z
2023-12-14,2454,聯發科,1599647517,953164572,59.58,646482945,40.41,100,TWSE_MI_QFIIS_DAILY_FOREIGN_INVESTMENT,2026-08-21T09:59:05.591Z
2023-12-15,0050,元大台灣50,2311000000,179694250,7.77,2131305750,92.22,100,TWSE_MI_QFIIS_DAILY_FOREIGN_INVESTMENT,2026-08-21T09:59:05.591Z
2023-12-15,2317,鴻海,13862990609,5343549034,38.54,8519441575,61.45,100,TWSE_MI_QFIIS_DAILY_FOREIGN_INVESTMENT,2026-08-21T09:59:05.591Z
2023-12-15,2330,台積電,25932070992,18851691251,72.69,7080379741,27.3,100,TWSE_MI_QFIIS_DAILY_FOREIGN_INVESTMENT,2026-08-21T09:59:05.591Z
2023-12-15,2454,聯發科,1599647517,954955491,59.69,644692026,40.3,100,TWSE_MI_QFIIS_DAILY_FOREIGN_INVESTMENT,2026-08-21T09:59:05.591Z
2023-12-18,0050,元大台灣50,2311500000,181094385,7.83,2130405615,92.16,100,TWSE_MI_QFIIS_DAILY_FOREIGN_INVESTMENT,2026-08-21T09:59:05.591Z
2023-12-18,2317,鴻海,13862990609,5341506384,38.53,8521484225,61.46,100,TWSE_MI_QFIIS_DAILY_FOREIGN_INVESTMENT,2026-08-21T09:59:05.591Z
2023-12-18,2330,台積電,25932070992,18856014274,72.71,7076056718,27.28,100,TWSE_MI_QFIIS_DAILY_FOREIGN_INVESTMENT,2026-08-21T09:59:05.591Z
2023-12-18,2454,聯發科,1599647517,954465488,59.66,645182029,40.33,100,TWSE_MI_QFIIS_DAILY_FOREIGN_INVESTMENT,2026-08-21T09:59:05.591Z
2023-12-19,0050,元大台灣50,2311000000,182687512,7.9,2128312488,92.09,100,TWSE_MI_QFIIS_DAILY_FOREIGN_INVESTMENT,2026-08-21T09:59:05.591Z
2023-12-19,2317,鴻海,13862990609,5336687911,38.49,8526302698,61.5,100,TWSE_MI_QFIIS_DAILY_FOREIGN_INVESTMENT,2026-08-21T09:59:05.591Z
2023-12-19,2330,台積電,25932070992,18862990046,72.74,7069080946,27.25,100,TWSE_MI_QFIIS_DAILY_FOREIGN_INVESTMENT,2026-08-21T09:59:05.591Z
2023-12-19,2454,聯發科,1599647517,955294354,59.71,644353163,40.28,100,TWSE_MI_QFIIS_DAILY_FOREIGN_INVESTMENT,2026-08-21T09:59:05.591Z
2023-12-20,0050,元大台灣50,2295500000,172309499,7.5,2123190501,92.49,100,TWSE_MI_QFIIS_DAILY_FOREIGN_INVESTMENT,2026-08-21T09:59:05.591Z
2023-12-20,2317,鴻海,13862990609,5348220749,38.57,8514769860,61.42,100,TWSE_MI_QFIIS_DAILY_FOREIGN_INVESTMENT,2026-08-21T09:59:05.591Z
2023-12-20,2330,台積電,25932070992,18884748538,72.82,7047322454,27.17,100,TWSE_MI_QFIIS_DAILY_FOREIGN_INVESTMENT,2026-08-21T09:59:05.591Z
2023-12-20,2454,聯發科,1599647517,954734410,59.68,644913107,40.31,100,TWSE_MI_QFIIS_DAILY_FOREIGN_INVESTMENT,2026-08-21T09:59:05.591Z
2023-12-21,0050,元大台灣50,2295500000,171855963,7.48,2123644037,92.51,100,TWSE_MI_QFIIS_DAILY_FOREIGN_INVESTMENT,2026-08-21T09:59:05.591Z
2023-12-21,2317,鴻海,13862990609,5333142600,38.47,8529848009,61.52,100,TWSE_MI_QFIIS_DAILY_FOREIGN_INVESTMENT,2026-08-21T09:59:05.591Z
2023-12-21,2330,台積電,25932070992,18876714030,72.79,7055356962,27.2,100,TWSE_MI_QFIIS_DAILY_FOREIGN_INVESTMENT,2026-08-21T09:59:05.591Z
2023-12-21,2454,聯發科,1599647517,954599498,59.67,645048019,40.32,100,TWSE_MI_QFIIS_DAILY_FOREIGN_INVESTMENT,2026-08-21T09:59:05.591Z
2023-12-22,0050,元大台灣50,2295500000,172755200,7.52,2122744800,92.47,100,TWSE_MI_QFIIS_DAILY_FOREIGN_INVESTMENT,2026-08-21T09:59:05.591Z
2023-12-22,2317,鴻海,13862990609,5327532443,38.42,8535458166,61.57,100,TWSE_MI_QFIIS_DAILY_FOREIGN_INVESTMENT,2026-08-21T09:59:05.591Z
2023-12-22,2330,台積電,25932070992,18885886798,72.82,7046184194,27.17,100,TWSE_MI_QFIIS_DAILY_FOREIGN_INVESTMENT,2026-08-21T09:59:05.591Z
2023-12-22,2454,聯發科,1599647517,955349671,59.72,644297846,40.27,100,TWSE_MI_QFIIS_DAILY_FOREIGN_INVESTMENT,2026-08-21T09:59:05.591Z
2023-12-25,0050,元大台灣50,2295500000,178331935,7.76,2117168065,92.23,100,TWSE_MI_QFIIS_DAILY_FOREIGN_INVESTMENT,2026-08-21T09:59:05.591Z
2023-12-25,2317,鴻海,13862990609,5330562093,38.45,8532428516,61.54,100,TWSE_MI_QFIIS_DAILY_FOREIGN_INVESTMENT,2026-08-21T09:59:05.591Z
2023-12-25,2330,台積電,25932070992,18888606889,72.83,7043464103,27.16,100,TWSE_MI_QFIIS_DAILY_FOREIGN_INVESTMENT,2026-08-21T09:59:05.591Z
2023-12-25,2454,聯發科,1599647517,954423659,59.66,645223858,40.33,100,TWSE_MI_QFIIS_DAILY_FOREIGN_INVESTMENT,2026-08-21T09:59:05.591Z
2023-12-26,0050,元大台灣50,2296000000,191428453,8.33,2104571547,91.66,100,TWSE_MI_QFIIS_DAILY_FOREIGN_INVESTMENT,2026-08-21T09:59:05.591Z
2023-12-26,2317,鴻海,13862990609,5332831971,38.46,8530158638,61.53,100,TWSE_MI_QFIIS_DAILY_FOREIGN_INVESTMENT,2026-08-21T09:59:05.591Z
2023-12-26,2330,台積電,25932070992,18900240331,72.88,7031830661,27.11,100,TWSE_MI_QFIIS_DAILY_FOREIGN_INVESTMENT,2026-08-21T09:59:05.591Z
2023-12-26,2454,聯發科,1599647517,955225687,59.71,644421830,40.28,100,TWSE_MI_QFIIS_DAILY_FOREIGN_INVESTMENT,2026-08-21T09:59:05.591Z
2023-12-27,0050,元大台灣50,2280000000,195897624,8.59,2084102376,91.4,100,TWSE_MI_QFIIS_DAILY_FOREIGN_INVESTMENT,2026-08-21T09:59:05.591Z
2023-12-27,2317,鴻海,13862990609,5335973858,38.49,8527016751,61.5,100,TWSE_MI_QFIIS_DAILY_FOREIGN_INVESTMENT,2026-08-21T09:59:05.591Z
2023-12-27,2330,台積電,25932070992,18923802058,72.97,7008268934,27.02,100,TWSE_MI_QFIIS_DAILY_FOREIGN_INVESTMENT,2026-08-21T09:59:05.591Z
2023-12-27,2454,聯發科,1599647517,959258535,59.96,640388982,40.03,100,TWSE_MI_QFIIS_DAILY_FOREIGN_INVESTMENT,2026-08-21T09:59:05.591Z
2023-12-28,0050,元大台灣50,2289000000,208077655,9.09,2080922345,90.9,100,TWSE_MI_QFIIS_DAILY_FOREIGN_INVESTMENT,2026-08-21T09:59:05.591Z
2023-12-28,2317,鴻海,13862990609,5346602775,38.56,8516387834,61.43,100,TWSE_MI_QFIIS_DAILY_FOREIGN_INVESTMENT,2026-08-21T09:59:05.591Z
2023-12-28,2330,台積電,25932070992,18937639242,73.02,6994431750,26.97,100,TWSE_MI_QFIIS_DAILY_FOREIGN_INVESTMENT,2026-08-21T09:59:05.591Z
2023-12-28,2454,聯發科,1599647517,959359001,59.97,640288516,40.02,100,TWSE_MI_QFIIS_DAILY_FOREIGN_INVESTMENT,2026-08-21T09:59:05.591Z
2023-12-29,0050,元大台灣50,2278000000,205628039,9.02,2072371961,90.97,100,TWSE_MI_QFIIS_DAILY_FOREIGN_INVESTMENT,2026-08-21T09:59:05.591Z
2023-12-29,2317,鴻海,13862990609,5355202472,38.62,8507788137,61.37,100,TWSE_MI_QFIIS_DAILY_FOREIGN_INVESTMENT,2026-08-21T09:59:05.591Z
2023-12-29,2330,台積電,25932070992,18944339654,73.05,6987731338,26.94,100,TWSE_MI_QFIIS_DAILY_FOREIGN_INVESTMENT,2026-08-21T09:59:05.591Z
2023-12-29,2454,聯發科,1599647517,957672433,59.86,641975084,40.13,100,TWSE_MI_QFIIS_DAILY_FOREIGN_INVESTMENT,2026-08-21T09:59:05.591Z
2024-01-02,0050,元大台灣50,2278000000,207073507,9.09,2070926493,90.9,100,TWSE_MI_QFIIS_DAILY_FOREIGN_INVESTMENT,2026-08-21T09:59:05.591Z
2024-01-02,2317,鴻海,13862990609,5360881393,38.67,8502109216,61.32,100,TWSE_MI_QFIIS_DAILY_FOREIGN_INVESTMENT,2026-08-21T09:59:05.591Z
2024-01-02,2330,台積電,25932070992,18952104379,73.08,6979966613,26.91,100,TWSE_MI_QFIIS_DAILY_FOREIGN_INVESTMENT,2026-08-21T09:59:05.591Z
2024-01-02,2454,聯發科,1599647517,954073074,59.64,645574443,40.35,100,TWSE_MI_QFIIS_DAILY_FOREIGN_INVESTMENT,2026-08-21T09:59:05.591Z
2024-01-03,0050,元大台灣50,2266500000,187566752,8.27,2078933248,91.72,100,TWSE_MI_QFIIS_DAILY_FOREIGN_INVESTMENT,2026-08-21T09:59:05.591Z
2024-01-03,2317,鴻海,13862990609,5363856054,38.69,8499134555,61.3,100,TWSE_MI_QFIIS_DAILY_FOREIGN_INVESTMENT,2026-08-21T09:59:05.591Z
2024-01-03,2330,台積電,25932070992,18945777149,73.05,6986293843,26.94,100,TWSE_MI_QFIIS_DAILY_FOREIGN_INVESTMENT,2026-08-21T09:59:05.591Z
2024-01-03,2454,聯發科,1599647517,952477997,59.54,647169520,40.45,100,TWSE_MI_QFIIS_DAILY_FOREIGN_INVESTMENT,2026-08-21T09:59:05.591Z
2024-01-04,0050,元大台灣50,2269500000,185811589,8.18,2083688411,91.81,100,TWSE_MI_QFIIS_DAILY_FOREIGN_INVESTMENT,2026-08-21T09:59:05.591Z
2024-01-04,2317,鴻海,13862990609,5363942454,38.69,8499048155,61.3,100,TWSE_MI_QFIIS_DAILY_FOREIGN_INVESTMENT,2026-08-21T09:59:05.591Z
2024-01-04,2330,台積電,25932070992,18945963761,73.05,6986107231,26.94,100,TWSE_MI_QFIIS_DAILY_FOREIGN_INVESTMENT,2026-08-21T09:59:05.591Z
2024-01-04,2454,聯發科,1599647517,952647144,59.55,647000373,40.44,100,TWSE_MI_QFIIS_DAILY_FOREIGN_INVESTMENT,2026-08-21T09:59:05.591Z
2024-01-05,0050,元大台灣50,2269500000,188940177,8.32,2080559823,91.67,100,TWSE_MI_QFIIS_DAILY_FOREIGN_INVESTMENT,2026-08-21T09:59:05.591Z
2024-01-05,2317,鴻海,13862990609,5360284886,38.66,8502705723,61.33,100,TWSE_MI_QFIIS_DAILY_FOREIGN_INVESTMENT,2026-08-21T09:59:05.591Z
2024-01-05,2330,台積電,25932070992,18937673735,73.02,6994397257,26.97,100,TWSE_MI_QFIIS_DAILY_FOREIGN_INVESTMENT,2026-08-21T09:59:05.591Z
2024-01-05,2454,聯發科,1599647517,951367346,59.47,648280171,40.52,100,TWSE_MI_QFIIS_DAILY_FOREIGN_INVESTMENT,2026-08-21T09:59:05.591Z
2024-01-08,0050,元大台灣50,2269500000,188601269,8.31,2080898731,91.68,100,TWSE_MI_QFIIS_DAILY_FOREIGN_INVESTMENT,2026-08-21T09:59:05.591Z
2024-01-08,2317,鴻海,13862990609,5346589778,38.56,8516400831,61.43,100,TWSE_MI_QFIIS_DAILY_FOREIGN_INVESTMENT,2026-08-21T09:59:05.591Z
2024-01-08,2330,台積電,25932070992,18942654226,73.04,6989416766,26.95,100,TWSE_MI_QFIIS_DAILY_FOREIGN_INVESTMENT,2026-08-21T09:59:05.591Z
2024-01-08,2454,聯發科,1599647517,951963128,59.51,647684389,40.48,100,TWSE_MI_QFIIS_DAILY_FOREIGN_INVESTMENT,2026-08-21T09:59:05.591Z
2024-01-09,0050,元大台灣50,2255500000,175646703,7.78,2079853297,92.21,100,TWSE_MI_QFIIS_DAILY_FOREIGN_INVESTMENT,2026-08-21T09:59:05.591Z
2024-01-09,2317,鴻海,13862990609,5332920095,38.46,8530070514,61.53,100,TWSE_MI_QFIIS_DAILY_FOREIGN_INVESTMENT,2026-08-21T09:59:05.591Z
2024-01-09,2330,台積電,25932070992,18947863746,73.06,6984207246,26.93,100,TWSE_MI_QFIIS_DAILY_FOREIGN_INVESTMENT,2026-08-21T09:59:05.591Z
2024-01-09,2454,聯發科,1599647517,953655742,59.61,645991775,40.38,100,TWSE_MI_QFIIS_DAILY_FOREIGN_INVESTMENT,2026-08-21T09:59:05.591Z
2024-01-10,0050,元大台灣50,2237000000,155637496,6.95,2081362504,93.04,100,TWSE_MI_QFIIS_DAILY_FOREIGN_INVESTMENT,2026-08-21T09:59:05.591Z
2024-01-10,2317,鴻海,13862990609,5322938835,38.39,8540051774,61.6,100,TWSE_MI_QFIIS_DAILY_FOREIGN_INVESTMENT,2026-08-21T09:59:05.591Z
2024-01-10,2330,台積電,25932070992,18949665403,73.07,6982405589,26.92,100,TWSE_MI_QFIIS_DAILY_FOREIGN_INVESTMENT,2026-08-21T09:59:05.591Z
2024-01-10,2454,聯發科,1599647517,954174091,59.64,645473426,40.35,100,TWSE_MI_QFIIS_DAILY_FOREIGN_INVESTMENT,2026-08-21T09:59:05.591Z
2024-01-11,0050,元大台灣50,2243000000,161771809,7.21,2081228191,92.78,100,TWSE_MI_QFIIS_DAILY_FOREIGN_INVESTMENT,2026-08-21T09:59:05.591Z
2024-01-11,2317,鴻海,13862990609,5314960287,38.33,8548030322,61.66,100,TWSE_MI_QFIIS_DAILY_FOREIGN_INVESTMENT,2026-08-21T09:59:05.591Z
2024-01-11,2330,台積電,25932070992,18947641882,73.06,6984429110,26.93,100,TWSE_MI_QFIIS_DAILY_FOREIGN_INVESTMENT,2026-08-21T09:59:05.591Z
2024-01-11,2454,聯發科,1599647517,951152441,59.46,648495076,40.53,100,TWSE_MI_QFIIS_DAILY_FOREIGN_INVESTMENT,2026-08-21T09:59:05.591Z
2024-01-12,0050,元大台灣50,2243000000,159618307,7.11,2083381693,92.88,100,TWSE_MI_QFIIS_DAILY_FOREIGN_INVESTMENT,2026-08-21T09:59:05.591Z
2024-01-12,2317,鴻海,13862990609,5306427029,38.27,8556563580,61.72,100,TWSE_MI_QFIIS_DAILY_FOREIGN_INVESTMENT,2026-08-21T09:59:05.591Z
2024-01-12,2330,台積電,25932070992,18945249007,73.05,6986821985,26.94,100,TWSE_MI_QFIIS_DAILY_FOREIGN_INVESTMENT,2026-08-21T09:59:05.591Z
2024-01-12,2454,聯發科,1599647517,951230503,59.46,648417014,40.53,100,TWSE_MI_QFIIS_DAILY_FOREIGN_INVESTMENT,2026-08-21T09:59:05.591Z
2024-01-15,0050,元大台灣50,2243000000,150354210,6.7,2092645790,93.29,100,TWSE_MI_QFIIS_DAILY_FOREIGN_INVESTMENT,2026-08-21T09:59:05.591Z
2024-01-15,2317,鴻海,13862990609,5293767885,38.18,8569222724,61.81,100,TWSE_MI_QFIIS_DAILY_FOREIGN_INVESTMENT,2026-08-21T09:59:05.591Z
2024-01-15,2330,台積電,25932070992,18945614573,73.05,6986456419,26.94,100,TWSE_MI_QFIIS_DAILY_FOREIGN_INVESTMENT,2026-08-21T09:59:05.591Z
2024-01-15,2454,聯發科,1599647517,950566092,59.42,649081425,40.57,100,TWSE_MI_QFIIS_DAILY_FOREIGN_INVESTMENT,2026-08-21T09:59:05.591Z
2024-01-16,0050,元大台灣50,2203000000,96046837,4.35,2106953163,95.64,100,TWSE_MI_QFIIS_DAILY_FOREIGN_INVESTMENT,2026-08-21T09:59:05.591Z
2024-01-16,2317,鴻海,13862990609,5287990787,38.14,8574999822,61.85,100,TWSE_MI_QFIIS_DAILY_FOREIGN_INVESTMENT,2026-08-21T09:59:05.591Z
2024-01-16,2330,台積電,25932070992,18941342485,73.04,6990728507,26.95,100,TWSE_MI_QFIIS_DAILY_FOREIGN_INVESTMENT,2026-08-21T09:59:05.591Z
2024-01-16,2454,聯發科,1599647517,947929192,59.25,651718325,40.74,100,TWSE_MI_QFIIS_DAILY_FOREIGN_INVESTMENT,2026-08-21T09:59:05.591Z
2024-01-17,0050,元大台灣50,2203000000,58914256,2.67,2144085744,97.32,100,TWSE_MI_QFIIS_DAILY_FOREIGN_INVESTMENT,2026-08-21T09:59:05.591Z
2024-01-17,2317,鴻海,13862990609,5266376748,37.98,8596613861,62.01,100,TWSE_MI_QFIIS_DAILY_FOREIGN_INVESTMENT,2026-08-21T09:59:05.591Z
2024-01-17,2330,台積電,25932070992,18925845882,72.98,7006225110,27.01,100,TWSE_MI_QFIIS_DAILY_FOREIGN_INVESTMENT,2026-08-21T09:59:05.591Z
2024-01-17,2454,聯發科,1599647517,947030457,59.2,652617060,40.79,100,TWSE_MI_QFIIS_DAILY_FOREIGN_INVESTMENT,2026-08-21T09:59:05.591Z
2024-01-18,0050,元大台灣50,2215000000,68400464,3.08,2146599536,96.91,100,TWSE_MI_QFIIS_DAILY_FOREIGN_INVESTMENT,2026-08-21T09:59:05.591Z
2024-01-18,2317,鴻海,13862990609,5264816064,37.97,8598174545,62.02,100,TWSE_MI_QFIIS_DAILY_FOREIGN_INVESTMENT,2026-08-21T09:59:05.591Z
2024-01-18,2330,台積電,25932070992,18932805168,73,6999265824,26.99,100,TWSE_MI_QFIIS_DAILY_FOREIGN_INVESTMENT,2026-08-21T09:59:05.591Z
2024-01-18,2454,聯發科,1599647517,948681210,59.3,650966307,40.69,100,TWSE_MI_QFIIS_DAILY_FOREIGN_INVESTMENT,2026-08-21T09:59:05.591Z
2024-01-19,0050,元大台灣50,2229500000,100999646,4.53,2128500354,95.46,100,TWSE_MI_QFIIS_DAILY_FOREIGN_INVESTMENT,2026-08-21T09:59:05.591Z
2024-01-19,2317,鴻海,13862990609,5262302558,37.95,8600688051,62.04,100,TWSE_MI_QFIIS_DAILY_FOREIGN_INVESTMENT,2026-08-21T09:59:05.591Z
2024-01-19,2330,台積電,25932070992,19044236099,73.43,6887834893,26.56,100,TWSE_MI_QFIIS_DAILY_FOREIGN_INVESTMENT,2026-08-21T09:59:05.591Z
2024-01-19,2454,聯發科,1599647517,949024448,59.32,650623069,40.67,100,TWSE_MI_QFIIS_DAILY_FOREIGN_INVESTMENT,2026-08-21T09:59:05.591Z
2024-01-22,0050,元大台灣50,2234500000,106389132,4.76,2128110868,95.23,100,TWSE_MI_QFIIS_DAILY_FOREIGN_INVESTMENT,2026-08-21T09:59:05.591Z
2024-01-22,2317,鴻海,13862990609,5253393153,37.89,8609597456,62.1,100,TWSE_MI_QFIIS_DAILY_FOREIGN_INVESTMENT,2026-08-21T09:59:05.591Z
2024-01-22,2330,台積電,25932070992,19062751047,73.51,6869319945,26.48,100,TWSE_MI_QFIIS_DAILY_FOREIGN_INVESTMENT,2026-08-21T09:59:05.591Z
2024-01-22,2454,聯發科,1599647517,950116775,59.39,649530742,40.6,100,TWSE_MI_QFIIS_DAILY_FOREIGN_INVESTMENT,2026-08-21T09:59:05.591Z
2024-01-23,0050,元大台灣50,2222500000,103052227,4.63,2119447773,95.36,100,TWSE_MI_QFIIS_DAILY_FOREIGN_INVESTMENT,2026-08-21T09:59:05.591Z
2024-01-23,2317,鴻海,13862990609,5259840799,37.94,8603149810,62.05,100,TWSE_MI_QFIIS_DAILY_FOREIGN_INVESTMENT,2026-08-21T09:59:05.591Z
2024-01-23,2330,台積電,25932070992,19074651587,73.55,6857419405,26.44,100,TWSE_MI_QFIIS_DAILY_FOREIGN_INVESTMENT,2026-08-21T09:59:05.591Z
2024-01-23,2454,聯發科,1599647517,948806413,59.31,650841104,40.68,100,TWSE_MI_QFIIS_DAILY_FOREIGN_INVESTMENT,2026-08-21T09:59:05.591Z
2024-01-24,0050,元大台灣50,2223000000,111180593,5,2111819407,94.99,100,TWSE_MI_QFIIS_DAILY_FOREIGN_INVESTMENT,2026-08-21T09:59:05.591Z
2024-01-24,2317,鴻海,13862990609,5260964553,37.94,8602026056,62.05,100,TWSE_MI_QFIIS_DAILY_FOREIGN_INVESTMENT,2026-08-21T09:59:05.591Z
2024-01-24,2330,台積電,25932070992,19083069755,73.58,6849001237,26.41,100,TWSE_MI_QFIIS_DAILY_FOREIGN_INVESTMENT,2026-08-21T09:59:05.591Z
2024-01-24,2454,聯發科,1599647517,952060889,59.51,647586628,40.48,100,TWSE_MI_QFIIS_DAILY_FOREIGN_INVESTMENT,2026-08-21T09:59:05.591Z
2024-01-25,0050,元大台灣50,2223000000,130967172,5.89,2092032828,94.1,100,TWSE_MI_QFIIS_DAILY_FOREIGN_INVESTMENT,2026-08-21T09:59:05.591Z
2024-01-25,2317,鴻海,13862990609,5267158387,37.99,8595832222,62,100,TWSE_MI_QFIIS_DAILY_FOREIGN_INVESTMENT,2026-08-21T09:59:05.591Z
2024-01-25,2330,台積電,25932070992,19117254222,73.72,6814816770,26.27,100,TWSE_MI_QFIIS_DAILY_FOREIGN_INVESTMENT,2026-08-21T09:59:05.591Z
2024-01-25,2454,聯發科,1599647517,951946796,59.5,647700721,40.49,100,TWSE_MI_QFIIS_DAILY_FOREIGN_INVESTMENT,2026-08-21T09:59:05.591Z
2024-01-26,0050,元大台灣50,2201000000,117078342,5.31,2083921658,94.68,100,TWSE_MI_QFIIS_DAILY_FOREIGN_INVESTMENT,2026-08-21T09:59:05.591Z
2024-01-26,2317,鴻海,13862990609,5270425657,38.01,8592564952,61.98,100,TWSE_MI_QFIIS_DAILY_FOREIGN_INVESTMENT,2026-08-21T09:59:05.591Z
2024-01-26,2330,台積電,25932070992,19137473598,73.79,6794597394,26.2,100,TWSE_MI_QFIIS_DAILY_FOREIGN_INVESTMENT,2026-08-21T09:59:05.591Z
2024-01-26,2454,聯發科,1599647517,951526693,59.48,648120824,40.51,100,TWSE_MI_QFIIS_DAILY_FOREIGN_INVESTMENT,2026-08-21T09:59:05.591Z
2024-01-29,0050,元大台灣50,2177000000,111845145,5.13,2065154855,94.86,100,TWSE_MI_QFIIS_DAILY_FOREIGN_INVESTMENT,2026-08-21T09:59:05.591Z
2024-01-29,2317,鴻海,13862990609,5277015045,38.06,8585975564,61.93,100,TWSE_MI_QFIIS_DAILY_FOREIGN_INVESTMENT,2026-08-21T09:59:05.591Z
2024-01-29,2330,台積電,25932070992,19146550044,73.83,6785520948,26.16,100,TWSE_MI_QFIIS_DAILY_FOREIGN_INVESTMENT,2026-08-21T09:59:05.591Z
2024-01-29,2454,聯發科,1599647517,950223779,59.4,649423738,40.59,100,TWSE_MI_QFIIS_DAILY_FOREIGN_INVESTMENT,2026-08-21T09:59:05.591Z
2024-01-30,0050,元大台灣50,2177000000,114082682,5.24,2062917318,94.75,100,TWSE_MI_QFIIS_DAILY_FOREIGN_INVESTMENT,2026-08-21T09:59:05.591Z
2024-01-30,2317,鴻海,13862990609,5278370935,38.07,8584619674,61.92,100,TWSE_MI_QFIIS_DAILY_FOREIGN_INVESTMENT,2026-08-21T09:59:05.591Z
2024-01-30,2330,台積電,25932070992,19148717236,73.84,6783353756,26.15,100,TWSE_MI_QFIIS_DAILY_FOREIGN_INVESTMENT,2026-08-21T09:59:05.591Z
2024-01-30,2454,聯發科,1599647517,951480780,59.48,648166737,40.51,100,TWSE_MI_QFIIS_DAILY_FOREIGN_INVESTMENT,2026-08-21T09:59:05.591Z
2024-01-31,0050,元大台灣50,2164500000,100029392,4.62,2064470608,95.37,100,TWSE_MI_QFIIS_DAILY_FOREIGN_INVESTMENT,2026-08-21T09:59:05.591Z
2024-01-31,2317,鴻海,13862990609,5281768538,38.09,8581222071,61.9,100,TWSE_MI_QFIIS_DAILY_FOREIGN_INVESTMENT,2026-08-21T09:59:05.591Z
2024-01-31,2330,台積電,25932070992,19144011854,73.82,6788059138,26.17,100,TWSE_MI_QFIIS_DAILY_FOREIGN_INVESTMENT,2026-08-21T09:59:05.591Z
2024-01-31,2454,聯發科,1599647517,951717295,59.49,647930222,40.5,100,TWSE_MI_QFIIS_DAILY_FOREIGN_INVESTMENT,2026-08-21T09:59:05.591Z
2024-02-01,0050,元大台灣50,2165000000,96187471,4.44,2068812529,95.55,100,TWSE_MI_QFIIS_DAILY_FOREIGN_INVESTMENT,2026-08-21T09:59:05.591Z
2024-02-01,2317,鴻海,13862990609,5285909079,38.12,8577081530,61.87,100,TWSE_MI_QFIIS_DAILY_FOREIGN_INVESTMENT,2026-08-21T09:59:05.591Z
2024-02-01,2330,台積電,25932070992,19154798921,73.86,6777272071,26.13,100,TWSE_MI_QFIIS_DAILY_FOREIGN_INVESTMENT,2026-08-21T09:59:05.591Z
2024-02-01,2454,聯發科,1599647517,950337107,59.4,649310410,40.59,100,TWSE_MI_QFIIS_DAILY_FOREIGN_INVESTMENT,2026-08-21T09:59:05.591Z
2024-02-02,0050,元大台灣50,2165000000,94677259,4.37,2070322741,95.62,100,TWSE_MI_QFIIS_DAILY_FOREIGN_INVESTMENT,2026-08-21T09:59:05.591Z
2024-02-02,2317,鴻海,13862990609,5282124948,38.1,8580865661,61.89,100,TWSE_MI_QFIIS_DAILY_FOREIGN_INVESTMENT,2026-08-21T09:59:05.591Z
2024-02-02,2330,台積電,25932070992,19163134699,73.89,6768936293,26.1,100,TWSE_MI_QFIIS_DAILY_FOREIGN_INVESTMENT,2026-08-21T09:59:05.591Z
2024-02-02,2454,聯發科,1599647517,950483214,59.41,649164303,40.58,100,TWSE_MI_QFIIS_DAILY_FOREIGN_INVESTMENT,2026-08-21T09:59:05.591Z
2024-02-05,0050,元大台灣50,2164500000,95272380,4.4,2069227620,95.59,100,TWSE_MI_QFIIS_DAILY_FOREIGN_INVESTMENT,2026-08-21T09:59:05.591Z
2024-02-05,2317,鴻海,13862990609,5280749785,38.09,8582240824,61.9,100,TWSE_MI_QFIIS_DAILY_FOREIGN_INVESTMENT,2026-08-21T09:59:05.591Z
2024-02-05,2330,台積電,25932070992,19174103283,73.93,6757967709,26.06,100,TWSE_MI_QFIIS_DAILY_FOREIGN_INVESTMENT,2026-08-21T09:59:05.591Z
2024-02-05,2454,聯發科,1599647517,951225784,59.46,648421733,40.53,100,TWSE_MI_QFIIS_DAILY_FOREIGN_INVESTMENT,2026-08-21T09:59:05.591Z
2024-02-06,0050,元大台灣50,2164500000,95244880,4.4,2069255120,95.59,100,TWSE_MI_QFIIS_DAILY_FOREIGN_INVESTMENT,2026-08-21T09:59:05.591Z
2024-02-06,2317,鴻海,13862990609,5280749785,38.09,8582240824,61.9,100,TWSE_MI_QFIIS_DAILY_FOREIGN_INVESTMENT,2026-08-21T09:59:05.591Z
2024-02-06,2330,台積電,25932070992,19174084949,73.93,6757986043,26.06,100,TWSE_MI_QFIIS_DAILY_FOREIGN_INVESTMENT,2026-08-21T09:59:05.591Z
2024-02-06,2454,聯發科,1599647517,951217784,59.46,648429733,40.53,100,TWSE_MI_QFIIS_DAILY_FOREIGN_INVESTMENT,2026-08-21T09:59:05.591Z
2024-02-07,0050,元大台灣50,2164500000,95244880,4.4,2069255120,95.59,100,TWSE_MI_QFIIS_DAILY_FOREIGN_INVESTMENT,2026-08-21T09:59:05.591Z
2024-02-07,2317,鴻海,13862990609,5280749785,38.09,8582240824,61.9,100,TWSE_MI_QFIIS_DAILY_FOREIGN_INVESTMENT,2026-08-21T09:59:05.591Z
2024-02-07,2330,台積電,25932070992,19174084949,73.93,6757986043,26.06,100,TWSE_MI_QFIIS_DAILY_FOREIGN_INVESTMENT,2026-08-21T09:59:05.591Z
2024-02-07,2454,聯發科,1599647517,951217784,59.46,648429733,40.53,100,TWSE_MI_QFIIS_DAILY_FOREIGN_INVESTMENT,2026-08-21T09:59:05.591Z
2024-02-15,0050,元大台灣50,2157500000,117733106,5.45,2039766894,94.54,100,TWSE_MI_QFIIS_DAILY_FOREIGN_INVESTMENT,2026-08-21T09:59:05.591Z
2024-02-15,2317,鴻海,13862990609,5274320773,38.04,8588669836,61.95,100,TWSE_MI_QFIIS_DAILY_FOREIGN_INVESTMENT,2026-08-21T09:59:05.591Z
2024-02-15,2330,台積電,25932070992,19217241177,74.1,6714829815,25.89,100,TWSE_MI_QFIIS_DAILY_FOREIGN_INVESTMENT,2026-08-21T09:59:05.591Z
2024-02-15,2454,聯發科,1599647517,956783250,59.81,642864267,40.18,100,TWSE_MI_QFIIS_DAILY_FOREIGN_INVESTMENT,2026-08-21T09:59:05.591Z
2024-02-16,0050,元大台灣50,2150000000,119889466,5.57,2030110534,94.42,100,TWSE_MI_QFIIS_DAILY_FOREIGN_INVESTMENT,2026-08-21T09:59:05.591Z
2024-02-16,2317,鴻海,13862990609,5269121993,38,8593868616,61.99,100,TWSE_MI_QFIIS_DAILY_FOREIGN_INVESTMENT,2026-08-21T09:59:05.591Z
2024-02-16,2330,台積電,25932070992,19210748058,74.08,6721322934,25.91,100,TWSE_MI_QFIIS_DAILY_FOREIGN_INVESTMENT,2026-08-21T09:59:05.591Z
2024-02-16,2454,聯發科,1599647517,956763350,59.81,642884167,40.18,100,TWSE_MI_QFIIS_DAILY_FOREIGN_INVESTMENT,2026-08-21T09:59:05.591Z
2024-02-19,0050,元大台灣50,2136500000,108451839,5.07,2028048161,94.92,100,TWSE_MI_QFIIS_DAILY_FOREIGN_INVESTMENT,2026-08-21T09:59:05.591Z
2024-02-19,2317,鴻海,13862990609,5278957826,38.07,8584032783,61.92,100,TWSE_MI_QFIIS_DAILY_FOREIGN_INVESTMENT,2026-08-21T09:59:05.591Z
2024-02-19,2330,台積電,25932070992,19201430741,74.04,6730640251,25.95,100,TWSE_MI_QFIIS_DAILY_FOREIGN_INVESTMENT,2026-08-21T09:59:05.591Z
2024-02-19,2454,聯發科,1599647517,956349048,59.78,643298469,40.21,100,TWSE_MI_QFIIS_DAILY_FOREIGN_INVESTMENT,2026-08-21T09:59:05.591Z
2024-02-20,0050,元大台灣50,2121500000,100078547,4.71,2021421453,95.28,100,TWSE_MI_QFIIS_DAILY_FOREIGN_INVESTMENT,2026-08-21T09:59:05.591Z
2024-02-20,2317,鴻海,13862990609,5285827038,38.12,8577163571,61.87,100,TWSE_MI_QFIIS_DAILY_FOREIGN_INVESTMENT,2026-08-21T09:59:05.591Z
2024-02-20,2330,台積電,25932070992,19205544533,74.06,6726526459,25.93,100,TWSE_MI_QFIIS_DAILY_FOREIGN_INVESTMENT,2026-08-21T09:59:05.591Z
2024-02-20,2454,聯發科,1599647517,958731249,59.93,640916268,40.06,100,TWSE_MI_QFIIS_DAILY_FOREIGN_INVESTMENT,2026-08-21T09:59:05.591Z
2024-02-21,0050,元大台灣50,2114000000,99630695,4.71,2014369305,95.28,100,TWSE_MI_QFIIS_DAILY_FOREIGN_INVESTMENT,2026-08-21T09:59:05.591Z
2024-02-21,2317,鴻海,13862990609,5283571410,38.11,8579419199,61.88,100,TWSE_MI_QFIIS_DAILY_FOREIGN_INVESTMENT,2026-08-21T09:59:05.591Z
2024-02-21,2330,台積電,25932070992,19199603408,74.03,6732467584,25.96,100,TWSE_MI_QFIIS_DAILY_FOREIGN_INVESTMENT,2026-08-21T09:59:05.591Z
2024-02-21,2454,聯發科,1599623421,958015440,59.89,641607981,40.1,100,TWSE_MI_QFIIS_DAILY_FOREIGN_INVESTMENT,2026-08-21T09:59:05.591Z
2024-02-22,0050,元大台灣50,2114000000,104685837,4.95,2009314163,95.04,100,TWSE_MI_QFIIS_DAILY_FOREIGN_INVESTMENT,2026-08-21T09:59:05.591Z
2024-02-22,2317,鴻海,13862990609,5285962999,38.13,8577027610,61.86,100,TWSE_MI_QFIIS_DAILY_FOREIGN_INVESTMENT,2026-08-21T09:59:05.591Z
2024-02-22,2330,台積電,25932070992,19207352982,74.06,6724718010,25.93,100,TWSE_MI_QFIIS_DAILY_FOREIGN_INVESTMENT,2026-08-21T09:59:05.591Z
2024-02-22,2454,聯發科,1599623421,963944738,60.26,635678683,39.73,100,TWSE_MI_QFIIS_DAILY_FOREIGN_INVESTMENT,2026-08-21T09:59:05.591Z
2024-02-23,0050,元大台灣50,2110500000,118443711,5.61,1992056289,94.38,100,TWSE_MI_QFIIS_DAILY_FOREIGN_INVESTMENT,2026-08-21T09:59:05.591Z
2024-02-23,2317,鴻海,13862990609,5288985427,38.15,8574005182,61.84,100,TWSE_MI_QFIIS_DAILY_FOREIGN_INVESTMENT,2026-08-21T09:59:05.591Z
2024-02-23,2330,台積電,25932070992,19229912279,74.15,6702158713,25.84,100,TWSE_MI_QFIIS_DAILY_FOREIGN_INVESTMENT,2026-08-21T09:59:05.591Z
2024-02-23,2454,聯發科,1599623421,974407325,60.91,625216096,39.08,100,TWSE_MI_QFIIS_DAILY_FOREIGN_INVESTMENT,2026-08-21T09:59:05.591Z
2024-02-26,0050,元大台灣50,2102500000,118918886,5.65,1983581114,94.34,100,TWSE_MI_QFIIS_DAILY_FOREIGN_INVESTMENT,2026-08-21T09:59:05.591Z
2024-02-26,2317,鴻海,13862990609,5292877067,38.17,8570113542,61.82,100,TWSE_MI_QFIIS_DAILY_FOREIGN_INVESTMENT,2026-08-21T09:59:05.591Z
2024-02-26,2330,台積電,25932070992,19235003075,74.17,6697067917,25.82,100,TWSE_MI_QFIIS_DAILY_FOREIGN_INVESTMENT,2026-08-21T09:59:05.591Z
2024-02-26,2454,聯發科,1599623421,975813958,61,623809463,38.99,100,TWSE_MI_QFIIS_DAILY_FOREIGN_INVESTMENT,2026-08-21T09:59:05.591Z
2024-02-27,0050,元大台灣50,2099500000,116349244,5.54,1983150756,94.45,100,TWSE_MI_QFIIS_DAILY_FOREIGN_INVESTMENT,2026-08-21T09:59:05.591Z
2024-02-27,2317,鴻海,13862990609,5293562828,38.18,8569427781,61.81,100,TWSE_MI_QFIIS_DAILY_FOREIGN_INVESTMENT,2026-08-21T09:59:05.591Z
2024-02-27,2330,台積電,25932070992,19240065577,74.19,6692005415,25.8,100,TWSE_MI_QFIIS_DAILY_FOREIGN_INVESTMENT,2026-08-21T09:59:05.591Z
2024-02-27,2454,聯發科,1599623421,976337322,61.03,623286099,38.96,100,TWSE_MI_QFIIS_DAILY_FOREIGN_INVESTMENT,2026-08-21T09:59:05.591Z
2024-02-29,0050,元大台灣50,2097500000,114923738,5.47,1982576262,94.52,100,TWSE_MI_QFIIS_DAILY_FOREIGN_INVESTMENT,2026-08-21T09:59:05.591Z
2024-02-29,2317,鴻海,13862990609,5283353497,38.11,8579637112,61.88,100,TWSE_MI_QFIIS_DAILY_FOREIGN_INVESTMENT,2026-08-21T09:59:05.591Z
2024-02-29,2330,台積電,25932070992,19236284394,74.17,6695786598,25.82,100,TWSE_MI_QFIIS_DAILY_FOREIGN_INVESTMENT,2026-08-21T09:59:05.591Z
2024-02-29,2454,聯發科,1599623421,976894917,61.07,622728504,38.92,100,TWSE_MI_QFIIS_DAILY_FOREIGN_INVESTMENT,2026-08-21T09:59:05.591Z
2024-03-01,0050,元大台灣50,2102500000,121407798,5.77,1981092202,94.22,100,TWSE_MI_QFIIS_DAILY_FOREIGN_INVESTMENT,2026-08-21T09:59:05.591Z
2024-03-01,2317,鴻海,13862990609,5272873275,38.03,8590117334,61.96,100,TWSE_MI_QFIIS_DAILY_FOREIGN_INVESTMENT,2026-08-21T09:59:05.591Z
2024-03-01,2330,台積電,25932070992,19240466008,74.19,6691604984,25.8,100,TWSE_MI_QFIIS_DAILY_FOREIGN_INVESTMENT,2026-08-21T09:59:05.591Z
2024-03-01,2454,聯發科,1599623421,979777039,61.25,619846382,38.74,100,TWSE_MI_QFIIS_DAILY_FOREIGN_INVESTMENT,2026-08-21T09:59:05.591Z
2024-03-04,0050,元大台灣50,2100000000,135074240,6.43,1964925760,93.56,100,TWSE_MI_QFIIS_DAILY_FOREIGN_INVESTMENT,2026-08-21T09:59:05.591Z
2024-03-04,2317,鴻海,13862990609,5299651369,38.22,8563339240,61.77,100,TWSE_MI_QFIIS_DAILY_FOREIGN_INVESTMENT,2026-08-21T09:59:05.591Z
2024-03-04,2330,台積電,25932070992,19290767928,74.38,6641303064,25.61,100,TWSE_MI_QFIIS_DAILY_FOREIGN_INVESTMENT,2026-08-21T09:59:05.591Z
2024-03-04,2454,聯發科,1599623421,984714360,61.55,614909061,38.44,100,TWSE_MI_QFIIS_DAILY_FOREIGN_INVESTMENT,2026-08-21T09:59:05.591Z
2024-03-05,0050,元大台灣50,2086000000,136061907,6.52,1949938093,93.47,100,TWSE_MI_QFIIS_DAILY_FOREIGN_INVESTMENT,2026-08-21T09:59:05.591Z
2024-03-05,2317,鴻海,13862990609,5313177053,38.32,8549813556,61.67,100,TWSE_MI_QFIIS_DAILY_FOREIGN_INVESTMENT,2026-08-21T09:59:05.591Z
2024-03-05,2330,台積電,25932070992,19298269165,74.41,6633801827,25.58,100,TWSE_MI_QFIIS_DAILY_FOREIGN_INVESTMENT,2026-08-21T09:59:05.591Z
2024-03-05,2454,聯發科,1599623421,985306766,61.59,614316655,38.4,100,TWSE_MI_QFIIS_DAILY_FOREIGN_INVESTMENT,2026-08-21T09:59:05.591Z
2024-03-06,0050,元大台灣50,2067500000,129747947,6.27,1937752053,93.72,100,TWSE_MI_QFIIS_DAILY_FOREIGN_INVESTMENT,2026-08-21T09:59:05.591Z
2024-03-06,2317,鴻海,13862990609,5313778282,38.33,8549212327,61.66,100,TWSE_MI_QFIIS_DAILY_FOREIGN_INVESTMENT,2026-08-21T09:59:05.591Z
2024-03-06,2330,台積電,25932070992,19303010468,74.43,6629060524,25.56,100,TWSE_MI_QFIIS_DAILY_FOREIGN_INVESTMENT,2026-08-21T09:59:05.591Z
2024-03-06,2454,聯發科,1599623421,986856488,61.69,612766933,38.3,100,TWSE_MI_QFIIS_DAILY_FOREIGN_INVESTMENT,2026-08-21T09:59:05.591Z
2024-03-07,0050,元大台灣50,2050500000,137532607,6.7,1912967393,93.29,100,TWSE_MI_QFIIS_DAILY_FOREIGN_INVESTMENT,2026-08-21T09:59:05.591Z
2024-03-07,2317,鴻海,13862990609,5315442834,38.34,8547547775,61.65,100,TWSE_MI_QFIIS_DAILY_FOREIGN_INVESTMENT,2026-08-21T09:59:05.591Z
2024-03-07,2330,台積電,25932070992,19324226901,74.51,6607844091,25.48,100,TWSE_MI_QFIIS_DAILY_FOREIGN_INVESTMENT,2026-08-21T09:59:05.591Z
2024-03-07,2454,聯發科,1599623421,989250953,61.84,610372468,38.15,100,TWSE_MI_QFIIS_DAILY_FOREIGN_INVESTMENT,2026-08-21T09:59:05.591Z
2024-03-08,0050,元大台灣50,2026000000,134564722,6.64,1891435278,93.35,100,TWSE_MI_QFIIS_DAILY_FOREIGN_INVESTMENT,2026-08-21T09:59:05.591Z
2024-03-08,2317,鴻海,13862990609,5305086683,38.26,8557903926,61.73,100,TWSE_MI_QFIIS_DAILY_FOREIGN_INVESTMENT,2026-08-21T09:59:05.591Z
2024-03-08,2330,台積電,25932070992,19347454852,74.6,6584616140,25.39,100,TWSE_MI_QFIIS_DAILY_FOREIGN_INVESTMENT,2026-08-21T09:59:05.591Z
2024-03-08,2454,聯發科,1599623421,992944681,62.07,606678740,37.92,100,TWSE_MI_QFIIS_DAILY_FOREIGN_INVESTMENT,2026-08-21T09:59:05.591Z
2024-03-11,0050,元大台灣50,2024500000,138230788,6.82,1886269212,93.17,100,TWSE_MI_QFIIS_DAILY_FOREIGN_INVESTMENT,2026-08-21T09:59:05.591Z
2024-03-11,2317,鴻海,13862990609,5321285869,38.38,8541704740,61.61,100,TWSE_MI_QFIIS_DAILY_FOREIGN_INVESTMENT,2026-08-21T09:59:05.591Z
2024-03-11,2330,台積電,25932070992,19335042717,74.56,6597028275,25.43,100,TWSE_MI_QFIIS_DAILY_FOREIGN_INVESTMENT,2026-08-21T09:59:05.591Z
2024-03-11,2454,聯發科,1599623421,993992815,62.13,605630606,37.86,100,TWSE_MI_QFIIS_DAILY_FOREIGN_INVESTMENT,2026-08-21T09:59:05.591Z
2024-03-12,0050,元大台灣50,2022000000,148610204,7.34,1873389796,92.65,100,TWSE_MI_QFIIS_DAILY_FOREIGN_INVESTMENT,2026-08-21T09:59:05.591Z
2024-03-12,2317,鴻海,13862990609,5351937500,38.6,8511053109,61.39,100,TWSE_MI_QFIIS_DAILY_FOREIGN_INVESTMENT,2026-08-21T09:59:05.591Z
2024-03-12,2330,台積電,25935030992,19333825747,74.54,6601205245,25.45,100,TWSE_MI_QFIIS_DAILY_FOREIGN_INVESTMENT,2026-08-21T09:59:05.591Z
2024-03-12,2454,聯發科,1599623421,994001537,62.13,605621884,37.86,100,TWSE_MI_QFIIS_DAILY_FOREIGN_INVESTMENT,2026-08-21T09:59:05.591Z
2024-03-13,0050,元大台灣50,2020000000,156541367,7.74,1863458633,92.25,100,TWSE_MI_QFIIS_DAILY_FOREIGN_INVESTMENT,2026-08-21T09:59:05.591Z
2024-03-13,2317,鴻海,13862990609,5382900590,38.82,8480090019,61.17,100,TWSE_MI_QFIIS_DAILY_FOREIGN_INVESTMENT,2026-08-21T09:59:05.591Z
2024-03-13,2330,台積電,25935030992,19340828446,74.57,6594202546,25.42,100,TWSE_MI_QFIIS_DAILY_FOREIGN_INVESTMENT,2026-08-21T09:59:05.591Z
2024-03-13,2454,聯發科,1599623421,994411851,62.16,605211570,37.83,100,TWSE_MI_QFIIS_DAILY_FOREIGN_INVESTMENT,2026-08-21T09:59:05.591Z
2024-03-14,0050,元大台灣50,2015500000,161265366,8,1854234634,91.99,100,TWSE_MI_QFIIS_DAILY_FOREIGN_INVESTMENT,2026-08-21T09:59:05.591Z
2024-03-14,2317,鴻海,13862990609,5434216284,39.19,8428774325,60.8,100,TWSE_MI_QFIIS_DAILY_FOREIGN_INVESTMENT,2026-08-21T09:59:05.591Z
2024-03-14,2330,台積電,25935030992,19342484378,74.58,6592546614,25.41,100,TWSE_MI_QFIIS_DAILY_FOREIGN_INVESTMENT,2026-08-21T09:59:05.591Z
2024-03-14,2454,聯發科,1599623421,992551077,62.04,607072344,37.95,100,TWSE_MI_QFIIS_DAILY_FOREIGN_INVESTMENT,2026-08-21T09:59:05.591Z
2024-03-15,0050,元大台灣50,2027000000,172693234,8.51,1854306766,91.48,100,TWSE_MI_QFIIS_DAILY_FOREIGN_INVESTMENT,2026-08-21T09:59:05.591Z
2024-03-15,2317,鴻海,13862990609,5525301163,39.85,8337689446,60.14,100,TWSE_MI_QFIIS_DAILY_FOREIGN_INVESTMENT,2026-08-21T09:59:05.591Z
2024-03-15,2330,台積電,25935030992,19323332849,74.5,6611698143,25.49,100,TWSE_MI_QFIIS_DAILY_FOREIGN_INVESTMENT,2026-08-21T09:59:05.591Z
2024-03-15,2454,聯發科,1599623421,991992197,62.01,607631224,37.98,100,TWSE_MI_QFIIS_DAILY_FOREIGN_INVESTMENT,2026-08-21T09:59:05.591Z
2024-03-18,0050,元大台灣50,2017000000,169576547,8.4,1847423453,91.59,100,TWSE_MI_QFIIS_DAILY_FOREIGN_INVESTMENT,2026-08-21T09:59:05.591Z
2024-03-18,2317,鴻海,13862990609,5514358753,39.77,8348631856,60.22,100,TWSE_MI_QFIIS_DAILY_FOREIGN_INVESTMENT,2026-08-21T09:59:05.591Z
2024-03-18,2330,台積電,25935030992,19323827032,74.5,6611203960,25.49,100,TWSE_MI_QFIIS_DAILY_FOREIGN_INVESTMENT,2026-08-21T09:59:05.591Z
2024-03-18,2454,聯發科,1599623421,991601590,61.98,608021831,38.01,100,TWSE_MI_QFIIS_DAILY_FOREIGN_INVESTMENT,2026-08-21T09:59:05.591Z
2024-03-19,0050,元大台灣50,2000500000,158349871,7.91,1842150129,92.08,100,TWSE_MI_QFIIS_DAILY_FOREIGN_INVESTMENT,2026-08-21T09:59:05.591Z
2024-03-19,2317,鴻海,13862990609,5531191586,39.89,8331799023,60.1,100,TWSE_MI_QFIIS_DAILY_FOREIGN_INVESTMENT,2026-08-21T09:59:05.591Z
2024-03-19,2330,台積電,25935030992,19325711164,74.51,6609319828,25.48,100,TWSE_MI_QFIIS_DAILY_FOREIGN_INVESTMENT,2026-08-21T09:59:05.591Z
2024-03-19,2454,聯發科,1599623421,988168096,61.77,611455325,38.22,100,TWSE_MI_QFIIS_DAILY_FOREIGN_INVESTMENT,2026-08-21T09:59:05.591Z
2024-03-20,0050,元大台灣50,1992000000,161042597,8.08,1830957403,91.91,100,TWSE_MI_QFIIS_DAILY_FOREIGN_INVESTMENT,2026-08-21T09:59:05.591Z
2024-03-20,2317,鴻海,13862990609,5541779156,39.97,8321211453,60.02,100,TWSE_MI_QFIIS_DAILY_FOREIGN_INVESTMENT,2026-08-21T09:59:05.591Z
2024-03-20,2330,台積電,25935030992,19323796211,74.5,6611234781,25.49,100,TWSE_MI_QFIIS_DAILY_FOREIGN_INVESTMENT,2026-08-21T09:59:05.591Z
2024-03-20,2454,聯發科,1599623421,987081142,61.7,612542279,38.29,100,TWSE_MI_QFIIS_DAILY_FOREIGN_INVESTMENT,2026-08-21T09:59:05.591Z
2024-03-21,0050,元大台灣50,1968000000,153102228,7.77,1814897772,92.22,100,TWSE_MI_QFIIS_DAILY_FOREIGN_INVESTMENT,2026-08-21T09:59:05.591Z
2024-03-21,2317,鴻海,13862990609,5545585684,40,8317404925,59.99,100,TWSE_MI_QFIIS_DAILY_FOREIGN_INVESTMENT,2026-08-21T09:59:05.591Z
2024-03-21,2330,台積電,25935030992,19336240537,74.55,6598790455,25.44,100,TWSE_MI_QFIIS_DAILY_FOREIGN_INVESTMENT,2026-08-21T09:59:05.591Z
2024-03-21,2454,聯發科,1599623421,986551552,61.67,613071869,38.32,100,TWSE_MI_QFIIS_DAILY_FOREIGN_INVESTMENT,2026-08-21T09:59:05.591Z
2024-03-22,0050,元大台灣50,1932500000,122054118,6.31,1810445882,93.68,100,TWSE_MI_QFIIS_DAILY_FOREIGN_INVESTMENT,2026-08-21T09:59:05.591Z
2024-03-22,2317,鴻海,13862990609,5552354141,40.05,8310636468,59.94,100,TWSE_MI_QFIIS_DAILY_FOREIGN_INVESTMENT,2026-08-21T09:59:05.591Z
2024-03-22,2330,台積電,25935030992,19343520216,74.58,6591510776,25.41,100,TWSE_MI_QFIIS_DAILY_FOREIGN_INVESTMENT,2026-08-21T09:59:05.591Z
2024-03-22,2454,聯發科,1599623421,986470691,61.66,613152730,38.33,100,TWSE_MI_QFIIS_DAILY_FOREIGN_INVESTMENT,2026-08-21T09:59:05.591Z
2024-03-25,0050,元大台灣50,1920000000,113656823,5.91,1806343177,94.08,100,TWSE_MI_QFIIS_DAILY_FOREIGN_INVESTMENT,2026-08-21T09:59:05.591Z
2024-03-25,2317,鴻海,13862990609,5547222390,40.01,8315768219,59.98,100,TWSE_MI_QFIIS_DAILY_FOREIGN_INVESTMENT,2026-08-21T09:59:05.591Z
2024-03-25,2330,台積電,25935030992,19343822218,74.58,6591208774,25.41,100,TWSE_MI_QFIIS_DAILY_FOREIGN_INVESTMENT,2026-08-21T09:59:05.591Z
2024-03-25,2454,聯發科,1599623421,986622337,61.67,613001084,38.32,100,TWSE_MI_QFIIS_DAILY_FOREIGN_INVESTMENT,2026-08-21T09:59:05.591Z
2024-03-26,0050,元大台灣50,1917500000,113947862,5.94,1803552138,94.05,100,TWSE_MI_QFIIS_DAILY_FOREIGN_INVESTMENT,2026-08-21T09:59:05.591Z
2024-03-26,2317,鴻海,13862990609,5586264527,40.29,8276726082,59.7,100,TWSE_MI_QFIIS_DAILY_FOREIGN_INVESTMENT,2026-08-21T09:59:05.591Z
2024-03-26,2330,台積電,25935030992,19346095890,74.59,6588935102,25.4,100,TWSE_MI_QFIIS_DAILY_FOREIGN_INVESTMENT,2026-08-21T09:59:05.591Z
2024-03-26,2454,聯發科,1599623421,985694912,61.62,613928509,38.37,100,TWSE_MI_QFIIS_DAILY_FOREIGN_INVESTMENT,2026-08-21T09:59:05.591Z
2024-03-27,0050,元大台灣50,1909500000,107571090,5.63,1801928910,94.36,100,TWSE_MI_QFIIS_DAILY_FOREIGN_INVESTMENT,2026-08-21T09:59:05.591Z
2024-03-27,2317,鴻海,13862990609,5596990227,40.37,8266000382,59.62,100,TWSE_MI_QFIIS_DAILY_FOREIGN_INVESTMENT,2026-08-21T09:59:05.591Z
2024-03-27,2330,台積電,25935030992,19342660081,74.58,6592370911,25.41,100,TWSE_MI_QFIIS_DAILY_FOREIGN_INVESTMENT,2026-08-21T09:59:05.591Z
2024-03-27,2454,聯發科,1599623421,985535984,61.61,614087437,38.38,100,TWSE_MI_QFIIS_DAILY_FOREIGN_INVESTMENT,2026-08-21T09:59:05.591Z
2024-03-28,0050,元大台灣50,1901000000,101748542,5.35,1799251458,94.64,100,TWSE_MI_QFIIS_DAILY_FOREIGN_INVESTMENT,2026-08-21T09:59:05.591Z
2024-03-28,2317,鴻海,13862990609,5599997813,40.39,8262992796,59.6,100,TWSE_MI_QFIIS_DAILY_FOREIGN_INVESTMENT,2026-08-21T09:59:05.591Z
2024-03-28,2330,台積電,25935030992,19336747903,74.55,6598283089,25.44,100,TWSE_MI_QFIIS_DAILY_FOREIGN_INVESTMENT,2026-08-21T09:59:05.591Z
2024-03-28,2454,聯發科,1599623421,983373070,61.47,616250351,38.52,100,TWSE_MI_QFIIS_DAILY_FOREIGN_INVESTMENT,2026-08-21T09:59:05.591Z
2024-03-29,0050,元大台灣50,1898000000,103907828,5.47,1794092172,94.52,100,TWSE_MI_QFIIS_DAILY_FOREIGN_INVESTMENT,2026-08-21T09:59:05.591Z
2024-03-29,2317,鴻海,13862990609,5591038159,40.33,8271952450,59.66,100,TWSE_MI_QFIIS_DAILY_FOREIGN_INVESTMENT,2026-08-21T09:59:05.591Z
2024-03-29,2330,台積電,25935030992,19344455602,74.58,6590575390,25.41,100,TWSE_MI_QFIIS_DAILY_FOREIGN_INVESTMENT,2026-08-21T09:59:05.591Z
2024-03-29,2454,聯發科,1599623421,982593477,61.42,617029944,38.57,100,TWSE_MI_QFIIS_DAILY_FOREIGN_INVESTMENT,2026-08-21T09:59:05.591Z
2024-04-01,0050,元大台灣50,1903000000,106838346,5.61,1796161654,94.38,100,TWSE_MI_QFIIS_DAILY_FOREIGN_INVESTMENT,2026-08-21T09:59:05.591Z
2024-04-01,2317,鴻海,13862990609,5598896978,40.38,8264093631,59.61,100,TWSE_MI_QFIIS_DAILY_FOREIGN_INVESTMENT,2026-08-21T09:59:05.591Z
2024-04-01,2330,台積電,25935030992,19346244717,74.59,6588786275,25.4,100,TWSE_MI_QFIIS_DAILY_FOREIGN_INVESTMENT,2026-08-21T09:59:05.591Z
2024-04-01,2454,聯發科,1599623421,982308675,61.4,617314746,38.59,100,TWSE_MI_QFIIS_DAILY_FOREIGN_INVESTMENT,2026-08-21T09:59:05.591Z
2024-04-02,0050,元大台灣50,1905500000,109310547,5.73,1796189453,94.26,100,TWSE_MI_QFIIS_DAILY_FOREIGN_INVESTMENT,2026-08-21T09:59:05.591Z
2024-04-02,2317,鴻海,13862990609,5610524132,40.47,8252466477,59.52,100,TWSE_MI_QFIIS_DAILY_FOREIGN_INVESTMENT,2026-08-21T09:59:05.591Z
2024-04-02,2330,台積電,25935030992,19357791608,74.63,6577239384,25.36,100,TWSE_MI_QFIIS_DAILY_FOREIGN_INVESTMENT,2026-08-21T09:59:05.591Z
2024-04-02,2454,聯發科,1599623421,982029550,61.39,617593871,38.6,100,TWSE_MI_QFIIS_DAILY_FOREIGN_INVESTMENT,2026-08-21T09:59:05.591Z
2024-04-03,0050,元大台灣50,1905500000,107708888,5.65,1797791112,94.34,100,TWSE_MI_QFIIS_DAILY_FOREIGN_INVESTMENT,2026-08-21T09:59:05.591Z
2024-04-03,2317,鴻海,13862990609,5580234371,40.25,8282756238,59.74,100,TWSE_MI_QFIIS_DAILY_FOREIGN_INVESTMENT,2026-08-21T09:59:05.591Z
2024-04-03,2330,台積電,25935030992,19357211414,74.63,6577819578,25.36,100,TWSE_MI_QFIIS_DAILY_FOREIGN_INVESTMENT,2026-08-21T09:59:05.591Z
2024-04-03,2454,聯發科,1599623421,981737082,61.37,617886339,38.62,100,TWSE_MI_QFIIS_DAILY_FOREIGN_INVESTMENT,2026-08-21T09:59:05.591Z
2024-04-08,0050,元大台灣50,1908000000,106751720,5.59,1801248280,94.4,100,TWSE_MI_QFIIS_DAILY_FOREIGN_INVESTMENT,2026-08-21T09:59:05.591Z
2024-04-08,2317,鴻海,13862990609,5580175710,40.25,8282814899,59.74,100,TWSE_MI_QFIIS_DAILY_FOREIGN_INVESTMENT,2026-08-21T09:59:05.591Z
2024-04-08,2330,台積電,25935030992,19356787420,74.63,6578243572,25.36,100,TWSE_MI_QFIIS_DAILY_FOREIGN_INVESTMENT,2026-08-21T09:59:05.591Z
2024-04-08,2454,聯發科,1599623421,980712814,61.3,618910607,38.69,100,TWSE_MI_QFIIS_DAILY_FOREIGN_INVESTMENT,2026-08-21T09:59:05.591Z
2024-04-09,0050,元大台灣50,1907500000,106454374,5.58,1801045626,94.41,100,TWSE_MI_QFIIS_DAILY_FOREIGN_INVESTMENT,2026-08-21T09:59:05.591Z
2024-04-09,2317,鴻海,13862990609,5586425729,40.29,8276564880,59.7,100,TWSE_MI_QFIIS_DAILY_FOREIGN_INVESTMENT,2026-08-21T09:59:05.591Z
2024-04-09,2330,台積電,25935030992,19375908709,74.7,6559122283,25.29,100,TWSE_MI_QFIIS_DAILY_FOREIGN_INVESTMENT,2026-08-21T09:59:05.591Z
2024-04-09,2454,聯發科,1599623421,980430400,61.29,619193021,38.7,100,TWSE_MI_QFIIS_DAILY_FOREIGN_INVESTMENT,2026-08-21T09:59:05.591Z
2024-04-10,0050,元大台灣50,1907500000,106200826,5.56,1801299174,94.43,100,TWSE_MI_QFIIS_DAILY_FOREIGN_INVESTMENT,2026-08-21T09:59:05.591Z
2024-04-10,2317,鴻海,13862990609,5587098161,40.3,8275892448,59.69,100,TWSE_MI_QFIIS_DAILY_FOREIGN_INVESTMENT,2026-08-21T09:59:05.591Z
2024-04-10,2330,台積電,25935030992,19370012639,74.68,6565018353,25.31,100,TWSE_MI_QFIIS_DAILY_FOREIGN_INVESTMENT,2026-08-21T09:59:05.591Z
2024-04-10,2454,聯發科,1599623421,981222303,61.34,618401118,38.65,100,TWSE_MI_QFIIS_DAILY_FOREIGN_INVESTMENT,2026-08-21T09:59:05.591Z
2024-04-11,0050,元大台灣50,1907500000,103245146,5.41,1804254854,94.58,100,TWSE_MI_QFIIS_DAILY_FOREIGN_INVESTMENT,2026-08-21T09:59:05.591Z
2024-04-11,2317,鴻海,13862990609,5610483971,40.47,8252506638,59.52,100,TWSE_MI_QFIIS_DAILY_FOREIGN_INVESTMENT,2026-08-21T09:59:05.591Z
2024-04-11,2330,台積電,25935030992,19369515572,74.68,6565515420,25.31,100,TWSE_MI_QFIIS_DAILY_FOREIGN_INVESTMENT,2026-08-21T09:59:05.591Z
2024-04-11,2454,聯發科,1599623421,980269973,61.28,619353448,38.71,100,TWSE_MI_QFIIS_DAILY_FOREIGN_INVESTMENT,2026-08-21T09:59:05.591Z
2024-04-12,0050,元大台灣50,1904500000,101481931,5.32,1803018069,94.67,100,TWSE_MI_QFIIS_DAILY_FOREIGN_INVESTMENT,2026-08-21T09:59:05.591Z
2024-04-12,2317,鴻海,13862990609,5607914764,40.45,8255075845,59.54,100,TWSE_MI_QFIIS_DAILY_FOREIGN_INVESTMENT,2026-08-21T09:59:05.591Z
2024-04-12,2330,台積電,25935030992,19367776971,74.67,6567254021,25.32,100,TWSE_MI_QFIIS_DAILY_FOREIGN_INVESTMENT,2026-08-21T09:59:05.591Z
2024-04-12,2454,聯發科,1599623421,980016936,61.26,619606485,38.73,100,TWSE_MI_QFIIS_DAILY_FOREIGN_INVESTMENT,2026-08-21T09:59:05.591Z
2024-04-15,0050,元大台灣50,1904500000,101292901,5.31,1803207099,94.68,100,TWSE_MI_QFIIS_DAILY_FOREIGN_INVESTMENT,2026-08-21T09:59:05.591Z
2024-04-15,2317,鴻海,13862990609,5612530478,40.48,8250460131,59.51,100,TWSE_MI_QFIIS_DAILY_FOREIGN_INVESTMENT,2026-08-21T09:59:05.591Z
2024-04-15,2330,台積電,25935030992,19355934726,74.63,6579096266,25.36,100,TWSE_MI_QFIIS_DAILY_FOREIGN_INVESTMENT,2026-08-21T09:59:05.591Z
2024-04-15,2454,聯發科,1599623421,977053089,61.08,622570332,38.91,100,TWSE_MI_QFIIS_DAILY_FOREIGN_INVESTMENT,2026-08-21T09:59:05.591Z
2024-04-16,0050,元大台灣50,1904500000,101332291,5.32,1803167709,94.67,100,TWSE_MI_QFIIS_DAILY_FOREIGN_INVESTMENT,2026-08-21T09:59:05.591Z
2024-04-16,2317,鴻海,13862990609,5636507846,40.65,8226482763,59.34,100,TWSE_MI_QFIIS_DAILY_FOREIGN_INVESTMENT,2026-08-21T09:59:05.591Z
2024-04-16,2330,台積電,25935030992,19340753241,74.57,6594277751,25.42,100,TWSE_MI_QFIIS_DAILY_FOREIGN_INVESTMENT,2026-08-21T09:59:05.591Z
2024-04-16,2454,聯發科,1599623421,975477032,60.98,624146389,39.01,100,TWSE_MI_QFIIS_DAILY_FOREIGN_INVESTMENT,2026-08-21T09:59:05.591Z
2024-04-17,0050,元大台灣50,1904000000,98041941,5.14,1805958059,94.85,100,TWSE_MI_QFIIS_DAILY_FOREIGN_INVESTMENT,2026-08-21T09:59:05.591Z
2024-04-17,2317,鴻海,13862990609,5631465303,40.62,8231525306,59.37,100,TWSE_MI_QFIIS_DAILY_FOREIGN_INVESTMENT,2026-08-21T09:59:05.591Z
2024-04-17,2330,台積電,25935030992,19336677208,74.55,6598353784,25.44,100,TWSE_MI_QFIIS_DAILY_FOREIGN_INVESTMENT,2026-08-21T09:59:05.591Z
2024-04-17,2454,聯發科,1599623421,973188908,60.83,626434513,39.16,100,TWSE_MI_QFIIS_DAILY_FOREIGN_INVESTMENT,2026-08-21T09:59:05.591Z
2024-04-18,0050,元大台灣50,1904000000,98792822,5.18,1805207178,94.81,100,TWSE_MI_QFIIS_DAILY_FOREIGN_INVESTMENT,2026-08-21T09:59:05.591Z
2024-04-18,2317,鴻海,13862990609,5642040369,40.69,8220950240,59.3,100,TWSE_MI_QFIIS_DAILY_FOREIGN_INVESTMENT,2026-08-21T09:59:05.591Z
2024-04-18,2330,台積電,25935030992,19329209310,74.52,6605821682,25.47,100,TWSE_MI_QFIIS_DAILY_FOREIGN_INVESTMENT,2026-08-21T09:59:05.591Z
2024-04-18,2454,聯發科,1599623421,973570270,60.86,626053151,39.13,100,TWSE_MI_QFIIS_DAILY_FOREIGN_INVESTMENT,2026-08-21T09:59:05.591Z
2024-04-19,0050,元大台灣50,1904000000,87116832,4.57,1816883168,95.42,100,TWSE_MI_QFIIS_DAILY_FOREIGN_INVESTMENT,2026-08-21T09:59:05.591Z
2024-04-19,2317,鴻海,13862990609,5629139469,40.6,8233851140,59.39,100,TWSE_MI_QFIIS_DAILY_FOREIGN_INVESTMENT,2026-08-21T09:59:05.591Z
2024-04-19,2330,台積電,25935030992,19274409457,74.31,6660621535,25.68,100,TWSE_MI_QFIIS_DAILY_FOREIGN_INVESTMENT,2026-08-21T09:59:05.591Z
2024-04-19,2454,聯發科,1599623421,971891944,60.75,627731477,39.24,100,TWSE_MI_QFIIS_DAILY_FOREIGN_INVESTMENT,2026-08-21T09:59:05.591Z
2024-04-22,0050,元大台灣50,1904000000,86000882,4.51,1817999118,95.48,100,TWSE_MI_QFIIS_DAILY_FOREIGN_INVESTMENT,2026-08-21T09:59:05.591Z
2024-04-22,2317,鴻海,13862990609,5637552158,40.66,8225438451,59.33,100,TWSE_MI_QFIIS_DAILY_FOREIGN_INVESTMENT,2026-08-21T09:59:05.591Z
2024-04-22,2330,台積電,25935030992,19265636410,74.28,6669394582,25.71,100,TWSE_MI_QFIIS_DAILY_FOREIGN_INVESTMENT,2026-08-21T09:59:05.591Z
2024-04-22,2454,聯發科,1599623421,970783511,60.68,628839910,39.31,100,TWSE_MI_QFIIS_DAILY_FOREIGN_INVESTMENT,2026-08-21T09:59:05.591Z
2024-04-23,0050,元大台灣50,1904000000,84406919,4.43,1819593081,95.56,100,TWSE_MI_QFIIS_DAILY_FOREIGN_INVESTMENT,2026-08-21T09:59:05.591Z
2024-04-23,2317,鴻海,13862990609,5637069821,40.66,8225920788,59.33,100,TWSE_MI_QFIIS_DAILY_FOREIGN_INVESTMENT,2026-08-21T09:59:05.591Z
2024-04-23,2330,台積電,25935030992,19268615455,74.29,6666415537,25.7,100,TWSE_MI_QFIIS_DAILY_FOREIGN_INVESTMENT,2026-08-21T09:59:05.591Z
2024-04-23,2454,聯發科,1599623421,969926912,60.63,629696509,39.36,100,TWSE_MI_QFIIS_DAILY_FOREIGN_INVESTMENT,2026-08-21T09:59:05.591Z
2024-04-24,0050,元大台灣50,1904000000,81413381,4.27,1822586619,95.72,100,TWSE_MI_QFIIS_DAILY_FOREIGN_INVESTMENT,2026-08-21T09:59:05.591Z
2024-04-24,2317,鴻海,13862990609,5655285311,40.79,8207705298,59.2,100,TWSE_MI_QFIIS_DAILY_FOREIGN_INVESTMENT,2026-08-21T09:59:05.591Z
2024-04-24,2330,台積電,25935030992,19281382907,74.34,6653648085,25.65,100,TWSE_MI_QFIIS_DAILY_FOREIGN_INVESTMENT,2026-08-21T09:59:05.591Z
2024-04-24,2454,聯發科,1599623421,970063824,60.64,629559597,39.35,100,TWSE_MI_QFIIS_DAILY_FOREIGN_INVESTMENT,2026-08-21T09:59:05.591Z
2024-04-25,0050,元大台灣50,1907000000,81828481,4.29,1825171519,95.7,100,TWSE_MI_QFIIS_DAILY_FOREIGN_INVESTMENT,2026-08-21T09:59:05.591Z
2024-04-25,2317,鴻海,13862990609,5646700846,40.73,8216289763,59.26,100,TWSE_MI_QFIIS_DAILY_FOREIGN_INVESTMENT,2026-08-21T09:59:05.591Z
2024-04-25,2330,台積電,25935030992,19272623664,74.31,6662407328,25.68,100,TWSE_MI_QFIIS_DAILY_FOREIGN_INVESTMENT,2026-08-21T09:59:05.591Z
2024-04-25,2454,聯發科,1599623421,969165275,60.58,630458146,39.41,100,TWSE_MI_QFIIS_DAILY_FOREIGN_INVESTMENT,2026-08-21T09:59:05.591Z
2024-04-26,0050,元大台灣50,1907000000,82758270,4.33,1824241730,95.66,100,TWSE_MI_QFIIS_DAILY_FOREIGN_INVESTMENT,2026-08-21T09:59:05.591Z
2024-04-26,2317,鴻海,13862990609,5649561072,40.75,8213429537,59.24,100,TWSE_MI_QFIIS_DAILY_FOREIGN_INVESTMENT,2026-08-21T09:59:05.591Z
2024-04-26,2330,台積電,25935030992,19288565228,74.37,6646465764,25.62,100,TWSE_MI_QFIIS_DAILY_FOREIGN_INVESTMENT,2026-08-21T09:59:05.591Z
2024-04-26,2454,聯發科,1599623421,971522438,60.73,628100983,39.26,100,TWSE_MI_QFIIS_DAILY_FOREIGN_INVESTMENT,2026-08-21T09:59:05.591Z
2024-04-29,0050,元大台灣50,1907000000,85079333,4.46,1821920667,95.53,100,TWSE_MI_QFIIS_DAILY_FOREIGN_INVESTMENT,2026-08-21T09:59:05.591Z
2024-04-29,2317,鴻海,13862990609,5663615509,40.85,8199375100,59.14,100,TWSE_MI_QFIIS_DAILY_FOREIGN_INVESTMENT,2026-08-21T09:59:05.591Z
2024-04-29,2330,台積電,25935030992,19297403083,74.4,6637627909,25.59,100,TWSE_MI_QFIIS_DAILY_FOREIGN_INVESTMENT,2026-08-21T09:59:05.591Z
2024-04-29,2454,聯發科,1599623421,970579784,60.67,629043637,39.32,100,TWSE_MI_QFIIS_DAILY_FOREIGN_INVESTMENT,2026-08-21T09:59:05.591Z
2024-04-30,0050,元大台灣50,1908000000,85425934,4.47,1822574066,95.52,100,TWSE_MI_QFIIS_DAILY_FOREIGN_INVESTMENT,2026-08-21T09:59:05.591Z
2024-04-30,2317,鴻海,13862990609,5659307309,40.82,8203683300,59.17,100,TWSE_MI_QFIIS_DAILY_FOREIGN_INVESTMENT,2026-08-21T09:59:05.591Z
2024-04-30,2330,台積電,25935030992,19301544835,74.42,6633486157,25.57,100,TWSE_MI_QFIIS_DAILY_FOREIGN_INVESTMENT,2026-08-21T09:59:05.591Z
2024-04-30,2454,聯發科,1599623421,968989584,60.57,630633837,39.42,100,TWSE_MI_QFIIS_DAILY_FOREIGN_INVESTMENT,2026-08-21T09:59:05.591Z
2024-05-02,0050,元大台灣50,1908000000,80877904,4.23,1827122096,95.76,100,TWSE_MI_QFIIS_DAILY_FOREIGN_INVESTMENT,2026-08-21T09:59:05.591Z
2024-05-02,2317,鴻海,13862990609,5661359777,40.83,8201630832,59.16,100,TWSE_MI_QFIIS_DAILY_FOREIGN_INVESTMENT,2026-08-21T09:59:05.591Z
2024-05-02,2330,台積電,25935030992,19292687092,74.38,6642343900,25.61,100,TWSE_MI_QFIIS_DAILY_FOREIGN_INVESTMENT,2026-08-21T09:59:05.591Z
2024-05-02,2454,聯發科,1599623421,969324381,60.59,630299040,39.4,100,TWSE_MI_QFIIS_DAILY_FOREIGN_INVESTMENT,2026-08-21T09:59:05.591Z
2024-05-03,0050,元大台灣50,1908000000,82597184,4.32,1825402816,95.67,100,TWSE_MI_QFIIS_DAILY_FOREIGN_INVESTMENT,2026-08-21T09:59:05.591Z
2024-05-03,2317,鴻海,13862990609,5684001774,41,8178988835,58.99,100,TWSE_MI_QFIIS_DAILY_FOREIGN_INVESTMENT,2026-08-21T09:59:05.591Z
2024-05-03,2330,台積電,25935030992,19306124665,74.44,6628906327,25.55,100,TWSE_MI_QFIIS_DAILY_FOREIGN_INVESTMENT,2026-08-21T09:59:05.591Z
2024-05-03,2454,聯發科,1599623421,970988501,60.7,628634920,39.29,100,TWSE_MI_QFIIS_DAILY_FOREIGN_INVESTMENT,2026-08-21T09:59:05.591Z
2024-05-06,0050,元大台灣50,1908000000,83220601,4.36,1824779399,95.63,100,TWSE_MI_QFIIS_DAILY_FOREIGN_INVESTMENT,2026-08-21T09:59:05.591Z
2024-05-06,2317,鴻海,13862990609,5721884783,41.27,8141105826,58.72,100,TWSE_MI_QFIIS_DAILY_FOREIGN_INVESTMENT,2026-08-21T09:59:05.591Z
2024-05-06,2330,台積電,25935030992,19320655523,74.49,6614375469,25.5,100,TWSE_MI_QFIIS_DAILY_FOREIGN_INVESTMENT,2026-08-21T09:59:05.591Z
2024-05-06,2454,聯發科,1599623421,970601290,60.67,629022131,39.32,100,TWSE_MI_QFIIS_DAILY_FOREIGN_INVESTMENT,2026-08-21T09:59:05.591Z
2024-05-07,0050,元大台灣50,1907000000,83939772,4.4,1823060228,95.59,100,TWSE_MI_QFIIS_DAILY_FOREIGN_INVESTMENT,2026-08-21T09:59:05.591Z
2024-05-07,2317,鴻海,13862990609,5708140522,41.17,8154850087,58.82,100,TWSE_MI_QFIIS_DAILY_FOREIGN_INVESTMENT,2026-08-21T09:59:05.591Z
2024-05-07,2330,台積電,25935030992,19336763833,74.55,6598267159,25.44,100,TWSE_MI_QFIIS_DAILY_FOREIGN_INVESTMENT,2026-08-21T09:59:05.591Z
2024-05-07,2454,聯發科,1599623421,970336192,60.66,629287229,39.33,100,TWSE_MI_QFIIS_DAILY_FOREIGN_INVESTMENT,2026-08-21T09:59:05.591Z
2024-05-08,0050,元大台灣50,1907000000,86439363,4.53,1820560637,95.46,100,TWSE_MI_QFIIS_DAILY_FOREIGN_INVESTMENT,2026-08-21T09:59:05.591Z
2024-05-08,2317,鴻海,13862990609,5701195006,41.12,8161795603,58.87,100,TWSE_MI_QFIIS_DAILY_FOREIGN_INVESTMENT,2026-08-21T09:59:05.591Z
2024-05-08,2330,台積電,25935030992,19341272533,74.57,6593758459,25.42,100,TWSE_MI_QFIIS_DAILY_FOREIGN_INVESTMENT,2026-08-21T09:59:05.591Z
2024-05-08,2454,聯發科,1599623421,971687655,60.74,627935766,39.25,100,TWSE_MI_QFIIS_DAILY_FOREIGN_INVESTMENT,2026-08-21T09:59:05.591Z
2024-05-09,0050,元大台灣50,1907000000,88788736,4.65,1818211264,95.34,100,TWSE_MI_QFIIS_DAILY_FOREIGN_INVESTMENT,2026-08-21T09:59:05.591Z
2024-05-09,2317,鴻海,13862990609,5687283838,41.02,8175706771,58.97,100,TWSE_MI_QFIIS_DAILY_FOREIGN_INVESTMENT,2026-08-21T09:59:05.591Z
2024-05-09,2330,台積電,25935030992,19337317566,74.56,6597713426,25.43,100,TWSE_MI_QFIIS_DAILY_FOREIGN_INVESTMENT,2026-08-21T09:59:05.591Z
2024-05-09,2454,聯發科,1599623421,972411577,60.79,627211844,39.2,100,TWSE_MI_QFIIS_DAILY_FOREIGN_INVESTMENT,2026-08-21T09:59:05.591Z
2024-05-10,0050,元大台灣50,1907000000,92353774,4.84,1814646226,95.15,100,TWSE_MI_QFIIS_DAILY_FOREIGN_INVESTMENT,2026-08-21T09:59:05.591Z
2024-05-10,2317,鴻海,13862990609,5685361568,41.01,8177629041,58.98,100,TWSE_MI_QFIIS_DAILY_FOREIGN_INVESTMENT,2026-08-21T09:59:05.591Z
2024-05-10,2330,台積電,25935030992,19343501111,74.58,6591529881,25.41,100,TWSE_MI_QFIIS_DAILY_FOREIGN_INVESTMENT,2026-08-21T09:59:05.591Z
2024-05-10,2454,聯發科,1599623421,972671467,60.8,626951954,39.19,100,TWSE_MI_QFIIS_DAILY_FOREIGN_INVESTMENT,2026-08-21T09:59:05.591Z
2024-05-13,0050,元大台灣50,1907000000,97962770,5.13,1809037230,94.86,100,TWSE_MI_QFIIS_DAILY_FOREIGN_INVESTMENT,2026-08-21T09:59:05.591Z
2024-05-13,2317,鴻海,13862990609,5686447503,41.01,8176543106,58.98,100,TWSE_MI_QFIIS_DAILY_FOREIGN_INVESTMENT,2026-08-21T09:59:05.591Z
2024-05-13,2330,台積電,25935030992,19359201563,74.64,6575829429,25.35,100,TWSE_MI_QFIIS_DAILY_FOREIGN_INVESTMENT,2026-08-21T09:59:05.591Z
2024-05-13,2454,聯發科,1599344128,973128979,60.84,626215149,39.15,100,TWSE_MI_QFIIS_DAILY_FOREIGN_INVESTMENT,2026-08-21T09:59:05.591Z
2024-05-14,0050,元大台灣50,1907000000,104094900,5.45,1802905100,94.54,100,TWSE_MI_QFIIS_DAILY_FOREIGN_INVESTMENT,2026-08-21T09:59:05.591Z
2024-05-14,2317,鴻海,13862990609,5686869488,41.02,8176121121,58.97,100,TWSE_MI_QFIIS_DAILY_FOREIGN_INVESTMENT,2026-08-21T09:59:05.591Z
2024-05-14,2330,台積電,25935030992,19365100498,74.66,6569930494,25.33,100,TWSE_MI_QFIIS_DAILY_FOREIGN_INVESTMENT,2026-08-21T09:59:05.591Z
2024-05-14,2454,聯發科,1599344128,974405113,60.92,624939015,39.07,100,TWSE_MI_QFIIS_DAILY_FOREIGN_INVESTMENT,2026-08-21T09:59:05.591Z
2024-05-15,0050,元大台灣50,1907000000,110865696,5.81,1796134304,94.18,100,TWSE_MI_QFIIS_DAILY_FOREIGN_INVESTMENT,2026-08-21T09:59:05.591Z
2024-05-15,2317,鴻海,13862990609,5699680163,41.11,8163310446,58.88,100,TWSE_MI_QFIIS_DAILY_FOREIGN_INVESTMENT,2026-08-21T09:59:05.591Z
2024-05-15,2330,台積電,25935030992,19376366056,74.71,6558664936,25.28,100,TWSE_MI_QFIIS_DAILY_FOREIGN_INVESTMENT,2026-08-21T09:59:05.591Z
2024-05-15,2454,聯發科,1599344128,975471495,60.99,623872633,39,100,TWSE_MI_QFIIS_DAILY_FOREIGN_INVESTMENT,2026-08-21T09:59:05.591Z
2024-05-16,0050,元大台灣50,1901000000,106687064,5.61,1794312936,94.38,100,TWSE_MI_QFIIS_DAILY_FOREIGN_INVESTMENT,2026-08-21T09:59:05.591Z
2024-05-16,2317,鴻海,13862990609,5708930650,41.18,8154059959,58.81,100,TWSE_MI_QFIIS_DAILY_FOREIGN_INVESTMENT,2026-08-21T09:59:05.591Z
2024-05-16,2330,台積電,25935030992,19384790760,74.74,6550240232,25.25,100,TWSE_MI_QFIIS_DAILY_FOREIGN_INVESTMENT,2026-08-21T09:59:05.591Z
2024-05-16,2454,聯發科,1599344128,979990195,61.27,619353933,38.72,100,TWSE_MI_QFIIS_DAILY_FOREIGN_INVESTMENT,2026-08-21T09:59:05.591Z
2024-05-17,0050,元大台灣50,1901000000,106681334,5.61,1794318666,94.38,100,TWSE_MI_QFIIS_DAILY_FOREIGN_INVESTMENT,2026-08-21T09:59:05.591Z
2024-05-17,2317,鴻海,13862990609,5704237284,41.14,8158753325,58.85,100,TWSE_MI_QFIIS_DAILY_FOREIGN_INVESTMENT,2026-08-21T09:59:05.591Z
2024-05-17,2330,台積電,25935030992,19388228650,74.75,6546802342,25.24,100,TWSE_MI_QFIIS_DAILY_FOREIGN_INVESTMENT,2026-08-21T09:59:05.591Z
2024-05-17,2454,聯發科,1599344128,979104602,61.21,620239526,38.78,100,TWSE_MI_QFIIS_DAILY_FOREIGN_INVESTMENT,2026-08-21T09:59:05.591Z
2024-05-20,0050,元大台灣50,1902000000,106870066,5.61,1795129934,94.38,100,TWSE_MI_QFIIS_DAILY_FOREIGN_INVESTMENT,2026-08-21T09:59:05.591Z
2024-05-20,2317,鴻海,13862990609,5684514967,41,8178475642,58.99,100,TWSE_MI_QFIIS_DAILY_FOREIGN_INVESTMENT,2026-08-21T09:59:05.591Z
2024-05-20,2330,台積電,25935030992,19385211192,74.74,6549819800,25.25,100,TWSE_MI_QFIIS_DAILY_FOREIGN_INVESTMENT,2026-08-21T09:59:05.591Z
2024-05-20,2454,聯發科,1599344128,980364825,61.29,618979303,38.7,100,TWSE_MI_QFIIS_DAILY_FOREIGN_INVESTMENT,2026-08-21T09:59:05.591Z
2024-05-21,0050,元大台灣50,1902000000,107964953,5.67,1794035047,94.32,100,TWSE_MI_QFIIS_DAILY_FOREIGN_INVESTMENT,2026-08-21T09:59:05.591Z
2024-05-21,2317,鴻海,13862990609,5679442652,40.96,8183547957,59.03,100,TWSE_MI_QFIIS_DAILY_FOREIGN_INVESTMENT,2026-08-21T09:59:05.591Z
2024-05-21,2330,台積電,25935030992,19388666754,74.75,6546364238,25.24,100,TWSE_MI_QFIIS_DAILY_FOREIGN_INVESTMENT,2026-08-21T09:59:05.591Z
2024-05-21,2454,聯發科,1599344128,980351805,61.29,618992323,38.7,100,TWSE_MI_QFIIS_DAILY_FOREIGN_INVESTMENT,2026-08-21T09:59:05.591Z
2024-05-22,0050,元大台灣50,1908000000,109179944,5.72,1798820056,94.27,100,TWSE_MI_QFIIS_DAILY_FOREIGN_INVESTMENT,2026-08-21T09:59:05.591Z
2024-05-22,2317,鴻海,13862990609,5681245379,40.98,8181745230,59.01,100,TWSE_MI_QFIIS_DAILY_FOREIGN_INVESTMENT,2026-08-21T09:59:05.591Z
2024-05-22,2330,台積電,25935030992,19401386797,74.8,6533644195,25.19,100,TWSE_MI_QFIIS_DAILY_FOREIGN_INVESTMENT,2026-08-21T09:59:05.591Z
2024-05-22,2454,聯發科,1599344128,980367110,61.29,618977018,38.7,100,TWSE_MI_QFIIS_DAILY_FOREIGN_INVESTMENT,2026-08-21T09:59:05.591Z
2024-05-23,0050,元大台灣50,1908000000,111122580,5.82,1796877420,94.17,100,TWSE_MI_QFIIS_DAILY_FOREIGN_INVESTMENT,2026-08-21T09:59:05.591Z
2024-05-23,2317,鴻海,13862990609,5708860871,41.18,8154129738,58.81,100,TWSE_MI_QFIIS_DAILY_FOREIGN_INVESTMENT,2026-08-21T09:59:05.591Z
2024-05-23,2330,台積電,25935030992,19406501918,74.82,6528529074,25.17,100,TWSE_MI_QFIIS_DAILY_FOREIGN_INVESTMENT,2026-08-21T09:59:05.591Z
2024-05-23,2454,聯發科,1599344128,982563839,61.43,616780289,38.56,100,TWSE_MI_QFIIS_DAILY_FOREIGN_INVESTMENT,2026-08-21T09:59:05.591Z
2024-05-24,0050,元大台灣50,1908000000,111308011,5.83,1796691989,94.16,100,TWSE_MI_QFIIS_DAILY_FOREIGN_INVESTMENT,2026-08-21T09:59:05.591Z
2024-05-24,2317,鴻海,13862990609,5728444677,41.32,8134545932,58.67,100,TWSE_MI_QFIIS_DAILY_FOREIGN_INVESTMENT,2026-08-21T09:59:05.591Z
2024-05-24,2330,台積電,25935030992,19408239899,74.83,6526791093,25.16,100,TWSE_MI_QFIIS_DAILY_FOREIGN_INVESTMENT,2026-08-21T09:59:05.591Z
2024-05-24,2454,聯發科,1599344128,982735395,61.44,616608733,38.55,100,TWSE_MI_QFIIS_DAILY_FOREIGN_INVESTMENT,2026-08-21T09:59:05.591Z
2024-05-27,0050,元大台灣50,1908000000,110706249,5.8,1797293751,94.19,100,TWSE_MI_QFIIS_DAILY_FOREIGN_INVESTMENT,2026-08-21T09:59:05.591Z
2024-05-27,2317,鴻海,13862990609,5736455177,41.37,8126535432,58.62,100,TWSE_MI_QFIIS_DAILY_FOREIGN_INVESTMENT,2026-08-21T09:59:05.591Z
2024-05-27,2330,台積電,25935030992,19403325485,74.81,6531705507,25.18,100,TWSE_MI_QFIIS_DAILY_FOREIGN_INVESTMENT,2026-08-21T09:59:05.591Z
2024-05-27,2454,聯發科,1599344128,986709167,61.69,612634961,38.3,100,TWSE_MI_QFIIS_DAILY_FOREIGN_INVESTMENT,2026-08-21T09:59:05.591Z
2024-05-28,0050,元大台灣50,1908000000,109454405,5.73,1798545595,94.26,100,TWSE_MI_QFIIS_DAILY_FOREIGN_INVESTMENT,2026-08-21T09:59:05.591Z
2024-05-28,2317,鴻海,13862990609,5724190609,41.29,8138800000,58.7,100,TWSE_MI_QFIIS_DAILY_FOREIGN_INVESTMENT,2026-08-21T09:59:05.591Z
2024-05-28,2330,台積電,25935030992,19397614956,74.79,6537416036,25.2,100,TWSE_MI_QFIIS_DAILY_FOREIGN_INVESTMENT,2026-08-21T09:59:05.591Z
2024-05-28,2454,聯發科,1599344128,986726501,61.69,612617627,38.3,100,TWSE_MI_QFIIS_DAILY_FOREIGN_INVESTMENT,2026-08-21T09:59:05.591Z
2024-05-29,0050,元大台灣50,1917500000,105365114,5.49,1812134886,94.5,100,TWSE_MI_QFIIS_DAILY_FOREIGN_INVESTMENT,2026-08-21T09:59:05.591Z
2024-05-29,2317,鴻海,13862990609,5703642163,41.14,8159348446,58.85,100,TWSE_MI_QFIIS_DAILY_FOREIGN_INVESTMENT,2026-08-21T09:59:05.591Z
2024-05-29,2330,台積電,25935030992,19396272266,74.78,6538758726,25.21,100,TWSE_MI_QFIIS_DAILY_FOREIGN_INVESTMENT,2026-08-21T09:59:05.591Z
2024-05-29,2454,聯發科,1599344128,986883109,61.7,612461019,38.29,100,TWSE_MI_QFIIS_DAILY_FOREIGN_INVESTMENT,2026-08-21T09:59:05.591Z
2024-05-30,0050,元大台灣50,1927000000,121141997,6.28,1805858003,93.71,100,TWSE_MI_QFIIS_DAILY_FOREIGN_INVESTMENT,2026-08-21T09:59:05.591Z
2024-05-30,2317,鴻海,13862990609,5688798211,41.03,8174192398,58.96,100,TWSE_MI_QFIIS_DAILY_FOREIGN_INVESTMENT,2026-08-21T09:59:05.591Z
2024-05-30,2330,台積電,25935030992,19379086944,74.72,6555944048,25.27,100,TWSE_MI_QFIIS_DAILY_FOREIGN_INVESTMENT,2026-08-21T09:59:05.591Z
2024-05-30,2454,聯發科,1599344128,986157955,61.66,613186173,38.33,100,TWSE_MI_QFIIS_DAILY_FOREIGN_INVESTMENT,2026-08-21T09:59:05.591Z
2024-05-31,0050,元大台灣50,1927000000,121115962,6.28,1805884038,93.71,100,TWSE_MI_QFIIS_DAILY_FOREIGN_INVESTMENT,2026-08-21T09:59:05.591Z
2024-05-31,2317,鴻海,13862990609,5665143085,40.86,8197847524,59.13,100,TWSE_MI_QFIIS_DAILY_FOREIGN_INVESTMENT,2026-08-21T09:59:05.591Z
2024-05-31,2330,台積電,25935030992,19361979249,74.65,6573051743,25.34,100,TWSE_MI_QFIIS_DAILY_FOREIGN_INVESTMENT,2026-08-21T09:59:05.591Z
2024-05-31,2454,聯發科,1599344128,987064807,61.71,612279321,38.28,100,TWSE_MI_QFIIS_DAILY_FOREIGN_INVESTMENT,2026-08-21T09:59:05.591Z
2024-06-03,0050,元大台灣50,1985000000,116710503,5.87,1868289497,94.12,100,TWSE_MI_QFIIS_DAILY_FOREIGN_INVESTMENT,2026-08-21T09:59:05.591Z
2024-06-03,2317,鴻海,13862990609,5655391435,40.79,8207599174,59.2,100,TWSE_MI_QFIIS_DAILY_FOREIGN_INVESTMENT,2026-08-21T09:59:05.591Z
2024-06-03,2330,台積電,25935030992,19369195403,74.68,6565835589,25.31,100,TWSE_MI_QFIIS_DAILY_FOREIGN_INVESTMENT,2026-08-21T09:59:05.591Z
2024-06-03,2454,聯發科,1599344128,987877997,61.76,611466131,38.23,100,TWSE_MI_QFIIS_DAILY_FOREIGN_INVESTMENT,2026-08-21T09:59:05.591Z
2024-06-04,0050,元大台灣50,2067000000,180698860,8.74,1886301140,91.25,100,TWSE_MI_QFIIS_DAILY_FOREIGN_INVESTMENT,2026-08-21T09:59:05.591Z
2024-06-04,2317,鴻海,13862990609,5629628551,40.6,8233362058,59.39,100,TWSE_MI_QFIIS_DAILY_FOREIGN_INVESTMENT,2026-08-21T09:59:05.591Z
2024-06-04,2330,台積電,25935030992,19359197292,74.64,6575833700,25.35,100,TWSE_MI_QFIIS_DAILY_FOREIGN_INVESTMENT,2026-08-21T09:59:05.591Z
2024-06-04,2454,聯發科,1599344128,986609321,61.68,612734807,38.31,100,TWSE_MI_QFIIS_DAILY_FOREIGN_INVESTMENT,2026-08-21T09:59:05.591Z
2024-06-05,0050,元大台灣50,2206000000,268932918,12.19,1937067082,87.8,100,TWSE_MI_QFIIS_DAILY_FOREIGN_INVESTMENT,2026-08-21T09:59:05.591Z
2024-06-05,2317,鴻海,13862990609,5630296171,40.61,8232694438,59.38,100,TWSE_MI_QFIIS_DAILY_FOREIGN_INVESTMENT,2026-08-21T09:59:05.591Z
2024-06-05,2330,台積電,25935030992,19349084746,74.6,6585946246,25.39,100,TWSE_MI_QFIIS_DAILY_FOREIGN_INVESTMENT,2026-08-21T09:59:05.591Z
2024-06-05,2454,聯發科,1599344128,985928695,61.64,613415433,38.35,100,TWSE_MI_QFIIS_DAILY_FOREIGN_INVESTMENT,2026-08-21T09:59:05.591Z
2024-06-06,0050,元大台灣50,2336000000,398060416,17.04,1937939584,82.95,100,TWSE_MI_QFIIS_DAILY_FOREIGN_INVESTMENT,2026-08-21T09:59:05.591Z
2024-06-06,2317,鴻海,13862990609,5633056376,40.63,8229934233,59.36,100,TWSE_MI_QFIIS_DAILY_FOREIGN_INVESTMENT,2026-08-21T09:59:05.591Z
2024-06-06,2330,台積電,25935030992,19350737891,74.61,6584293101,25.38,100,TWSE_MI_QFIIS_DAILY_FOREIGN_INVESTMENT,2026-08-21T09:59:05.591Z
2024-06-06,2454,聯發科,1599344128,987654639,61.75,611689489,38.24,100,TWSE_MI_QFIIS_DAILY_FOREIGN_INVESTMENT,2026-08-21T09:59:05.591Z
2024-06-07,0050,元大台灣50,2366000000,513361575,21.69,1852638425,78.3,100,TWSE_MI_QFIIS_DAILY_FOREIGN_INVESTMENT,2026-08-21T09:59:05.591Z
2024-06-07,2317,鴻海,13862990609,5628049928,40.59,8234940681,59.4,100,TWSE_MI_QFIIS_DAILY_FOREIGN_INVESTMENT,2026-08-21T09:59:05.591Z
2024-06-07,2330,台積電,25935030992,19322928585,74.5,6612102407,25.49,100,TWSE_MI_QFIIS_DAILY_FOREIGN_INVESTMENT,2026-08-21T09:59:05.591Z
2024-06-07,2454,聯發科,1599344128,986165358,61.66,613178770,38.33,100,TWSE_MI_QFIIS_DAILY_FOREIGN_INVESTMENT,2026-08-21T09:59:05.591Z
2024-06-11,0050,元大台灣50,2274000000,436712337,19.2,1837287663,80.79,100,TWSE_MI_QFIIS_DAILY_FOREIGN_INVESTMENT,2026-08-21T09:59:05.591Z
2024-06-11,2317,鴻海,13862990609,5654950785,40.79,8208039824,59.2,100,TWSE_MI_QFIIS_DAILY_FOREIGN_INVESTMENT,2026-08-21T09:59:05.591Z
2024-06-11,2330,台積電,25935030992,19323389339,74.5,6611641653,25.49,100,TWSE_MI_QFIIS_DAILY_FOREIGN_INVESTMENT,2026-08-21T09:59:05.591Z
2024-06-11,2454,聯發科,1599344128,986518929,61.68,612825199,38.31,100,TWSE_MI_QFIIS_DAILY_FOREIGN_INVESTMENT,2026-08-21T09:59:05.591Z
2024-06-12,0050,元大台灣50,2198500000,439241167,19.97,1759258833,80.02,100,TWSE_MI_QFIIS_DAILY_FOREIGN_INVESTMENT,2026-08-21T09:59:05.591Z
2024-06-12,2317,鴻海,13862990609,5693323895,41.06,8169666714,58.93,100,TWSE_MI_QFIIS_DAILY_FOREIGN_INVESTMENT,2026-08-21T09:59:05.591Z
2024-06-12,2330,台積電,25935030992,19334221081,74.54,6600809911,25.45,100,TWSE_MI_QFIIS_DAILY_FOREIGN_INVESTMENT,2026-08-21T09:59:05.591Z
2024-06-12,2454,聯發科,1599344128,987952298,61.77,611391830,38.22,100,TWSE_MI_QFIIS_DAILY_FOREIGN_INVESTMENT,2026-08-21T09:59:05.591Z
2024-06-13,0050,元大台灣50,2199000000,358338048,16.29,1840661952,83.7,100,TWSE_MI_QFIIS_DAILY_FOREIGN_INVESTMENT,2026-08-21T09:59:05.591Z
2024-06-13,2317,鴻海,13862990609,5711803756,41.2,8151186853,58.79,100,TWSE_MI_QFIIS_DAILY_FOREIGN_INVESTMENT,2026-08-21T09:59:05.591Z
2024-06-13,2330,台積電,25935030992,19349034697,74.6,6585996295,25.39,100,TWSE_MI_QFIIS_DAILY_FOREIGN_INVESTMENT,2026-08-21T09:59:05.591Z
2024-06-13,2454,聯發科,1599344128,990962152,61.96,608381976,38.03,100,TWSE_MI_QFIIS_DAILY_FOREIGN_INVESTMENT,2026-08-21T09:59:05.591Z
2024-06-14,0050,元大台灣50,2194500000,357237430,16.27,1837262570,83.72,100,TWSE_MI_QFIIS_DAILY_FOREIGN_INVESTMENT,2026-08-21T09:59:05.591Z
2024-06-14,2317,鴻海,13862990609,5757950393,41.53,8105040216,58.46,100,TWSE_MI_QFIIS_DAILY_FOREIGN_INVESTMENT,2026-08-21T09:59:05.591Z
2024-06-14,2330,台積電,25935030992,19345051647,74.59,6589979345,25.4,100,TWSE_MI_QFIIS_DAILY_FOREIGN_INVESTMENT,2026-08-21T09:59:05.591Z
2024-06-14,2454,聯發科,1599344128,992205823,62.03,607138305,37.96,100,TWSE_MI_QFIIS_DAILY_FOREIGN_INVESTMENT,2026-08-21T09:59:05.591Z
2024-06-17,0050,元大台灣50,2192000000,360148242,16.43,1831851758,83.56,100,TWSE_MI_QFIIS_DAILY_FOREIGN_INVESTMENT,2026-08-21T09:59:05.591Z
2024-06-17,2317,鴻海,13862990609,5756421721,41.52,8106568888,58.47,100,TWSE_MI_QFIIS_DAILY_FOREIGN_INVESTMENT,2026-08-21T09:59:05.591Z
2024-06-17,2330,台積電,25935030992,19340387229,74.57,6594643763,25.42,100,TWSE_MI_QFIIS_DAILY_FOREIGN_INVESTMENT,2026-08-21T09:59:05.591Z
2024-06-17,2454,聯發科,1599344128,991757773,62.01,607586355,37.98,100,TWSE_MI_QFIIS_DAILY_FOREIGN_INVESTMENT,2026-08-21T09:59:05.591Z
2024-06-18,0050,元大台灣50,2192500000,361045909,16.46,1831454091,83.53,100,TWSE_MI_QFIIS_DAILY_FOREIGN_INVESTMENT,2026-08-21T09:59:05.591Z
2024-06-18,2317,鴻海,13862990609,5745802606,41.44,8117188003,58.55,100,TWSE_MI_QFIIS_DAILY_FOREIGN_INVESTMENT,2026-08-21T09:59:05.591Z
2024-06-18,2330,台積電,25935030992,19347212173,74.59,6587818819,25.4,100,TWSE_MI_QFIIS_DAILY_FOREIGN_INVESTMENT,2026-08-21T09:59:05.591Z
2024-06-18,2454,聯發科,1599344128,992005611,62.02,607338517,37.97,100,TWSE_MI_QFIIS_DAILY_FOREIGN_INVESTMENT,2026-08-21T09:59:05.591Z
2024-06-19,0050,元大台灣50,2224500000,374222503,16.82,1850277497,83.17,100,TWSE_MI_QFIIS_DAILY_FOREIGN_INVESTMENT,2026-08-21T09:59:05.591Z
2024-06-19,2317,鴻海,13862990609,5763939818,41.57,8099050791,58.42,100,TWSE_MI_QFIIS_DAILY_FOREIGN_INVESTMENT,2026-08-21T09:59:05.591Z
2024-06-19,2330,台積電,25935030992,19359509815,74.64,6575521177,25.35,100,TWSE_MI_QFIIS_DAILY_FOREIGN_INVESTMENT,2026-08-21T09:59:05.591Z
2024-06-19,2454,聯發科,1599344128,993303332,62.1,606040796,37.89,100,TWSE_MI_QFIIS_DAILY_FOREIGN_INVESTMENT,2026-08-21T09:59:05.591Z
2024-06-20,0050,元大台灣50,2225000000,391922323,17.61,1833077677,82.38,100,TWSE_MI_QFIIS_DAILY_FOREIGN_INVESTMENT,2026-08-21T09:59:05.591Z
2024-06-20,2317,鴻海,13862990609,5792403562,41.78,8070587047,58.21,100,TWSE_MI_QFIIS_DAILY_FOREIGN_INVESTMENT,2026-08-21T09:59:05.591Z
2024-06-20,2330,台積電,25935030992,19348962884,74.6,6586068108,25.39,100,TWSE_MI_QFIIS_DAILY_FOREIGN_INVESTMENT,2026-08-21T09:59:05.591Z
2024-06-20,2454,聯發科,1599344128,993031049,62.08,606313079,37.91,100,TWSE_MI_QFIIS_DAILY_FOREIGN_INVESTMENT,2026-08-21T09:59:05.591Z
2024-06-21,0050,元大台灣50,2236000000,400117004,17.89,1835882996,82.1,100,TWSE_MI_QFIIS_DAILY_FOREIGN_INVESTMENT,2026-08-21T09:59:05.591Z
2024-06-21,2317,鴻海,13862990609,5759992837,41.54,8102997772,58.45,100,TWSE_MI_QFIIS_DAILY_FOREIGN_INVESTMENT,2026-08-21T09:59:05.591Z
2024-06-21,2330,台積電,25933629242,19343273316,74.58,6590355926,25.41,100,TWSE_MI_QFIIS_DAILY_FOREIGN_INVESTMENT,2026-08-21T09:59:05.591Z
2024-06-21,2454,聯發科,1599344128,992997843,62.08,606346285,37.91,100,TWSE_MI_QFIIS_DAILY_FOREIGN_INVESTMENT,2026-08-21T09:59:05.591Z
2024-06-24,0050,元大台灣50,2229500000,393598774,17.65,1835901226,82.34,100,TWSE_MI_QFIIS_DAILY_FOREIGN_INVESTMENT,2026-08-21T09:59:05.591Z
2024-06-24,2317,鴻海,13862990609,5767421279,41.6,8095569330,58.39,100,TWSE_MI_QFIIS_DAILY_FOREIGN_INVESTMENT,2026-08-21T09:59:05.591Z
2024-06-24,2330,台積電,25933629242,19321998089,74.5,6611631153,25.49,100,TWSE_MI_QFIIS_DAILY_FOREIGN_INVESTMENT,2026-08-21T09:59:05.591Z
2024-06-24,2454,聯發科,1599344128,990421704,61.92,608922424,38.07,100,TWSE_MI_QFIIS_DAILY_FOREIGN_INVESTMENT,2026-08-21T09:59:05.591Z
2024-06-25,0050,元大台灣50,2224500000,390803607,17.56,1833696393,82.43,100,TWSE_MI_QFIIS_DAILY_FOREIGN_INVESTMENT,2026-08-21T09:59:05.591Z
2024-06-25,2317,鴻海,13862990609,5764357224,41.58,8098633385,58.41,100,TWSE_MI_QFIIS_DAILY_FOREIGN_INVESTMENT,2026-08-21T09:59:05.591Z
2024-06-25,2330,台積電,25933629242,19318514520,74.49,6615114722,25.5,100,TWSE_MI_QFIIS_DAILY_FOREIGN_INVESTMENT,2026-08-21T09:59:05.591Z
2024-06-25,2454,聯發科,1599344128,990474726,61.93,608869402,38.06,100,TWSE_MI_QFIIS_DAILY_FOREIGN_INVESTMENT,2026-08-21T09:59:05.591Z
2024-06-26,0050,元大台灣50,2224500000,389758104,17.52,1834741896,82.47,100,TWSE_MI_QFIIS_DAILY_FOREIGN_INVESTMENT,2026-08-21T09:59:05.591Z
2024-06-26,2317,鴻海,13862990609,5748045893,41.46,8114944716,58.53,100,TWSE_MI_QFIIS_DAILY_FOREIGN_INVESTMENT,2026-08-21T09:59:05.591Z
2024-06-26,2330,台積電,25933629242,19320259033,74.49,6613370209,25.5,100,TWSE_MI_QFIIS_DAILY_FOREIGN_INVESTMENT,2026-08-21T09:59:05.591Z
2024-06-26,2454,聯發科,1599344128,990296222,61.91,609047906,38.08,100,TWSE_MI_QFIIS_DAILY_FOREIGN_INVESTMENT,2026-08-21T09:59:05.591Z
2024-06-27,0050,元大台灣50,2224500000,387274543,17.4,1837225457,82.59,100,TWSE_MI_QFIIS_DAILY_FOREIGN_INVESTMENT,2026-08-21T09:59:05.591Z
2024-06-27,2317,鴻海,13862990609,5753798316,41.5,8109192293,58.49,100,TWSE_MI_QFIIS_DAILY_FOREIGN_INVESTMENT,2026-08-21T09:59:05.591Z
2024-06-27,2330,台積電,25933629242,19316962708,74.48,6616666534,25.51,100,TWSE_MI_QFIIS_DAILY_FOREIGN_INVESTMENT,2026-08-21T09:59:05.591Z
2024-06-27,2454,聯發科,1599344128,989353446,61.85,609990682,38.14,100,TWSE_MI_QFIIS_DAILY_FOREIGN_INVESTMENT,2026-08-21T09:59:05.591Z
2024-06-28,0050,元大台灣50,2224500000,387292369,17.41,1837207631,82.58,100,TWSE_MI_QFIIS_DAILY_FOREIGN_INVESTMENT,2026-08-21T09:59:05.591Z
2024-06-28,2317,鴻海,13862990609,5749892358,41.47,8113098251,58.52,100,TWSE_MI_QFIIS_DAILY_FOREIGN_INVESTMENT,2026-08-21T09:59:05.591Z
2024-06-28,2330,台積電,25933629242,19317145718,74.48,6616483524,25.51,100,TWSE_MI_QFIIS_DAILY_FOREIGN_INVESTMENT,2026-08-21T09:59:05.591Z
2024-06-28,2454,聯發科,1599344128,989272067,61.85,610072061,38.14,100,TWSE_MI_QFIIS_DAILY_FOREIGN_INVESTMENT,2026-08-21T09:59:05.591Z
2024-07-01,0050,元大台灣50,2224500000,391081926,17.58,1833418074,82.41,100,TWSE_MI_QFIIS_DAILY_FOREIGN_INVESTMENT,2026-08-21T09:59:05.591Z
2024-07-01,2317,鴻海,13862990609,5747701683,41.46,8115288926,58.53,100,TWSE_MI_QFIIS_DAILY_FOREIGN_INVESTMENT,2026-08-21T09:59:05.591Z
2024-07-01,2330,台積電,25933629242,19316312855,74.48,6617316387,25.51,100,TWSE_MI_QFIIS_DAILY_FOREIGN_INVESTMENT,2026-08-21T09:59:05.591Z
2024-07-01,2454,聯發科,1599344128,989435723,61.86,609908405,38.13,100,TWSE_MI_QFIIS_DAILY_FOREIGN_INVESTMENT,2026-08-21T09:59:05.591Z
2024-07-02,0050,元大台灣50,2224500000,389447258,17.5,1835052742,82.49,100,TWSE_MI_QFIIS_DAILY_FOREIGN_INVESTMENT,2026-08-21T09:59:05.591Z
2024-07-02,2317,鴻海,13862990609,5704378291,41.14,8158612318,58.85,100,TWSE_MI_QFIIS_DAILY_FOREIGN_INVESTMENT,2026-08-21T09:59:05.591Z
2024-07-02,2330,台積電,25933629242,19316061195,74.48,6617568047,25.51,100,TWSE_MI_QFIIS_DAILY_FOREIGN_INVESTMENT,2026-08-21T09:59:05.591Z
2024-07-02,2454,聯發科,1599344128,989469153,61.86,609874975,38.13,100,TWSE_MI_QFIIS_DAILY_FOREIGN_INVESTMENT,2026-08-21T09:59:05.591Z
2024-07-03,0050,元大台灣50,2224500000,388390734,17.45,1836109266,82.54,100,TWSE_MI_QFIIS_DAILY_FOREIGN_INVESTMENT,2026-08-21T09:59:05.591Z
2024-07-03,2317,鴻海,13862990609,5699119115,41.11,8163871494,58.88,100,TWSE_MI_QFIIS_DAILY_FOREIGN_INVESTMENT,2026-08-21T09:59:05.591Z
2024-07-03,2330,台積電,25933629242,19321207803,74.5,6612421439,25.49,100,TWSE_MI_QFIIS_DAILY_FOREIGN_INVESTMENT,2026-08-21T09:59:05.591Z
2024-07-03,2454,聯發科,1599344128,989191413,61.84,610152715,38.15,100,TWSE_MI_QFIIS_DAILY_FOREIGN_INVESTMENT,2026-08-21T09:59:05.591Z
2024-07-04,0050,元大台灣50,2224500000,389581660,17.51,1834918340,82.48,100,TWSE_MI_QFIIS_DAILY_FOREIGN_INVESTMENT,2026-08-21T09:59:05.591Z
2024-07-04,2317,鴻海,13862990609,5742956759,41.42,8120033850,58.57,100,TWSE_MI_QFIIS_DAILY_FOREIGN_INVESTMENT,2026-08-21T09:59:05.591Z
2024-07-04,2330,台積電,25933629242,19331740992,74.54,6601888250,25.45,100,TWSE_MI_QFIIS_DAILY_FOREIGN_INVESTMENT,2026-08-21T09:59:05.591Z
2024-07-04,2454,聯發科,1599344128,989679194,61.88,609664934,38.11,100,TWSE_MI_QFIIS_DAILY_FOREIGN_INVESTMENT,2026-08-21T09:59:05.591Z
2024-07-05,0050,元大台灣50,2224500000,384172656,17.27,1840327344,82.72,100,TWSE_MI_QFIIS_DAILY_FOREIGN_INVESTMENT,2026-08-21T09:59:05.591Z
2024-07-05,2317,鴻海,13862990609,5731258394,41.34,8131732215,58.65,100,TWSE_MI_QFIIS_DAILY_FOREIGN_INVESTMENT,2026-08-21T09:59:05.591Z
2024-07-05,2330,台積電,25933629242,19326523654,74.52,6607105588,25.47,100,TWSE_MI_QFIIS_DAILY_FOREIGN_INVESTMENT,2026-08-21T09:59:05.591Z
2024-07-05,2454,聯發科,1599344128,988303550,61.79,611040578,38.2,100,TWSE_MI_QFIIS_DAILY_FOREIGN_INVESTMENT,2026-08-21T09:59:05.591Z
2024-07-08,0050,元大台灣50,2206000000,360441714,16.33,1845558286,83.66,100,TWSE_MI_QFIIS_DAILY_FOREIGN_INVESTMENT,2026-08-21T09:59:05.591Z
2024-07-08,2317,鴻海,13862990609,5753216512,41.5,8109774097,58.49,100,TWSE_MI_QFIIS_DAILY_FOREIGN_INVESTMENT,2026-08-21T09:59:05.591Z
2024-07-08,2330,台積電,25933629242,19324334437,74.51,6609294805,25.48,100,TWSE_MI_QFIIS_DAILY_FOREIGN_INVESTMENT,2026-08-21T09:59:05.591Z
2024-07-08,2454,聯發科,1599344128,989805861,61.88,609538267,38.11,100,TWSE_MI_QFIIS_DAILY_FOREIGN_INVESTMENT,2026-08-21T09:59:05.591Z
2024-07-09,0050,元大台灣50,2193500000,335570381,15.29,1857929619,84.7,100,TWSE_MI_QFIIS_DAILY_FOREIGN_INVESTMENT,2026-08-21T09:59:05.591Z
2024-07-09,2317,鴻海,13862990609,5736421916,41.37,8126568693,58.62,100,TWSE_MI_QFIIS_DAILY_FOREIGN_INVESTMENT,2026-08-21T09:59:05.591Z
2024-07-09,2330,台積電,25933629242,19313074756,74.47,6620554486,25.52,100,TWSE_MI_QFIIS_DAILY_FOREIGN_INVESTMENT,2026-08-21T09:59:05.591Z
2024-07-09,2454,聯發科,1599344128,991164600,61.97,608179528,38.02,100,TWSE_MI_QFIIS_DAILY_FOREIGN_INVESTMENT,2026-08-21T09:59:05.591Z
2024-07-10,0050,元大台灣50,2175000000,334094366,15.36,1840905634,84.63,100,TWSE_MI_QFIIS_DAILY_FOREIGN_INVESTMENT,2026-08-21T09:59:05.591Z
2024-07-10,2317,鴻海,13862990609,5710894770,41.19,8152095839,58.8,100,TWSE_MI_QFIIS_DAILY_FOREIGN_INVESTMENT,2026-08-21T09:59:05.591Z
2024-07-10,2330,台積電,25933629242,19303032551,74.43,6630596691,25.56,100,TWSE_MI_QFIIS_DAILY_FOREIGN_INVESTMENT,2026-08-21T09:59:05.591Z
2024-07-10,2454,聯發科,1599344128,989454668,61.86,609889460,38.13,100,TWSE_MI_QFIIS_DAILY_FOREIGN_INVESTMENT,2026-08-21T09:59:05.591Z
2024-07-11,0050,元大台灣50,2175000000,317015328,14.57,1857984672,85.42,100,TWSE_MI_QFIIS_DAILY_FOREIGN_INVESTMENT,2026-08-21T09:59:05.591Z
2024-07-11,2317,鴻海,13862990609,5703410355,41.14,8159580254,58.85,100,TWSE_MI_QFIIS_DAILY_FOREIGN_INVESTMENT,2026-08-21T09:59:05.591Z
2024-07-11,2330,台積電,25933629242,19302656149,74.43,6630973093,25.56,100,TWSE_MI_QFIIS_DAILY_FOREIGN_INVESTMENT,2026-08-21T09:59:05.591Z
2024-07-11,2454,聯發科,1599344128,989718132,61.88,609625996,38.11,100,TWSE_MI_QFIIS_DAILY_FOREIGN_INVESTMENT,2026-08-21T09:59:05.591Z
2024-07-12,0050,元大台灣50,2165000000,295436962,13.64,1869563038,86.35,100,TWSE_MI_QFIIS_DAILY_FOREIGN_INVESTMENT,2026-08-21T09:59:05.591Z
2024-07-12,2317,鴻海,13862990609,5647371038,40.73,8215619571,59.26,100,TWSE_MI_QFIIS_DAILY_FOREIGN_INVESTMENT,2026-08-21T09:59:05.591Z
2024-07-12,2330,台積電,25933629242,19275739211,74.32,6657890031,25.67,100,TWSE_MI_QFIIS_DAILY_FOREIGN_INVESTMENT,2026-08-21T09:59:05.591Z
2024-07-12,2454,聯發科,1599344128,987730517,61.75,611613611,38.24,100,TWSE_MI_QFIIS_DAILY_FOREIGN_INVESTMENT,2026-08-21T09:59:05.591Z
2024-07-15,0050,元大台灣50,2105500000,232035257,11.02,1873464743,88.97,100,TWSE_MI_QFIIS_DAILY_FOREIGN_INVESTMENT,2026-08-21T09:59:05.591Z
2024-07-15,2317,鴻海,13862990609,5662018757,40.84,8200971852,59.15,100,TWSE_MI_QFIIS_DAILY_FOREIGN_INVESTMENT,2026-08-21T09:59:05.591Z
2024-07-15,2330,台積電,25933629242,19271551128,74.31,6662078114,25.68,100,TWSE_MI_QFIIS_DAILY_FOREIGN_INVESTMENT,2026-08-21T09:59:05.591Z
2024-07-15,2454,聯發科,1599344128,988753874,61.82,610590254,38.17,100,TWSE_MI_QFIIS_DAILY_FOREIGN_INVESTMENT,2026-08-21T09:59:05.591Z
2024-07-16,0050,元大台灣50,2107500000,231197565,10.97,1876302435,89.02,100,TWSE_MI_QFIIS_DAILY_FOREIGN_INVESTMENT,2026-08-21T09:59:05.591Z
2024-07-16,2317,鴻海,13862990609,5651335630,40.76,8211654979,59.23,100,TWSE_MI_QFIIS_DAILY_FOREIGN_INVESTMENT,2026-08-21T09:59:05.591Z
2024-07-16,2330,台積電,25933629242,19271641906,74.31,6661987336,25.68,100,TWSE_MI_QFIIS_DAILY_FOREIGN_INVESTMENT,2026-08-21T09:59:05.591Z
2024-07-16,2454,聯發科,1599344128,988161560,61.78,611182568,38.21,100,TWSE_MI_QFIIS_DAILY_FOREIGN_INVESTMENT,2026-08-21T09:59:05.591Z
2024-07-17,0050,元大台灣50,2107500000,224905905,10.67,1882594095,89.32,100,TWSE_MI_QFIIS_DAILY_FOREIGN_INVESTMENT,2026-08-21T09:59:05.591Z
2024-07-17,2317,鴻海,13862990609,5647611130,40.73,8215379479,59.26,100,TWSE_MI_QFIIS_DAILY_FOREIGN_INVESTMENT,2026-08-21T09:59:05.591Z
2024-07-17,2330,台積電,25933629242,19251006430,74.23,6682622812,25.76,100,TWSE_MI_QFIIS_DAILY_FOREIGN_INVESTMENT,2026-08-21T09:59:05.591Z
2024-07-17,2454,聯發科,1599344128,986409003,61.67,612935125,38.32,100,TWSE_MI_QFIIS_DAILY_FOREIGN_INVESTMENT,2026-08-21T09:59:05.591Z
2024-07-18,0050,元大台灣50,2119500000,227246673,10.72,1892253327,89.27,100,TWSE_MI_QFIIS_DAILY_FOREIGN_INVESTMENT,2026-08-21T09:59:05.591Z
2024-07-18,2317,鴻海,13862990609,5624569884,40.57,8238420725,59.42,100,TWSE_MI_QFIIS_DAILY_FOREIGN_INVESTMENT,2026-08-21T09:59:05.591Z
2024-07-18,2330,台積電,25933629242,19212703299,74.08,6720925943,25.91,100,TWSE_MI_QFIIS_DAILY_FOREIGN_INVESTMENT,2026-08-21T09:59:05.591Z
2024-07-18,2454,聯發科,1599344128,984344969,61.54,614999159,38.45,100,TWSE_MI_QFIIS_DAILY_FOREIGN_INVESTMENT,2026-08-21T09:59:05.591Z
2024-07-19,0050,元大台灣50,2124000000,222961323,10.49,1901038677,89.5,100,TWSE_MI_QFIIS_DAILY_FOREIGN_INVESTMENT,2026-08-21T09:59:05.591Z
2024-07-19,2317,鴻海,13862990609,5642379026,40.7,8220611583,59.29,100,TWSE_MI_QFIIS_DAILY_FOREIGN_INVESTMENT,2026-08-21T09:59:05.591Z
2024-07-19,2330,台積電,25933629242,19173988332,73.93,6759640910,26.06,100,TWSE_MI_QFIIS_DAILY_FOREIGN_INVESTMENT,2026-08-21T09:59:05.591Z
2024-07-19,2454,聯發科,1599344128,984004524,61.52,615339604,38.47,100,TWSE_MI_QFIIS_DAILY_FOREIGN_INVESTMENT,2026-08-21T09:59:05.591Z
2024-07-22,0050,元大台灣50,2118000000,219839477,10.37,1898160523,89.62,100,TWSE_MI_QFIIS_DAILY_FOREIGN_INVESTMENT,2026-08-21T09:59:05.591Z
2024-07-22,2317,鴻海,13862990609,5649361875,40.75,8213628734,59.24,100,TWSE_MI_QFIIS_DAILY_FOREIGN_INVESTMENT,2026-08-21T09:59:05.591Z
2024-07-22,2330,台積電,25933629242,19167617063,73.91,6766012179,26.08,100,TWSE_MI_QFIIS_DAILY_FOREIGN_INVESTMENT,2026-08-21T09:59:05.591Z
2024-07-22,2454,聯發科,1599344128,983437084,61.49,615907044,38.5,100,TWSE_MI_QFIIS_DAILY_FOREIGN_INVESTMENT,2026-08-21T09:59:05.591Z
2024-07-23,0050,元大台灣50,2119000000,220133477,10.38,1898866523,89.61,100,TWSE_MI_QFIIS_DAILY_FOREIGN_INVESTMENT,2026-08-21T09:59:05.591Z
2024-07-23,2317,鴻海,13862990609,5659016616,40.82,8203973993,59.17,100,TWSE_MI_QFIIS_DAILY_FOREIGN_INVESTMENT,2026-08-21T09:59:05.591Z
2024-07-23,2330,台積電,25933629242,19174511815,73.93,6759117427,26.06,100,TWSE_MI_QFIIS_DAILY_FOREIGN_INVESTMENT,2026-08-21T09:59:05.591Z
2024-07-23,2454,聯發科,1599344128,983082932,61.46,616261196,38.53,100,TWSE_MI_QFIIS_DAILY_FOREIGN_INVESTMENT,2026-08-21T09:59:05.591Z
2024-07-26,0050,元大台灣50,2119000000,201587613,9.51,1917412387,90.48,100,TWSE_MI_QFIIS_DAILY_FOREIGN_INVESTMENT,2026-08-21T09:59:05.591Z
2024-07-26,2317,鴻海,13862990609,5630312923,40.61,8232677686,59.38,100,TWSE_MI_QFIIS_DAILY_FOREIGN_INVESTMENT,2026-08-21T09:59:05.591Z
2024-07-26,2330,台積電,25933629242,19130891698,73.76,6802737544,26.23,100,TWSE_MI_QFIIS_DAILY_FOREIGN_INVESTMENT,2026-08-21T09:59:05.591Z
2024-07-26,2454,聯發科,1599344128,980684076,61.31,618660052,38.68,100,TWSE_MI_QFIIS_DAILY_FOREIGN_INVESTMENT,2026-08-21T09:59:05.591Z
2024-07-29,0050,元大台灣50,2142000000,198396317,9.26,1943603683,90.73,100,TWSE_MI_QFIIS_DAILY_FOREIGN_INVESTMENT,2026-08-21T09:59:05.591Z
2024-07-29,2317,鴻海,13862990609,5635758028,40.65,8227232581,59.34,100,TWSE_MI_QFIIS_DAILY_FOREIGN_INVESTMENT,2026-08-21T09:59:05.591Z
2024-07-29,2330,台積電,25933629242,19138754238,73.79,6794875004,26.2,100,TWSE_MI_QFIIS_DAILY_FOREIGN_INVESTMENT,2026-08-21T09:59:05.591Z
2024-07-29,2454,聯發科,1599344128,979961419,61.27,619382709,38.72,100,TWSE_MI_QFIIS_DAILY_FOREIGN_INVESTMENT,2026-08-21T09:59:05.591Z
2024-07-30,0050,元大台灣50,2141500000,212336838,9.91,1929163162,90.08,100,TWSE_MI_QFIIS_DAILY_FOREIGN_INVESTMENT,2026-08-21T09:59:05.591Z
2024-07-30,2317,鴻海,13862990609,5632851021,40.63,8230139588,59.36,100,TWSE_MI_QFIIS_DAILY_FOREIGN_INVESTMENT,2026-08-21T09:59:05.591Z
2024-07-30,2330,台積電,25933629242,19127530113,73.75,6806099129,26.24,100,TWSE_MI_QFIIS_DAILY_FOREIGN_INVESTMENT,2026-08-21T09:59:05.591Z
2024-07-30,2454,聯發科,1599344128,979326061,61.23,620018067,38.76,100,TWSE_MI_QFIIS_DAILY_FOREIGN_INVESTMENT,2026-08-21T09:59:05.591Z
2024-07-31,0050,元大台灣50,2141500000,210359333,9.82,1931140667,90.17,100,TWSE_MI_QFIIS_DAILY_FOREIGN_INVESTMENT,2026-08-21T09:59:05.591Z
2024-07-31,2317,鴻海,13862990609,5633635346,40.63,8229355263,59.36,100,TWSE_MI_QFIIS_DAILY_FOREIGN_INVESTMENT,2026-08-21T09:59:05.591Z
2024-07-31,2330,台積電,25933629242,19122551013,73.73,6811078229,26.26,100,TWSE_MI_QFIIS_DAILY_FOREIGN_INVESTMENT,2026-08-21T09:59:05.591Z
2024-07-31,2454,聯發科,1599344128,977652518,61.12,621691610,38.87,100,TWSE_MI_QFIIS_DAILY_FOREIGN_INVESTMENT,2026-08-21T09:59:05.591Z
2024-08-01,0050,元大台灣50,2141500000,206967928,9.66,1934532072,90.33,100,TWSE_MI_QFIIS_DAILY_FOREIGN_INVESTMENT,2026-08-21T09:59:05.591Z
2024-08-01,2317,鴻海,13862990609,5637209623,40.66,8225780986,59.33,100,TWSE_MI_QFIIS_DAILY_FOREIGN_INVESTMENT,2026-08-21T09:59:05.591Z
2024-08-01,2330,台積電,25933629242,19124749307,73.74,6808879935,26.25,100,TWSE_MI_QFIIS_DAILY_FOREIGN_INVESTMENT,2026-08-21T09:59:05.591Z
2024-08-01,2454,聯發科,1599344128,973454497,60.86,625889631,39.13,100,TWSE_MI_QFIIS_DAILY_FOREIGN_INVESTMENT,2026-08-21T09:59:05.591Z
2024-08-02,0050,元大台灣50,2143000000,193600484,9.03,1949399516,90.96,100,TWSE_MI_QFIIS_DAILY_FOREIGN_INVESTMENT,2026-08-21T09:59:05.591Z
2024-08-02,2317,鴻海,13862990609,5568352782,40.16,8294637827,59.83,100,TWSE_MI_QFIIS_DAILY_FOREIGN_INVESTMENT,2026-08-21T09:59:05.591Z
2024-08-02,2330,台積電,25933629242,19082013613,73.58,6851615629,26.41,100,TWSE_MI_QFIIS_DAILY_FOREIGN_INVESTMENT,2026-08-21T09:59:05.591Z
2024-08-02,2454,聯發科,1599344128,971589965,60.74,627754163,39.25,100,TWSE_MI_QFIIS_DAILY_FOREIGN_INVESTMENT,2026-08-21T09:59:05.591Z
2024-08-05,0050,元大台灣50,2164500000,197806167,9.13,1966693833,90.86,100,TWSE_MI_QFIIS_DAILY_FOREIGN_INVESTMENT,2026-08-21T09:59:05.591Z
2024-08-05,2317,鴻海,13862990609,5515724415,39.78,8347266194,60.21,100,TWSE_MI_QFIIS_DAILY_FOREIGN_INVESTMENT,2026-08-21T09:59:05.591Z
2024-08-05,2330,台積電,25933629242,19037395817,73.4,6896233425,26.59,100,TWSE_MI_QFIIS_DAILY_FOREIGN_INVESTMENT,2026-08-21T09:59:05.591Z
2024-08-05,2454,聯發科,1599344128,968200440,60.53,631143688,39.46,100,TWSE_MI_QFIIS_DAILY_FOREIGN_INVESTMENT,2026-08-21T09:59:05.591Z
2024-08-06,0050,元大台灣50,2172000000,188622385,8.68,1983377615,91.31,100,TWSE_MI_QFIIS_DAILY_FOREIGN_INVESTMENT,2026-08-21T09:59:05.591Z
2024-08-06,2317,鴻海,13862990609,5482920399,39.55,8380070210,60.44,100,TWSE_MI_QFIIS_DAILY_FOREIGN_INVESTMENT,2026-08-21T09:59:05.591Z
2024-08-06,2330,台積電,25933629242,19068711989,73.52,6864917253,26.47,100,TWSE_MI_QFIIS_DAILY_FOREIGN_INVESTMENT,2026-08-21T09:59:05.591Z
2024-08-06,2454,聯發科,1599344128,969530856,60.62,629813272,39.37,100,TWSE_MI_QFIIS_DAILY_FOREIGN_INVESTMENT,2026-08-21T09:59:05.591Z
2024-08-07,0050,元大台灣50,2178000000,184460060,8.46,1993539940,91.53,100,TWSE_MI_QFIIS_DAILY_FOREIGN_INVESTMENT,2026-08-21T09:59:05.591Z
2024-08-07,2317,鴻海,13862990609,5442595323,39.25,8420395286,60.74,100,TWSE_MI_QFIIS_DAILY_FOREIGN_INVESTMENT,2026-08-21T09:59:05.591Z
2024-08-07,2330,台積電,25933629242,19076037166,73.55,6857592076,26.44,100,TWSE_MI_QFIIS_DAILY_FOREIGN_INVESTMENT,2026-08-21T09:59:05.591Z
2024-08-07,2454,聯發科,1599344128,969344774,60.6,629999354,39.39,100,TWSE_MI_QFIIS_DAILY_FOREIGN_INVESTMENT,2026-08-21T09:59:05.591Z
2024-08-08,0050,元大台灣50,2187500000,174789473,7.99,2012710527,92,100,TWSE_MI_QFIIS_DAILY_FOREIGN_INVESTMENT,2026-08-21T09:59:05.591Z
2024-08-08,2317,鴻海,13862990609,5412565823,39.04,8450424786,60.95,100,TWSE_MI_QFIIS_DAILY_FOREIGN_INVESTMENT,2026-08-21T09:59:05.591Z
2024-08-08,2330,台積電,25933629242,19066778455,73.52,6866850787,26.47,100,TWSE_MI_QFIIS_DAILY_FOREIGN_INVESTMENT,2026-08-21T09:59:05.591Z
2024-08-08,2454,聯發科,1599344128,967254096,60.47,632090032,39.52,100,TWSE_MI_QFIIS_DAILY_FOREIGN_INVESTMENT,2026-08-21T09:59:05.591Z
2024-08-09,0050,元大台灣50,2188000000,185440750,8.47,2002559250,91.52,100,TWSE_MI_QFIIS_DAILY_FOREIGN_INVESTMENT,2026-08-21T09:59:05.591Z
2024-08-09,2317,鴻海,13862990609,5420624203,39.1,8442366406,60.89,100,TWSE_MI_QFIIS_DAILY_FOREIGN_INVESTMENT,2026-08-21T09:59:05.591Z
2024-08-09,2330,台積電,25933629242,19082755104,73.58,6850874138,26.41,100,TWSE_MI_QFIIS_DAILY_FOREIGN_INVESTMENT,2026-08-21T09:59:05.591Z
2024-08-09,2454,聯發科,1599344128,966688704,60.44,632655424,39.55,100,TWSE_MI_QFIIS_DAILY_FOREIGN_INVESTMENT,2026-08-21T09:59:05.591Z
2024-08-12,0050,元大台灣50,2191000000,192540075,8.78,1998459925,91.21,100,TWSE_MI_QFIIS_DAILY_FOREIGN_INVESTMENT,2026-08-21T09:59:05.591Z
2024-08-12,2317,鴻海,13862990609,5424927323,39.13,8438063286,60.86,100,TWSE_MI_QFIIS_DAILY_FOREIGN_INVESTMENT,2026-08-21T09:59:05.591Z
2024-08-12,2330,台積電,25933629242,19094290237,73.62,6839339005,26.37,100,TWSE_MI_QFIIS_DAILY_FOREIGN_INVESTMENT,2026-08-21T09:59:05.591Z
2024-08-12,2454,聯發科,1599344128,967092611,60.46,632251517,39.53,100,TWSE_MI_QFIIS_DAILY_FOREIGN_INVESTMENT,2026-08-21T09:59:05.591Z
2024-08-13,0050,元大台灣50,2191500000,193998302,8.85,1997501698,91.14,100,TWSE_MI_QFIIS_DAILY_FOREIGN_INVESTMENT,2026-08-21T09:59:05.591Z
2024-08-13,2317,鴻海,13862990609,5417194205,39.07,8445796404,60.92,100,TWSE_MI_QFIIS_DAILY_FOREIGN_INVESTMENT,2026-08-21T09:59:05.591Z
2024-08-13,2330,台積電,25933629242,19097555927,73.64,6836073315,26.35,100,TWSE_MI_QFIIS_DAILY_FOREIGN_INVESTMENT,2026-08-21T09:59:05.591Z
2024-08-13,2454,聯發科,1599344128,966592936,60.43,632751192,39.56,100,TWSE_MI_QFIIS_DAILY_FOREIGN_INVESTMENT,2026-08-21T09:59:05.591Z
2024-08-14,0050,元大台灣50,2191500000,199746618,9.11,1991753382,90.88,100,TWSE_MI_QFIIS_DAILY_FOREIGN_INVESTMENT,2026-08-21T09:59:05.591Z
2024-08-14,2317,鴻海,13862990609,5434456917,39.2,8428533692,60.79,100,TWSE_MI_QFIIS_DAILY_FOREIGN_INVESTMENT,2026-08-21T09:59:05.591Z
2024-08-14,2330,台積電,25933629242,19105399503,73.67,6828229739,26.32,100,TWSE_MI_QFIIS_DAILY_FOREIGN_INVESTMENT,2026-08-21T09:59:05.591Z
2024-08-14,2454,聯發科,1599344128,966882641,60.45,632461487,39.54,100,TWSE_MI_QFIIS_DAILY_FOREIGN_INVESTMENT,2026-08-21T09:59:05.591Z
2024-08-15,0050,元大台灣50,2191500000,202538420,9.24,1988961580,90.75,100,TWSE_MI_QFIIS_DAILY_FOREIGN_INVESTMENT,2026-08-21T09:59:05.591Z
2024-08-15,2317,鴻海,13862990609,5428551474,39.15,8434439135,60.84,100,TWSE_MI_QFIIS_DAILY_FOREIGN_INVESTMENT,2026-08-21T09:59:05.591Z
2024-08-15,2330,台積電,25933629242,19106252913,73.67,6827376329,26.32,100,TWSE_MI_QFIIS_DAILY_FOREIGN_INVESTMENT,2026-08-21T09:59:05.591Z
2024-08-15,2454,聯發科,1599334935,965978246,60.39,633356689,39.6,100,TWSE_MI_QFIIS_DAILY_FOREIGN_INVESTMENT,2026-08-21T09:59:05.591Z
2024-08-16,0050,元大台灣50,2185500000,196586768,8.99,1988913232,91,100,TWSE_MI_QFIIS_DAILY_FOREIGN_INVESTMENT,2026-08-21T09:59:05.591Z
2024-08-16,2317,鴻海,13862990609,5434885386,39.2,8428105223,60.79,100,TWSE_MI_QFIIS_DAILY_FOREIGN_INVESTMENT,2026-08-21T09:59:05.591Z
2024-08-16,2330,台積電,25933629242,19125702508,73.74,6807926734,26.25,100,TWSE_MI_QFIIS_DAILY_FOREIGN_INVESTMENT,2026-08-21T09:59:05.591Z
2024-08-16,2454,聯發科,1599334935,968146929,60.53,631188006,39.46,100,TWSE_MI_QFIIS_DAILY_FOREIGN_INVESTMENT,2026-08-21T09:59:05.591Z
2024-08-19,0050,元大台灣50,2180500000,194201043,8.9,1986298957,91.09,100,TWSE_MI_QFIIS_DAILY_FOREIGN_INVESTMENT,2026-08-21T09:59:05.591Z
2024-08-19,2317,鴻海,13862990609,5443639199,39.26,8419351410,60.73,100,TWSE_MI_QFIIS_DAILY_FOREIGN_INVESTMENT,2026-08-21T09:59:05.591Z
2024-08-19,2330,台積電,25933629242,19128310522,73.75,6805318720,26.24,100,TWSE_MI_QFIIS_DAILY_FOREIGN_INVESTMENT,2026-08-21T09:59:05.591Z
2024-08-19,2454,聯發科,1599334935,967912419,60.51,631422516,39.48,100,TWSE_MI_QFIIS_DAILY_FOREIGN_INVESTMENT,2026-08-21T09:59:05.591Z
2024-08-20,0050,元大台灣50,2189000000,202472599,9.24,1986527401,90.75,100,TWSE_MI_QFIIS_DAILY_FOREIGN_INVESTMENT,2026-08-21T09:59:05.591Z
2024-08-20,2317,鴻海,13862990609,5432206488,39.18,8430784121,60.81,100,TWSE_MI_QFIIS_DAILY_FOREIGN_INVESTMENT,2026-08-21T09:59:05.591Z
2024-08-20,2330,台積電,25933629242,19129026964,73.76,6804602278,26.23,100,TWSE_MI_QFIIS_DAILY_FOREIGN_INVESTMENT,2026-08-21T09:59:05.591Z
2024-08-20,2454,聯發科,1599334935,967291800,60.48,632043135,39.51,100,TWSE_MI_QFIIS_DAILY_FOREIGN_INVESTMENT,2026-08-21T09:59:05.591Z
2024-08-21,0050,元大台灣50,2189000000,203201015,9.28,1985798985,90.71,100,TWSE_MI_QFIIS_DAILY_FOREIGN_INVESTMENT,2026-08-21T09:59:05.591Z
2024-08-21,2317,鴻海,13862990609,5427527994,39.15,8435462615,60.84,100,TWSE_MI_QFIIS_DAILY_FOREIGN_INVESTMENT,2026-08-21T09:59:05.591Z
2024-08-21,2330,台積電,25933629242,19125831470,73.74,6807797772,26.25,100,TWSE_MI_QFIIS_DAILY_FOREIGN_INVESTMENT,2026-08-21T09:59:05.591Z
2024-08-21,2454,聯發科,1599334935,967163045,60.47,632171890,39.52,100,TWSE_MI_QFIIS_DAILY_FOREIGN_INVESTMENT,2026-08-21T09:59:05.591Z
2024-08-22,0050,元大台灣50,2189000000,201648069,9.21,1987351931,90.78,100,TWSE_MI_QFIIS_DAILY_FOREIGN_INVESTMENT,2026-08-21T09:59:05.591Z
2024-08-22,2317,鴻海,13862990609,5415138628,39.06,8447851981,60.93,100,TWSE_MI_QFIIS_DAILY_FOREIGN_INVESTMENT,2026-08-21T09:59:05.591Z
2024-08-22,2330,台積電,25933629242,19121673171,73.73,6811956071,26.26,100,TWSE_MI_QFIIS_DAILY_FOREIGN_INVESTMENT,2026-08-21T09:59:05.591Z
2024-08-22,2454,聯發科,1599334935,966890188,60.45,632444747,39.54,100,TWSE_MI_QFIIS_DAILY_FOREIGN_INVESTMENT,2026-08-21T09:59:05.591Z
2024-08-23,0050,元大台灣50,2193000000,204607288,9.33,1988392712,90.66,100,TWSE_MI_QFIIS_DAILY_FOREIGN_INVESTMENT,2026-08-21T09:59:05.591Z
2024-08-23,2317,鴻海,13862990609,5419159150,39.09,8443831459,60.9,100,TWSE_MI_QFIIS_DAILY_FOREIGN_INVESTMENT,2026-08-21T09:59:05.591Z
2024-08-23,2330,台積電,25933629242,19116751369,73.71,6816877873,26.28,100,TWSE_MI_QFIIS_DAILY_FOREIGN_INVESTMENT,2026-08-21T09:59:05.591Z
2024-08-23,2454,聯發科,1599334935,966149580,60.4,633185355,39.59,100,TWSE_MI_QFIIS_DAILY_FOREIGN_INVESTMENT,2026-08-21T09:59:05.591Z
2024-08-26,0050,元大台灣50,2186500000,195931068,8.96,1990568932,91.03,100,TWSE_MI_QFIIS_DAILY_FOREIGN_INVESTMENT,2026-08-21T09:59:05.591Z
2024-08-26,2317,鴻海,13862990609,5419680647,39.09,8443309962,60.9,100,TWSE_MI_QFIIS_DAILY_FOREIGN_INVESTMENT,2026-08-21T09:59:05.591Z
2024-08-26,2330,台積電,25933629242,19112053660,73.69,6821575582,26.3,100,TWSE_MI_QFIIS_DAILY_FOREIGN_INVESTMENT,2026-08-21T09:59:05.591Z
2024-08-26,2454,聯發科,1599334935,965190275,60.34,634144660,39.65,100,TWSE_MI_QFIIS_DAILY_FOREIGN_INVESTMENT,2026-08-21T09:59:05.591Z
2024-08-27,0050,元大台灣50,2196000000,204356067,9.3,1991643933,90.69,100,TWSE_MI_QFIIS_DAILY_FOREIGN_INVESTMENT,2026-08-21T09:59:05.591Z
2024-08-27,2317,鴻海,13862990609,5407083543,39,8455907066,60.99,100,TWSE_MI_QFIIS_DAILY_FOREIGN_INVESTMENT,2026-08-21T09:59:05.591Z
2024-08-27,2330,台積電,25933629242,19105972810,73.67,6827656432,26.32,100,TWSE_MI_QFIIS_DAILY_FOREIGN_INVESTMENT,2026-08-21T09:59:05.591Z
2024-08-27,2454,聯發科,1599334935,964484780,60.3,634850155,39.69,100,TWSE_MI_QFIIS_DAILY_FOREIGN_INVESTMENT,2026-08-21T09:59:05.591Z
2024-08-28,0050,元大台灣50,2177500000,185172889,8.5,1992327111,91.49,100,TWSE_MI_QFIIS_DAILY_FOREIGN_INVESTMENT,2026-08-21T09:59:05.591Z
2024-08-28,2317,鴻海,13862990609,5406397054,38.99,8456593555,61,100,TWSE_MI_QFIIS_DAILY_FOREIGN_INVESTMENT,2026-08-21T09:59:05.591Z
2024-08-28,2330,台積電,25933629242,19107222778,73.67,6826406464,26.32,100,TWSE_MI_QFIIS_DAILY_FOREIGN_INVESTMENT,2026-08-21T09:59:05.591Z
2024-08-28,2454,聯發科,1599334935,963520498,60.24,635814437,39.75,100,TWSE_MI_QFIIS_DAILY_FOREIGN_INVESTMENT,2026-08-21T09:59:05.591Z
2024-08-29,0050,元大台灣50,2177500000,184020932,8.45,1993479068,91.54,100,TWSE_MI_QFIIS_DAILY_FOREIGN_INVESTMENT,2026-08-21T09:59:05.591Z
2024-08-29,2317,鴻海,13862990609,5397344276,38.93,8465646333,61.06,100,TWSE_MI_QFIIS_DAILY_FOREIGN_INVESTMENT,2026-08-21T09:59:05.591Z
2024-08-29,2330,台積電,25933629242,19085645118,73.59,6847984124,26.4,100,TWSE_MI_QFIIS_DAILY_FOREIGN_INVESTMENT,2026-08-21T09:59:05.591Z
2024-08-29,2454,聯發科,1599334935,964457885,60.3,634877050,39.69,100,TWSE_MI_QFIIS_DAILY_FOREIGN_INVESTMENT,2026-08-21T09:59:05.591Z
2024-08-30,0050,元大台灣50,2177500000,181627366,8.34,1995872634,91.65,100,TWSE_MI_QFIIS_DAILY_FOREIGN_INVESTMENT,2026-08-21T09:59:05.591Z
2024-08-30,2317,鴻海,13862990609,5401073382,38.96,8461917227,61.03,100,TWSE_MI_QFIIS_DAILY_FOREIGN_INVESTMENT,2026-08-21T09:59:05.591Z
2024-08-30,2330,台積電,25933629242,19085664471,73.59,6847964771,26.4,100,TWSE_MI_QFIIS_DAILY_FOREIGN_INVESTMENT,2026-08-21T09:59:05.591Z
2024-08-30,2454,聯發科,1599334935,963976499,60.27,635358436,39.72,100,TWSE_MI_QFIIS_DAILY_FOREIGN_INVESTMENT,2026-08-21T09:59:05.591Z
2024-09-02,0050,元大台灣50,2177500000,177108558,8.13,2000391442,91.86,100,TWSE_MI_QFIIS_DAILY_FOREIGN_INVESTMENT,2026-08-21T09:59:05.591Z
2024-09-02,2317,鴻海,13862990609,5398776529,38.94,8464214080,61.05,100,TWSE_MI_QFIIS_DAILY_FOREIGN_INVESTMENT,2026-08-21T09:59:05.591Z
2024-09-02,2330,台積電,25933629242,19085693467,73.59,6847935775,26.4,100,TWSE_MI_QFIIS_DAILY_FOREIGN_INVESTMENT,2026-08-21T09:59:05.591Z
2024-09-02,2454,聯發科,1599334935,964007568,60.27,635327367,39.72,100,TWSE_MI_QFIIS_DAILY_FOREIGN_INVESTMENT,2026-08-21T09:59:05.591Z
2024-09-03,0050,元大台灣50,2177500000,172832381,7.93,2004667619,92.06,100,TWSE_MI_QFIIS_DAILY_FOREIGN_INVESTMENT,2026-08-21T09:59:05.591Z
2024-09-03,2317,鴻海,13862990609,5414515526,39.05,8448475083,60.94,100,TWSE_MI_QFIIS_DAILY_FOREIGN_INVESTMENT,2026-08-21T09:59:05.591Z
2024-09-03,2330,台積電,25933629242,19084727121,73.59,6848902121,26.4,100,TWSE_MI_QFIIS_DAILY_FOREIGN_INVESTMENT,2026-08-21T09:59:05.591Z
2024-09-03,2454,聯發科,1599334935,963884882,60.26,635450053,39.73,100,TWSE_MI_QFIIS_DAILY_FOREIGN_INVESTMENT,2026-08-21T09:59:05.591Z
2024-09-04,0050,元大台灣50,2177500000,156341724,7.17,2021158276,92.82,100,TWSE_MI_QFIIS_DAILY_FOREIGN_INVESTMENT,2026-08-21T09:59:05.591Z
2024-09-04,2317,鴻海,13862990609,5411515601,39.03,8451475008,60.96,100,TWSE_MI_QFIIS_DAILY_FOREIGN_INVESTMENT,2026-08-21T09:59:05.591Z
2024-09-04,2330,台積電,25933629242,19035211406,73.39,6898417836,26.6,100,TWSE_MI_QFIIS_DAILY_FOREIGN_INVESTMENT,2026-08-21T09:59:05.591Z
2024-09-04,2454,聯發科,1599334935,961604489,60.12,637730446,39.87,100,TWSE_MI_QFIIS_DAILY_FOREIGN_INVESTMENT,2026-08-21T09:59:05.591Z
2024-09-05,0050,元大台灣50,2191500000,166374114,7.59,2025125886,92.4,100,TWSE_MI_QFIIS_DAILY_FOREIGN_INVESTMENT,2026-08-21T09:59:05.591Z
2024-09-05,2317,鴻海,13862990609,5384815965,38.84,8478174644,61.15,100,TWSE_MI_QFIIS_DAILY_FOREIGN_INVESTMENT,2026-08-21T09:59:05.591Z
2024-09-05,2330,台積電,25933629242,19036981517,73.4,6896647725,26.59,100,TWSE_MI_QFIIS_DAILY_FOREIGN_INVESTMENT,2026-08-21T09:59:05.591Z
2024-09-05,2454,聯發科,1599334935,958583591,59.93,640751344,40.06,100,TWSE_MI_QFIIS_DAILY_FOREIGN_INVESTMENT,2026-08-21T09:59:05.591Z
2024-09-06,0050,元大台灣50,2191500000,169509005,7.73,2021990995,92.26,100,TWSE_MI_QFIIS_DAILY_FOREIGN_INVESTMENT,2026-08-21T09:59:05.591Z
2024-09-06,2317,鴻海,13862990609,5388866505,38.87,8474124104,61.12,100,TWSE_MI_QFIIS_DAILY_FOREIGN_INVESTMENT,2026-08-21T09:59:05.591Z
2024-09-06,2330,台積電,25933629242,19041110802,73.42,6892518440,26.57,100,TWSE_MI_QFIIS_DAILY_FOREIGN_INVESTMENT,2026-08-21T09:59:05.591Z
2024-09-06,2454,聯發科,1599334935,958292007,59.91,641042928,40.08,100,TWSE_MI_QFIIS_DAILY_FOREIGN_INVESTMENT,2026-08-21T09:59:05.591Z
2024-09-09,0050,元大台灣50,2198500000,162579626,7.39,2035920374,92.6,100,TWSE_MI_QFIIS_DAILY_FOREIGN_INVESTMENT,2026-08-21T09:59:05.591Z
2024-09-09,2317,鴻海,13862990609,5363826334,38.69,8499164275,61.3,100,TWSE_MI_QFIIS_DAILY_FOREIGN_INVESTMENT,2026-08-21T09:59:05.591Z
2024-09-09,2330,台積電,25933629242,19021186446,73.34,6912442796,26.65,100,TWSE_MI_QFIIS_DAILY_FOREIGN_INVESTMENT,2026-08-21T09:59:05.591Z
2024-09-09,2454,聯發科,1599334935,955432418,59.73,643902517,40.26,100,TWSE_MI_QFIIS_DAILY_FOREIGN_INVESTMENT,2026-08-21T09:59:05.591Z
2024-09-10,0050,元大台灣50,2213000000,176518883,7.97,2036481117,92.02,100,TWSE_MI_QFIIS_DAILY_FOREIGN_INVESTMENT,2026-08-21T09:59:05.591Z
2024-09-10,2317,鴻海,13862990609,5356164581,38.63,8506826028,61.36,100,TWSE_MI_QFIIS_DAILY_FOREIGN_INVESTMENT,2026-08-21T09:59:05.591Z
2024-09-10,2330,台積電,25933629242,19015510370,73.32,6918118872,26.67,100,TWSE_MI_QFIIS_DAILY_FOREIGN_INVESTMENT,2026-08-21T09:59:05.591Z
2024-09-10,2454,聯發科,1601694282,956797071,59.73,644897211,40.26,100,TWSE_MI_QFIIS_DAILY_FOREIGN_INVESTMENT,2026-08-21T09:59:05.591Z
2024-09-11,0050,元大台灣50,2216500000,175122687,7.9,2041377313,92.09,100,TWSE_MI_QFIIS_DAILY_FOREIGN_INVESTMENT,2026-08-21T09:59:05.591Z
2024-09-11,2317,鴻海,13862990609,5348691359,38.58,8514299250,61.41,100,TWSE_MI_QFIIS_DAILY_FOREIGN_INVESTMENT,2026-08-21T09:59:05.591Z
2024-09-11,2330,台積電,25932733242,19012613288,73.31,6920119954,26.68,100,TWSE_MI_QFIIS_DAILY_FOREIGN_INVESTMENT,2026-08-21T09:59:05.591Z
2024-09-11,2454,聯發科,1601694282,956387997,59.71,645306285,40.28,100,TWSE_MI_QFIIS_DAILY_FOREIGN_INVESTMENT,2026-08-21T09:59:05.591Z
2024-09-12,0050,元大台灣50,2218000000,178678269,8.05,2039321731,91.94,100,TWSE_MI_QFIIS_DAILY_FOREIGN_INVESTMENT,2026-08-21T09:59:05.591Z
2024-09-12,2317,鴻海,13862990609,5370721205,38.74,8492269404,61.25,100,TWSE_MI_QFIIS_DAILY_FOREIGN_INVESTMENT,2026-08-21T09:59:05.591Z
2024-09-12,2330,台積電,25932733242,19033174395,73.39,6899558847,26.6,100,TWSE_MI_QFIIS_DAILY_FOREIGN_INVESTMENT,2026-08-21T09:59:05.591Z
2024-09-12,2454,聯發科,1601694282,956563542,59.72,645130740,40.27,100,TWSE_MI_QFIIS_DAILY_FOREIGN_INVESTMENT,2026-08-21T09:59:05.591Z
2024-09-13,0050,元大台灣50,2207000000,167672716,7.59,2039327284,92.4,100,TWSE_MI_QFIIS_DAILY_FOREIGN_INVESTMENT,2026-08-21T09:59:05.591Z
2024-09-13,2317,鴻海,13862990609,5368224626,38.72,8494765983,61.27,100,TWSE_MI_QFIIS_DAILY_FOREIGN_INVESTMENT,2026-08-21T09:59:05.591Z
2024-09-13,2330,台積電,25932733242,19043557058,73.43,6889176184,26.56,100,TWSE_MI_QFIIS_DAILY_FOREIGN_INVESTMENT,2026-08-21T09:59:05.591Z
2024-09-13,2454,聯發科,1601694282,955689686,59.66,646004596,40.33,100,TWSE_MI_QFIIS_DAILY_FOREIGN_INVESTMENT,2026-08-21T09:59:05.591Z
2024-09-16,0050,元大台灣50,2207000000,167549638,7.59,2039450362,92.4,100,TWSE_MI_QFIIS_DAILY_FOREIGN_INVESTMENT,2026-08-21T09:59:05.591Z
2024-09-16,2317,鴻海,13862990609,5367056951,38.71,8495933658,61.28,100,TWSE_MI_QFIIS_DAILY_FOREIGN_INVESTMENT,2026-08-21T09:59:05.591Z
2024-09-16,2330,台積電,25932733242,19044881771,73.43,6887851471,26.56,100,TWSE_MI_QFIIS_DAILY_FOREIGN_INVESTMENT,2026-08-21T09:59:05.591Z
2024-09-16,2454,聯發科,1601694282,955068762,59.62,646625520,40.37,100,TWSE_MI_QFIIS_DAILY_FOREIGN_INVESTMENT,2026-08-21T09:59:05.591Z
2024-09-18,0050,元大台灣50,2207000000,166603447,7.54,2040396553,92.45,100,TWSE_MI_QFIIS_DAILY_FOREIGN_INVESTMENT,2026-08-21T09:59:05.591Z
2024-09-18,2317,鴻海,13862990609,5340086356,38.52,8522904253,61.47,100,TWSE_MI_QFIIS_DAILY_FOREIGN_INVESTMENT,2026-08-21T09:59:05.591Z
2024-09-18,2330,台積電,25932733242,19043218473,73.43,6889514769,26.56,100,TWSE_MI_QFIIS_DAILY_FOREIGN_INVESTMENT,2026-08-21T09:59:05.591Z
2024-09-18,2454,聯發科,1601694282,952236974,59.45,649457308,40.54,100,TWSE_MI_QFIIS_DAILY_FOREIGN_INVESTMENT,2026-08-21T09:59:05.591Z
2024-09-19,0050,元大台灣50,2207000000,166292079,7.53,2040707921,92.46,100,TWSE_MI_QFIIS_DAILY_FOREIGN_INVESTMENT,2026-08-21T09:59:05.591Z
2024-09-19,2317,鴻海,13862990609,5337688939,38.5,8525301670,61.49,100,TWSE_MI_QFIIS_DAILY_FOREIGN_INVESTMENT,2026-08-21T09:59:05.591Z
2024-09-19,2330,台積電,25932733242,19050660853,73.46,6882072389,26.53,100,TWSE_MI_QFIIS_DAILY_FOREIGN_INVESTMENT,2026-08-21T09:59:05.591Z
2024-09-19,2454,聯發科,1601694282,949941022,59.3,651753260,40.69,100,TWSE_MI_QFIIS_DAILY_FOREIGN_INVESTMENT,2026-08-21T09:59:05.591Z
2024-09-20,0050,元大台灣50,2209000000,166094553,7.51,2042905447,92.48,100,TWSE_MI_QFIIS_DAILY_FOREIGN_INVESTMENT,2026-08-21T09:59:05.591Z
2024-09-20,2317,鴻海,13862990609,5342745974,38.53,8520244635,61.46,100,TWSE_MI_QFIIS_DAILY_FOREIGN_INVESTMENT,2026-08-21T09:59:05.591Z
2024-09-20,2330,台積電,25932733242,19070076219,73.53,6862657023,26.46,100,TWSE_MI_QFIIS_DAILY_FOREIGN_INVESTMENT,2026-08-21T09:59:05.591Z
2024-09-20,2454,聯發科,1601694282,949109022,59.25,652585260,40.74,100,TWSE_MI_QFIIS_DAILY_FOREIGN_INVESTMENT,2026-08-21T09:59:05.591Z
2024-09-23,0050,元大台灣50,2207000000,169817275,7.69,2037182725,92.3,100,TWSE_MI_QFIIS_DAILY_FOREIGN_INVESTMENT,2026-08-21T09:59:05.591Z
2024-09-23,2317,鴻海,13862990609,5347928697,38.57,8515061912,61.42,100,TWSE_MI_QFIIS_DAILY_FOREIGN_INVESTMENT,2026-08-21T09:59:05.591Z
2024-09-23,2330,台積電,25932733242,19071755466,73.54,6860977776,26.45,100,TWSE_MI_QFIIS_DAILY_FOREIGN_INVESTMENT,2026-08-21T09:59:05.591Z
2024-09-23,2454,聯發科,1601694282,947916496,59.18,653777786,40.81,100,TWSE_MI_QFIIS_DAILY_FOREIGN_INVESTMENT,2026-08-21T09:59:05.591Z
2024-09-24,0050,元大台灣50,2204000000,169134112,7.67,2034865888,92.32,100,TWSE_MI_QFIIS_DAILY_FOREIGN_INVESTMENT,2026-08-21T09:59:05.591Z
2024-09-24,2317,鴻海,13862990609,5349009013,38.58,8513981596,61.41,100,TWSE_MI_QFIIS_DAILY_FOREIGN_INVESTMENT,2026-08-21T09:59:05.591Z
2024-09-24,2330,台積電,25932733242,19081096432,73.57,6851636810,26.42,100,TWSE_MI_QFIIS_DAILY_FOREIGN_INVESTMENT,2026-08-21T09:59:05.591Z
2024-09-24,2454,聯發科,1601694282,948791605,59.23,652902677,40.76,100,TWSE_MI_QFIIS_DAILY_FOREIGN_INVESTMENT,2026-08-21T09:59:05.591Z
2024-09-25,0050,元大台灣50,2196500000,161443173,7.35,2035056827,92.64,100,TWSE_MI_QFIIS_DAILY_FOREIGN_INVESTMENT,2026-08-21T09:59:05.591Z
2024-09-25,2317,鴻海,13862990609,5373901995,38.76,8489088614,61.23,100,TWSE_MI_QFIIS_DAILY_FOREIGN_INVESTMENT,2026-08-21T09:59:05.591Z
2024-09-25,2330,台積電,25932733242,19091746435,73.62,6840986807,26.37,100,TWSE_MI_QFIIS_DAILY_FOREIGN_INVESTMENT,2026-08-21T09:59:05.591Z
2024-09-25,2454,聯發科,1601694282,948080268,59.19,653614014,40.8,100,TWSE_MI_QFIIS_DAILY_FOREIGN_INVESTMENT,2026-08-21T09:59:05.591Z
2024-09-26,0050,元大台灣50,2196500000,160044252,7.28,2036455748,92.71,100,TWSE_MI_QFIIS_DAILY_FOREIGN_INVESTMENT,2026-08-21T09:59:05.591Z
2024-09-26,2317,鴻海,13862990609,5370998838,38.74,8491991771,61.25,100,TWSE_MI_QFIIS_DAILY_FOREIGN_INVESTMENT,2026-08-21T09:59:05.591Z
2024-09-26,2330,台積電,25932733242,19104189776,73.66,6828543466,26.33,100,TWSE_MI_QFIIS_DAILY_FOREIGN_INVESTMENT,2026-08-21T09:59:05.591Z
2024-09-26,2454,聯發科,1601694282,948650440,59.22,653043842,40.77,100,TWSE_MI_QFIIS_DAILY_FOREIGN_INVESTMENT,2026-08-21T09:59:05.591Z
2024-09-27,0050,元大台灣50,2180500000,142681297,6.54,2037818703,93.45,100,TWSE_MI_QFIIS_DAILY_FOREIGN_INVESTMENT,2026-08-21T09:59:05.591Z
2024-09-27,2317,鴻海,13862990609,5384614559,38.84,8478376050,61.15,100,TWSE_MI_QFIIS_DAILY_FOREIGN_INVESTMENT,2026-08-21T09:59:05.591Z
2024-09-27,2330,台積電,25932733242,19109974048,73.69,6822759194,26.3,100,TWSE_MI_QFIIS_DAILY_FOREIGN_INVESTMENT,2026-08-21T09:59:05.591Z
2024-09-27,2454,聯發科,1601694282,947458741,59.15,654235541,40.84,100,TWSE_MI_QFIIS_DAILY_FOREIGN_INVESTMENT,2026-08-21T09:59:05.591Z
2024-09-30,0050,元大台灣50,2184500000,142051370,6.5,2042448630,93.49,100,TWSE_MI_QFIIS_DAILY_FOREIGN_INVESTMENT,2026-08-21T09:59:05.591Z
2024-09-30,2317,鴻海,13862990609,5384180311,38.83,8478810298,61.16,100,TWSE_MI_QFIIS_DAILY_FOREIGN_INVESTMENT,2026-08-21T09:59:05.591Z
2024-09-30,2330,台積電,25932733242,19088933768,73.6,6843799474,26.39,100,TWSE_MI_QFIIS_DAILY_FOREIGN_INVESTMENT,2026-08-21T09:59:05.591Z
2024-09-30,2454,聯發科,1601694282,945042617,59,656651665,40.99,100,TWSE_MI_QFIIS_DAILY_FOREIGN_INVESTMENT,2026-08-21T09:59:05.591Z
2024-10-01,0050,元大台灣50,2184500000,145246136,6.64,2039253864,93.35,100,TWSE_MI_QFIIS_DAILY_FOREIGN_INVESTMENT,2026-08-21T09:59:05.591Z
2024-10-01,2317,鴻海,13862990609,5381025585,38.81,8481965024,61.18,100,TWSE_MI_QFIIS_DAILY_FOREIGN_INVESTMENT,2026-08-21T09:59:05.591Z
2024-10-01,2330,台積電,25932733242,19089793269,73.61,6842939973,26.38,100,TWSE_MI_QFIIS_DAILY_FOREIGN_INVESTMENT,2026-08-21T09:59:05.591Z
2024-10-01,2454,聯發科,1601694282,943982892,58.93,657711390,41.06,100,TWSE_MI_QFIIS_DAILY_FOREIGN_INVESTMENT,2026-08-21T09:59:05.591Z
2024-10-04,0050,元大台灣50,2184500000,140319643,6.42,2044180357,93.57,100,TWSE_MI_QFIIS_DAILY_FOREIGN_INVESTMENT,2026-08-21T09:59:05.591Z
2024-10-04,2317,鴻海,13862990609,5397017746,38.93,8465972863,61.06,100,TWSE_MI_QFIIS_DAILY_FOREIGN_INVESTMENT,2026-08-21T09:59:05.591Z
2024-10-04,2330,台積電,25932733242,19092758878,73.62,6839974364,26.37,100,TWSE_MI_QFIIS_DAILY_FOREIGN_INVESTMENT,2026-08-21T09:59:05.591Z
2024-10-04,2454,聯發科,1601694282,943831351,58.92,657862931,41.07,100,TWSE_MI_QFIIS_DAILY_FOREIGN_INVESTMENT,2026-08-21T09:59:05.591Z
2024-10-07,0050,元大台灣50,2184500000,137576459,6.29,2046923541,93.7,100,TWSE_MI_QFIIS_DAILY_FOREIGN_INVESTMENT,2026-08-21T09:59:05.591Z
2024-10-07,2317,鴻海,13862990609,5381252102,38.81,8481738507,61.18,100,TWSE_MI_QFIIS_DAILY_FOREIGN_INVESTMENT,2026-08-21T09:59:05.591Z
2024-10-07,2330,台積電,25932733242,19103649129,73.66,6829084113,26.33,100,TWSE_MI_QFIIS_DAILY_FOREIGN_INVESTMENT,2026-08-21T09:59:05.591Z
2024-10-07,2454,聯發科,1601694282,942611843,58.85,659082439,41.14,100,TWSE_MI_QFIIS_DAILY_FOREIGN_INVESTMENT,2026-08-21T09:59:05.591Z
2024-10-08,0050,元大台灣50,2184500000,135737627,6.21,2048762373,93.78,100,TWSE_MI_QFIIS_DAILY_FOREIGN_INVESTMENT,2026-08-21T09:59:05.591Z
2024-10-08,2317,鴻海,13862990609,5369912013,38.73,8493078596,61.26,100,TWSE_MI_QFIIS_DAILY_FOREIGN_INVESTMENT,2026-08-21T09:59:05.591Z
2024-10-08,2330,台積電,25932733242,19106038417,73.67,6826694825,26.32,100,TWSE_MI_QFIIS_DAILY_FOREIGN_INVESTMENT,2026-08-21T09:59:05.591Z
2024-10-08,2454,聯發科,1601694282,941728420,58.79,659965862,41.2,100,TWSE_MI_QFIIS_DAILY_FOREIGN_INVESTMENT,2026-08-21T09:59:05.591Z
2024-10-09,0050,元大台灣50,2189500000,139245227,6.35,2050254773,93.64,100,TWSE_MI_QFIIS_DAILY_FOREIGN_INVESTMENT,2026-08-21T09:59:05.591Z
2024-10-09,2317,鴻海,13862990609,5406039860,38.99,8456950749,61,100,TWSE_MI_QFIIS_DAILY_FOREIGN_INVESTMENT,2026-08-21T09:59:05.591Z
2024-10-09,2330,台積電,25932733242,19120704005,73.73,6812029237,26.26,100,TWSE_MI_QFIIS_DAILY_FOREIGN_INVESTMENT,2026-08-21T09:59:05.591Z
2024-10-09,2454,聯發科,1601694282,942386784,58.83,659307498,41.16,100,TWSE_MI_QFIIS_DAILY_FOREIGN_INVESTMENT,2026-08-21T09:59:05.591Z
2024-10-11,0050,元大台灣50,2189500000,146252316,6.67,2043247684,93.32,100,TWSE_MI_QFIIS_DAILY_FOREIGN_INVESTMENT,2026-08-21T09:59:05.591Z
2024-10-11,2317,鴻海,13862990609,5412152374,39.04,8450838235,60.95,100,TWSE_MI_QFIIS_DAILY_FOREIGN_INVESTMENT,2026-08-21T09:59:05.591Z
2024-10-11,2330,台積電,25932733242,19135045392,73.78,6797687850,26.21,100,TWSE_MI_QFIIS_DAILY_FOREIGN_INVESTMENT,2026-08-21T09:59:05.591Z
2024-10-11,2454,聯發科,1601694282,946427554,59.08,655266728,40.91,100,TWSE_MI_QFIIS_DAILY_FOREIGN_INVESTMENT,2026-08-21T09:59:05.591Z
2024-10-14,0050,元大台灣50,2189500000,147077347,6.71,2042422653,93.28,100,TWSE_MI_QFIIS_DAILY_FOREIGN_INVESTMENT,2026-08-21T09:59:05.591Z
2024-10-14,2317,鴻海,13862990609,5397148645,38.93,8465841964,61.06,100,TWSE_MI_QFIIS_DAILY_FOREIGN_INVESTMENT,2026-08-21T09:59:05.591Z
2024-10-14,2330,台積電,25932733242,19128957838,73.76,6803775404,26.23,100,TWSE_MI_QFIIS_DAILY_FOREIGN_INVESTMENT,2026-08-21T09:59:05.591Z
2024-10-14,2454,聯發科,1601694282,945883957,59.05,655810325,40.94,100,TWSE_MI_QFIIS_DAILY_FOREIGN_INVESTMENT,2026-08-21T09:59:05.591Z
2024-10-15,0050,元大台灣50,2189500000,152283623,6.95,2037216377,93.04,100,TWSE_MI_QFIIS_DAILY_FOREIGN_INVESTMENT,2026-08-21T09:59:05.591Z
2024-10-15,2317,鴻海,13862990609,5453856241,39.34,8409134368,60.65,100,TWSE_MI_QFIIS_DAILY_FOREIGN_INVESTMENT,2026-08-21T09:59:05.591Z
2024-10-15,2330,台積電,25932733242,19139327370,73.8,6793405872,26.19,100,TWSE_MI_QFIIS_DAILY_FOREIGN_INVESTMENT,2026-08-21T09:59:05.591Z
2024-10-15,2454,聯發科,1601694282,945914827,59.05,655779455,40.94,100,TWSE_MI_QFIIS_DAILY_FOREIGN_INVESTMENT,2026-08-21T09:59:05.591Z
2024-10-16,0050,元大台灣50,2192000000,147347512,6.72,2044652488,93.27,100,TWSE_MI_QFIIS_DAILY_FOREIGN_INVESTMENT,2026-08-21T09:59:05.591Z
2024-10-16,2317,鴻海,13862990609,5449494573,39.3,8413496036,60.69,100,TWSE_MI_QFIIS_DAILY_FOREIGN_INVESTMENT,2026-08-21T09:59:05.591Z
2024-10-16,2330,台積電,25932733242,19123481867,73.74,6809251375,26.25,100,TWSE_MI_QFIIS_DAILY_FOREIGN_INVESTMENT,2026-08-21T09:59:05.591Z
2024-10-16,2454,聯發科,1601694282,945370288,59.02,656323994,40.97,100,TWSE_MI_QFIIS_DAILY_FOREIGN_INVESTMENT,2026-08-21T09:59:05.591Z
2024-10-17,0050,元大台灣50,2197000000,146380814,6.66,2050619186,93.33,100,TWSE_MI_QFIIS_DAILY_FOREIGN_INVESTMENT,2026-08-21T09:59:05.591Z
2024-10-17,2317,鴻海,13862990609,5464565284,39.41,8398425325,60.58,100,TWSE_MI_QFIIS_DAILY_FOREIGN_INVESTMENT,2026-08-21T09:59:05.591Z
2024-10-17,2330,台積電,25932733242,19110537204,73.69,6822196038,26.3,100,TWSE_MI_QFIIS_DAILY_FOREIGN_INVESTMENT,2026-08-21T09:59:05.591Z
2024-10-17,2454,聯發科,1601694282,944317215,58.95,657377067,41.04,100,TWSE_MI_QFIIS_DAILY_FOREIGN_INVESTMENT,2026-08-21T09:59:05.591Z
2024-10-18,0050,元大台灣50,2197000000,165797287,7.54,2031202713,92.45,100,TWSE_MI_QFIIS_DAILY_FOREIGN_INVESTMENT,2026-08-21T09:59:05.591Z
2024-10-18,2317,鴻海,13862990609,5474808252,39.49,8388182357,60.5,100,TWSE_MI_QFIIS_DAILY_FOREIGN_INVESTMENT,2026-08-21T09:59:05.591Z
2024-10-18,2330,台積電,25932733242,19144218548,73.82,6788514694,26.17,100,TWSE_MI_QFIIS_DAILY_FOREIGN_INVESTMENT,2026-08-21T09:59:05.591Z
2024-10-18,2454,聯發科,1601694282,946978997,59.12,654715285,40.87,100,TWSE_MI_QFIIS_DAILY_FOREIGN_INVESTMENT,2026-08-21T09:59:05.591Z
2024-10-21,0050,元大台灣50,2194000000,169832094,7.74,2024167906,92.25,100,TWSE_MI_QFIIS_DAILY_FOREIGN_INVESTMENT,2026-08-21T09:59:05.591Z
2024-10-21,2317,鴻海,13862990609,5469632184,39.45,8393358425,60.54,100,TWSE_MI_QFIIS_DAILY_FOREIGN_INVESTMENT,2026-08-21T09:59:05.591Z
2024-10-21,2330,台積電,25932733242,19150795867,73.84,6781937375,26.15,100,TWSE_MI_QFIIS_DAILY_FOREIGN_INVESTMENT,2026-08-21T09:59:05.591Z
2024-10-21,2454,聯發科,1601694282,946631287,59.1,655062995,40.89,100,TWSE_MI_QFIIS_DAILY_FOREIGN_INVESTMENT,2026-08-21T09:59:05.591Z
2024-10-22,0050,元大台灣50,2165500000,140967669,6.5,2024532331,93.49,100,TWSE_MI_QFIIS_DAILY_FOREIGN_INVESTMENT,2026-08-21T09:59:05.591Z
2024-10-22,2317,鴻海,13862990609,5499383601,39.66,8363607008,60.33,100,TWSE_MI_QFIIS_DAILY_FOREIGN_INVESTMENT,2026-08-21T09:59:05.591Z
2024-10-22,2330,台積電,25932733242,19146935413,73.83,6785797829,26.16,100,TWSE_MI_QFIIS_DAILY_FOREIGN_INVESTMENT,2026-08-21T09:59:05.591Z
2024-10-22,2454,聯發科,1601694282,945458801,59.02,656235481,40.97,100,TWSE_MI_QFIIS_DAILY_FOREIGN_INVESTMENT,2026-08-21T09:59:05.591Z
2024-10-23,0050,元大台灣50,2141500000,118986078,5.55,2022513922,94.44,100,TWSE_MI_QFIIS_DAILY_FOREIGN_INVESTMENT,2026-08-21T09:59:05.591Z
2024-10-23,2317,鴻海,13862990609,5497866250,39.65,8365124359,60.34,100,TWSE_MI_QFIIS_DAILY_FOREIGN_INVESTMENT,2026-08-21T09:59:05.591Z
2024-10-23,2330,台積電,25932733242,19147952974,73.83,6784780268,26.16,100,TWSE_MI_QFIIS_DAILY_FOREIGN_INVESTMENT,2026-08-21T09:59:05.591Z
2024-10-23,2454,聯發科,1601694282,946349409,59.08,655344873,40.91,100,TWSE_MI_QFIIS_DAILY_FOREIGN_INVESTMENT,2026-08-21T09:59:05.591Z
2024-10-24,0050,元大台灣50,2136000000,117719437,5.51,2018280563,94.48,100,TWSE_MI_QFIIS_DAILY_FOREIGN_INVESTMENT,2026-08-21T09:59:05.591Z
2024-10-24,2317,鴻海,13862990609,5496390870,39.64,8366599739,60.35,100,TWSE_MI_QFIIS_DAILY_FOREIGN_INVESTMENT,2026-08-21T09:59:05.591Z
2024-10-24,2330,台積電,25932733242,19154181577,73.86,6778551665,26.13,100,TWSE_MI_QFIIS_DAILY_FOREIGN_INVESTMENT,2026-08-21T09:59:05.591Z
2024-10-24,2454,聯發科,1601694282,946796971,59.11,654897311,40.88,100,TWSE_MI_QFIIS_DAILY_FOREIGN_INVESTMENT,2026-08-21T09:59:05.591Z
2024-10-25,0050,元大台灣50,2135000000,123755827,5.79,2011244173,94.2,100,TWSE_MI_QFIIS_DAILY_FOREIGN_INVESTMENT,2026-08-21T09:59:05.591Z
2024-10-25,2317,鴻海,13862990609,5514738461,39.78,8348252148,60.21,100,TWSE_MI_QFIIS_DAILY_FOREIGN_INVESTMENT,2026-08-21T09:59:05.591Z
2024-10-25,2330,台積電,25932733242,19159848509,73.88,6772884733,26.11,100,TWSE_MI_QFIIS_DAILY_FOREIGN_INVESTMENT,2026-08-21T09:59:05.591Z
2024-10-25,2454,聯發科,1601694282,947419337,59.15,654274945,40.84,100,TWSE_MI_QFIIS_DAILY_FOREIGN_INVESTMENT,2026-08-21T09:59:05.591Z
2024-10-28,0050,元大台灣50,2122000000,109919332,5.17,2012080668,94.82,100,TWSE_MI_QFIIS_DAILY_FOREIGN_INVESTMENT,2026-08-21T09:59:05.591Z
2024-10-28,2317,鴻海,13862990609,5513273141,39.76,8349717468,60.23,100,TWSE_MI_QFIIS_DAILY_FOREIGN_INVESTMENT,2026-08-21T09:59:05.591Z
2024-10-28,2330,台積電,25932733242,19164599436,73.9,6768133806,26.09,100,TWSE_MI_QFIIS_DAILY_FOREIGN_INVESTMENT,2026-08-21T09:59:05.591Z
2024-10-28,2454,聯發科,1601694282,948874357,59.24,652819925,40.75,100,TWSE_MI_QFIIS_DAILY_FOREIGN_INVESTMENT,2026-08-21T09:59:05.591Z
2024-10-29,0050,元大台灣50,2116500000,104886905,4.95,2011613095,95.04,100,TWSE_MI_QFIIS_DAILY_FOREIGN_INVESTMENT,2026-08-21T09:59:05.591Z
2024-10-29,2317,鴻海,13862990609,5515386620,39.78,8347603989,60.21,100,TWSE_MI_QFIIS_DAILY_FOREIGN_INVESTMENT,2026-08-21T09:59:05.591Z
2024-10-29,2330,台積電,25932733242,19162702648,73.89,6770030594,26.1,100,TWSE_MI_QFIIS_DAILY_FOREIGN_INVESTMENT,2026-08-21T09:59:05.591Z
2024-10-29,2454,聯發科,1601694282,947297566,59.14,654396716,40.85,100,TWSE_MI_QFIIS_DAILY_FOREIGN_INVESTMENT,2026-08-21T09:59:05.591Z
2024-10-30,0050,元大台灣50,2116500000,111176672,5.25,2005323328,94.74,100,TWSE_MI_QFIIS_DAILY_FOREIGN_INVESTMENT,2026-08-21T09:59:05.591Z
2024-10-30,2317,鴻海,13862990609,5526901920,39.86,8336088689,60.13,100,TWSE_MI_QFIIS_DAILY_FOREIGN_INVESTMENT,2026-08-21T09:59:05.591Z
2024-10-30,2330,台積電,25932733242,19158099455,73.87,6774633787,26.12,100,TWSE_MI_QFIIS_DAILY_FOREIGN_INVESTMENT,2026-08-21T09:59:05.591Z
2024-10-30,2454,聯發科,1601694282,947365331,59.14,654328951,40.85,100,TWSE_MI_QFIIS_DAILY_FOREIGN_INVESTMENT,2026-08-21T09:59:05.591Z
2024-11-01,0050,元大台灣50,2121500000,102992183,4.85,2018507817,95.14,100,TWSE_MI_QFIIS_DAILY_FOREIGN_INVESTMENT,2026-08-21T09:59:05.591Z
2024-11-01,2317,鴻海,13862990609,5505197546,39.71,8357793063,60.28,100,TWSE_MI_QFIIS_DAILY_FOREIGN_INVESTMENT,2026-08-21T09:59:05.591Z
2024-11-01,2330,台積電,25932733242,19150013395,73.84,6782719847,26.15,100,TWSE_MI_QFIIS_DAILY_FOREIGN_INVESTMENT,2026-08-21T09:59:05.591Z
2024-11-01,2454,聯發科,1601694282,946190671,59.07,655503611,40.92,100,TWSE_MI_QFIIS_DAILY_FOREIGN_INVESTMENT,2026-08-21T09:59:05.591Z
2024-11-04,0050,元大台灣50,2126500000,109364711,5.14,2017135289,94.85,100,TWSE_MI_QFIIS_DAILY_FOREIGN_INVESTMENT,2026-08-21T09:59:05.591Z
2024-11-04,2317,鴻海,13862990609,5508423940,39.73,8354566669,60.26,100,TWSE_MI_QFIIS_DAILY_FOREIGN_INVESTMENT,2026-08-21T09:59:05.591Z
2024-11-04,2330,台積電,25932733242,19149331772,73.84,6783401470,26.15,100,TWSE_MI_QFIIS_DAILY_FOREIGN_INVESTMENT,2026-08-21T09:59:05.591Z
2024-11-04,2454,聯發科,1601694282,945280696,59.01,656413586,40.98,100,TWSE_MI_QFIIS_DAILY_FOREIGN_INVESTMENT,2026-08-21T09:59:05.591Z
2024-11-05,0050,元大台灣50,2127500000,111804802,5.25,2015695198,94.74,100,TWSE_MI_QFIIS_DAILY_FOREIGN_INVESTMENT,2026-08-21T09:59:05.591Z
2024-11-05,2317,鴻海,13862990609,5505238430,39.71,8357752179,60.28,100,TWSE_MI_QFIIS_DAILY_FOREIGN_INVESTMENT,2026-08-21T09:59:05.591Z
2024-11-05,2330,台積電,25932733242,19148664614,73.83,6784068628,26.16,100,TWSE_MI_QFIIS_DAILY_FOREIGN_INVESTMENT,2026-08-21T09:59:05.591Z
2024-11-05,2454,聯發科,1601694282,943787308,58.92,657906974,41.07,100,TWSE_MI_QFIIS_DAILY_FOREIGN_INVESTMENT,2026-08-21T09:59:05.591Z
2024-11-06,0050,元大台灣50,2127500000,107237016,5.04,2020262984,94.95,100,TWSE_MI_QFIIS_DAILY_FOREIGN_INVESTMENT,2026-08-21T09:59:05.591Z
2024-11-06,2317,鴻海,13862990609,5507082514,39.72,8355908095,60.27,100,TWSE_MI_QFIIS_DAILY_FOREIGN_INVESTMENT,2026-08-21T09:59:05.591Z
2024-11-06,2330,台積電,25932733242,19140922149,73.8,6791811093,26.19,100,TWSE_MI_QFIIS_DAILY_FOREIGN_INVESTMENT,2026-08-21T09:59:05.591Z
2024-11-06,2454,聯發科,1601694282,944283426,58.95,657410856,41.04,100,TWSE_MI_QFIIS_DAILY_FOREIGN_INVESTMENT,2026-08-21T09:59:05.591Z
2024-11-07,0050,元大台灣50,2127500000,103283320,4.85,2024216680,95.14,100,TWSE_MI_QFIIS_DAILY_FOREIGN_INVESTMENT,2026-08-21T09:59:05.591Z
2024-11-07,2317,鴻海,13862990609,5526585779,39.86,8336404830,60.13,100,TWSE_MI_QFIIS_DAILY_FOREIGN_INVESTMENT,2026-08-21T09:59:05.591Z
2024-11-07,2330,台積電,25932733242,19128218083,73.76,6804515159,26.23,100,TWSE_MI_QFIIS_DAILY_FOREIGN_INVESTMENT,2026-08-21T09:59:05.591Z
2024-11-07,2454,聯發科,1601694282,944156799,58.94,657537483,41.05,100,TWSE_MI_QFIIS_DAILY_FOREIGN_INVESTMENT,2026-08-21T09:59:05.591Z
2024-11-08,0050,元大台灣50,2132500000,102235885,4.79,2030264115,95.2,100,TWSE_MI_QFIIS_DAILY_FOREIGN_INVESTMENT,2026-08-21T09:59:05.591Z
2024-11-08,2317,鴻海,13862990609,5535409462,39.92,8327581147,60.07,100,TWSE_MI_QFIIS_DAILY_FOREIGN_INVESTMENT,2026-08-21T09:59:05.591Z
2024-11-08,2330,台積電,25932733242,19131268908,73.77,6801464334,26.22,100,TWSE_MI_QFIIS_DAILY_FOREIGN_INVESTMENT,2026-08-21T09:59:05.591Z
2024-11-08,2454,聯發科,1601694282,942598597,58.85,659095685,41.14,100,TWSE_MI_QFIIS_DAILY_FOREIGN_INVESTMENT,2026-08-21T09:59:05.591Z
2024-11-11,0050,元大台灣50,2132500000,102939553,4.82,2029560447,95.17,100,TWSE_MI_QFIIS_DAILY_FOREIGN_INVESTMENT,2026-08-21T09:59:05.591Z
2024-11-11,2317,鴻海,13862990609,5539628570,39.95,8323362039,60.04,100,TWSE_MI_QFIIS_DAILY_FOREIGN_INVESTMENT,2026-08-21T09:59:05.591Z
2024-11-11,2330,台積電,25932733242,19130761931,73.77,6801971311,26.22,100,TWSE_MI_QFIIS_DAILY_FOREIGN_INVESTMENT,2026-08-21T09:59:05.591Z
2024-11-11,2454,聯發科,1601694282,942227931,58.82,659466351,41.17,100,TWSE_MI_QFIIS_DAILY_FOREIGN_INVESTMENT,2026-08-21T09:59:05.591Z
2024-11-12,0050,元大台灣50,2145500000,98648310,4.59,2046851690,95.4,100,TWSE_MI_QFIIS_DAILY_FOREIGN_INVESTMENT,2026-08-21T09:59:05.591Z
2024-11-12,2317,鴻海,13862990609,5530145932,39.89,8332844677,60.1,100,TWSE_MI_QFIIS_DAILY_FOREIGN_INVESTMENT,2026-08-21T09:59:05.591Z
2024-11-12,2330,台積電,25932733242,19113880373,73.7,6818852869,26.29,100,TWSE_MI_QFIIS_DAILY_FOREIGN_INVESTMENT,2026-08-21T09:59:05.591Z
2024-11-12,2454,聯發科,1601694282,940953776,58.74,660740506,41.25,100,TWSE_MI_QFIIS_DAILY_FOREIGN_INVESTMENT,2026-08-21T09:59:05.591Z
2024-11-13,0050,元大台灣50,2156500000,106599879,4.94,2049900121,95.05,100,TWSE_MI_QFIIS_DAILY_FOREIGN_INVESTMENT,2026-08-21T09:59:05.591Z
2024-11-13,2317,鴻海,13862990609,5515693887,39.78,8347296722,60.21,100,TWSE_MI_QFIIS_DAILY_FOREIGN_INVESTMENT,2026-08-21T09:59:05.591Z
2024-11-13,2330,台積電,25932733242,19094531575,73.63,6838201667,26.36,100,TWSE_MI_QFIIS_DAILY_FOREIGN_INVESTMENT,2026-08-21T09:59:05.591Z
2024-11-13,2454,聯發科,1601694282,939860084,58.67,661834198,41.32,100,TWSE_MI_QFIIS_DAILY_FOREIGN_INVESTMENT,2026-08-21T09:59:05.591Z
2024-11-14,0050,元大台灣50,2166500000,110913011,5.11,2055586989,94.88,100,TWSE_MI_QFIIS_DAILY_FOREIGN_INVESTMENT,2026-08-21T09:59:05.591Z
2024-11-14,2317,鴻海,13862990609,5507238885,39.72,8355751724,60.27,100,TWSE_MI_QFIIS_DAILY_FOREIGN_INVESTMENT,2026-08-21T09:59:05.591Z
2024-11-14,2330,台積電,25932733242,19089782938,73.61,6842950304,26.38,100,TWSE_MI_QFIIS_DAILY_FOREIGN_INVESTMENT,2026-08-21T09:59:05.591Z
2024-11-14,2454,聯發科,1601694282,939472032,58.65,662222250,41.34,100,TWSE_MI_QFIIS_DAILY_FOREIGN_INVESTMENT,2026-08-21T09:59:05.591Z
2024-11-15,0050,元大台灣50,2166500000,119112848,5.49,2047387152,94.5,100,TWSE_MI_QFIIS_DAILY_FOREIGN_INVESTMENT,2026-08-21T09:59:05.591Z
2024-11-15,2317,鴻海,13862990609,5482732463,39.54,8380258146,60.45,100,TWSE_MI_QFIIS_DAILY_FOREIGN_INVESTMENT,2026-08-21T09:59:05.591Z
2024-11-15,2330,台積電,25932733242,19086597062,73.6,6846136180,26.39,100,TWSE_MI_QFIIS_DAILY_FOREIGN_INVESTMENT,2026-08-21T09:59:05.591Z
2024-11-15,2454,聯發科,1601694282,940347141,58.7,661347141,41.29,100,TWSE_MI_QFIIS_DAILY_FOREIGN_INVESTMENT,2026-08-21T09:59:05.591Z
2024-11-18,0050,元大台灣50,2171500000,114034744,5.25,2057465256,94.74,100,TWSE_MI_QFIIS_DAILY_FOREIGN_INVESTMENT,2026-08-21T09:59:05.591Z
2024-11-18,2317,鴻海,13862990609,5474813728,39.49,8388176881,60.5,100,TWSE_MI_QFIIS_DAILY_FOREIGN_INVESTMENT,2026-08-21T09:59:05.591Z
2024-11-18,2330,台積電,25932733242,19084175954,73.59,6848557288,26.4,100,TWSE_MI_QFIIS_DAILY_FOREIGN_INVESTMENT,2026-08-21T09:59:05.591Z
2024-11-18,2454,聯發科,1601694282,940040379,58.69,661653903,41.3,100,TWSE_MI_QFIIS_DAILY_FOREIGN_INVESTMENT,2026-08-21T09:59:05.591Z
2024-11-19,0050,元大台灣50,2176000000,113751416,5.22,2062248584,94.77,100,TWSE_MI_QFIIS_DAILY_FOREIGN_INVESTMENT,2026-08-21T09:59:05.591Z
2024-11-19,2317,鴻海,13862990609,5455491265,39.35,8407499344,60.64,100,TWSE_MI_QFIIS_DAILY_FOREIGN_INVESTMENT,2026-08-21T09:59:05.591Z
2024-11-19,2330,台積電,25932733242,19086180887,73.59,6846552355,26.4,100,TWSE_MI_QFIIS_DAILY_FOREIGN_INVESTMENT,2026-08-21T09:59:05.591Z
2024-11-19,2454,聯發科,1601694282,940746131,58.73,660948151,41.26,100,TWSE_MI_QFIIS_DAILY_FOREIGN_INVESTMENT,2026-08-21T09:59:05.591Z
2024-11-20,0050,元大台灣50,2181000000,110508446,5.06,2070491554,94.93,100,TWSE_MI_QFIIS_DAILY_FOREIGN_INVESTMENT,2026-08-21T09:59:05.591Z
2024-11-20,2317,鴻海,13862990609,5450588346,39.31,8412402263,60.68,100,TWSE_MI_QFIIS_DAILY_FOREIGN_INVESTMENT,2026-08-21T09:59:05.591Z
2024-11-20,2330,台積電,25932733242,19070910138,73.53,6861823104,26.46,100,TWSE_MI_QFIIS_DAILY_FOREIGN_INVESTMENT,2026-08-21T09:59:05.591Z
2024-11-20,2454,聯發科,1601687990,940279803,58.7,661408187,41.29,100,TWSE_MI_QFIIS_DAILY_FOREIGN_INVESTMENT,2026-08-21T09:59:05.591Z
2024-11-21,0050,元大台灣50,2181000000,107428593,4.92,2073571407,95.07,100,TWSE_MI_QFIIS_DAILY_FOREIGN_INVESTMENT,2026-08-21T09:59:05.591Z
2024-11-21,2317,鴻海,13862990609,5431914606,39.18,8431076003,60.81,100,TWSE_MI_QFIIS_DAILY_FOREIGN_INVESTMENT,2026-08-21T09:59:05.591Z
2024-11-21,2330,台積電,25932733242,19057765476,73.48,6874967766,26.51,100,TWSE_MI_QFIIS_DAILY_FOREIGN_INVESTMENT,2026-08-21T09:59:05.591Z
2024-11-21,2454,聯發科,1601687990,940159550,58.69,661528440,41.3,100,TWSE_MI_QFIIS_DAILY_FOREIGN_INVESTMENT,2026-08-21T09:59:05.591Z
2024-11-22,0050,元大台灣50,2196500000,117683819,5.35,2078816181,94.64,100,TWSE_MI_QFIIS_DAILY_FOREIGN_INVESTMENT,2026-08-21T09:59:05.591Z
2024-11-22,2317,鴻海,13862990609,5421146859,39.1,8441843750,60.89,100,TWSE_MI_QFIIS_DAILY_FOREIGN_INVESTMENT,2026-08-21T09:59:05.591Z
2024-11-22,2330,台積電,25932733242,19064091919,73.51,6868641323,26.48,100,TWSE_MI_QFIIS_DAILY_FOREIGN_INVESTMENT,2026-08-21T09:59:05.591Z
2024-11-22,2454,聯發科,1601687990,942961543,58.87,658726447,41.12,100,TWSE_MI_QFIIS_DAILY_FOREIGN_INVESTMENT,2026-08-21T09:59:05.591Z
2024-11-25,0050,元大台灣50,2196500000,119034929,5.41,2077465071,94.58,100,TWSE_MI_QFIIS_DAILY_FOREIGN_INVESTMENT,2026-08-21T09:59:05.591Z
2024-11-25,2317,鴻海,13862990609,5439456860,39.23,8423533749,60.76,100,TWSE_MI_QFIIS_DAILY_FOREIGN_INVESTMENT,2026-08-21T09:59:05.591Z
2024-11-25,2330,台積電,25932733242,19056391634,73.48,6876341608,26.51,100,TWSE_MI_QFIIS_DAILY_FOREIGN_INVESTMENT,2026-08-21T09:59:05.591Z
2024-11-25,2454,聯發科,1601687990,942619195,58.85,659068795,41.14,100,TWSE_MI_QFIIS_DAILY_FOREIGN_INVESTMENT,2026-08-21T09:59:05.591Z
2024-11-26,0050,元大台灣50,2196000000,112902712,5.14,2083097288,94.85,100,TWSE_MI_QFIIS_DAILY_FOREIGN_INVESTMENT,2026-08-21T09:59:05.591Z
2024-11-26,2317,鴻海,13862990609,5386742977,38.85,8476247632,61.14,100,TWSE_MI_QFIIS_DAILY_FOREIGN_INVESTMENT,2026-08-21T09:59:05.591Z
2024-11-26,2330,台積電,25932733242,19045548582,73.44,6887184660,26.55,100,TWSE_MI_QFIIS_DAILY_FOREIGN_INVESTMENT,2026-08-21T09:59:05.591Z
2024-11-26,2454,聯發科,1601687990,942008040,58.81,659679950,41.18,100,TWSE_MI_QFIIS_DAILY_FOREIGN_INVESTMENT,2026-08-21T09:59:05.591Z
2024-11-27,0050,元大台灣50,2195000000,103963863,4.73,2091036137,95.26,100,TWSE_MI_QFIIS_DAILY_FOREIGN_INVESTMENT,2026-08-21T09:59:05.591Z
2024-11-27,2317,鴻海,13862990609,5365207859,38.7,8497782750,61.29,100,TWSE_MI_QFIIS_DAILY_FOREIGN_INVESTMENT,2026-08-21T09:59:05.591Z
2024-11-27,2330,台積電,25932733242,19035931541,73.4,6896801701,26.59,100,TWSE_MI_QFIIS_DAILY_FOREIGN_INVESTMENT,2026-08-21T09:59:05.591Z
2024-11-27,2454,聯發科,1601687990,941179772,58.76,660508218,41.23,100,TWSE_MI_QFIIS_DAILY_FOREIGN_INVESTMENT,2026-08-21T09:59:05.591Z
2024-11-28,0050,元大台灣50,2204500000,106625574,4.83,2097874426,95.16,100,TWSE_MI_QFIIS_DAILY_FOREIGN_INVESTMENT,2026-08-21T09:59:05.591Z
2024-11-28,2317,鴻海,13862990609,5361279324,38.67,8501711285,61.32,100,TWSE_MI_QFIIS_DAILY_FOREIGN_INVESTMENT,2026-08-21T09:59:05.591Z
2024-11-28,2330,台積電,25932733242,19032653982,73.39,6900079260,26.6,100,TWSE_MI_QFIIS_DAILY_FOREIGN_INVESTMENT,2026-08-21T09:59:05.591Z
2024-11-28,2454,聯發科,1601687990,940169236,58.69,661518754,41.3,100,TWSE_MI_QFIIS_DAILY_FOREIGN_INVESTMENT,2026-08-21T09:59:05.591Z
2024-11-29,0050,元大台灣50,2209500000,104328593,4.72,2105171407,95.27,100,TWSE_MI_QFIIS_DAILY_FOREIGN_INVESTMENT,2026-08-21T09:59:05.591Z
2024-11-29,2317,鴻海,13862990609,5350865687,38.59,8512124922,61.4,100,TWSE_MI_QFIIS_DAILY_FOREIGN_INVESTMENT,2026-08-21T09:59:05.591Z
2024-11-29,2330,台積電,25932733242,19024247567,73.35,6908485675,26.64,100,TWSE_MI_QFIIS_DAILY_FOREIGN_INVESTMENT,2026-08-21T09:59:05.591Z
2024-11-29,2454,聯發科,1601687990,939946744,58.68,661741246,41.31,100,TWSE_MI_QFIIS_DAILY_FOREIGN_INVESTMENT,2026-08-21T09:59:05.591Z
2024-12-02,0050,元大台灣50,2213000000,106665367,4.81,2106334633,95.18,100,TWSE_MI_QFIIS_DAILY_FOREIGN_INVESTMENT,2026-08-21T09:59:05.591Z
2024-12-02,2317,鴻海,13862990609,5342365616,38.53,8520624993,61.46,100,TWSE_MI_QFIIS_DAILY_FOREIGN_INVESTMENT,2026-08-21T09:59:05.591Z
2024-12-02,2330,台積電,25932733242,19034753595,73.4,6897979647,26.59,100,TWSE_MI_QFIIS_DAILY_FOREIGN_INVESTMENT,2026-08-21T09:59:05.591Z
2024-12-02,2454,聯發科,1601687990,942174759,58.82,659513231,41.17,100,TWSE_MI_QFIIS_DAILY_FOREIGN_INVESTMENT,2026-08-21T09:59:05.591Z
2024-12-03,0050,元大台灣50,2218000000,108087163,4.87,2109912837,95.12,100,TWSE_MI_QFIIS_DAILY_FOREIGN_INVESTMENT,2026-08-21T09:59:05.591Z
2024-12-03,2317,鴻海,13862990609,5331837272,38.46,8531153337,61.53,100,TWSE_MI_QFIIS_DAILY_FOREIGN_INVESTMENT,2026-08-21T09:59:05.591Z
2024-12-03,2330,台積電,25932733242,19044990789,73.43,6887742453,26.56,100,TWSE_MI_QFIIS_DAILY_FOREIGN_INVESTMENT,2026-08-21T09:59:05.591Z
2024-12-03,2454,聯發科,1601687990,942116743,58.82,659571247,41.17,100,TWSE_MI_QFIIS_DAILY_FOREIGN_INVESTMENT,2026-08-21T09:59:05.591Z
2024-12-04,0050,元大台灣50,2218000000,115068904,5.18,2102931096,94.81,100,TWSE_MI_QFIIS_DAILY_FOREIGN_INVESTMENT,2026-08-21T09:59:05.591Z
2024-12-04,2317,鴻海,13862990609,5339095590,38.51,8523895019,61.48,100,TWSE_MI_QFIIS_DAILY_FOREIGN_INVESTMENT,2026-08-21T09:59:05.591Z
2024-12-04,2330,台積電,25932733242,19055584830,73.48,6877148412,26.51,100,TWSE_MI_QFIIS_DAILY_FOREIGN_INVESTMENT,2026-08-21T09:59:05.591Z
2024-12-04,2454,聯發科,1601687990,942257167,58.82,659430823,41.17,100,TWSE_MI_QFIIS_DAILY_FOREIGN_INVESTMENT,2026-08-21T09:59:05.591Z
2024-12-05,0050,元大台灣50,2217000000,117337343,5.29,2099662657,94.7,100,TWSE_MI_QFIIS_DAILY_FOREIGN_INVESTMENT,2026-08-21T09:59:05.591Z
2024-12-05,2317,鴻海,13862990609,5325312424,38.41,8537678185,61.58,100,TWSE_MI_QFIIS_DAILY_FOREIGN_INVESTMENT,2026-08-21T09:59:05.591Z
2024-12-05,2330,台積電,25932733242,19065349799,73.51,6867383443,26.48,100,TWSE_MI_QFIIS_DAILY_FOREIGN_INVESTMENT,2026-08-21T09:59:05.591Z
2024-12-05,2454,聯發科,1601687990,943808888,58.92,657879102,41.07,100,TWSE_MI_QFIIS_DAILY_FOREIGN_INVESTMENT,2026-08-21T09:59:05.591Z
2024-12-06,0050,元大台灣50,2217000000,118919174,5.36,2098080826,94.63,100,TWSE_MI_QFIIS_DAILY_FOREIGN_INVESTMENT,2026-08-21T09:59:05.591Z
2024-12-06,2317,鴻海,13862990609,5328412161,38.43,8534578448,61.56,100,TWSE_MI_QFIIS_DAILY_FOREIGN_INVESTMENT,2026-08-21T09:59:05.591Z
2024-12-06,2330,台積電,25932733242,19062000740,73.5,6870732502,26.49,100,TWSE_MI_QFIIS_DAILY_FOREIGN_INVESTMENT,2026-08-21T09:59:05.591Z
2024-12-06,2454,聯發科,1601687990,943768245,58.92,657919745,41.07,100,TWSE_MI_QFIIS_DAILY_FOREIGN_INVESTMENT,2026-08-21T09:59:05.591Z
2024-12-09,0050,元大台灣50,2217000000,119740947,5.4,2097259053,94.59,100,TWSE_MI_QFIIS_DAILY_FOREIGN_INVESTMENT,2026-08-21T09:59:05.591Z
2024-12-09,2317,鴻海,13862990609,5319579752,38.37,8543410857,61.62,100,TWSE_MI_QFIIS_DAILY_FOREIGN_INVESTMENT,2026-08-21T09:59:05.591Z
2024-12-09,2330,台積電,25932733242,19066753245,73.52,6865979997,26.47,100,TWSE_MI_QFIIS_DAILY_FOREIGN_INVESTMENT,2026-08-21T09:59:05.591Z
2024-12-09,2454,聯發科,1601687990,944330019,58.95,657357971,41.04,100,TWSE_MI_QFIIS_DAILY_FOREIGN_INVESTMENT,2026-08-21T09:59:05.591Z
2024-12-10,0050,元大台灣50,2217000000,120141126,5.41,2096858874,94.58,100,TWSE_MI_QFIIS_DAILY_FOREIGN_INVESTMENT,2026-08-21T09:59:05.591Z
2024-12-10,2317,鴻海,13862990609,5297763131,38.21,8565227478,61.78,100,TWSE_MI_QFIIS_DAILY_FOREIGN_INVESTMENT,2026-08-21T09:59:05.591Z
2024-12-10,2330,台積電,25932733242,19064540738,73.51,6868192504,26.48,100,TWSE_MI_QFIIS_DAILY_FOREIGN_INVESTMENT,2026-08-21T09:59:05.591Z
2024-12-10,2454,聯發科,1601687990,945938492,59.05,655749498,40.94,100,TWSE_MI_QFIIS_DAILY_FOREIGN_INVESTMENT,2026-08-21T09:59:05.591Z
2024-12-11,0050,元大台灣50,2217000000,117061356,5.28,2099938644,94.71,100,TWSE_MI_QFIIS_DAILY_FOREIGN_INVESTMENT,2026-08-21T09:59:05.591Z
2024-12-11,2317,鴻海,13862990609,5287839622,38.14,8575150987,61.85,100,TWSE_MI_QFIIS_DAILY_FOREIGN_INVESTMENT,2026-08-21T09:59:05.591Z
2024-12-11,2330,台積電,25932733242,19057463760,73.48,6875269482,26.51,100,TWSE_MI_QFIIS_DAILY_FOREIGN_INVESTMENT,2026-08-21T09:59:05.591Z
2024-12-11,2454,聯發科,1601687990,944862500,58.99,656825490,41,100,TWSE_MI_QFIIS_DAILY_FOREIGN_INVESTMENT,2026-08-21T09:59:05.591Z
2024-12-12,0050,元大台灣50,2217000000,115982400,5.23,2101017600,94.76,100,TWSE_MI_QFIIS_DAILY_FOREIGN_INVESTMENT,2026-08-21T09:59:05.591Z
2024-12-12,2317,鴻海,13862990609,5279805859,38.08,8583184750,61.91,100,TWSE_MI_QFIIS_DAILY_FOREIGN_INVESTMENT,2026-08-21T09:59:05.591Z
2024-12-12,2330,台積電,25932733242,19057675729,73.48,6875057513,26.51,100,TWSE_MI_QFIIS_DAILY_FOREIGN_INVESTMENT,2026-08-21T09:59:05.591Z
2024-12-12,2454,聯發科,1601687990,946429120,59.08,655258870,40.91,100,TWSE_MI_QFIIS_DAILY_FOREIGN_INVESTMENT,2026-08-21T09:59:05.591Z
2024-12-13,0050,元大台灣50,2217000000,116016706,5.23,2100983294,94.76,100,TWSE_MI_QFIIS_DAILY_FOREIGN_INVESTMENT,2026-08-21T09:59:05.591Z
2024-12-13,2317,鴻海,13862990609,5266472676,37.98,8596517933,62.01,100,TWSE_MI_QFIIS_DAILY_FOREIGN_INVESTMENT,2026-08-21T09:59:05.591Z
2024-12-13,2330,台積電,25932733242,19057654788,73.48,6875078454,26.51,100,TWSE_MI_QFIIS_DAILY_FOREIGN_INVESTMENT,2026-08-21T09:59:05.591Z
2024-12-13,2454,聯發科,1601687990,947626716,59.16,654061274,40.83,100,TWSE_MI_QFIIS_DAILY_FOREIGN_INVESTMENT,2026-08-21T09:59:05.591Z
2024-12-16,0050,元大台灣50,2217000000,115666736,5.21,2101333264,94.78,100,TWSE_MI_QFIIS_DAILY_FOREIGN_INVESTMENT,2026-08-21T09:59:05.591Z
2024-12-16,2317,鴻海,13862990609,5267040211,37.99,8595950398,62,100,TWSE_MI_QFIIS_DAILY_FOREIGN_INVESTMENT,2026-08-21T09:59:05.591Z
2024-12-16,2330,台積電,25932733242,19077044335,73.56,6855688907,26.43,100,TWSE_MI_QFIIS_DAILY_FOREIGN_INVESTMENT,2026-08-21T09:59:05.591Z
2024-12-16,2454,聯發科,1601687990,946585173,59.09,655102817,40.9,100,TWSE_MI_QFIIS_DAILY_FOREIGN_INVESTMENT,2026-08-21T09:59:05.591Z
2024-12-17,0050,元大台灣50,2217000000,116468351,5.25,2100531649,94.74,100,TWSE_MI_QFIIS_DAILY_FOREIGN_INVESTMENT,2026-08-21T09:59:05.591Z
2024-12-17,2317,鴻海,13862990609,5248762421,37.86,8614228188,62.13,100,TWSE_MI_QFIIS_DAILY_FOREIGN_INVESTMENT,2026-08-21T09:59:05.591Z
2024-12-17,2330,台積電,25932733242,19081065149,73.57,6851668093,26.42,100,TWSE_MI_QFIIS_DAILY_FOREIGN_INVESTMENT,2026-08-21T09:59:05.591Z
2024-12-17,2454,聯發科,1601687990,948846517,59.24,652841473,40.75,100,TWSE_MI_QFIIS_DAILY_FOREIGN_INVESTMENT,2026-08-21T09:59:05.591Z
2024-12-18,0050,元大台灣50,2216500000,114400467,5.16,2102099533,94.83,100,TWSE_MI_QFIIS_DAILY_FOREIGN_INVESTMENT,2026-08-21T09:59:05.591Z
2024-12-18,2317,鴻海,13862990609,5247565464,37.85,8615425145,62.14,100,TWSE_MI_QFIIS_DAILY_FOREIGN_INVESTMENT,2026-08-21T09:59:05.591Z
2024-12-18,2330,台積電,25932733242,19093681833,73.62,6839051409,26.37,100,TWSE_MI_QFIIS_DAILY_FOREIGN_INVESTMENT,2026-08-21T09:59:05.591Z
2024-12-18,2454,聯發科,1601687990,948155153,59.19,653532837,40.8,100,TWSE_MI_QFIIS_DAILY_FOREIGN_INVESTMENT,2026-08-21T09:59:05.591Z
2024-12-19,0050,元大台灣50,2223500000,116625422,5.24,2106874578,94.75,100,TWSE_MI_QFIIS_DAILY_FOREIGN_INVESTMENT,2026-08-21T09:59:05.591Z
2024-12-19,2317,鴻海,13862990609,5220159836,37.65,8642830773,62.34,100,TWSE_MI_QFIIS_DAILY_FOREIGN_INVESTMENT,2026-08-21T09:59:05.591Z
2024-12-19,2330,台積電,25932733242,19087485660,73.6,6845247582,26.39,100,TWSE_MI_QFIIS_DAILY_FOREIGN_INVESTMENT,2026-08-21T09:59:05.591Z
2024-12-19,2454,聯發科,1601687990,948525289,59.22,653162701,40.77,100,TWSE_MI_QFIIS_DAILY_FOREIGN_INVESTMENT,2026-08-21T09:59:05.591Z
2024-12-20,0050,元大台灣50,2223000000,116467988,5.23,2106532012,94.76,100,TWSE_MI_QFIIS_DAILY_FOREIGN_INVESTMENT,2026-08-21T09:59:05.591Z
2024-12-20,2317,鴻海,13862990609,5208955399,37.57,8654035210,62.42,100,TWSE_MI_QFIIS_DAILY_FOREIGN_INVESTMENT,2026-08-21T09:59:05.591Z
2024-12-20,2330,台積電,25932733242,19063176586,73.51,6869556656,26.48,100,TWSE_MI_QFIIS_DAILY_FOREIGN_INVESTMENT,2026-08-21T09:59:05.591Z
2024-12-20,2454,聯發科,1601687990,948280465,59.2,653407525,40.79,100,TWSE_MI_QFIIS_DAILY_FOREIGN_INVESTMENT,2026-08-21T09:59:05.591Z
2024-12-23,0050,元大台灣50,2228000000,117975393,5.29,2110024607,94.7,100,TWSE_MI_QFIIS_DAILY_FOREIGN_INVESTMENT,2026-08-21T09:59:05.591Z
2024-12-23,2317,鴻海,13862990609,5208702199,37.57,8654288410,62.42,100,TWSE_MI_QFIIS_DAILY_FOREIGN_INVESTMENT,2026-08-21T09:59:05.591Z
2024-12-23,2330,台積電,25932733242,19080880362,73.57,6851852880,26.42,100,TWSE_MI_QFIIS_DAILY_FOREIGN_INVESTMENT,2026-08-21T09:59:05.591Z
2024-12-23,2454,聯發科,1601687990,948969024,59.24,652718966,40.75,100,TWSE_MI_QFIIS_DAILY_FOREIGN_INVESTMENT,2026-08-21T09:59:05.591Z
2024-12-24,0050,元大台灣50,2227500000,127047005,5.7,2100452995,94.29,100,TWSE_MI_QFIIS_DAILY_FOREIGN_INVESTMENT,2026-08-21T09:59:05.591Z
2024-12-24,2317,鴻海,13862990609,5201345440,37.51,8661645169,62.48,100,TWSE_MI_QFIIS_DAILY_FOREIGN_INVESTMENT,2026-08-21T09:59:05.591Z
2024-12-24,2330,台積電,25932733242,19085623036,73.59,6847110206,26.4,100,TWSE_MI_QFIIS_DAILY_FOREIGN_INVESTMENT,2026-08-21T09:59:05.591Z
2024-12-24,2454,聯發科,1601687990,949648477,59.29,652039513,40.7,100,TWSE_MI_QFIIS_DAILY_FOREIGN_INVESTMENT,2026-08-21T09:59:05.591Z
2024-12-25,0050,元大台灣50,2223500000,128628475,5.78,2094871525,94.21,100,TWSE_MI_QFIIS_DAILY_FOREIGN_INVESTMENT,2026-08-21T09:59:05.591Z
2024-12-25,2317,鴻海,13862990609,5200997260,37.51,8661993349,62.48,100,TWSE_MI_QFIIS_DAILY_FOREIGN_INVESTMENT,2026-08-21T09:59:05.591Z
2024-12-25,2330,台積電,25932733242,19089421525,73.61,6843311717,26.38,100,TWSE_MI_QFIIS_DAILY_FOREIGN_INVESTMENT,2026-08-21T09:59:05.591Z
2024-12-25,2454,聯發科,1601687990,950199524,59.32,651488466,40.67,100,TWSE_MI_QFIIS_DAILY_FOREIGN_INVESTMENT,2026-08-21T09:59:05.591Z
2024-12-26,0050,元大台灣50,2219500000,121742278,5.48,2097757722,94.51,100,TWSE_MI_QFIIS_DAILY_FOREIGN_INVESTMENT,2026-08-21T09:59:05.591Z
2024-12-26,2317,鴻海,13862990609,5201469670,37.52,8661520939,62.47,100,TWSE_MI_QFIIS_DAILY_FOREIGN_INVESTMENT,2026-08-21T09:59:05.591Z
2024-12-26,2330,台積電,25932733242,19094057812,73.62,6838675430,26.37,100,TWSE_MI_QFIIS_DAILY_FOREIGN_INVESTMENT,2026-08-21T09:59:05.591Z
2024-12-26,2454,聯發科,1601687990,951169804,59.38,650518186,40.61,100,TWSE_MI_QFIIS_DAILY_FOREIGN_INVESTMENT,2026-08-21T09:59:05.591Z
2024-12-27,0050,元大台灣50,2216500000,123720540,5.58,2092779460,94.41,100,TWSE_MI_QFIIS_DAILY_FOREIGN_INVESTMENT,2026-08-21T09:59:05.591Z
2024-12-27,2317,鴻海,13862990609,5196747531,37.48,8666243078,62.51,100,TWSE_MI_QFIIS_DAILY_FOREIGN_INVESTMENT,2026-08-21T09:59:05.591Z
2024-12-27,2330,台積電,25932733242,19098063012,73.64,6834670230,26.35,100,TWSE_MI_QFIIS_DAILY_FOREIGN_INVESTMENT,2026-08-21T09:59:05.591Z
2024-12-27,2454,聯發科,1601687990,951820589,59.42,649867401,40.57,100,TWSE_MI_QFIIS_DAILY_FOREIGN_INVESTMENT,2026-08-21T09:59:05.591Z
2024-12-30,0050,元大台灣50,2218500000,119316007,5.37,2099183993,94.62,100,TWSE_MI_QFIIS_DAILY_FOREIGN_INVESTMENT,2026-08-21T09:59:05.591Z
2024-12-30,2317,鴻海,13862990609,5195340812,37.47,8667649797,62.52,100,TWSE_MI_QFIIS_DAILY_FOREIGN_INVESTMENT,2026-08-21T09:59:05.591Z
2024-12-30,2330,台積電,25932733242,19100991897,73.65,6831741345,26.34,100,TWSE_MI_QFIIS_DAILY_FOREIGN_INVESTMENT,2026-08-21T09:59:05.591Z
2024-12-30,2454,聯發科,1601687990,951155815,59.38,650532175,40.61,100,TWSE_MI_QFIIS_DAILY_FOREIGN_INVESTMENT,2026-08-21T09:59:05.591Z
2024-12-31,0050,元大台灣50,2223000000,117492763,5.28,2105507237,94.71,100,TWSE_MI_QFIIS_DAILY_FOREIGN_INVESTMENT,2026-08-21T09:59:05.591Z
2024-12-31,2317,鴻海,13862990609,5181807783,37.37,8681182826,62.62,100,TWSE_MI_QFIIS_DAILY_FOREIGN_INVESTMENT,2026-08-21T09:59:05.591Z
2024-12-31,2330,台積電,25932733242,19094106753,73.62,6838626489,26.37,100,TWSE_MI_QFIIS_DAILY_FOREIGN_INVESTMENT,2026-08-21T09:59:05.591Z
2024-12-31,2454,聯發科,1601687990,950220681,59.32,651467309,40.67,100,TWSE_MI_QFIIS_DAILY_FOREIGN_INVESTMENT,2026-08-21T09:59:05.591Z
2025-01-02,0050,元大台灣50,2223000000,114922115,5.16,2108077885,94.83,100,TWSE_MI_QFIIS_DAILY_FOREIGN_INVESTMENT,2026-08-21T09:59:05.591Z
2025-01-02,2317,鴻海,13862990609,5170473542,37.29,8692517067,62.7,100,TWSE_MI_QFIIS_DAILY_FOREIGN_INVESTMENT,2026-08-21T09:59:05.591Z
2025-01-02,2330,台積電,25932733242,19081053066,73.57,6851680176,26.42,100,TWSE_MI_QFIIS_DAILY_FOREIGN_INVESTMENT,2026-08-21T09:59:05.591Z
2025-01-02,2454,聯發科,1601687990,948345260,59.2,653342730,40.79,100,TWSE_MI_QFIIS_DAILY_FOREIGN_INVESTMENT,2026-08-21T09:59:05.591Z
2025-01-03,0050,元大台灣50,2219000000,109166492,4.91,2109833508,95.08,100,TWSE_MI_QFIIS_DAILY_FOREIGN_INVESTMENT,2026-08-21T09:59:05.591Z
2025-01-03,2317,鴻海,13862990609,5155361584,37.18,8707629025,62.81,100,TWSE_MI_QFIIS_DAILY_FOREIGN_INVESTMENT,2026-08-21T09:59:05.591Z
2025-01-03,2330,台積電,25932733242,19084881765,73.59,6847851477,26.4,100,TWSE_MI_QFIIS_DAILY_FOREIGN_INVESTMENT,2026-08-21T09:59:05.591Z
2025-01-03,2454,聯發科,1601687990,950188985,59.32,651499005,40.67,100,TWSE_MI_QFIIS_DAILY_FOREIGN_INVESTMENT,2026-08-21T09:59:05.591Z
2025-01-06,0050,元大台灣50,2219500000,110413453,4.97,2109086547,95.02,100,TWSE_MI_QFIIS_DAILY_FOREIGN_INVESTMENT,2026-08-21T09:59:05.591Z
2025-01-06,2317,鴻海,13862990609,5147015095,37.12,8715975514,62.87,100,TWSE_MI_QFIIS_DAILY_FOREIGN_INVESTMENT,2026-08-21T09:59:05.591Z
2025-01-06,2330,台積電,25932733242,19116135201,73.71,6816598041,26.28,100,TWSE_MI_QFIIS_DAILY_FOREIGN_INVESTMENT,2026-08-21T09:59:05.591Z
2025-01-06,2454,聯發科,1601687990,952225989,59.45,649462001,40.54,100,TWSE_MI_QFIIS_DAILY_FOREIGN_INVESTMENT,2026-08-21T09:59:05.591Z
2025-01-07,0050,元大台灣50,2219500000,113937240,5.13,2105562760,94.86,100,TWSE_MI_QFIIS_DAILY_FOREIGN_INVESTMENT,2026-08-21T09:59:05.591Z
2025-01-07,2317,鴻海,13862990609,5157379959,37.2,8705610650,62.79,100,TWSE_MI_QFIIS_DAILY_FOREIGN_INVESTMENT,2026-08-21T09:59:05.591Z
2025-01-07,2330,台積電,25932733242,19111920390,73.69,6820812852,26.3,100,TWSE_MI_QFIIS_DAILY_FOREIGN_INVESTMENT,2026-08-21T09:59:05.591Z
2025-01-07,2454,聯發科,1601687990,956348635,59.7,645339355,40.29,100,TWSE_MI_QFIIS_DAILY_FOREIGN_INVESTMENT,2026-08-21T09:59:05.591Z
2025-01-08,0050,元大台灣50,2211500000,103307573,4.67,2108192427,95.32,100,TWSE_MI_QFIIS_DAILY_FOREIGN_INVESTMENT,2026-08-21T09:59:05.591Z
2025-01-08,2317,鴻海,13862990609,5147687302,37.13,8715303307,62.86,100,TWSE_MI_QFIIS_DAILY_FOREIGN_INVESTMENT,2026-08-21T09:59:05.591Z
2025-01-08,2330,台積電,25932733242,19099879356,73.65,6832853886,26.34,100,TWSE_MI_QFIIS_DAILY_FOREIGN_INVESTMENT,2026-08-21T09:59:05.591Z
2025-01-08,2454,聯發科,1601687990,956730422,59.73,644957568,40.26,100,TWSE_MI_QFIIS_DAILY_FOREIGN_INVESTMENT,2026-08-21T09:59:05.591Z
2025-01-09,0050,元大台灣50,2216500000,100219053,4.52,2116280947,95.47,100,TWSE_MI_QFIIS_DAILY_FOREIGN_INVESTMENT,2026-08-21T09:59:05.591Z
2025-01-09,2317,鴻海,13862990609,5139339792,37.07,8723650817,62.92,100,TWSE_MI_QFIIS_DAILY_FOREIGN_INVESTMENT,2026-08-21T09:59:05.591Z
2025-01-09,2330,台積電,25932733242,19093307507,73.62,6839425735,26.37,100,TWSE_MI_QFIIS_DAILY_FOREIGN_INVESTMENT,2026-08-21T09:59:05.591Z
2025-01-09,2454,聯發科,1601687990,957427780,59.77,644260210,40.22,100,TWSE_MI_QFIIS_DAILY_FOREIGN_INVESTMENT,2026-08-21T09:59:05.591Z
2025-01-10,0050,元大台灣50,2216500000,103012456,4.64,2113487544,95.35,100,TWSE_MI_QFIIS_DAILY_FOREIGN_INVESTMENT,2026-08-21T09:59:05.591Z
2025-01-10,2317,鴻海,13862990609,5115835940,36.9,8747154669,63.09,100,TWSE_MI_QFIIS_DAILY_FOREIGN_INVESTMENT,2026-08-21T09:59:05.591Z
2025-01-10,2330,台積電,25932733242,19087815359,73.6,6844917883,26.39,100,TWSE_MI_QFIIS_DAILY_FOREIGN_INVESTMENT,2026-08-21T09:59:05.591Z
2025-01-10,2454,聯發科,1601687990,958330082,59.83,643357908,40.16,100,TWSE_MI_QFIIS_DAILY_FOREIGN_INVESTMENT,2026-08-21T09:59:05.591Z
2025-01-13,0050,元大台灣50,2222000000,93375776,4.2,2128624224,95.79,100,TWSE_MI_QFIIS_DAILY_FOREIGN_INVESTMENT,2026-08-21T09:59:05.591Z
2025-01-13,2317,鴻海,13862990609,5048845297,36.41,8814145312,63.58,100,TWSE_MI_QFIIS_DAILY_FOREIGN_INVESTMENT,2026-08-21T09:59:05.591Z
2025-01-13,2330,台積電,25932733242,19072239469,73.54,6860493773,26.45,100,TWSE_MI_QFIIS_DAILY_FOREIGN_INVESTMENT,2026-08-21T09:59:05.591Z
2025-01-13,2454,聯發科,1601687990,955456545,59.65,646231445,40.34,100,TWSE_MI_QFIIS_DAILY_FOREIGN_INVESTMENT,2026-08-21T09:59:05.591Z
2025-01-14,0050,元大台灣50,2222500000,92157036,4.14,2130342964,95.85,100,TWSE_MI_QFIIS_DAILY_FOREIGN_INVESTMENT,2026-08-21T09:59:05.591Z
2025-01-14,2317,鴻海,13862990609,5034430645,36.31,8828559964,63.68,100,TWSE_MI_QFIIS_DAILY_FOREIGN_INVESTMENT,2026-08-21T09:59:05.591Z
2025-01-14,2330,台積電,25932733242,19070963951,73.54,6861769291,26.45,100,TWSE_MI_QFIIS_DAILY_FOREIGN_INVESTMENT,2026-08-21T09:59:05.591Z
2025-01-14,2454,聯發科,1601687990,954147122,59.57,647540868,40.42,100,TWSE_MI_QFIIS_DAILY_FOREIGN_INVESTMENT,2026-08-21T09:59:05.591Z
2025-01-15,0050,元大台灣50,2223500000,87845103,3.95,2135654897,96.04,100,TWSE_MI_QFIIS_DAILY_FOREIGN_INVESTMENT,2026-08-21T09:59:05.591Z
2025-01-15,2317,鴻海,13862990609,5016749866,36.18,8846240743,63.81,100,TWSE_MI_QFIIS_DAILY_FOREIGN_INVESTMENT,2026-08-21T09:59:05.591Z
2025-01-15,2330,台積電,25932733242,19059429148,73.49,6873304094,26.5,100,TWSE_MI_QFIIS_DAILY_FOREIGN_INVESTMENT,2026-08-21T09:59:05.591Z
2025-01-15,2454,聯發科,1601687990,955717125,59.66,645970865,40.33,100,TWSE_MI_QFIIS_DAILY_FOREIGN_INVESTMENT,2026-08-21T09:59:05.591Z
2025-01-16,0050,元大台灣50,2231500000,82699412,3.7,2148800588,96.29,100,TWSE_MI_QFIIS_DAILY_FOREIGN_INVESTMENT,2026-08-21T09:59:05.591Z
2025-01-16,2317,鴻海,13862990609,5015027934,36.17,8847962675,63.82,100,TWSE_MI_QFIIS_DAILY_FOREIGN_INVESTMENT,2026-08-21T09:59:05.591Z
2025-01-16,2330,台積電,25932733242,19073241946,73.54,6859491296,26.45,100,TWSE_MI_QFIIS_DAILY_FOREIGN_INVESTMENT,2026-08-21T09:59:05.591Z
2025-01-16,2454,聯發科,1601687990,956313507,59.7,645374483,40.29,100,TWSE_MI_QFIIS_DAILY_FOREIGN_INVESTMENT,2026-08-21T09:59:05.591Z
2025-01-17,0050,元大台灣50,2233000000,81742936,3.66,2151257064,96.33,100,TWSE_MI_QFIIS_DAILY_FOREIGN_INVESTMENT,2026-08-21T09:59:05.591Z
2025-01-17,2317,鴻海,13862990609,5009025087,36.13,8853965522,63.86,100,TWSE_MI_QFIIS_DAILY_FOREIGN_INVESTMENT,2026-08-21T09:59:05.591Z
2025-01-17,2330,台積電,25932733242,19084775036,73.59,6847958206,26.4,100,TWSE_MI_QFIIS_DAILY_FOREIGN_INVESTMENT,2026-08-21T09:59:05.591Z
2025-01-17,2454,聯發科,1601687990,955259318,59.64,646428672,40.35,100,TWSE_MI_QFIIS_DAILY_FOREIGN_INVESTMENT,2026-08-21T09:59:05.591Z
2025-01-20,0050,元大台灣50,2240500000,80346741,3.58,2160153259,96.41,100,TWSE_MI_QFIIS_DAILY_FOREIGN_INVESTMENT,2026-08-21T09:59:05.591Z
2025-01-20,2317,鴻海,13862990609,5016772859,36.18,8846217750,63.81,100,TWSE_MI_QFIIS_DAILY_FOREIGN_INVESTMENT,2026-08-21T09:59:05.591Z
2025-01-20,2330,台積電,25932733242,19088935504,73.6,6843797738,26.39,100,TWSE_MI_QFIIS_DAILY_FOREIGN_INVESTMENT,2026-08-21T09:59:05.591Z
2025-01-20,2454,聯發科,1601687990,955763766,59.67,645924224,40.32,100,TWSE_MI_QFIIS_DAILY_FOREIGN_INVESTMENT,2026-08-21T09:59:05.591Z
2025-01-21,0050,元大台灣50,2241000000,85343407,3.8,2155656593,96.19,100,TWSE_MI_QFIIS_DAILY_FOREIGN_INVESTMENT,2026-08-21T09:59:05.591Z
2025-01-21,2317,鴻海,13862990609,5016018268,36.18,8846972341,63.81,100,TWSE_MI_QFIIS_DAILY_FOREIGN_INVESTMENT,2026-08-21T09:59:05.591Z
2025-01-21,2330,台積電,25932733242,19091512510,73.61,6841220732,26.38,100,TWSE_MI_QFIIS_DAILY_FOREIGN_INVESTMENT,2026-08-21T09:59:05.591Z
2025-01-21,2454,聯發科,1601687990,956749435,59.73,644938555,40.26,100,TWSE_MI_QFIIS_DAILY_FOREIGN_INVESTMENT,2026-08-21T09:59:05.591Z
2025-01-22,0050,元大台灣50,2233000000,90206127,4.03,2142793873,95.96,100,TWSE_MI_QFIIS_DAILY_FOREIGN_INVESTMENT,2026-08-21T09:59:05.591Z
2025-01-22,2317,鴻海,13862990609,5018377466,36.19,8844613143,63.8,100,TWSE_MI_QFIIS_DAILY_FOREIGN_INVESTMENT,2026-08-21T09:59:05.591Z
2025-01-22,2330,台積電,25932733242,19098456064,73.64,6834277178,26.35,100,TWSE_MI_QFIIS_DAILY_FOREIGN_INVESTMENT,2026-08-21T09:59:05.591Z
2025-01-22,2454,聯發科,1601687990,957040814,59.75,644647176,40.24,100,TWSE_MI_QFIIS_DAILY_FOREIGN_INVESTMENT,2026-08-21T09:59:05.591Z
2025-01-23,0050,元大台灣50,2233000000,82203377,3.68,2150796623,96.31,100,TWSE_MI_QFIIS_DAILY_FOREIGN_INVESTMENT,2026-08-21T09:59:05.591Z
2025-01-23,2317,鴻海,13862990609,5018788194,36.2,8844202415,63.79,100,TWSE_MI_QFIIS_DAILY_FOREIGN_INVESTMENT,2026-08-21T09:59:05.591Z
2025-01-23,2330,台積電,25932733242,19099293088,73.64,6833440154,26.35,100,TWSE_MI_QFIIS_DAILY_FOREIGN_INVESTMENT,2026-08-21T09:59:05.591Z
2025-01-23,2454,聯發科,1601687990,957091322,59.75,644596668,40.24,100,TWSE_MI_QFIIS_DAILY_FOREIGN_INVESTMENT,2026-08-21T09:59:05.591Z
2025-01-24,0050,元大台灣50,2233000000,82188377,3.68,2150811623,96.31,100,TWSE_MI_QFIIS_DAILY_FOREIGN_INVESTMENT,2026-08-21T09:59:05.591Z
2025-01-24,2317,鴻海,13862990609,5018788194,36.2,8844202415,63.79,100,TWSE_MI_QFIIS_DAILY_FOREIGN_INVESTMENT,2026-08-21T09:59:05.591Z
2025-01-24,2330,台積電,25932733242,19099293088,73.64,6833440154,26.35,100,TWSE_MI_QFIIS_DAILY_FOREIGN_INVESTMENT,2026-08-21T09:59:05.591Z
2025-01-24,2454,聯發科,1601687990,957091322,59.75,644596668,40.24,100,TWSE_MI_QFIIS_DAILY_FOREIGN_INVESTMENT,2026-08-21T09:59:05.591Z
2025-02-03,0050,元大台灣50,2290500000,111213336,4.85,2179286664,95.14,100,TWSE_MI_QFIIS_DAILY_FOREIGN_INVESTMENT,2026-08-21T09:59:05.591Z
2025-02-03,2317,鴻海,13862990609,4922701386,35.5,8940289223,64.49,100,TWSE_MI_QFIIS_DAILY_FOREIGN_INVESTMENT,2026-08-21T09:59:05.591Z
2025-02-03,2330,台積電,25932733242,19065554224,73.51,6867179018,26.48,100,TWSE_MI_QFIIS_DAILY_FOREIGN_INVESTMENT,2026-08-21T09:59:05.591Z
2025-02-03,2454,聯發科,1601687990,959093354,59.88,642594636,40.11,100,TWSE_MI_QFIIS_DAILY_FOREIGN_INVESTMENT,2026-08-21T09:59:05.591Z
2025-02-04,0050,元大台灣50,2307500000,101012596,4.37,2206487404,95.62,100,TWSE_MI_QFIIS_DAILY_FOREIGN_INVESTMENT,2026-08-21T09:59:05.591Z
2025-02-04,2317,鴻海,13862990609,4895786754,35.31,8967203855,64.68,100,TWSE_MI_QFIIS_DAILY_FOREIGN_INVESTMENT,2026-08-21T09:59:05.591Z
2025-02-04,2330,台積電,25932733242,19077748490,73.56,6854984752,26.43,100,TWSE_MI_QFIIS_DAILY_FOREIGN_INVESTMENT,2026-08-21T09:59:05.591Z
2025-02-04,2454,聯發科,1601687990,958521083,59.84,643166907,40.15,100,TWSE_MI_QFIIS_DAILY_FOREIGN_INVESTMENT,2026-08-21T09:59:05.591Z
2025-02-05,0050,元大台灣50,2309500000,106229854,4.59,2203270146,95.4,100,TWSE_MI_QFIIS_DAILY_FOREIGN_INVESTMENT,2026-08-21T09:59:05.591Z
2025-02-05,2317,鴻海,13862990609,4911129496,35.42,8951861113,64.57,100,TWSE_MI_QFIIS_DAILY_FOREIGN_INVESTMENT,2026-08-21T09:59:05.591Z
2025-02-05,2330,台積電,25932733242,19082349179,73.58,6850384063,26.41,100,TWSE_MI_QFIIS_DAILY_FOREIGN_INVESTMENT,2026-08-21T09:59:05.591Z
2025-02-05,2454,聯發科,1601687990,960614728,59.97,641073262,40.02,100,TWSE_MI_QFIIS_DAILY_FOREIGN_INVESTMENT,2026-08-21T09:59:05.591Z
2025-02-06,0050,元大台灣50,2314000000,107828179,4.65,2206171821,95.34,100,TWSE_MI_QFIIS_DAILY_FOREIGN_INVESTMENT,2026-08-21T09:59:05.591Z
2025-02-06,2317,鴻海,13862990609,4905171139,35.38,8957819470,64.61,100,TWSE_MI_QFIIS_DAILY_FOREIGN_INVESTMENT,2026-08-21T09:59:05.591Z
2025-02-06,2330,台積電,25932733242,19081706032,73.58,6851027210,26.41,100,TWSE_MI_QFIIS_DAILY_FOREIGN_INVESTMENT,2026-08-21T09:59:05.591Z
2025-02-06,2454,聯發科,1601687990,960034004,59.93,641653986,40.06,100,TWSE_MI_QFIIS_DAILY_FOREIGN_INVESTMENT,2026-08-21T09:59:05.591Z
2025-02-07,0050,元大台灣50,2314500000,106298026,4.59,2208201974,95.4,100,TWSE_MI_QFIIS_DAILY_FOREIGN_INVESTMENT,2026-08-21T09:59:05.591Z
2025-02-07,2317,鴻海,13862990609,4922950845,35.51,8940039764,64.48,100,TWSE_MI_QFIIS_DAILY_FOREIGN_INVESTMENT,2026-08-21T09:59:05.591Z
2025-02-07,2330,台積電,25932733242,19084798405,73.59,6847934837,26.4,100,TWSE_MI_QFIIS_DAILY_FOREIGN_INVESTMENT,2026-08-21T09:59:05.591Z
2025-02-07,2454,聯發科,1601687990,959037625,59.87,642650365,40.12,100,TWSE_MI_QFIIS_DAILY_FOREIGN_INVESTMENT,2026-08-21T09:59:05.591Z
2025-02-10,0050,元大台灣50,2315000000,100529814,4.34,2214470186,95.65,100,TWSE_MI_QFIIS_DAILY_FOREIGN_INVESTMENT,2026-08-21T09:59:05.591Z
2025-02-10,2317,鴻海,13862990609,4907854771,35.4,8955135838,64.59,100,TWSE_MI_QFIIS_DAILY_FOREIGN_INVESTMENT,2026-08-21T09:59:05.591Z
2025-02-10,2330,台積電,25932733242,19082536852,73.58,6850196390,26.41,100,TWSE_MI_QFIIS_DAILY_FOREIGN_INVESTMENT,2026-08-21T09:59:05.591Z
2025-02-10,2454,聯發科,1601687990,955453453,59.65,646234537,40.34,100,TWSE_MI_QFIIS_DAILY_FOREIGN_INVESTMENT,2026-08-21T09:59:05.591Z
2025-02-11,0050,元大台灣50,2332000000,109538897,4.69,2222461103,95.3,100,TWSE_MI_QFIIS_DAILY_FOREIGN_INVESTMENT,2026-08-21T09:59:05.591Z
2025-02-11,2317,鴻海,13862990609,4928884789,35.55,8934105820,64.44,100,TWSE_MI_QFIIS_DAILY_FOREIGN_INVESTMENT,2026-08-21T09:59:05.591Z
2025-02-11,2330,台積電,25932733242,19082731940,73.58,6850001302,26.41,100,TWSE_MI_QFIIS_DAILY_FOREIGN_INVESTMENT,2026-08-21T09:59:05.591Z
2025-02-11,2454,聯發科,1601687990,956197500,59.69,645490490,40.3,100,TWSE_MI_QFIIS_DAILY_FOREIGN_INVESTMENT,2026-08-21T09:59:05.591Z
2025-02-12,0050,元大台灣50,2332000000,116722502,5,2215277498,94.99,100,TWSE_MI_QFIIS_DAILY_FOREIGN_INVESTMENT,2026-08-21T09:59:05.591Z
2025-02-12,2317,鴻海,13862990609,4915979511,35.46,8947011098,64.53,100,TWSE_MI_QFIIS_DAILY_FOREIGN_INVESTMENT,2026-08-21T09:59:05.591Z
2025-02-12,2330,台積電,25932733242,19082107342,73.58,6850625900,26.41,100,TWSE_MI_QFIIS_DAILY_FOREIGN_INVESTMENT,2026-08-21T09:59:05.591Z
2025-02-12,2454,聯發科,1601687990,957090339,59.75,644597651,40.24,100,TWSE_MI_QFIIS_DAILY_FOREIGN_INVESTMENT,2026-08-21T09:59:05.591Z
2025-02-13,0050,元大台灣50,2339000000,108950456,4.65,2230049544,95.34,100,TWSE_MI_QFIIS_DAILY_FOREIGN_INVESTMENT,2026-08-21T09:59:05.591Z
2025-02-13,2317,鴻海,13862990609,4915510796,35.45,8947479813,64.54,100,TWSE_MI_QFIIS_DAILY_FOREIGN_INVESTMENT,2026-08-21T09:59:05.591Z
2025-02-13,2330,台積電,25932733242,19071222393,73.54,6861510849,26.45,100,TWSE_MI_QFIIS_DAILY_FOREIGN_INVESTMENT,2026-08-21T09:59:05.591Z
2025-02-13,2454,聯發科,1601687990,958167829,59.82,643520161,40.17,100,TWSE_MI_QFIIS_DAILY_FOREIGN_INVESTMENT,2026-08-21T09:59:05.591Z
2025-02-14,0050,元大台灣50,2339000000,101716891,4.34,2237283109,95.65,100,TWSE_MI_QFIIS_DAILY_FOREIGN_INVESTMENT,2026-08-21T09:59:05.591Z
2025-02-14,2317,鴻海,13862990609,4910308946,35.42,8952681663,64.57,100,TWSE_MI_QFIIS_DAILY_FOREIGN_INVESTMENT,2026-08-21T09:59:05.591Z
2025-02-14,2330,台積電,25932733242,19049737613,73.45,6882995629,26.54,100,TWSE_MI_QFIIS_DAILY_FOREIGN_INVESTMENT,2026-08-21T09:59:05.591Z
2025-02-14,2454,聯發科,1601687990,958513238,59.84,643174752,40.15,100,TWSE_MI_QFIIS_DAILY_FOREIGN_INVESTMENT,2026-08-21T09:59:05.591Z
2025-02-17,0050,元大台灣50,2340000000,100017466,4.27,2239982534,95.72,100,TWSE_MI_QFIIS_DAILY_FOREIGN_INVESTMENT,2026-08-21T09:59:05.591Z
2025-02-17,2317,鴻海,13862990609,4935135165,35.59,8927855444,64.4,100,TWSE_MI_QFIIS_DAILY_FOREIGN_INVESTMENT,2026-08-21T09:59:05.591Z
2025-02-17,2330,台積電,25932733242,19059450399,73.49,6873282843,26.5,100,TWSE_MI_QFIIS_DAILY_FOREIGN_INVESTMENT,2026-08-21T09:59:05.591Z
2025-02-17,2454,聯發科,1601687990,958704744,59.85,642983246,40.14,100,TWSE_MI_QFIIS_DAILY_FOREIGN_INVESTMENT,2026-08-21T09:59:05.591Z
2025-02-18,0050,元大台灣50,2346000000,99095985,4.22,2246904015,95.77,100,TWSE_MI_QFIIS_DAILY_FOREIGN_INVESTMENT,2026-08-21T09:59:05.591Z
2025-02-18,2317,鴻海,13862990609,4934938463,35.59,8928052146,64.4,100,TWSE_MI_QFIIS_DAILY_FOREIGN_INVESTMENT,2026-08-21T09:59:05.591Z
2025-02-18,2330,台積電,25932733242,19063404467,73.51,6869328775,26.48,100,TWSE_MI_QFIIS_DAILY_FOREIGN_INVESTMENT,2026-08-21T09:59:05.591Z
2025-02-18,2454,聯發科,1601687990,958493334,59.84,643194656,40.15,100,TWSE_MI_QFIIS_DAILY_FOREIGN_INVESTMENT,2026-08-21T09:59:05.591Z
2025-02-19,0050,元大台灣50,2346000000,96648057,4.11,2249351943,95.88,100,TWSE_MI_QFIIS_DAILY_FOREIGN_INVESTMENT,2026-08-21T09:59:05.591Z
2025-02-19,2317,鴻海,13862990609,4934270756,35.59,8928719853,64.4,100,TWSE_MI_QFIIS_DAILY_FOREIGN_INVESTMENT,2026-08-21T09:59:05.591Z
2025-02-19,2330,台積電,25932733242,19063164476,73.51,6869568766,26.48,100,TWSE_MI_QFIIS_DAILY_FOREIGN_INVESTMENT,2026-08-21T09:59:05.591Z
2025-02-19,2454,聯發科,1601687990,959797227,59.92,641890763,40.07,100,TWSE_MI_QFIIS_DAILY_FOREIGN_INVESTMENT,2026-08-21T09:59:05.591Z
2025-02-20,0050,元大台灣50,2370000000,95152444,4.01,2274847556,95.98,100,TWSE_MI_QFIIS_DAILY_FOREIGN_INVESTMENT,2026-08-21T09:59:05.591Z
2025-02-20,2317,鴻海,13862990609,4927637521,35.54,8935353088,64.45,100,TWSE_MI_QFIIS_DAILY_FOREIGN_INVESTMENT,2026-08-21T09:59:05.591Z
2025-02-20,2330,台積電,25932733242,19057281437,73.48,6875451805,26.51,100,TWSE_MI_QFIIS_DAILY_FOREIGN_INVESTMENT,2026-08-21T09:59:05.591Z
2025-02-20,2454,聯發科,1601662351,959161444,59.88,642500907,40.11,100,TWSE_MI_QFIIS_DAILY_FOREIGN_INVESTMENT,2026-08-21T09:59:05.591Z
2025-02-21,0050,元大台灣50,2370000000,112067934,4.72,2257932066,95.27,100,TWSE_MI_QFIIS_DAILY_FOREIGN_INVESTMENT,2026-08-21T09:59:05.591Z
2025-02-21,2317,鴻海,13862990609,4923016958,35.51,8939973651,64.48,100,TWSE_MI_QFIIS_DAILY_FOREIGN_INVESTMENT,2026-08-21T09:59:05.591Z
2025-02-21,2330,台積電,25932733242,19056551206,73.48,6876182036,26.51,100,TWSE_MI_QFIIS_DAILY_FOREIGN_INVESTMENT,2026-08-21T09:59:05.591Z
2025-02-21,2454,聯發科,1601662351,960420486,59.96,641241865,40.03,100,TWSE_MI_QFIIS_DAILY_FOREIGN_INVESTMENT,2026-08-21T09:59:05.591Z
2025-02-24,0050,元大台灣50,2387500000,109986038,4.6,2277513962,95.39,100,TWSE_MI_QFIIS_DAILY_FOREIGN_INVESTMENT,2026-08-21T09:59:05.591Z
2025-02-24,2317,鴻海,13862990609,4927988515,35.54,8935002094,64.45,100,TWSE_MI_QFIIS_DAILY_FOREIGN_INVESTMENT,2026-08-21T09:59:05.591Z
2025-02-24,2330,台積電,25932733242,19046406148,73.44,6886327094,26.55,100,TWSE_MI_QFIIS_DAILY_FOREIGN_INVESTMENT,2026-08-21T09:59:05.591Z
2025-02-24,2454,聯發科,1601662351,960739333,59.98,640923018,40.01,100,TWSE_MI_QFIIS_DAILY_FOREIGN_INVESTMENT,2026-08-21T09:59:05.591Z
2025-02-25,0050,元大台灣50,2406000000,115602165,4.8,2290397835,95.19,100,TWSE_MI_QFIIS_DAILY_FOREIGN_INVESTMENT,2026-08-21T09:59:05.591Z
2025-02-25,2317,鴻海,13862990609,4889756261,35.27,8973234348,64.72,100,TWSE_MI_QFIIS_DAILY_FOREIGN_INVESTMENT,2026-08-21T09:59:05.591Z
2025-02-25,2330,台積電,25932733242,19021126699,73.34,6911606543,26.65,100,TWSE_MI_QFIIS_DAILY_FOREIGN_INVESTMENT,2026-08-21T09:59:05.591Z
2025-02-25,2454,聯發科,1601662351,960394810,59.96,641267541,40.03,100,TWSE_MI_QFIIS_DAILY_FOREIGN_INVESTMENT,2026-08-21T09:59:05.591Z
2025-02-26,0050,元大台灣50,2407500000,102933209,4.27,2304566791,95.72,100,TWSE_MI_QFIIS_DAILY_FOREIGN_INVESTMENT,2026-08-21T09:59:05.591Z
2025-02-26,2317,鴻海,13862990609,4886029964,35.24,8976960645,64.75,100,TWSE_MI_QFIIS_DAILY_FOREIGN_INVESTMENT,2026-08-21T09:59:05.591Z
2025-02-26,2330,台積電,25932733242,19013913893,73.32,6918819349,26.67,100,TWSE_MI_QFIIS_DAILY_FOREIGN_INVESTMENT,2026-08-21T09:59:05.591Z
2025-02-26,2454,聯發科,1601662351,962121504,60.07,639540847,39.92,100,TWSE_MI_QFIIS_DAILY_FOREIGN_INVESTMENT,2026-08-21T09:59:05.591Z
2025-02-27,0050,元大台灣50,2433000000,113834119,4.67,2319165881,95.32,100,TWSE_MI_QFIIS_DAILY_FOREIGN_INVESTMENT,2026-08-21T09:59:05.591Z
2025-02-27,2317,鴻海,13862990609,4855557540,35.02,9007433069,64.97,100,TWSE_MI_QFIIS_DAILY_FOREIGN_INVESTMENT,2026-08-21T09:59:05.591Z
2025-02-27,2330,台積電,25932733242,18994099840,73.24,6938633402,26.75,100,TWSE_MI_QFIIS_DAILY_FOREIGN_INVESTMENT,2026-08-21T09:59:05.591Z
2025-02-27,2454,聯發科,1601662351,961597844,60.03,640064507,39.96,100,TWSE_MI_QFIIS_DAILY_FOREIGN_INVESTMENT,2026-08-21T09:59:05.591Z
2025-03-03,0050,元大台灣50,2472500000,85224240,3.44,2387275760,96.55,100,TWSE_MI_QFIIS_DAILY_FOREIGN_INVESTMENT,2026-08-21T09:59:05.591Z
2025-03-03,2317,鴻海,13862990609,4819644079,34.76,9043346530,65.23,100,TWSE_MI_QFIIS_DAILY_FOREIGN_INVESTMENT,2026-08-21T09:59:05.591Z
2025-03-03,2330,台積電,25932733242,18975351003,73.17,6957382239,26.82,100,TWSE_MI_QFIIS_DAILY_FOREIGN_INVESTMENT,2026-08-21T09:59:05.591Z
2025-03-03,2454,聯發科,1601662351,957305105,59.76,644357246,40.23,100,TWSE_MI_QFIIS_DAILY_FOREIGN_INVESTMENT,2026-08-21T09:59:05.591Z
2025-03-04,0050,元大台灣50,2509500000,109745671,4.37,2399754329,95.62,100,TWSE_MI_QFIIS_DAILY_FOREIGN_INVESTMENT,2026-08-21T09:59:05.591Z
2025-03-04,2317,鴻海,13862990609,4795247204,34.59,9067743405,65.4,100,TWSE_MI_QFIIS_DAILY_FOREIGN_INVESTMENT,2026-08-21T09:59:05.591Z
2025-03-04,2330,台積電,25932733242,18943892143,73.05,6988841099,26.94,100,TWSE_MI_QFIIS_DAILY_FOREIGN_INVESTMENT,2026-08-21T09:59:05.591Z
2025-03-04,2454,聯發科,1601662351,956868648,59.74,644793703,40.25,100,TWSE_MI_QFIIS_DAILY_FOREIGN_INVESTMENT,2026-08-21T09:59:05.591Z
2025-03-05,0050,元大台灣50,2525000000,111784728,4.42,2413215272,95.57,100,TWSE_MI_QFIIS_DAILY_FOREIGN_INVESTMENT,2026-08-21T09:59:05.591Z
2025-03-05,2317,鴻海,13862990609,4793147198,34.57,9069843411,65.42,100,TWSE_MI_QFIIS_DAILY_FOREIGN_INVESTMENT,2026-08-21T09:59:05.591Z
2025-03-05,2330,台積電,25932733242,18938999644,73.03,6993733598,26.96,100,TWSE_MI_QFIIS_DAILY_FOREIGN_INVESTMENT,2026-08-21T09:59:05.591Z
2025-03-05,2454,聯發科,1601662351,955810602,59.67,645851749,40.32,100,TWSE_MI_QFIIS_DAILY_FOREIGN_INVESTMENT,2026-08-21T09:59:05.591Z
2025-03-06,0050,元大台灣50,2544500000,113066497,4.44,2431433503,95.55,100,TWSE_MI_QFIIS_DAILY_FOREIGN_INVESTMENT,2026-08-21T09:59:05.591Z
2025-03-06,2317,鴻海,13862990609,4789459914,34.54,9073530695,65.45,100,TWSE_MI_QFIIS_DAILY_FOREIGN_INVESTMENT,2026-08-21T09:59:05.591Z
2025-03-06,2330,台積電,25932733242,18928291230,72.98,7004442012,27.01,100,TWSE_MI_QFIIS_DAILY_FOREIGN_INVESTMENT,2026-08-21T09:59:05.591Z
2025-03-06,2454,聯發科,1601662351,954918045,59.62,646744306,40.37,100,TWSE_MI_QFIIS_DAILY_FOREIGN_INVESTMENT,2026-08-21T09:59:05.591Z
2025-03-07,0050,元大台灣50,2548000000,106185516,4.16,2441814484,95.83,100,TWSE_MI_QFIIS_DAILY_FOREIGN_INVESTMENT,2026-08-21T09:59:05.591Z
2025-03-07,2317,鴻海,13862990609,4784149057,34.51,9078841552,65.48,100,TWSE_MI_QFIIS_DAILY_FOREIGN_INVESTMENT,2026-08-21T09:59:05.591Z
2025-03-07,2330,台積電,25932733242,18918093578,72.95,7014639664,27.04,100,TWSE_MI_QFIIS_DAILY_FOREIGN_INVESTMENT,2026-08-21T09:59:05.591Z
2025-03-07,2454,聯發科,1601662351,952479166,59.46,649183185,40.53,100,TWSE_MI_QFIIS_DAILY_FOREIGN_INVESTMENT,2026-08-21T09:59:05.591Z
2025-03-10,0050,元大台灣50,2570500000,115347678,4.48,2455152322,95.51,100,TWSE_MI_QFIIS_DAILY_FOREIGN_INVESTMENT,2026-08-21T09:59:05.591Z
2025-03-10,2317,鴻海,13862990609,4781726761,34.49,9081263848,65.5,100,TWSE_MI_QFIIS_DAILY_FOREIGN_INVESTMENT,2026-08-21T09:59:05.591Z
2025-03-10,2330,台積電,25932733242,18903142051,72.89,7029591191,27.1,100,TWSE_MI_QFIIS_DAILY_FOREIGN_INVESTMENT,2026-08-21T09:59:05.591Z
2025-03-10,2454,聯發科,1601662351,949685195,59.29,651977156,40.7,100,TWSE_MI_QFIIS_DAILY_FOREIGN_INVESTMENT,2026-08-21T09:59:05.591Z
2025-03-11,0050,元大台灣50,2589500000,106165283,4.09,2483334717,95.9,100,TWSE_MI_QFIIS_DAILY_FOREIGN_INVESTMENT,2026-08-21T09:59:05.591Z
2025-03-11,2317,鴻海,13862990609,4758021458,34.32,9104969151,65.67,100,TWSE_MI_QFIIS_DAILY_FOREIGN_INVESTMENT,2026-08-21T09:59:05.591Z
2025-03-11,2330,台積電,25932733242,18883336747,72.81,7049396495,27.18,100,TWSE_MI_QFIIS_DAILY_FOREIGN_INVESTMENT,2026-08-21T09:59:05.591Z
2025-03-11,2454,聯發科,1601662351,948435860,59.21,653226491,40.78,100,TWSE_MI_QFIIS_DAILY_FOREIGN_INVESTMENT,2026-08-21T09:59:05.591Z
2025-03-12,0050,元大台灣50,2616000000,116890209,4.46,2499109791,95.53,100,TWSE_MI_QFIIS_DAILY_FOREIGN_INVESTMENT,2026-08-21T09:59:05.591Z
2025-03-12,2317,鴻海,13862990609,4755708761,34.3,9107281848,65.69,100,TWSE_MI_QFIIS_DAILY_FOREIGN_INVESTMENT,2026-08-21T09:59:05.591Z
2025-03-12,2330,台積電,25932733242,18884464445,72.82,7048268797,27.17,100,TWSE_MI_QFIIS_DAILY_FOREIGN_INVESTMENT,2026-08-21T09:59:05.591Z
2025-03-12,2454,聯發科,1601662351,947167281,59.13,654495070,40.86,100,TWSE_MI_QFIIS_DAILY_FOREIGN_INVESTMENT,2026-08-21T09:59:05.591Z
2025-03-13,0050,元大台灣50,2621500000,130916871,4.99,2490583129,95,100,TWSE_MI_QFIIS_DAILY_FOREIGN_INVESTMENT,2026-08-21T09:59:05.591Z
2025-03-13,2317,鴻海,13862990609,4750293170,34.26,9112697439,65.73,100,TWSE_MI_QFIIS_DAILY_FOREIGN_INVESTMENT,2026-08-21T09:59:05.591Z
2025-03-13,2330,台積電,25932733242,18874520377,72.78,7058212865,27.21,100,TWSE_MI_QFIIS_DAILY_FOREIGN_INVESTMENT,2026-08-21T09:59:05.591Z
2025-03-13,2454,聯發科,1601662351,946098025,59.06,655564326,40.93,100,TWSE_MI_QFIIS_DAILY_FOREIGN_INVESTMENT,2026-08-21T09:59:05.591Z
2025-03-14,0050,元大台灣50,2644000000,139983463,5.29,2504016537,94.7,100,TWSE_MI_QFIIS_DAILY_FOREIGN_INVESTMENT,2026-08-21T09:59:05.591Z
2025-03-14,2317,鴻海,13862990609,4749440870,34.25,9113549739,65.74,100,TWSE_MI_QFIIS_DAILY_FOREIGN_INVESTMENT,2026-08-21T09:59:05.591Z
2025-03-14,2330,台積電,25932733242,18866168817,72.75,7066564425,27.24,100,TWSE_MI_QFIIS_DAILY_FOREIGN_INVESTMENT,2026-08-21T09:59:05.591Z
2025-03-14,2454,聯發科,1601662351,946241174,59.07,655421177,40.92,100,TWSE_MI_QFIIS_DAILY_FOREIGN_INVESTMENT,2026-08-21T09:59:05.591Z
2025-03-17,0050,元大台灣50,2676000000,166289635,6.21,2509710365,93.78,100,TWSE_MI_QFIIS_DAILY_FOREIGN_INVESTMENT,2026-08-21T09:59:05.591Z
2025-03-17,2317,鴻海,13862990609,4726831272,34.09,9136159337,65.9,100,TWSE_MI_QFIIS_DAILY_FOREIGN_INVESTMENT,2026-08-21T09:59:05.591Z
2025-03-17,2330,台積電,25932733242,18861913991,72.73,7070819251,27.26,100,TWSE_MI_QFIIS_DAILY_FOREIGN_INVESTMENT,2026-08-21T09:59:05.591Z
2025-03-17,2454,聯發科,1601662351,946501416,59.09,655160935,40.9,100,TWSE_MI_QFIIS_DAILY_FOREIGN_INVESTMENT,2026-08-21T09:59:05.591Z
2025-03-18,0050,元大台灣50,2677000000,163347429,6.1,2513652571,93.89,100,TWSE_MI_QFIIS_DAILY_FOREIGN_INVESTMENT,2026-08-21T09:59:05.591Z
2025-03-18,2317,鴻海,13862990609,4709944272,33.97,9153046337,66.02,100,TWSE_MI_QFIIS_DAILY_FOREIGN_INVESTMENT,2026-08-21T09:59:05.591Z
2025-03-18,2330,台積電,25932733242,18857197007,72.71,7075536235,27.28,100,TWSE_MI_QFIIS_DAILY_FOREIGN_INVESTMENT,2026-08-21T09:59:05.591Z
2025-03-18,2454,聯發科,1601662351,946728308,59.1,654934043,40.89,100,TWSE_MI_QFIIS_DAILY_FOREIGN_INVESTMENT,2026-08-21T09:59:05.591Z
2025-03-19,0050,元大台灣50,2680500000,157324219,5.86,2523175781,94.13,100,TWSE_MI_QFIIS_DAILY_FOREIGN_INVESTMENT,2026-08-21T09:59:05.591Z
2025-03-19,2317,鴻海,13862990609,4677339126,33.73,9185651483,66.26,100,TWSE_MI_QFIIS_DAILY_FOREIGN_INVESTMENT,2026-08-21T09:59:05.591Z
2025-03-19,2330,台積電,25932733242,18844907422,72.66,7087825820,27.33,100,TWSE_MI_QFIIS_DAILY_FOREIGN_INVESTMENT,2026-08-21T09:59:05.591Z
2025-03-19,2454,聯發科,1601662351,947280533,59.14,654381818,40.85,100,TWSE_MI_QFIIS_DAILY_FOREIGN_INVESTMENT,2026-08-21T09:59:05.591Z
2025-03-20,0050,元大台灣50,2686500000,146883418,5.46,2539616582,94.53,100,TWSE_MI_QFIIS_DAILY_FOREIGN_INVESTMENT,2026-08-21T09:59:05.591Z
2025-03-20,2317,鴻海,13862990609,4672800909,33.7,9190189700,66.29,100,TWSE_MI_QFIIS_DAILY_FOREIGN_INVESTMENT,2026-08-21T09:59:05.591Z
2025-03-20,2330,台積電,25932733242,18857254899,72.71,7075478343,27.28,100,TWSE_MI_QFIIS_DAILY_FOREIGN_INVESTMENT,2026-08-21T09:59:05.591Z
2025-03-20,2454,聯發科,1601662351,948076768,59.19,653585583,40.8,100,TWSE_MI_QFIIS_DAILY_FOREIGN_INVESTMENT,2026-08-21T09:59:05.591Z
2025-03-21,0050,元大台灣50,2682500000,146987647,5.47,2535512353,94.52,100,TWSE_MI_QFIIS_DAILY_FOREIGN_INVESTMENT,2026-08-21T09:59:05.591Z
2025-03-21,2317,鴻海,13862990609,4665935848,33.65,9197054761,66.34,100,TWSE_MI_QFIIS_DAILY_FOREIGN_INVESTMENT,2026-08-21T09:59:05.591Z
2025-03-21,2330,台積電,25932733242,18852579283,72.69,7080153959,27.3,100,TWSE_MI_QFIIS_DAILY_FOREIGN_INVESTMENT,2026-08-21T09:59:05.591Z
2025-03-21,2454,聯發科,1601662351,948223108,59.2,653439243,40.79,100,TWSE_MI_QFIIS_DAILY_FOREIGN_INVESTMENT,2026-08-21T09:59:05.591Z
2025-03-24,0050,元大台灣50,2684000000,140231117,5.22,2543768883,94.77,100,TWSE_MI_QFIIS_DAILY_FOREIGN_INVESTMENT,2026-08-21T09:59:05.591Z
2025-03-24,2317,鴻海,13862990609,4654166120,33.57,9208824489,66.42,100,TWSE_MI_QFIIS_DAILY_FOREIGN_INVESTMENT,2026-08-21T09:59:05.591Z
2025-03-24,2330,台積電,25932733242,18851866596,72.69,7080866646,27.3,100,TWSE_MI_QFIIS_DAILY_FOREIGN_INVESTMENT,2026-08-21T09:59:05.591Z
2025-03-24,2454,聯發科,1601662351,948957233,59.24,652705118,40.75,100,TWSE_MI_QFIIS_DAILY_FOREIGN_INVESTMENT,2026-08-21T09:59:05.591Z
2025-03-25,0050,元大台灣50,2696500000,146415194,5.42,2550084806,94.57,100,TWSE_MI_QFIIS_DAILY_FOREIGN_INVESTMENT,2026-08-21T09:59:05.591Z
2025-03-25,2317,鴻海,13862990609,4659244936,33.6,9203745673,66.39,100,TWSE_MI_QFIIS_DAILY_FOREIGN_INVESTMENT,2026-08-21T09:59:05.591Z
2025-03-25,2330,台積電,25932733242,18860020537,72.72,7072712705,27.27,100,TWSE_MI_QFIIS_DAILY_FOREIGN_INVESTMENT,2026-08-21T09:59:05.591Z
2025-03-25,2454,聯發科,1601662351,951797713,59.42,649864638,40.57,100,TWSE_MI_QFIIS_DAILY_FOREIGN_INVESTMENT,2026-08-21T09:59:05.591Z
2025-03-26,0050,元大台灣50,2699000000,150038113,5.55,2548961887,94.44,100,TWSE_MI_QFIIS_DAILY_FOREIGN_INVESTMENT,2026-08-21T09:59:05.591Z
2025-03-26,2317,鴻海,13862990609,4659890475,33.61,9203100134,66.38,100,TWSE_MI_QFIIS_DAILY_FOREIGN_INVESTMENT,2026-08-21T09:59:05.591Z
2025-03-26,2330,台積電,25932733242,18850891553,72.69,7081841689,27.3,100,TWSE_MI_QFIIS_DAILY_FOREIGN_INVESTMENT,2026-08-21T09:59:05.591Z
2025-03-26,2454,聯發科,1601662351,951647388,59.41,650014963,40.58,100,TWSE_MI_QFIIS_DAILY_FOREIGN_INVESTMENT,2026-08-21T09:59:05.591Z
2025-03-27,0050,元大台灣50,2698500000,140909908,5.22,2557590092,94.77,100,TWSE_MI_QFIIS_DAILY_FOREIGN_INVESTMENT,2026-08-21T09:59:05.591Z
2025-03-27,2317,鴻海,13862990609,4618988771,33.31,9244001838,66.68,100,TWSE_MI_QFIIS_DAILY_FOREIGN_INVESTMENT,2026-08-21T09:59:05.591Z
2025-03-27,2330,台積電,25932733242,18831290234,72.61,7101443008,27.38,100,TWSE_MI_QFIIS_DAILY_FOREIGN_INVESTMENT,2026-08-21T09:59:05.591Z
2025-03-27,2454,聯發科,1601662351,950909430,59.37,650752921,40.62,100,TWSE_MI_QFIIS_DAILY_FOREIGN_INVESTMENT,2026-08-21T09:59:05.591Z
2025-03-28,0050,元大台灣50,2703500000,133223071,4.92,2570276929,95.07,100,TWSE_MI_QFIIS_DAILY_FOREIGN_INVESTMENT,2026-08-21T09:59:05.591Z
2025-03-28,2317,鴻海,13862990609,4596734282,33.15,9266256327,66.84,100,TWSE_MI_QFIIS_DAILY_FOREIGN_INVESTMENT,2026-08-21T09:59:05.591Z
2025-03-28,2330,台積電,25932733242,18824880825,72.59,7107852417,27.4,100,TWSE_MI_QFIIS_DAILY_FOREIGN_INVESTMENT,2026-08-21T09:59:05.591Z
2025-03-28,2454,聯發科,1601662351,949296016,59.26,652366335,40.73,100,TWSE_MI_QFIIS_DAILY_FOREIGN_INVESTMENT,2026-08-21T09:59:05.591Z
2025-03-31,0050,元大台灣50,2707500000,119751097,4.42,2587748903,95.57,100,TWSE_MI_QFIIS_DAILY_FOREIGN_INVESTMENT,2026-08-21T09:59:05.591Z
2025-03-31,2317,鴻海,13862990609,4601324048,33.19,9261666561,66.8,100,TWSE_MI_QFIIS_DAILY_FOREIGN_INVESTMENT,2026-08-21T09:59:05.591Z
2025-03-31,2330,台積電,25932733242,18801025401,72.49,7131707841,27.5,100,TWSE_MI_QFIIS_DAILY_FOREIGN_INVESTMENT,2026-08-21T09:59:05.591Z
2025-03-31,2454,聯發科,1601662351,946931415,59.12,654730936,40.87,100,TWSE_MI_QFIIS_DAILY_FOREIGN_INVESTMENT,2026-08-21T09:59:05.591Z
2025-04-01,0050,元大台灣50,2736500000,116695764,4.26,2619804236,95.73,100,TWSE_MI_QFIIS_DAILY_FOREIGN_INVESTMENT,2026-08-21T09:59:05.591Z
2025-04-01,2317,鴻海,13862990609,4602093083,33.19,9260897526,66.8,100,TWSE_MI_QFIIS_DAILY_FOREIGN_INVESTMENT,2026-08-21T09:59:05.591Z
2025-04-01,2330,台積電,25932733242,18803075036,72.5,7129658206,27.49,100,TWSE_MI_QFIIS_DAILY_FOREIGN_INVESTMENT,2026-08-21T09:59:05.591Z
2025-04-01,2454,聯發科,1601662351,946804491,59.11,654857860,40.88,100,TWSE_MI_QFIIS_DAILY_FOREIGN_INVESTMENT,2026-08-21T09:59:05.591Z
2025-04-02,0050,元大台灣50,2751000000,133845564,4.86,2617154436,95.13,100,TWSE_MI_QFIIS_DAILY_FOREIGN_INVESTMENT,2026-08-21T09:59:05.591Z
2025-04-02,2317,鴻海,13862990609,4599267860,33.17,9263722749,66.82,100,TWSE_MI_QFIIS_DAILY_FOREIGN_INVESTMENT,2026-08-21T09:59:05.591Z
2025-04-02,2330,台積電,25932733242,18801505818,72.5,7131227424,27.49,100,TWSE_MI_QFIIS_DAILY_FOREIGN_INVESTMENT,2026-08-21T09:59:05.591Z
2025-04-02,2454,聯發科,1601662351,945732996,59.04,655929355,40.95,100,TWSE_MI_QFIIS_DAILY_FOREIGN_INVESTMENT,2026-08-21T09:59:05.591Z
2025-04-07,0050,元大台灣50,2771000000,149904187,5.4,2621095813,94.59,100,TWSE_MI_QFIIS_DAILY_FOREIGN_INVESTMENT,2026-08-21T09:59:05.591Z
2025-04-07,2317,鴻海,13862990609,4610290684,33.25,9252699925,66.74,100,TWSE_MI_QFIIS_DAILY_FOREIGN_INVESTMENT,2026-08-21T09:59:05.591Z
2025-04-07,2330,台積電,25932733242,18800716953,72.49,7132016289,27.5,100,TWSE_MI_QFIIS_DAILY_FOREIGN_INVESTMENT,2026-08-21T09:59:05.591Z
2025-04-07,2454,聯發科,1601662351,946273039,59.08,655389312,40.91,100,TWSE_MI_QFIIS_DAILY_FOREIGN_INVESTMENT,2026-08-21T09:59:05.591Z
2025-04-08,0050,元大台灣50,2822500000,164947336,5.84,2657552664,94.15,100,TWSE_MI_QFIIS_DAILY_FOREIGN_INVESTMENT,2026-08-21T09:59:05.591Z
2025-04-08,2317,鴻海,13862990609,4582569177,33.05,9280421432,66.94,100,TWSE_MI_QFIIS_DAILY_FOREIGN_INVESTMENT,2026-08-21T09:59:05.591Z
2025-04-08,2330,台積電,25932733242,18759478671,72.33,7173254571,27.66,100,TWSE_MI_QFIIS_DAILY_FOREIGN_INVESTMENT,2026-08-21T09:59:05.591Z
2025-04-08,2454,聯發科,1601662351,944309830,58.95,657352521,41.04,100,TWSE_MI_QFIIS_DAILY_FOREIGN_INVESTMENT,2026-08-21T09:59:05.591Z
2025-04-09,0050,元大台灣50,2860000000,145254228,5.07,2714745772,94.92,100,TWSE_MI_QFIIS_DAILY_FOREIGN_INVESTMENT,2026-08-21T09:59:05.591Z
2025-04-09,2317,鴻海,13862990609,4553681662,32.84,9309308947,67.15,100,TWSE_MI_QFIIS_DAILY_FOREIGN_INVESTMENT,2026-08-21T09:59:05.591Z
2025-04-09,2330,台積電,25932733242,18723773247,72.2,7208959995,27.79,100,TWSE_MI_QFIIS_DAILY_FOREIGN_INVESTMENT,2026-08-21T09:59:05.591Z
2025-04-09,2454,聯發科,1601662351,942378779,58.83,659283572,41.16,100,TWSE_MI_QFIIS_DAILY_FOREIGN_INVESTMENT,2026-08-21T09:59:05.591Z
2025-04-10,0050,元大台灣50,2899500000,154002776,5.31,2745497224,94.68,100,TWSE_MI_QFIIS_DAILY_FOREIGN_INVESTMENT,2026-08-21T09:59:05.591Z
2025-04-10,2317,鴻海,13862990609,4538391773,32.73,9324598836,67.26,100,TWSE_MI_QFIIS_DAILY_FOREIGN_INVESTMENT,2026-08-21T09:59:05.591Z
2025-04-10,2330,台積電,25932733242,18722734913,72.19,7209998329,27.8,100,TWSE_MI_QFIIS_DAILY_FOREIGN_INVESTMENT,2026-08-21T09:59:05.591Z
2025-04-10,2454,聯發科,1601662351,942149351,58.82,659513000,41.17,100,TWSE_MI_QFIIS_DAILY_FOREIGN_INVESTMENT,2026-08-21T09:59:05.591Z
2025-04-11,0050,元大台灣50,2876500000,177320174,6.16,2699179826,93.83,100,TWSE_MI_QFIIS_DAILY_FOREIGN_INVESTMENT,2026-08-21T09:59:05.591Z
2025-04-11,2317,鴻海,13862990609,4581280131,33.04,9281710478,66.95,100,TWSE_MI_QFIIS_DAILY_FOREIGN_INVESTMENT,2026-08-21T09:59:05.591Z
2025-04-11,2330,台積電,25932733242,18736331190,72.24,7196402052,27.75,100,TWSE_MI_QFIIS_DAILY_FOREIGN_INVESTMENT,2026-08-21T09:59:05.591Z
2025-04-11,2454,聯發科,1601662351,942977985,58.87,658684366,41.12,100,TWSE_MI_QFIIS_DAILY_FOREIGN_INVESTMENT,2026-08-21T09:59:05.591Z
2025-04-14,0050,元大台灣50,2890000000,170016631,5.88,2719983369,94.11,100,TWSE_MI_QFIIS_DAILY_FOREIGN_INVESTMENT,2026-08-21T09:59:05.591Z
2025-04-14,2317,鴻海,13862990609,4576939832,33.01,9286050777,66.98,100,TWSE_MI_QFIIS_DAILY_FOREIGN_INVESTMENT,2026-08-21T09:59:05.591Z
2025-04-14,2330,台積電,25932733242,18724790200,72.2,7207943042,27.79,100,TWSE_MI_QFIIS_DAILY_FOREIGN_INVESTMENT,2026-08-21T09:59:05.591Z
2025-04-14,2454,聯發科,1601662351,945448283,59.02,656214068,40.97,100,TWSE_MI_QFIIS_DAILY_FOREIGN_INVESTMENT,2026-08-21T09:59:05.591Z
2025-04-15,0050,元大台灣50,2903500000,165553357,5.7,2737946643,94.29,100,TWSE_MI_QFIIS_DAILY_FOREIGN_INVESTMENT,2026-08-21T09:59:05.591Z
2025-04-15,2317,鴻海,13862990609,4560492247,32.89,9302498362,67.1,100,TWSE_MI_QFIIS_DAILY_FOREIGN_INVESTMENT,2026-08-21T09:59:05.591Z
2025-04-15,2330,台積電,25932733242,18728551350,72.21,7204181892,27.78,100,TWSE_MI_QFIIS_DAILY_FOREIGN_INVESTMENT,2026-08-21T09:59:05.591Z
2025-04-15,2454,聯發科,1601662351,945518049,59.03,656144302,40.96,100,TWSE_MI_QFIIS_DAILY_FOREIGN_INVESTMENT,2026-08-21T09:59:05.591Z
2025-04-16,0050,元大台灣50,2912000000,160019189,5.49,2751980811,94.5,100,TWSE_MI_QFIIS_DAILY_FOREIGN_INVESTMENT,2026-08-21T09:59:05.591Z
2025-04-16,2317,鴻海,13862990609,4555028166,32.85,9307962443,67.14,100,TWSE_MI_QFIIS_DAILY_FOREIGN_INVESTMENT,2026-08-21T09:59:05.591Z
2025-04-16,2330,台積電,25932733242,18720582742,72.18,7212150500,27.81,100,TWSE_MI_QFIIS_DAILY_FOREIGN_INVESTMENT,2026-08-21T09:59:05.591Z
2025-04-16,2454,聯發科,1601662351,945606706,59.03,656055645,40.96,100,TWSE_MI_QFIIS_DAILY_FOREIGN_INVESTMENT,2026-08-21T09:59:05.591Z
2025-04-17,0050,元大台灣50,2921000000,153097935,5.24,2767902065,94.75,100,TWSE_MI_QFIIS_DAILY_FOREIGN_INVESTMENT,2026-08-21T09:59:05.591Z
2025-04-17,2317,鴻海,13862990609,4558473744,32.88,9304516865,67.11,100,TWSE_MI_QFIIS_DAILY_FOREIGN_INVESTMENT,2026-08-21T09:59:05.591Z
2025-04-17,2330,台積電,25932733242,18711429833,72.15,7221303409,27.84,100,TWSE_MI_QFIIS_DAILY_FOREIGN_INVESTMENT,2026-08-21T09:59:05.591Z
2025-04-17,2454,聯發科,1601662351,944025254,58.94,657637097,41.05,100,TWSE_MI_QFIIS_DAILY_FOREIGN_INVESTMENT,2026-08-21T09:59:05.591Z
2025-04-18,0050,元大台灣50,2924000000,155520587,5.31,2768479413,94.68,100,TWSE_MI_QFIIS_DAILY_FOREIGN_INVESTMENT,2026-08-21T09:59:05.591Z
2025-04-18,2317,鴻海,13862990609,4557204932,32.87,9305785677,67.12,100,TWSE_MI_QFIIS_DAILY_FOREIGN_INVESTMENT,2026-08-21T09:59:05.591Z
2025-04-18,2330,台積電,25932733242,18703858950,72.12,7228874292,27.87,100,TWSE_MI_QFIIS_DAILY_FOREIGN_INVESTMENT,2026-08-21T09:59:05.591Z
2025-04-18,2454,聯發科,1601662351,944176107,58.94,657486244,41.05,100,TWSE_MI_QFIIS_DAILY_FOREIGN_INVESTMENT,2026-08-21T09:59:05.591Z
2025-04-21,0050,元大台灣50,2928000000,150388788,5.13,2777611212,94.86,100,TWSE_MI_QFIIS_DAILY_FOREIGN_INVESTMENT,2026-08-21T09:59:05.591Z
2025-04-21,2317,鴻海,13862990609,4567575510,32.94,9295415099,67.05,100,TWSE_MI_QFIIS_DAILY_FOREIGN_INVESTMENT,2026-08-21T09:59:05.591Z
2025-04-21,2330,台積電,25932733242,18702131287,72.11,7230601955,27.88,100,TWSE_MI_QFIIS_DAILY_FOREIGN_INVESTMENT,2026-08-21T09:59:05.591Z
2025-04-21,2454,聯發科,1601662351,943741994,58.92,657920357,41.07,100,TWSE_MI_QFIIS_DAILY_FOREIGN_INVESTMENT,2026-08-21T09:59:05.591Z
2025-04-22,0050,元大台灣50,2930500000,146916178,5.01,2783583822,94.98,100,TWSE_MI_QFIIS_DAILY_FOREIGN_INVESTMENT,2026-08-21T09:59:05.591Z
2025-04-22,2317,鴻海,13862990609,4559466700,32.88,9303523909,67.11,100,TWSE_MI_QFIIS_DAILY_FOREIGN_INVESTMENT,2026-08-21T09:59:05.591Z
2025-04-22,2330,台積電,25932733242,18693403472,72.08,7239329770,27.91,100,TWSE_MI_QFIIS_DAILY_FOREIGN_INVESTMENT,2026-08-21T09:59:05.591Z
2025-04-22,2454,聯發科,1601662351,942729384,58.85,658932967,41.14,100,TWSE_MI_QFIIS_DAILY_FOREIGN_INVESTMENT,2026-08-21T09:59:05.591Z
2025-04-23,0050,元大台灣50,2953500000,164667419,5.57,2788832581,94.42,100,TWSE_MI_QFIIS_DAILY_FOREIGN_INVESTMENT,2026-08-21T09:59:05.591Z
2025-04-23,2317,鴻海,13862990609,4572867247,32.98,9290123362,67.01,100,TWSE_MI_QFIIS_DAILY_FOREIGN_INVESTMENT,2026-08-21T09:59:05.591Z
2025-04-23,2330,台積電,25932733242,18708882124,72.14,7223851118,27.85,100,TWSE_MI_QFIIS_DAILY_FOREIGN_INVESTMENT,2026-08-21T09:59:05.591Z
2025-04-23,2454,聯發科,1601662351,943586134,58.91,658076217,41.08,100,TWSE_MI_QFIIS_DAILY_FOREIGN_INVESTMENT,2026-08-21T09:59:05.591Z
2025-04-24,0050,元大台灣50,2953500000,162438029,5.49,2791061971,94.5,100,TWSE_MI_QFIIS_DAILY_FOREIGN_INVESTMENT,2026-08-21T09:59:05.591Z
2025-04-24,2317,鴻海,13862990609,4562471830,32.91,9300518779,67.08,100,TWSE_MI_QFIIS_DAILY_FOREIGN_INVESTMENT,2026-08-21T09:59:05.591Z
2025-04-24,2330,台積電,25932733242,18713730857,72.16,7219002385,27.83,100,TWSE_MI_QFIIS_DAILY_FOREIGN_INVESTMENT,2026-08-21T09:59:05.591Z
2025-04-24,2454,聯發科,1601662351,941506589,58.78,660155762,41.21,100,TWSE_MI_QFIIS_DAILY_FOREIGN_INVESTMENT,2026-08-21T09:59:05.591Z
2025-04-25,0050,元大台灣50,2932000000,137659116,4.69,2794340884,95.3,100,TWSE_MI_QFIIS_DAILY_FOREIGN_INVESTMENT,2026-08-21T09:59:05.591Z
2025-04-25,2317,鴻海,13862990609,4573423838,32.99,9289566771,67,100,TWSE_MI_QFIIS_DAILY_FOREIGN_INVESTMENT,2026-08-21T09:59:05.591Z
2025-04-25,2330,台積電,25932733242,18727389762,72.21,7205343480,27.78,100,TWSE_MI_QFIIS_DAILY_FOREIGN_INVESTMENT,2026-08-21T09:59:05.591Z
2025-04-25,2454,聯發科,1601662351,943202486,58.88,658459865,41.11,100,TWSE_MI_QFIIS_DAILY_FOREIGN_INVESTMENT,2026-08-21T09:59:05.591Z
2025-04-28,0050,元大台灣50,2950500000,156046282,5.28,2794453718,94.71,100,TWSE_MI_QFIIS_DAILY_FOREIGN_INVESTMENT,2026-08-21T09:59:05.591Z
2025-04-28,2317,鴻海,13862990609,4577906064,33.02,9285084545,66.97,100,TWSE_MI_QFIIS_DAILY_FOREIGN_INVESTMENT,2026-08-21T09:59:05.591Z
2025-04-28,2330,台積電,25932733242,18733970264,72.24,7198762978,27.75,100,TWSE_MI_QFIIS_DAILY_FOREIGN_INVESTMENT,2026-08-21T09:59:05.591Z
2025-04-28,2454,聯發科,1601662351,940550018,58.72,661112333,41.27,100,TWSE_MI_QFIIS_DAILY_FOREIGN_INVESTMENT,2026-08-21T09:59:05.591Z
2025-04-29,0050,元大台灣50,2984000000,186141153,6.23,2797858847,93.76,100,TWSE_MI_QFIIS_DAILY_FOREIGN_INVESTMENT,2026-08-21T09:59:05.591Z
2025-04-29,2317,鴻海,13862990609,4576466274,33.01,9286524335,66.98,100,TWSE_MI_QFIIS_DAILY_FOREIGN_INVESTMENT,2026-08-21T09:59:05.591Z
2025-04-29,2330,台積電,25932733242,18737827652,72.25,7194905590,27.74,100,TWSE_MI_QFIIS_DAILY_FOREIGN_INVESTMENT,2026-08-21T09:59:05.591Z
2025-04-29,2454,聯發科,1601662351,939906799,58.68,661755552,41.31,100,TWSE_MI_QFIIS_DAILY_FOREIGN_INVESTMENT,2026-08-21T09:59:05.591Z
2025-04-30,0050,元大台灣50,2984000000,187885013,6.29,2796114987,93.7,100,TWSE_MI_QFIIS_DAILY_FOREIGN_INVESTMENT,2026-08-21T09:59:05.591Z
2025-04-30,2317,鴻海,13862990609,4576153643,33,9286836966,66.99,100,TWSE_MI_QFIIS_DAILY_FOREIGN_INVESTMENT,2026-08-21T09:59:05.591Z
2025-04-30,2330,台積電,25932733242,18749763460,72.3,7182969782,27.69,100,TWSE_MI_QFIIS_DAILY_FOREIGN_INVESTMENT,2026-08-21T09:59:05.591Z
2025-04-30,2454,聯發科,1601662351,938973349,58.62,662689002,41.37,100,TWSE_MI_QFIIS_DAILY_FOREIGN_INVESTMENT,2026-08-21T09:59:05.591Z
2025-05-02,0050,元大台灣50,2984000000,187629502,6.28,2796370498,93.71,100,TWSE_MI_QFIIS_DAILY_FOREIGN_INVESTMENT,2026-08-21T09:59:05.591Z
2025-05-02,2317,鴻海,13862990609,4597083598,33.16,9265907011,66.83,100,TWSE_MI_QFIIS_DAILY_FOREIGN_INVESTMENT,2026-08-21T09:59:05.591Z
2025-05-02,2330,台積電,25932733242,18775247390,72.39,7157485852,27.6,100,TWSE_MI_QFIIS_DAILY_FOREIGN_INVESTMENT,2026-08-21T09:59:05.591Z
2025-05-02,2454,聯發科,1601662351,932727166,58.23,668935185,41.76,100,TWSE_MI_QFIIS_DAILY_FOREIGN_INVESTMENT,2026-08-21T09:59:05.591Z
2025-05-05,0050,元大台灣50,2966000000,171681981,5.78,2794318019,94.21,100,TWSE_MI_QFIIS_DAILY_FOREIGN_INVESTMENT,2026-08-21T09:59:05.591Z
2025-05-05,2317,鴻海,13862990609,4600384795,33.18,9262605814,66.81,100,TWSE_MI_QFIIS_DAILY_FOREIGN_INVESTMENT,2026-08-21T09:59:05.591Z
2025-05-05,2330,台積電,25932733242,18791654102,72.46,7141079140,27.53,100,TWSE_MI_QFIIS_DAILY_FOREIGN_INVESTMENT,2026-08-21T09:59:05.591Z
2025-05-05,2454,聯發科,1601662351,934222155,58.32,667440196,41.67,100,TWSE_MI_QFIIS_DAILY_FOREIGN_INVESTMENT,2026-08-21T09:59:05.591Z
2025-05-06,0050,元大台灣50,2962500000,168294867,5.68,2794205133,94.31,100,TWSE_MI_QFIIS_DAILY_FOREIGN_INVESTMENT,2026-08-21T09:59:05.591Z
2025-05-06,2317,鴻海,13862990609,4615644270,33.29,9247346339,66.7,100,TWSE_MI_QFIIS_DAILY_FOREIGN_INVESTMENT,2026-08-21T09:59:05.591Z
2025-05-06,2330,台積電,25932733242,18790951120,72.46,7141782122,27.53,100,TWSE_MI_QFIIS_DAILY_FOREIGN_INVESTMENT,2026-08-21T09:59:05.591Z
2025-05-06,2454,聯發科,1601662351,934241379,58.32,667420972,41.67,100,TWSE_MI_QFIIS_DAILY_FOREIGN_INVESTMENT,2026-08-21T09:59:05.591Z
2025-05-07,0050,元大台灣50,2976500000,153259131,5.14,2823240869,94.85,100,TWSE_MI_QFIIS_DAILY_FOREIGN_INVESTMENT,2026-08-21T09:59:05.591Z
2025-05-07,2317,鴻海,13862990609,4611671858,33.26,9251318751,66.73,100,TWSE_MI_QFIIS_DAILY_FOREIGN_INVESTMENT,2026-08-21T09:59:05.591Z
2025-05-07,2330,台積電,25932733242,18797591243,72.48,7135141999,27.51,100,TWSE_MI_QFIIS_DAILY_FOREIGN_INVESTMENT,2026-08-21T09:59:05.591Z
2025-05-07,2454,聯發科,1601662351,934946083,58.37,666716268,41.62,100,TWSE_MI_QFIIS_DAILY_FOREIGN_INVESTMENT,2026-08-21T09:59:05.591Z
2025-05-08,0050,元大台灣50,2938000000,137977790,4.69,2800022210,95.3,100,TWSE_MI_QFIIS_DAILY_FOREIGN_INVESTMENT,2026-08-21T09:59:05.591Z
2025-05-08,2317,鴻海,13862990609,4616846361,33.3,9246144248,66.69,100,TWSE_MI_QFIIS_DAILY_FOREIGN_INVESTMENT,2026-08-21T09:59:05.591Z
2025-05-08,2330,台積電,25932733242,18795947894,72.47,7136785348,27.52,100,TWSE_MI_QFIIS_DAILY_FOREIGN_INVESTMENT,2026-08-21T09:59:05.591Z
2025-05-08,2454,聯發科,1601662351,934809637,58.36,666852714,41.63,100,TWSE_MI_QFIIS_DAILY_FOREIGN_INVESTMENT,2026-08-21T09:59:05.591Z
2025-05-09,0050,元大台灣50,2938000000,139402294,4.74,2798597706,95.25,100,TWSE_MI_QFIIS_DAILY_FOREIGN_INVESTMENT,2026-08-21T09:59:05.591Z
2025-05-09,2317,鴻海,13862990609,4621096265,33.33,9241894344,66.66,100,TWSE_MI_QFIIS_DAILY_FOREIGN_INVESTMENT,2026-08-21T09:59:05.591Z
2025-05-09,2330,台積電,25932733242,18810435200,72.53,7122298042,27.46,100,TWSE_MI_QFIIS_DAILY_FOREIGN_INVESTMENT,2026-08-21T09:59:05.591Z
2025-05-09,2454,聯發科,1601662351,935080224,58.38,666582127,41.61,100,TWSE_MI_QFIIS_DAILY_FOREIGN_INVESTMENT,2026-08-21T09:59:05.591Z
2025-05-12,0050,元大台灣50,2938000000,138448177,4.71,2799551823,95.28,100,TWSE_MI_QFIIS_DAILY_FOREIGN_INVESTMENT,2026-08-21T09:59:05.591Z
2025-05-12,2317,鴻海,13862990609,4636554063,33.44,9226436546,66.55,100,TWSE_MI_QFIIS_DAILY_FOREIGN_INVESTMENT,2026-08-21T09:59:05.591Z
2025-05-12,2330,台積電,25932733242,18815036743,72.55,7117696499,27.44,100,TWSE_MI_QFIIS_DAILY_FOREIGN_INVESTMENT,2026-08-21T09:59:05.591Z
2025-05-12,2454,聯發科,1601662351,933953718,58.31,667708633,41.68,100,TWSE_MI_QFIIS_DAILY_FOREIGN_INVESTMENT,2026-08-21T09:59:05.591Z
2025-05-13,0050,元大台灣50,2938000000,136729373,4.65,2801270627,95.34,100,TWSE_MI_QFIIS_DAILY_FOREIGN_INVESTMENT,2026-08-21T09:59:05.591Z
2025-05-13,2317,鴻海,13862990609,4632520757,33.41,9230469852,66.58,100,TWSE_MI_QFIIS_DAILY_FOREIGN_INVESTMENT,2026-08-21T09:59:05.591Z
2025-05-13,2330,台積電,25932733242,18821764632,72.57,7110968610,27.42,100,TWSE_MI_QFIIS_DAILY_FOREIGN_INVESTMENT,2026-08-21T09:59:05.591Z
2025-05-13,2454,聯發科,1601662351,935332409,58.39,666329942,41.6,100,TWSE_MI_QFIIS_DAILY_FOREIGN_INVESTMENT,2026-08-21T09:59:05.591Z
2025-05-14,0050,元大台灣50,2940000000,136612247,4.64,2803387753,95.35,100,TWSE_MI_QFIIS_DAILY_FOREIGN_INVESTMENT,2026-08-21T09:59:05.591Z
2025-05-14,2317,鴻海,13862990609,4647531379,33.52,9215459230,66.47,100,TWSE_MI_QFIIS_DAILY_FOREIGN_INVESTMENT,2026-08-21T09:59:05.591Z
2025-05-14,2330,台積電,25932733242,18839083330,72.64,7093649912,27.35,100,TWSE_MI_QFIIS_DAILY_FOREIGN_INVESTMENT,2026-08-21T09:59:05.591Z
2025-05-14,2454,聯發科,1601662351,935022431,58.37,666639920,41.62,100,TWSE_MI_QFIIS_DAILY_FOREIGN_INVESTMENT,2026-08-21T09:59:05.591Z
2025-05-15,0050,元大台灣50,2940000000,135128228,4.59,2804871772,95.4,100,TWSE_MI_QFIIS_DAILY_FOREIGN_INVESTMENT,2026-08-21T09:59:05.591Z
2025-05-15,2317,鴻海,13862990609,4631723604,33.41,9231267005,66.58,100,TWSE_MI_QFIIS_DAILY_FOREIGN_INVESTMENT,2026-08-21T09:59:05.591Z
2025-05-15,2330,台積電,25932733242,18840147539,72.65,7092585703,27.34,100,TWSE_MI_QFIIS_DAILY_FOREIGN_INVESTMENT,2026-08-21T09:59:05.591Z
2025-05-15,2454,聯發科,1601662351,936415145,58.46,665247206,41.53,100,TWSE_MI_QFIIS_DAILY_FOREIGN_INVESTMENT,2026-08-21T09:59:05.591Z
2025-05-16,0050,元大台灣50,2940000000,135899028,4.62,2804100972,95.37,100,TWSE_MI_QFIIS_DAILY_FOREIGN_INVESTMENT,2026-08-21T09:59:05.591Z
2025-05-16,2317,鴻海,13891701949,4649150983,33.46,9242550966,66.53,100,TWSE_MI_QFIIS_DAILY_FOREIGN_INVESTMENT,2026-08-21T09:59:05.591Z
2025-05-16,2330,台積電,25932733242,18841202780,72.65,7091530462,27.34,100,TWSE_MI_QFIIS_DAILY_FOREIGN_INVESTMENT,2026-08-21T09:59:05.591Z
2025-05-16,2454,聯發科,1601662351,936346400,58.46,665315951,41.53,100,TWSE_MI_QFIIS_DAILY_FOREIGN_INVESTMENT,2026-08-21T09:59:05.591Z
2025-05-19,0050,元大台灣50,2940000000,135096999,4.59,2804903001,95.4,100,TWSE_MI_QFIIS_DAILY_FOREIGN_INVESTMENT,2026-08-21T09:59:05.591Z
2025-05-19,2317,鴻海,13891701949,4651579558,33.48,9240122391,66.51,100,TWSE_MI_QFIIS_DAILY_FOREIGN_INVESTMENT,2026-08-21T09:59:05.591Z
2025-05-19,2330,台積電,25932733242,18838061651,72.64,7094671591,27.35,100,TWSE_MI_QFIIS_DAILY_FOREIGN_INVESTMENT,2026-08-21T09:59:05.591Z
2025-05-19,2454,聯發科,1601662351,933483351,58.28,668179000,41.71,100,TWSE_MI_QFIIS_DAILY_FOREIGN_INVESTMENT,2026-08-21T09:59:05.591Z
2025-05-20,0050,元大台灣50,2940000000,136117133,4.62,2803882867,95.37,100,TWSE_MI_QFIIS_DAILY_FOREIGN_INVESTMENT,2026-08-21T09:59:05.591Z
2025-05-20,2317,鴻海,13891701949,4636959364,33.37,9254742585,66.62,100,TWSE_MI_QFIIS_DAILY_FOREIGN_INVESTMENT,2026-08-21T09:59:05.591Z
2025-05-20,2330,台積電,25932733242,18839283437,72.64,7093449805,27.35,100,TWSE_MI_QFIIS_DAILY_FOREIGN_INVESTMENT,2026-08-21T09:59:05.591Z
2025-05-20,2454,聯發科,1601658002,934061840,58.31,667596162,41.68,100,TWSE_MI_QFIIS_DAILY_FOREIGN_INVESTMENT,2026-08-21T09:59:05.591Z
2025-05-21,0050,元大台灣50,2940500000,137228146,4.66,2803271854,95.33,100,TWSE_MI_QFIIS_DAILY_FOREIGN_INVESTMENT,2026-08-21T09:59:05.591Z
2025-05-21,2317,鴻海,13891701949,4638151600,33.38,9253550349,66.61,100,TWSE_MI_QFIIS_DAILY_FOREIGN_INVESTMENT,2026-08-21T09:59:05.591Z
2025-05-21,2330,台積電,25932733242,18848385542,72.68,7084347700,27.31,100,TWSE_MI_QFIIS_DAILY_FOREIGN_INVESTMENT,2026-08-21T09:59:05.591Z
2025-05-21,2454,聯發科,1601658002,935151623,58.38,666506379,41.61,100,TWSE_MI_QFIIS_DAILY_FOREIGN_INVESTMENT,2026-08-21T09:59:05.591Z
2025-05-22,0050,元大台灣50,2936000000,138009418,4.7,2797990582,95.29,100,TWSE_MI_QFIIS_DAILY_FOREIGN_INVESTMENT,2026-08-21T09:59:05.591Z
2025-05-22,2317,鴻海,13891701949,4636634994,33.37,9255066955,66.62,100,TWSE_MI_QFIIS_DAILY_FOREIGN_INVESTMENT,2026-08-21T09:59:05.591Z
2025-05-22,2330,台積電,25932733242,18849538263,72.68,7083194979,27.31,100,TWSE_MI_QFIIS_DAILY_FOREIGN_INVESTMENT,2026-08-21T09:59:05.591Z
2025-05-22,2454,聯發科,1601658002,935066143,58.38,666591859,41.61,100,TWSE_MI_QFIIS_DAILY_FOREIGN_INVESTMENT,2026-08-21T09:59:05.591Z
2025-05-23,0050,元大台灣50,2936000000,136865532,4.66,2799134468,95.33,100,TWSE_MI_QFIIS_DAILY_FOREIGN_INVESTMENT,2026-08-21T09:59:05.591Z
2025-05-23,2317,鴻海,13891701949,4635189892,33.36,9256512057,66.63,100,TWSE_MI_QFIIS_DAILY_FOREIGN_INVESTMENT,2026-08-21T09:59:05.591Z
2025-05-23,2330,台積電,25932733242,18853571561,72.7,7079161681,27.29,100,TWSE_MI_QFIIS_DAILY_FOREIGN_INVESTMENT,2026-08-21T09:59:05.591Z
2025-05-23,2454,聯發科,1601658002,933897248,58.3,667760754,41.69,100,TWSE_MI_QFIIS_DAILY_FOREIGN_INVESTMENT,2026-08-21T09:59:05.591Z
2025-05-26,0050,元大台灣50,2941000000,141149204,4.79,2799850796,95.2,100,TWSE_MI_QFIIS_DAILY_FOREIGN_INVESTMENT,2026-08-21T09:59:05.591Z
2025-05-26,2317,鴻海,13891701949,4642194786,33.41,9249507163,66.58,100,TWSE_MI_QFIIS_DAILY_FOREIGN_INVESTMENT,2026-08-21T09:59:05.591Z
2025-05-26,2330,台積電,25932733242,18862380168,72.73,7070353074,27.26,100,TWSE_MI_QFIIS_DAILY_FOREIGN_INVESTMENT,2026-08-21T09:59:05.591Z
2025-05-26,2454,聯發科,1601658002,931115746,58.13,670542256,41.86,100,TWSE_MI_QFIIS_DAILY_FOREIGN_INVESTMENT,2026-08-21T09:59:05.591Z
2025-05-27,0050,元大台灣50,2941000000,133822635,4.55,2807177365,95.44,100,TWSE_MI_QFIIS_DAILY_FOREIGN_INVESTMENT,2026-08-21T09:59:05.591Z
2025-05-27,2317,鴻海,13891701949,4642610323,33.42,9249091626,66.57,100,TWSE_MI_QFIIS_DAILY_FOREIGN_INVESTMENT,2026-08-21T09:59:05.591Z
2025-05-27,2330,台積電,25932733242,18861283452,72.73,7071449790,27.26,100,TWSE_MI_QFIIS_DAILY_FOREIGN_INVESTMENT,2026-08-21T09:59:05.591Z
2025-05-27,2454,聯發科,1601658002,929313288,58.02,672344714,41.97,100,TWSE_MI_QFIIS_DAILY_FOREIGN_INVESTMENT,2026-08-21T09:59:05.591Z
2025-05-28,0050,元大台灣50,3015000000,155059381,5.14,2859940619,94.85,100,TWSE_MI_QFIIS_DAILY_FOREIGN_INVESTMENT,2026-08-21T09:59:05.591Z
2025-05-28,2317,鴻海,13891701949,4641028513,33.4,9250673436,66.59,100,TWSE_MI_QFIIS_DAILY_FOREIGN_INVESTMENT,2026-08-21T09:59:05.591Z
2025-05-28,2330,台積電,25932733242,18865908923,72.74,7066824319,27.25,100,TWSE_MI_QFIIS_DAILY_FOREIGN_INVESTMENT,2026-08-21T09:59:05.591Z
2025-05-28,2454,聯發科,1601658002,928206124,57.95,673451878,42.04,100,TWSE_MI_QFIIS_DAILY_FOREIGN_INVESTMENT,2026-08-21T09:59:05.591Z
2025-05-29,0050,元大台灣50,3023000000,199843871,6.61,2823156129,93.38,100,TWSE_MI_QFIIS_DAILY_FOREIGN_INVESTMENT,2026-08-21T09:59:05.591Z
2025-05-29,2317,鴻海,13891701949,4638217372,33.38,9253484577,66.61,100,TWSE_MI_QFIIS_DAILY_FOREIGN_INVESTMENT,2026-08-21T09:59:05.591Z
2025-05-29,2330,台積電,25932733242,18857903427,72.71,7074829815,27.28,100,TWSE_MI_QFIIS_DAILY_FOREIGN_INVESTMENT,2026-08-21T09:59:05.591Z
2025-05-29,2454,聯發科,1601658002,924053753,57.69,677604249,42.3,100,TWSE_MI_QFIIS_DAILY_FOREIGN_INVESTMENT,2026-08-21T09:59:05.591Z
2025-06-02,0050,元大台灣50,3058000000,208149958,6.8,2849850042,93.19,100,TWSE_MI_QFIIS_DAILY_FOREIGN_INVESTMENT,2026-08-21T09:59:05.591Z
2025-06-02,2317,鴻海,13891701949,4615574589,33.22,9276127360,66.77,100,TWSE_MI_QFIIS_DAILY_FOREIGN_INVESTMENT,2026-08-21T09:59:05.591Z
2025-06-02,2330,台積電,25932733242,18841820573,72.65,7090912669,27.34,100,TWSE_MI_QFIIS_DAILY_FOREIGN_INVESTMENT,2026-08-21T09:59:05.591Z
2025-06-02,2454,聯發科,1601658002,922465261,57.59,679192741,42.4,100,TWSE_MI_QFIIS_DAILY_FOREIGN_INVESTMENT,2026-08-21T09:59:05.591Z
2025-06-03,0050,元大台灣50,3183000000,209346397,6.57,2973653603,93.42,100,TWSE_MI_QFIIS_DAILY_FOREIGN_INVESTMENT,2026-08-21T09:59:05.591Z
2025-06-03,2317,鴻海,13891701949,4608896939,33.17,9282805010,66.82,100,TWSE_MI_QFIIS_DAILY_FOREIGN_INVESTMENT,2026-08-21T09:59:05.591Z
2025-06-03,2330,台積電,25932733242,18840785705,72.65,7091947537,27.34,100,TWSE_MI_QFIIS_DAILY_FOREIGN_INVESTMENT,2026-08-21T09:59:05.591Z
2025-06-03,2454,聯發科,1601658002,921580238,57.53,680077764,42.46,100,TWSE_MI_QFIIS_DAILY_FOREIGN_INVESTMENT,2026-08-21T09:59:05.591Z
2025-06-04,0050,元大台灣50,3267000000,336153421,10.28,2930846579,89.71,100,TWSE_MI_QFIIS_DAILY_FOREIGN_INVESTMENT,2026-08-21T09:59:05.591Z
2025-06-04,2317,鴻海,13891701949,4603672449,33.13,9288029500,66.86,100,TWSE_MI_QFIIS_DAILY_FOREIGN_INVESTMENT,2026-08-21T09:59:05.591Z
2025-06-04,2330,台積電,25932733242,18842976359,72.66,7089756883,27.33,100,TWSE_MI_QFIIS_DAILY_FOREIGN_INVESTMENT,2026-08-21T09:59:05.591Z
2025-06-04,2454,聯發科,1601658002,923214673,57.64,678443329,42.35,100,TWSE_MI_QFIIS_DAILY_FOREIGN_INVESTMENT,2026-08-21T09:59:05.591Z
2025-06-05,0050,元大台灣50,3373500000,430122033,12.75,2943377967,87.24,100,TWSE_MI_QFIIS_DAILY_FOREIGN_INVESTMENT,2026-08-21T09:59:05.591Z
2025-06-05,2317,鴻海,13891701949,4598487839,33.1,9293214110,66.89,100,TWSE_MI_QFIIS_DAILY_FOREIGN_INVESTMENT,2026-08-21T09:59:05.591Z
2025-06-05,2330,台積電,25932615521,18843673243,72.66,7088942278,27.33,100,TWSE_MI_QFIIS_DAILY_FOREIGN_INVESTMENT,2026-08-21T09:59:05.591Z
2025-06-05,2454,聯發科,1601658002,923807671,57.67,677850331,42.32,100,TWSE_MI_QFIIS_DAILY_FOREIGN_INVESTMENT,2026-08-21T09:59:05.591Z
2025-06-06,0050,元大台灣50,3403500000,538054376,15.8,2865445624,84.19,100,TWSE_MI_QFIIS_DAILY_FOREIGN_INVESTMENT,2026-08-21T09:59:05.591Z
2025-06-06,2317,鴻海,13891701949,4584002706,32.99,9307699243,67,100,TWSE_MI_QFIIS_DAILY_FOREIGN_INVESTMENT,2026-08-21T09:59:05.591Z
2025-06-06,2330,台積電,25932615521,18832574162,72.62,7100041359,27.37,100,TWSE_MI_QFIIS_DAILY_FOREIGN_INVESTMENT,2026-08-21T09:59:05.591Z
2025-06-06,2454,聯發科,1601658002,927543146,57.91,674114856,42.08,100,TWSE_MI_QFIIS_DAILY_FOREIGN_INVESTMENT,2026-08-21T09:59:05.591Z
2025-06-09,0050,元大台灣50,3463500000,562779341,16.24,2900720659,83.75,100,TWSE_MI_QFIIS_DAILY_FOREIGN_INVESTMENT,2026-08-21T09:59:05.591Z
2025-06-09,2317,鴻海,13891701949,4575623854,32.93,9316078095,67.06,100,TWSE_MI_QFIIS_DAILY_FOREIGN_INVESTMENT,2026-08-21T09:59:05.591Z
2025-06-09,2330,台積電,25932615521,18835995714,72.63,7096619807,27.36,100,TWSE_MI_QFIIS_DAILY_FOREIGN_INVESTMENT,2026-08-21T09:59:05.591Z
2025-06-09,2454,聯發科,1601658002,930611221,58.1,671046781,41.89,100,TWSE_MI_QFIIS_DAILY_FOREIGN_INVESTMENT,2026-08-21T09:59:05.591Z
2025-06-10,0050,元大台灣50,3487500000,646394052,18.53,2841105948,81.46,100,TWSE_MI_QFIIS_DAILY_FOREIGN_INVESTMENT,2026-08-21T09:59:05.591Z
2025-06-10,2317,鴻海,13891701949,4568383770,32.88,9323318179,67.11,100,TWSE_MI_QFIIS_DAILY_FOREIGN_INVESTMENT,2026-08-21T09:59:05.591Z
2025-06-10,2330,台積電,25932615521,18852337072,72.69,7080278449,27.3,100,TWSE_MI_QFIIS_DAILY_FOREIGN_INVESTMENT,2026-08-21T09:59:05.591Z
2025-06-10,2454,聯發科,1601658002,935285821,58.39,666372181,41.6,100,TWSE_MI_QFIIS_DAILY_FOREIGN_INVESTMENT,2026-08-21T09:59:05.591Z
2025-06-11,0050,元大台灣50,3487500000,657894052,18.86,2829605948,81.13,100,TWSE_MI_QFIIS_DAILY_FOREIGN_INVESTMENT,2026-08-21T09:59:05.591Z
2025-06-11,2317,鴻海,13891701949,4562776758,32.84,9328925191,67.15,100,TWSE_MI_QFIIS_DAILY_FOREIGN_INVESTMENT,2026-08-21T09:59:05.591Z
2025-06-11,2330,台積電,25932615521,18865264844,72.74,7067350677,27.25,100,TWSE_MI_QFIIS_DAILY_FOREIGN_INVESTMENT,2026-08-21T09:59:05.591Z
2025-06-11,2454,聯發科,1601658002,937029630,58.5,664628372,41.49,100,TWSE_MI_QFIIS_DAILY_FOREIGN_INVESTMENT,2026-08-21T09:59:05.591Z
2025-06-12,0050,元大台灣50,3487500000,657894052,18.86,2829605948,81.13,100,TWSE_MI_QFIIS_DAILY_FOREIGN_INVESTMENT,2026-08-21T09:59:05.591Z
2025-06-12,2317,鴻海,13891701949,4570608947,32.9,9321093002,67.09,100,TWSE_MI_QFIIS_DAILY_FOREIGN_INVESTMENT,2026-08-21T09:59:05.591Z
2025-06-12,2330,台積電,25932615521,18866395507,72.75,7066220014,27.24,100,TWSE_MI_QFIIS_DAILY_FOREIGN_INVESTMENT,2026-08-21T09:59:05.591Z
2025-06-12,2454,聯發科,1601658002,938157113,58.57,663500889,41.42,100,TWSE_MI_QFIIS_DAILY_FOREIGN_INVESTMENT,2026-08-21T09:59:05.591Z
2025-06-13,0050,元大台灣50,3487500000,657894052,18.86,2829605948,81.13,100,TWSE_MI_QFIIS_DAILY_FOREIGN_INVESTMENT,2026-08-21T09:59:05.591Z
2025-06-13,2317,鴻海,13891701949,4572253982,32.91,9319447967,67.08,100,TWSE_MI_QFIIS_DAILY_FOREIGN_INVESTMENT,2026-08-21T09:59:05.591Z
2025-06-13,2330,台積電,25932615521,18868863055,72.76,7063752466,27.23,100,TWSE_MI_QFIIS_DAILY_FOREIGN_INVESTMENT,2026-08-21T09:59:05.591Z
2025-06-13,2454,聯發科,1601658002,934772044,58.36,666885958,41.63,100,TWSE_MI_QFIIS_DAILY_FOREIGN_INVESTMENT,2026-08-21T09:59:05.591Z
2025-06-16,0050,元大台灣50,3487500000,657894052,18.86,2829605948,81.13,100,TWSE_MI_QFIIS_DAILY_FOREIGN_INVESTMENT,2026-08-21T09:59:05.591Z
2025-06-16,2317,鴻海,13891701949,4573041561,32.91,9318660388,67.08,100,TWSE_MI_QFIIS_DAILY_FOREIGN_INVESTMENT,2026-08-21T09:59:05.591Z
2025-06-16,2330,台積電,25932615521,18867355776,72.75,7065259745,27.24,100,TWSE_MI_QFIIS_DAILY_FOREIGN_INVESTMENT,2026-08-21T09:59:05.591Z
2025-06-16,2454,聯發科,1601658002,934385817,58.33,667272185,41.66,100,TWSE_MI_QFIIS_DAILY_FOREIGN_INVESTMENT,2026-08-21T09:59:05.591Z
2025-06-17,0050,元大台灣50,13950000000,2737743716,19.62,11212256284,80.37,100,TWSE_MI_QFIIS_DAILY_FOREIGN_INVESTMENT,2026-08-21T09:59:05.591Z
2025-06-17,2317,鴻海,13891701949,4571475870,32.9,9320226079,67.09,100,TWSE_MI_QFIIS_DAILY_FOREIGN_INVESTMENT,2026-08-21T09:59:05.591Z
2025-06-17,2330,台積電,25932615521,18871258892,72.77,7061356629,27.22,100,TWSE_MI_QFIIS_DAILY_FOREIGN_INVESTMENT,2026-08-21T09:59:05.591Z
2025-06-17,2454,聯發科,1601658002,934214771,58.32,667443231,41.67,100,TWSE_MI_QFIIS_DAILY_FOREIGN_INVESTMENT,2026-08-21T09:59:05.591Z
2025-06-18,0050,元大台灣50,13455000000,2100167799,15.6,11354832201,84.39,100,TWSE_MI_QFIIS_DAILY_FOREIGN_INVESTMENT,2026-08-21T09:59:05.591Z
2025-06-18,2317,鴻海,13891701949,4582474239,32.98,9309227710,67.01,100,TWSE_MI_QFIIS_DAILY_FOREIGN_INVESTMENT,2026-08-21T09:59:05.591Z
2025-06-18,2330,台積電,25932615521,18893320986,72.85,7039294535,27.14,100,TWSE_MI_QFIIS_DAILY_FOREIGN_INVESTMENT,2026-08-21T09:59:05.591Z
2025-06-18,2454,聯發科,1601658002,936273007,58.45,665384995,41.54,100,TWSE_MI_QFIIS_DAILY_FOREIGN_INVESTMENT,2026-08-21T09:59:05.591Z
2025-06-19,0050,元大台灣50,13125500000,1983975596,15.11,11141524404,84.88,100,TWSE_MI_QFIIS_DAILY_FOREIGN_INVESTMENT,2026-08-21T09:59:05.591Z
2025-06-19,2317,鴻海,13891701949,4574751539,32.93,9316950410,67.06,100,TWSE_MI_QFIIS_DAILY_FOREIGN_INVESTMENT,2026-08-21T09:59:05.591Z
2025-06-19,2330,台積電,25932615521,18892488400,72.85,7040127121,27.14,100,TWSE_MI_QFIIS_DAILY_FOREIGN_INVESTMENT,2026-08-21T09:59:05.591Z
2025-06-19,2454,聯發科,1601658002,935450705,58.4,666207297,41.59,100,TWSE_MI_QFIIS_DAILY_FOREIGN_INVESTMENT,2026-08-21T09:59:05.591Z
2025-06-20,0050,元大台灣50,13301500000,1679478801,12.62,11622021199,87.37,100,TWSE_MI_QFIIS_DAILY_FOREIGN_INVESTMENT,2026-08-21T09:59:05.591Z
2025-06-20,2317,鴻海,13891701949,4562448533,32.84,9329253416,67.15,100,TWSE_MI_QFIIS_DAILY_FOREIGN_INVESTMENT,2026-08-21T09:59:05.591Z
2025-06-20,2330,台積電,25932615521,18902496352,72.89,7030119169,27.1,100,TWSE_MI_QFIIS_DAILY_FOREIGN_INVESTMENT,2026-08-21T09:59:05.591Z
2025-06-20,2454,聯發科,1601658002,935117519,58.38,666540483,41.61,100,TWSE_MI_QFIIS_DAILY_FOREIGN_INVESTMENT,2026-08-21T09:59:05.591Z
2025-06-23,0050,元大台灣50,13305500000,1749723515,13.15,11555776485,86.84,100,TWSE_MI_QFIIS_DAILY_FOREIGN_INVESTMENT,2026-08-21T09:59:05.591Z
2025-06-23,2317,鴻海,13891701949,4548283555,32.74,9343418394,67.25,100,TWSE_MI_QFIIS_DAILY_FOREIGN_INVESTMENT,2026-08-21T09:59:05.591Z
2025-06-23,2330,台積電,25932615521,18890840833,72.84,7041774688,27.15,100,TWSE_MI_QFIIS_DAILY_FOREIGN_INVESTMENT,2026-08-21T09:59:05.591Z
2025-06-23,2454,聯發科,1601658002,934422308,58.34,667235694,41.65,100,TWSE_MI_QFIIS_DAILY_FOREIGN_INVESTMENT,2026-08-21T09:59:05.591Z
2025-06-24,0050,元大台灣50,13321500000,1753532260,13.16,11567967740,86.83,100,TWSE_MI_QFIIS_DAILY_FOREIGN_INVESTMENT,2026-08-21T09:59:05.591Z
2025-06-24,2317,鴻海,13891701949,4552025401,32.76,9339676548,67.23,100,TWSE_MI_QFIIS_DAILY_FOREIGN_INVESTMENT,2026-08-21T09:59:05.591Z
2025-06-24,2330,台積電,25932615521,18902016593,72.88,7030598928,27.11,100,TWSE_MI_QFIIS_DAILY_FOREIGN_INVESTMENT,2026-08-21T09:59:05.591Z
2025-06-24,2454,聯發科,1601658002,933758743,58.29,667899259,41.7,100,TWSE_MI_QFIIS_DAILY_FOREIGN_INVESTMENT,2026-08-21T09:59:05.591Z
2025-06-25,0050,元大台灣50,13195000000,1665523619,12.62,11529476381,87.37,100,TWSE_MI_QFIIS_DAILY_FOREIGN_INVESTMENT,2026-08-21T09:59:05.591Z
2025-06-25,2317,鴻海,13891701949,4546289593,32.72,9345412356,67.27,100,TWSE_MI_QFIIS_DAILY_FOREIGN_INVESTMENT,2026-08-21T09:59:05.591Z
2025-06-25,2330,台積電,25932615521,18922492778,72.96,7010122743,27.03,100,TWSE_MI_QFIIS_DAILY_FOREIGN_INVESTMENT,2026-08-21T09:59:05.591Z
2025-06-25,2454,聯發科,1601658002,934667120,58.35,666990882,41.64,100,TWSE_MI_QFIIS_DAILY_FOREIGN_INVESTMENT,2026-08-21T09:59:05.591Z
2025-06-26,0050,元大台灣50,13185000000,1686577716,12.79,11498422284,87.2,100,TWSE_MI_QFIIS_DAILY_FOREIGN_INVESTMENT,2026-08-21T09:59:05.591Z
2025-06-26,2317,鴻海,13891701949,4534972038,32.64,9356729911,67.35,100,TWSE_MI_QFIIS_DAILY_FOREIGN_INVESTMENT,2026-08-21T09:59:05.591Z
2025-06-26,2330,台積電,25932615521,18941648691,73.04,6990966830,26.95,100,TWSE_MI_QFIIS_DAILY_FOREIGN_INVESTMENT,2026-08-21T09:59:05.591Z
2025-06-26,2454,聯發科,1601658002,933279224,58.26,668378778,41.73,100,TWSE_MI_QFIIS_DAILY_FOREIGN_INVESTMENT,2026-08-21T09:59:05.591Z
2025-06-27,0050,元大台灣50,13334500000,1728044467,12.95,11606455533,87.04,100,TWSE_MI_QFIIS_DAILY_FOREIGN_INVESTMENT,2026-08-21T09:59:05.591Z
2025-06-27,2317,鴻海,13891701949,4555773663,32.79,9335928286,67.2,100,TWSE_MI_QFIIS_DAILY_FOREIGN_INVESTMENT,2026-08-21T09:59:05.591Z
2025-06-27,2330,台積電,25932615521,18953841210,73.08,6978774311,26.91,100,TWSE_MI_QFIIS_DAILY_FOREIGN_INVESTMENT,2026-08-21T09:59:05.591Z
2025-06-27,2454,聯發科,1601658002,934331891,58.33,667326111,41.66,100,TWSE_MI_QFIIS_DAILY_FOREIGN_INVESTMENT,2026-08-21T09:59:05.591Z
2025-06-30,0050,元大台灣50,13334000000,1887256123,14.15,11446743877,85.84,100,TWSE_MI_QFIIS_DAILY_FOREIGN_INVESTMENT,2026-08-21T09:59:05.591Z
2025-06-30,2317,鴻海,13891701949,4529379113,32.6,9362322836,67.39,100,TWSE_MI_QFIIS_DAILY_FOREIGN_INVESTMENT,2026-08-21T09:59:05.591Z
2025-06-30,2330,台積電,25932615521,18949064362,73.07,6983551159,26.92,100,TWSE_MI_QFIIS_DAILY_FOREIGN_INVESTMENT,2026-08-21T09:59:05.591Z
2025-06-30,2454,聯發科,1601658002,932377486,58.21,669280516,41.78,100,TWSE_MI_QFIIS_DAILY_FOREIGN_INVESTMENT,2026-08-21T09:59:05.591Z
2025-07-01,0050,元大台灣50,13335000000,1879196666,14.09,11455803334,85.9,100,TWSE_MI_QFIIS_DAILY_FOREIGN_INVESTMENT,2026-08-21T09:59:05.591Z
2025-07-01,2317,鴻海,13891701949,4546682648,32.72,9345019301,67.27,100,TWSE_MI_QFIIS_DAILY_FOREIGN_INVESTMENT,2026-08-21T09:59:05.591Z
2025-07-01,2330,台積電,25932615521,18966206711,73.13,6966408810,26.86,100,TWSE_MI_QFIIS_DAILY_FOREIGN_INVESTMENT,2026-08-21T09:59:05.591Z
2025-07-01,2454,聯發科,1601658002,934473506,58.34,667184496,41.65,100,TWSE_MI_QFIIS_DAILY_FOREIGN_INVESTMENT,2026-08-21T09:59:05.591Z
2025-07-02,0050,元大台灣50,13340000000,1830218548,13.71,11509781452,86.28,100,TWSE_MI_QFIIS_DAILY_FOREIGN_INVESTMENT,2026-08-21T09:59:05.591Z
2025-07-02,2317,鴻海,13891701949,4537795216,32.66,9353906733,67.33,100,TWSE_MI_QFIIS_DAILY_FOREIGN_INVESTMENT,2026-08-21T09:59:05.591Z
2025-07-02,2330,台積電,25932615521,18967372279,73.14,6965243242,26.85,100,TWSE_MI_QFIIS_DAILY_FOREIGN_INVESTMENT,2026-08-21T09:59:05.591Z
2025-07-02,2454,聯發科,1601658002,935034389,58.37,666623613,41.62,100,TWSE_MI_QFIIS_DAILY_FOREIGN_INVESTMENT,2026-08-21T09:59:05.591Z
2025-07-03,0050,元大台灣50,13341000000,1826456429,13.69,11514543571,86.3,100,TWSE_MI_QFIIS_DAILY_FOREIGN_INVESTMENT,2026-08-21T09:59:05.591Z
2025-07-03,2317,鴻海,13891701949,4546102328,32.72,9345599621,67.27,100,TWSE_MI_QFIIS_DAILY_FOREIGN_INVESTMENT,2026-08-21T09:59:05.591Z
2025-07-03,2330,台積電,25932615521,18972168958,73.15,6960446563,26.84,100,TWSE_MI_QFIIS_DAILY_FOREIGN_INVESTMENT,2026-08-21T09:59:05.591Z
2025-07-03,2454,聯發科,1601658002,938492247,58.59,663165755,41.4,100,TWSE_MI_QFIIS_DAILY_FOREIGN_INVESTMENT,2026-08-21T09:59:05.591Z
2025-07-04,0050,元大台灣50,13191000000,1637779545,12.41,11553220455,87.58,100,TWSE_MI_QFIIS_DAILY_FOREIGN_INVESTMENT,2026-08-21T09:59:05.591Z
2025-07-04,2317,鴻海,13891701949,4556366145,32.79,9335335804,67.2,100,TWSE_MI_QFIIS_DAILY_FOREIGN_INVESTMENT,2026-08-21T09:59:05.591Z
2025-07-04,2330,台積電,25932615521,18977018935,73.17,6955596586,26.82,100,TWSE_MI_QFIIS_DAILY_FOREIGN_INVESTMENT,2026-08-21T09:59:05.591Z
2025-07-04,2454,聯發科,1601658002,942465430,58.84,659192572,41.15,100,TWSE_MI_QFIIS_DAILY_FOREIGN_INVESTMENT,2026-08-21T09:59:05.591Z
2025-07-07,0050,元大台灣50,13190000000,1590371086,12.05,11599628914,87.94,100,TWSE_MI_QFIIS_DAILY_FOREIGN_INVESTMENT,2026-08-21T09:59:05.591Z
2025-07-07,2317,鴻海,13891701949,4563686544,32.85,9328015405,67.14,100,TWSE_MI_QFIIS_DAILY_FOREIGN_INVESTMENT,2026-08-21T09:59:05.591Z
2025-07-07,2330,台積電,25932615521,18980987596,73.19,6951627925,26.8,100,TWSE_MI_QFIIS_DAILY_FOREIGN_INVESTMENT,2026-08-21T09:59:05.591Z
2025-07-07,2454,聯發科,1601658002,941534424,58.78,660123578,41.21,100,TWSE_MI_QFIIS_DAILY_FOREIGN_INVESTMENT,2026-08-21T09:59:05.591Z
2025-07-08,0050,元大台灣50,13250000000,1584417791,11.95,11665582209,88.04,100,TWSE_MI_QFIIS_DAILY_FOREIGN_INVESTMENT,2026-08-21T09:59:05.591Z
2025-07-08,2317,鴻海,13891701949,4564246542,32.85,9327455407,67.14,100,TWSE_MI_QFIIS_DAILY_FOREIGN_INVESTMENT,2026-08-21T09:59:05.591Z
2025-07-08,2330,台積電,25932615521,18980162468,73.19,6952453053,26.8,100,TWSE_MI_QFIIS_DAILY_FOREIGN_INVESTMENT,2026-08-21T09:59:05.591Z
2025-07-08,2454,聯發科,1601658002,942023599,58.81,659634403,41.18,100,TWSE_MI_QFIIS_DAILY_FOREIGN_INVESTMENT,2026-08-21T09:59:05.591Z
2025-07-09,0050,元大台灣50,13251000000,1644706706,12.41,11606293294,87.58,100,TWSE_MI_QFIIS_DAILY_FOREIGN_INVESTMENT,2026-08-21T09:59:05.591Z
2025-07-09,2317,鴻海,13891701949,4570791393,32.9,9320910556,67.09,100,TWSE_MI_QFIIS_DAILY_FOREIGN_INVESTMENT,2026-08-21T09:59:05.591Z
2025-07-09,2330,台積電,25932615521,18980167202,73.19,6952448319,26.8,100,TWSE_MI_QFIIS_DAILY_FOREIGN_INVESTMENT,2026-08-21T09:59:05.591Z
2025-07-09,2454,聯發科,1601658002,947232048,59.14,654425954,40.85,100,TWSE_MI_QFIIS_DAILY_FOREIGN_INVESTMENT,2026-08-21T09:59:05.591Z
2025-07-10,0050,元大台灣50,13251000000,1663586207,12.55,11587413793,87.44,100,TWSE_MI_QFIIS_DAILY_FOREIGN_INVESTMENT,2026-08-21T09:59:05.591Z
2025-07-10,2317,鴻海,13891701949,4580777254,32.97,9310924695,67.02,100,TWSE_MI_QFIIS_DAILY_FOREIGN_INVESTMENT,2026-08-21T09:59:05.591Z
2025-07-10,2330,台積電,25932615521,18986312011,73.21,6946303510,26.78,100,TWSE_MI_QFIIS_DAILY_FOREIGN_INVESTMENT,2026-08-21T09:59:05.591Z
2025-07-10,2454,聯發科,1601658002,948923248,59.24,652734754,40.75,100,TWSE_MI_QFIIS_DAILY_FOREIGN_INVESTMENT,2026-08-21T09:59:05.591Z
2025-07-11,0050,元大台灣50,13251000000,1664554209,12.56,11586445791,87.43,100,TWSE_MI_QFIIS_DAILY_FOREIGN_INVESTMENT,2026-08-21T09:59:05.591Z
2025-07-11,2317,鴻海,13891701949,4585079712,33,9306622237,66.99,100,TWSE_MI_QFIIS_DAILY_FOREIGN_INVESTMENT,2026-08-21T09:59:05.591Z
2025-07-11,2330,台積電,25932615521,18990578371,73.23,6942037150,26.76,100,TWSE_MI_QFIIS_DAILY_FOREIGN_INVESTMENT,2026-08-21T09:59:05.591Z
2025-07-11,2454,聯發科,1601658002,949046551,59.25,652611451,40.74,100,TWSE_MI_QFIIS_DAILY_FOREIGN_INVESTMENT,2026-08-21T09:59:05.591Z
2025-07-14,0050,元大台灣50,13251000000,1629827777,12.29,11621172223,87.7,100,TWSE_MI_QFIIS_DAILY_FOREIGN_INVESTMENT,2026-08-21T09:59:05.591Z
2025-07-14,2317,鴻海,13891701949,4583853053,32.99,9307848896,67,100,TWSE_MI_QFIIS_DAILY_FOREIGN_INVESTMENT,2026-08-21T09:59:05.591Z
2025-07-14,2330,台積電,25932615521,18991744578,73.23,6940870943,26.76,100,TWSE_MI_QFIIS_DAILY_FOREIGN_INVESTMENT,2026-08-21T09:59:05.591Z
2025-07-14,2454,聯發科,1601658002,948787274,59.23,652870728,40.76,100,TWSE_MI_QFIIS_DAILY_FOREIGN_INVESTMENT,2026-08-21T09:59:05.591Z
2025-07-15,0050,元大台灣50,13233500000,1613001161,12.18,11620498839,87.81,100,TWSE_MI_QFIIS_DAILY_FOREIGN_INVESTMENT,2026-08-21T09:59:05.591Z
2025-07-15,2317,鴻海,13891701949,4591175177,33.04,9300526772,66.95,100,TWSE_MI_QFIIS_DAILY_FOREIGN_INVESTMENT,2026-08-21T09:59:05.591Z
2025-07-15,2330,台積電,25932615521,19002138050,73.27,6930477471,26.72,100,TWSE_MI_QFIIS_DAILY_FOREIGN_INVESTMENT,2026-08-21T09:59:05.591Z
2025-07-15,2454,聯發科,1601658002,948232094,59.2,653425908,40.79,100,TWSE_MI_QFIIS_DAILY_FOREIGN_INVESTMENT,2026-08-21T09:59:05.591Z
2025-07-16,0050,元大台灣50,13235000000,1587386123,11.99,11647613877,88,100,TWSE_MI_QFIIS_DAILY_FOREIGN_INVESTMENT,2026-08-21T09:59:05.591Z
2025-07-16,2317,鴻海,13891701949,4589397318,33.03,9302304631,66.96,100,TWSE_MI_QFIIS_DAILY_FOREIGN_INVESTMENT,2026-08-21T09:59:05.591Z
2025-07-16,2330,台積電,25932615521,19013484439,73.31,6919131082,26.68,100,TWSE_MI_QFIIS_DAILY_FOREIGN_INVESTMENT,2026-08-21T09:59:05.591Z
2025-07-16,2454,聯發科,1601658002,948701820,59.23,652956182,40.76,100,TWSE_MI_QFIIS_DAILY_FOREIGN_INVESTMENT,2026-08-21T09:59:05.591Z
2025-07-17,0050,元大台灣50,13234500000,1537032882,11.61,11697467118,88.38,100,TWSE_MI_QFIIS_DAILY_FOREIGN_INVESTMENT,2026-08-21T09:59:05.591Z
2025-07-17,2317,鴻海,13891701949,4594384140,33.07,9297317809,66.92,100,TWSE_MI_QFIIS_DAILY_FOREIGN_INVESTMENT,2026-08-21T09:59:05.591Z
2025-07-17,2330,台積電,25932615521,19010665100,73.3,6921950421,26.69,100,TWSE_MI_QFIIS_DAILY_FOREIGN_INVESTMENT,2026-08-21T09:59:05.591Z
2025-07-17,2454,聯發科,1601658002,947627752,59.16,654030250,40.83,100,TWSE_MI_QFIIS_DAILY_FOREIGN_INVESTMENT,2026-08-21T09:59:05.591Z
2025-07-18,0050,元大台灣50,12996000000,1279632044,9.84,11716367956,90.15,100,TWSE_MI_QFIIS_DAILY_FOREIGN_INVESTMENT,2026-08-21T09:59:05.591Z
2025-07-18,2317,鴻海,13891701949,4603181641,33.13,9288520308,66.86,100,TWSE_MI_QFIIS_DAILY_FOREIGN_INVESTMENT,2026-08-21T09:59:05.591Z
2025-07-18,2330,台積電,25932615521,19036314203,73.4,6896301318,26.59,100,TWSE_MI_QFIIS_DAILY_FOREIGN_INVESTMENT,2026-08-21T09:59:05.591Z
2025-07-18,2454,聯發科,1601658002,950229611,59.32,651428391,40.67,100,TWSE_MI_QFIIS_DAILY_FOREIGN_INVESTMENT,2026-08-21T09:59:05.591Z
2025-07-21,0050,元大台灣50,12998500000,1257751722,9.67,11740748278,90.32,100,TWSE_MI_QFIIS_DAILY_FOREIGN_INVESTMENT,2026-08-21T09:59:05.591Z
2025-07-21,2317,鴻海,13891701949,4600319742,33.11,9291382207,66.88,100,TWSE_MI_QFIIS_DAILY_FOREIGN_INVESTMENT,2026-08-21T09:59:05.591Z
2025-07-21,2330,台積電,25932615521,19038828166,73.41,6893787355,26.58,100,TWSE_MI_QFIIS_DAILY_FOREIGN_INVESTMENT,2026-08-21T09:59:05.591Z
2025-07-21,2454,聯發科,1601658002,950160803,59.32,651497199,40.67,100,TWSE_MI_QFIIS_DAILY_FOREIGN_INVESTMENT,2026-08-21T09:59:05.591Z
2025-07-22,0050,元大台灣50,12996000000,1245101947,9.58,11750898053,90.41,100,TWSE_MI_QFIIS_DAILY_FOREIGN_INVESTMENT,2026-08-21T09:59:05.591Z
2025-07-22,2317,鴻海,13891701949,4604760183,33.14,9286941766,66.85,100,TWSE_MI_QFIIS_DAILY_FOREIGN_INVESTMENT,2026-08-21T09:59:05.591Z
2025-07-22,2330,台積電,25932615521,19043235985,73.43,6889379536,26.56,100,TWSE_MI_QFIIS_DAILY_FOREIGN_INVESTMENT,2026-08-21T09:59:05.591Z
2025-07-22,2454,聯發科,1601658002,952654483,59.47,649003519,40.52,100,TWSE_MI_QFIIS_DAILY_FOREIGN_INVESTMENT,2026-08-21T09:59:05.591Z
2025-07-23,0050,元大台灣50,13034000000,1267286832,9.72,11766713168,90.27,100,TWSE_MI_QFIIS_DAILY_FOREIGN_INVESTMENT,2026-08-21T09:59:05.591Z
2025-07-23,2317,鴻海,13891701949,4624311730,33.28,9267390219,66.71,100,TWSE_MI_QFIIS_DAILY_FOREIGN_INVESTMENT,2026-08-21T09:59:05.591Z
2025-07-23,2330,台積電,25932615521,19042676798,73.43,6889938723,26.56,100,TWSE_MI_QFIIS_DAILY_FOREIGN_INVESTMENT,2026-08-21T09:59:05.591Z
2025-07-23,2454,聯發科,1601658002,952239932,59.45,649418070,40.54,100,TWSE_MI_QFIIS_DAILY_FOREIGN_INVESTMENT,2026-08-21T09:59:05.591Z
2025-07-24,0050,元大台灣50,13034000000,1323125695,10.15,11710874305,89.84,100,TWSE_MI_QFIIS_DAILY_FOREIGN_INVESTMENT,2026-08-21T09:59:05.591Z
2025-07-24,2317,鴻海,13891701949,4683297618,33.71,9208404331,66.28,100,TWSE_MI_QFIIS_DAILY_FOREIGN_INVESTMENT,2026-08-21T09:59:05.591Z
2025-07-24,2330,台積電,25932615521,19042880845,73.43,6889734676,26.56,100,TWSE_MI_QFIIS_DAILY_FOREIGN_INVESTMENT,2026-08-21T09:59:05.591Z
2025-07-24,2454,聯發科,1601658002,952791465,59.48,648866537,40.51,100,TWSE_MI_QFIIS_DAILY_FOREIGN_INVESTMENT,2026-08-21T09:59:05.591Z
2025-07-25,0050,元大台灣50,13033000000,1327361825,10.18,11705638175,89.81,100,TWSE_MI_QFIIS_DAILY_FOREIGN_INVESTMENT,2026-08-21T09:59:05.591Z
2025-07-25,2317,鴻海,13891701949,4686210266,33.73,9205491683,66.26,100,TWSE_MI_QFIIS_DAILY_FOREIGN_INVESTMENT,2026-08-21T09:59:05.591Z
2025-07-25,2330,台積電,25932615521,19047806175,73.45,6884809346,26.54,100,TWSE_MI_QFIIS_DAILY_FOREIGN_INVESTMENT,2026-08-21T09:59:05.591Z
2025-07-25,2454,聯發科,1601658002,954581903,59.59,647076099,40.4,100,TWSE_MI_QFIIS_DAILY_FOREIGN_INVESTMENT,2026-08-21T09:59:05.591Z
2025-07-28,0050,元大台灣50,13033000000,1331379937,10.21,11701620063,89.78,100,TWSE_MI_QFIIS_DAILY_FOREIGN_INVESTMENT,2026-08-21T09:59:05.591Z
2025-07-28,2317,鴻海,13891701949,4693431405,33.78,9198270544,66.21,100,TWSE_MI_QFIIS_DAILY_FOREIGN_INVESTMENT,2026-08-21T09:59:05.591Z
2025-07-28,2330,台積電,25932615521,19050236341,73.46,6882379180,26.53,100,TWSE_MI_QFIIS_DAILY_FOREIGN_INVESTMENT,2026-08-21T09:59:05.591Z
2025-07-28,2454,聯發科,1601658002,953994774,59.56,647663228,40.43,100,TWSE_MI_QFIIS_DAILY_FOREIGN_INVESTMENT,2026-08-21T09:59:05.591Z
2025-07-29,0050,元大台灣50,13004500000,1277686607,9.82,11726813393,90.17,100,TWSE_MI_QFIIS_DAILY_FOREIGN_INVESTMENT,2026-08-21T09:59:05.591Z
2025-07-29,2317,鴻海,13891701949,4689900150,33.76,9201801799,66.23,100,TWSE_MI_QFIIS_DAILY_FOREIGN_INVESTMENT,2026-08-21T09:59:05.591Z
2025-07-29,2330,台積電,25932615521,19051356987,73.46,6881258534,26.53,100,TWSE_MI_QFIIS_DAILY_FOREIGN_INVESTMENT,2026-08-21T09:59:05.591Z
2025-07-29,2454,聯發科,1601658002,952624536,59.47,649033466,40.52,100,TWSE_MI_QFIIS_DAILY_FOREIGN_INVESTMENT,2026-08-21T09:59:05.591Z
2025-07-30,0050,元大台灣50,13009500000,1297391582,9.97,11712108418,90.02,100,TWSE_MI_QFIIS_DAILY_FOREIGN_INVESTMENT,2026-08-21T09:59:05.591Z
2025-07-30,2317,鴻海,13891701949,4690172150,33.76,9201529799,66.23,100,TWSE_MI_QFIIS_DAILY_FOREIGN_INVESTMENT,2026-08-21T09:59:05.591Z
2025-07-30,2330,台積電,25932615521,19064189113,73.51,6868426408,26.48,100,TWSE_MI_QFIIS_DAILY_FOREIGN_INVESTMENT,2026-08-21T09:59:05.591Z
2025-07-30,2454,聯發科,1601658002,952890540,59.49,648767462,40.5,100,TWSE_MI_QFIIS_DAILY_FOREIGN_INVESTMENT,2026-08-21T09:59:05.591Z
2025-07-31,0050,元大台灣50,12994500000,1310509487,10.08,11683990513,89.91,100,TWSE_MI_QFIIS_DAILY_FOREIGN_INVESTMENT,2026-08-21T09:59:05.591Z
2025-07-31,2317,鴻海,13891701949,4717899403,33.96,9173802546,66.03,100,TWSE_MI_QFIIS_DAILY_FOREIGN_INVESTMENT,2026-08-21T09:59:05.591Z
2025-07-31,2330,台積電,25932615521,19072940848,73.54,6859674673,26.45,100,TWSE_MI_QFIIS_DAILY_FOREIGN_INVESTMENT,2026-08-21T09:59:05.591Z
2025-07-31,2454,聯發科,1601658002,951693100,59.41,649964902,40.58,100,TWSE_MI_QFIIS_DAILY_FOREIGN_INVESTMENT,2026-08-21T09:59:05.591Z
2025-08-01,0050,元大台灣50,12994500000,1259340851,9.69,11735159149,90.3,100,TWSE_MI_QFIIS_DAILY_FOREIGN_INVESTMENT,2026-08-21T09:59:05.591Z
2025-08-01,2317,鴻海,13891701949,4727800065,34.03,9163901884,65.96,100,TWSE_MI_QFIIS_DAILY_FOREIGN_INVESTMENT,2026-08-21T09:59:05.591Z
2025-08-01,2330,台積電,25932615521,19069148596,73.53,6863466925,26.46,100,TWSE_MI_QFIIS_DAILY_FOREIGN_INVESTMENT,2026-08-21T09:59:05.591Z
2025-08-01,2454,聯發科,1601658002,949550286,59.28,652107716,40.71,100,TWSE_MI_QFIIS_DAILY_FOREIGN_INVESTMENT,2026-08-21T09:59:05.591Z
2025-08-04,0050,元大台灣50,12999500000,1280672527,9.85,11718827473,90.14,100,TWSE_MI_QFIIS_DAILY_FOREIGN_INVESTMENT,2026-08-21T09:59:05.591Z
2025-08-04,2317,鴻海,13891701949,4723201727,34,9168500222,65.99,100,TWSE_MI_QFIIS_DAILY_FOREIGN_INVESTMENT,2026-08-21T09:59:05.591Z
2025-08-04,2330,台積電,25932615521,19076535541,73.56,6856079980,26.43,100,TWSE_MI_QFIIS_DAILY_FOREIGN_INVESTMENT,2026-08-21T09:59:05.591Z
2025-08-04,2454,聯發科,1601658002,948545360,59.22,653112642,40.77,100,TWSE_MI_QFIIS_DAILY_FOREIGN_INVESTMENT,2026-08-21T09:59:05.591Z
2025-08-05,0050,元大台灣50,13019500000,1286827692,9.88,11732672308,90.11,100,TWSE_MI_QFIIS_DAILY_FOREIGN_INVESTMENT,2026-08-21T09:59:05.591Z
2025-08-05,2317,鴻海,13891701949,4739283688,34.11,9152418261,65.88,100,TWSE_MI_QFIIS_DAILY_FOREIGN_INVESTMENT,2026-08-21T09:59:05.591Z
2025-08-05,2330,台積電,25932615521,19078125683,73.56,6854489838,26.43,100,TWSE_MI_QFIIS_DAILY_FOREIGN_INVESTMENT,2026-08-21T09:59:05.591Z
2025-08-05,2454,聯發科,1601658002,947215680,59.13,654442322,40.86,100,TWSE_MI_QFIIS_DAILY_FOREIGN_INVESTMENT,2026-08-21T09:59:05.591Z
2025-08-06,0050,元大台灣50,13019500000,1282751043,9.85,11736748957,90.14,100,TWSE_MI_QFIIS_DAILY_FOREIGN_INVESTMENT,2026-08-21T09:59:05.591Z
2025-08-06,2317,鴻海,13891701949,4750196378,34.19,9141505571,65.8,100,TWSE_MI_QFIIS_DAILY_FOREIGN_INVESTMENT,2026-08-21T09:59:05.591Z
2025-08-06,2330,台積電,25932615521,19072440698,73.54,6860174823,26.45,100,TWSE_MI_QFIIS_DAILY_FOREIGN_INVESTMENT,2026-08-21T09:59:05.591Z
2025-08-06,2454,聯發科,1601658002,946988589,59.12,654669413,40.87,100,TWSE_MI_QFIIS_DAILY_FOREIGN_INVESTMENT,2026-08-21T09:59:05.591Z
2025-08-07,0050,元大台灣50,13019500000,1346766100,10.34,11672733900,89.65,100,TWSE_MI_QFIIS_DAILY_FOREIGN_INVESTMENT,2026-08-21T09:59:05.591Z
2025-08-07,2317,鴻海,13891701949,4793569252,34.5,9098132697,65.49,100,TWSE_MI_QFIIS_DAILY_FOREIGN_INVESTMENT,2026-08-21T09:59:05.591Z
2025-08-07,2330,台積電,25932615521,19095590999,73.63,6837024522,26.36,100,TWSE_MI_QFIIS_DAILY_FOREIGN_INVESTMENT,2026-08-21T09:59:05.591Z
2025-08-07,2454,聯發科,1601658002,948006998,59.18,653651004,40.81,100,TWSE_MI_QFIIS_DAILY_FOREIGN_INVESTMENT,2026-08-21T09:59:05.591Z
2025-08-08,0050,元大台灣50,12979500000,1312951830,10.11,11666548170,89.88,100,TWSE_MI_QFIIS_DAILY_FOREIGN_INVESTMENT,2026-08-21T09:59:05.591Z
2025-08-08,2317,鴻海,13891701949,4796326487,34.52,9095375462,65.47,100,TWSE_MI_QFIIS_DAILY_FOREIGN_INVESTMENT,2026-08-21T09:59:05.591Z
2025-08-08,2330,台積電,25932615521,19093247374,73.62,6839368147,26.37,100,TWSE_MI_QFIIS_DAILY_FOREIGN_INVESTMENT,2026-08-21T09:59:05.591Z
2025-08-08,2454,聯發科,1601658002,946851493,59.11,654806509,40.88,100,TWSE_MI_QFIIS_DAILY_FOREIGN_INVESTMENT,2026-08-21T09:59:05.591Z
2025-08-11,0050,元大台灣50,12947000000,1288946163,9.95,11658053837,90.04,100,TWSE_MI_QFIIS_DAILY_FOREIGN_INVESTMENT,2026-08-21T09:59:05.591Z
2025-08-11,2317,鴻海,13891701949,4814750965,34.65,9076950984,65.34,100,TWSE_MI_QFIIS_DAILY_FOREIGN_INVESTMENT,2026-08-21T09:59:05.591Z
2025-08-11,2330,台積電,25932615521,19091977117,73.62,6840638404,26.37,100,TWSE_MI_QFIIS_DAILY_FOREIGN_INVESTMENT,2026-08-21T09:59:05.591Z
2025-08-11,2454,聯發科,1601658002,946869382,59.11,654788620,40.88,100,TWSE_MI_QFIIS_DAILY_FOREIGN_INVESTMENT,2026-08-21T09:59:05.591Z
2025-08-12,0050,元大台灣50,12946000000,1294175765,9.99,11651824235,90,100,TWSE_MI_QFIIS_DAILY_FOREIGN_INVESTMENT,2026-08-21T09:59:05.591Z
2025-08-12,2317,鴻海,13891701949,4815046529,34.66,9076655420,65.33,100,TWSE_MI_QFIIS_DAILY_FOREIGN_INVESTMENT,2026-08-21T09:59:05.591Z
2025-08-12,2330,台積電,25932615521,19090512914,73.61,6842102607,26.38,100,TWSE_MI_QFIIS_DAILY_FOREIGN_INVESTMENT,2026-08-21T09:59:05.591Z
2025-08-12,2454,聯發科,1601658002,946660790,59.1,654997212,40.89,100,TWSE_MI_QFIIS_DAILY_FOREIGN_INVESTMENT,2026-08-21T09:59:05.591Z
2025-08-13,0050,元大台灣50,12946000000,1305513680,10.08,11640486320,89.91,100,TWSE_MI_QFIIS_DAILY_FOREIGN_INVESTMENT,2026-08-21T09:59:05.591Z
2025-08-13,2317,鴻海,13891701949,4853386350,34.93,9038315599,65.06,100,TWSE_MI_QFIIS_DAILY_FOREIGN_INVESTMENT,2026-08-21T09:59:05.591Z
2025-08-13,2330,台積電,25932615521,19094802380,73.63,6837813141,26.36,100,TWSE_MI_QFIIS_DAILY_FOREIGN_INVESTMENT,2026-08-21T09:59:05.591Z
2025-08-13,2454,聯發科,1601648418,946529737,59.09,655118681,40.9,100,TWSE_MI_QFIIS_DAILY_FOREIGN_INVESTMENT,2026-08-21T09:59:05.591Z
2025-08-14,0050,元大台灣50,12946000000,1279949367,9.88,11666050633,90.11,100,TWSE_MI_QFIIS_DAILY_FOREIGN_INVESTMENT,2026-08-21T09:59:05.591Z
2025-08-14,2317,鴻海,13891701949,4882409515,35.14,9009292434,64.85,100,TWSE_MI_QFIIS_DAILY_FOREIGN_INVESTMENT,2026-08-21T09:59:05.591Z
2025-08-14,2330,台積電,25932615521,19084463466,73.59,6848152055,26.4,100,TWSE_MI_QFIIS_DAILY_FOREIGN_INVESTMENT,2026-08-21T09:59:05.591Z
2025-08-14,2454,聯發科,1601648418,947168804,59.13,654479614,40.86,100,TWSE_MI_QFIIS_DAILY_FOREIGN_INVESTMENT,2026-08-21T09:59:05.591Z
2025-08-15,0050,元大台灣50,12946000000,1255533850,9.69,11690466150,90.3,100,TWSE_MI_QFIIS_DAILY_FOREIGN_INVESTMENT,2026-08-21T09:59:05.591Z
2025-08-15,2317,鴻海,13891701949,4958175443,35.69,8933526506,64.3,100,TWSE_MI_QFIIS_DAILY_FOREIGN_INVESTMENT,2026-08-21T09:59:05.591Z
2025-08-15,2330,台積電,25932615521,19083145279,73.58,6849470242,26.41,100,TWSE_MI_QFIIS_DAILY_FOREIGN_INVESTMENT,2026-08-21T09:59:05.591Z
2025-08-15,2454,聯發科,1601648418,946479774,59.09,655168644,40.9,100,TWSE_MI_QFIIS_DAILY_FOREIGN_INVESTMENT,2026-08-21T09:59:05.591Z
2025-08-18,0050,元大台灣50,12946000000,1245855704,9.62,11700144296,90.37,100,TWSE_MI_QFIIS_DAILY_FOREIGN_INVESTMENT,2026-08-21T09:59:05.591Z
2025-08-18,2317,鴻海,13891701949,4983553570,35.87,8908148379,64.12,100,TWSE_MI_QFIIS_DAILY_FOREIGN_INVESTMENT,2026-08-21T09:59:05.591Z
2025-08-18,2330,台積電,25932615521,19083597171,73.58,6849018350,26.41,100,TWSE_MI_QFIIS_DAILY_FOREIGN_INVESTMENT,2026-08-21T09:59:05.591Z
2025-08-18,2454,聯發科,1601648418,948935848,59.24,652712570,40.75,100,TWSE_MI_QFIIS_DAILY_FOREIGN_INVESTMENT,2026-08-21T09:59:05.591Z
2025-08-19,0050,元大台灣50,12946000000,1240670533,9.58,11705329467,90.41,100,TWSE_MI_QFIIS_DAILY_FOREIGN_INVESTMENT,2026-08-21T09:59:05.591Z
2025-08-19,2317,鴻海,13891701949,4987814347,35.9,8903887602,64.09,100,TWSE_MI_QFIIS_DAILY_FOREIGN_INVESTMENT,2026-08-21T09:59:05.591Z
2025-08-19,2330,台積電,25932615521,19086295241,73.59,6846320280,26.4,100,TWSE_MI_QFIIS_DAILY_FOREIGN_INVESTMENT,2026-08-21T09:59:05.591Z
2025-08-19,2454,聯發科,1601648418,948849659,59.24,652798759,40.75,100,TWSE_MI_QFIIS_DAILY_FOREIGN_INVESTMENT,2026-08-21T09:59:05.591Z
2025-08-20,0050,元大台灣50,12960000000,1124060796,8.67,11835939204,91.32,100,TWSE_MI_QFIIS_DAILY_FOREIGN_INVESTMENT,2026-08-21T09:59:05.591Z
2025-08-20,2317,鴻海,13891701949,5006493264,36.03,8885208685,63.96,100,TWSE_MI_QFIIS_DAILY_FOREIGN_INVESTMENT,2026-08-21T09:59:05.591Z
2025-08-20,2330,台積電,25932615521,19054452296,73.47,6878163225,26.52,100,TWSE_MI_QFIIS_DAILY_FOREIGN_INVESTMENT,2026-08-21T09:59:05.591Z
2025-08-20,2454,聯發科,1601648418,947601996,59.16,654046422,40.83,100,TWSE_MI_QFIIS_DAILY_FOREIGN_INVESTMENT,2026-08-21T09:59:05.591Z
2025-08-21,0050,元大台灣50,13072500000,1120596444,8.57,11951903556,91.42,100,TWSE_MI_QFIIS_DAILY_FOREIGN_INVESTMENT,2026-08-21T09:59:05.591Z
2025-08-21,2317,鴻海,13891701949,5024734616,36.17,8866967333,63.82,100,TWSE_MI_QFIIS_DAILY_FOREIGN_INVESTMENT,2026-08-21T09:59:05.591Z
2025-08-21,2330,台積電,25932615521,19048772858,73.45,6883842663,26.54,100,TWSE_MI_QFIIS_DAILY_FOREIGN_INVESTMENT,2026-08-21T09:59:05.591Z
2025-08-21,2454,聯發科,1601648418,947747339,59.17,653901079,40.82,100,TWSE_MI_QFIIS_DAILY_FOREIGN_INVESTMENT,2026-08-21T09:59:05.591Z
2025-08-22,0050,元大台灣50,13074500000,1161418926,8.88,11913081074,91.11,100,TWSE_MI_QFIIS_DAILY_FOREIGN_INVESTMENT,2026-08-21T09:59:05.591Z
2025-08-22,2317,鴻海,13891701949,5031128935,36.21,8860573014,63.78,100,TWSE_MI_QFIIS_DAILY_FOREIGN_INVESTMENT,2026-08-21T09:59:05.591Z
2025-08-22,2330,台積電,25932615521,19043096095,73.43,6889519426,26.56,100,TWSE_MI_QFIIS_DAILY_FOREIGN_INVESTMENT,2026-08-21T09:59:05.591Z
2025-08-22,2454,聯發科,1601648418,947787023,59.17,653861395,40.82,100,TWSE_MI_QFIIS_DAILY_FOREIGN_INVESTMENT,2026-08-21T09:59:05.591Z
2025-08-25,0050,元大台灣50,12885500000,972903625,7.55,11912596375,92.44,100,TWSE_MI_QFIIS_DAILY_FOREIGN_INVESTMENT,2026-08-21T09:59:05.591Z
2025-08-25,2317,鴻海,13891701949,5051426894,36.36,8840275055,63.63,100,TWSE_MI_QFIIS_DAILY_FOREIGN_INVESTMENT,2026-08-21T09:59:05.591Z
2025-08-25,2330,台積電,25932615521,19051667013,73.46,6880948508,26.53,100,TWSE_MI_QFIIS_DAILY_FOREIGN_INVESTMENT,2026-08-21T09:59:05.591Z
2025-08-25,2454,聯發科,1601648418,950144725,59.32,651503693,40.67,100,TWSE_MI_QFIIS_DAILY_FOREIGN_INVESTMENT,2026-08-21T09:59:05.591Z
2025-08-26,0050,元大台灣50,12836500000,914786586,7.12,11921713414,92.87,100,TWSE_MI_QFIIS_DAILY_FOREIGN_INVESTMENT,2026-08-21T09:59:05.591Z
2025-08-26,2317,鴻海,13891701949,5059021616,36.41,8832680333,63.58,100,TWSE_MI_QFIIS_DAILY_FOREIGN_INVESTMENT,2026-08-21T09:59:05.591Z
2025-08-26,2330,台積電,25932615521,19048166134,73.45,6884449387,26.54,100,TWSE_MI_QFIIS_DAILY_FOREIGN_INVESTMENT,2026-08-21T09:59:05.591Z
2025-08-26,2454,聯發科,1601648418,949150497,59.26,652497921,40.73,100,TWSE_MI_QFIIS_DAILY_FOREIGN_INVESTMENT,2026-08-21T09:59:05.591Z
2025-08-27,0050,元大台灣50,12833500000,905357458,7.05,11928142542,92.94,100,TWSE_MI_QFIIS_DAILY_FOREIGN_INVESTMENT,2026-08-21T09:59:05.591Z
2025-08-27,2317,鴻海,13891701949,5054196541,36.38,8837505408,63.61,100,TWSE_MI_QFIIS_DAILY_FOREIGN_INVESTMENT,2026-08-21T09:59:05.591Z
2025-08-27,2330,台積電,25932615521,19051836015,73.46,6880779506,26.53,100,TWSE_MI_QFIIS_DAILY_FOREIGN_INVESTMENT,2026-08-21T09:59:05.591Z
2025-08-27,2454,聯發科,1601648418,949516545,59.28,652131873,40.71,100,TWSE_MI_QFIIS_DAILY_FOREIGN_INVESTMENT,2026-08-21T09:59:05.591Z
2025-08-28,0050,元大台灣50,12704500000,764379143,6.01,11940120857,93.98,100,TWSE_MI_QFIIS_DAILY_FOREIGN_INVESTMENT,2026-08-21T09:59:05.591Z
2025-08-28,2317,鴻海,13891701949,5069445201,36.49,8822256748,63.5,100,TWSE_MI_QFIIS_DAILY_FOREIGN_INVESTMENT,2026-08-21T09:59:05.591Z
2025-08-28,2330,台積電,25932615521,19054058246,73.47,6878557275,26.52,100,TWSE_MI_QFIIS_DAILY_FOREIGN_INVESTMENT,2026-08-21T09:59:05.591Z
2025-08-28,2454,聯發科,1601648418,949839802,59.3,651808616,40.69,100,TWSE_MI_QFIIS_DAILY_FOREIGN_INVESTMENT,2026-08-21T09:59:05.591Z
2025-08-29,0050,元大台灣50,12639500000,702151400,5.55,11937348600,94.44,100,TWSE_MI_QFIIS_DAILY_FOREIGN_INVESTMENT,2026-08-21T09:59:05.591Z
2025-08-29,2317,鴻海,13891701949,5077864856,36.55,8813837093,63.44,100,TWSE_MI_QFIIS_DAILY_FOREIGN_INVESTMENT,2026-08-21T09:59:05.591Z
2025-08-29,2330,台積電,25932615521,19056172553,73.48,6876442968,26.51,100,TWSE_MI_QFIIS_DAILY_FOREIGN_INVESTMENT,2026-08-21T09:59:05.591Z
2025-08-29,2454,聯發科,1601648418,948888122,59.24,652760296,40.75,100,TWSE_MI_QFIIS_DAILY_FOREIGN_INVESTMENT,2026-08-21T09:59:05.591Z
2025-09-01,0050,元大台灣50,12609500000,643356316,5.1,11966143684,94.89,100,TWSE_MI_QFIIS_DAILY_FOREIGN_INVESTMENT,2026-08-21T09:59:05.591Z
2025-09-01,2317,鴻海,13891701949,5090450490,36.64,8801251459,63.35,100,TWSE_MI_QFIIS_DAILY_FOREIGN_INVESTMENT,2026-08-21T09:59:05.591Z
2025-09-01,2330,台積電,25932615521,19059382676,73.49,6873232845,26.5,100,TWSE_MI_QFIIS_DAILY_FOREIGN_INVESTMENT,2026-08-21T09:59:05.591Z
2025-09-01,2454,聯發科,1601648418,948725105,59.23,652923313,40.76,100,TWSE_MI_QFIIS_DAILY_FOREIGN_INVESTMENT,2026-08-21T09:59:05.591Z
2025-09-02,0050,元大台灣50,12610500000,638511400,5.06,11971988600,94.93,100,TWSE_MI_QFIIS_DAILY_FOREIGN_INVESTMENT,2026-08-21T09:59:05.591Z
2025-09-02,2317,鴻海,13891701949,5095210271,36.67,8796491678,63.32,100,TWSE_MI_QFIIS_DAILY_FOREIGN_INVESTMENT,2026-08-21T09:59:05.591Z
2025-09-02,2330,台積電,25932615521,19060285370,73.49,6872330151,26.5,100,TWSE_MI_QFIIS_DAILY_FOREIGN_INVESTMENT,2026-08-21T09:59:05.591Z
2025-09-02,2454,聯發科,1601648418,949189723,59.26,652458695,40.73,100,TWSE_MI_QFIIS_DAILY_FOREIGN_INVESTMENT,2026-08-21T09:59:05.591Z
2025-09-03,0050,元大台灣50,12615500000,633271436,5.01,11982228564,94.98,100,TWSE_MI_QFIIS_DAILY_FOREIGN_INVESTMENT,2026-08-21T09:59:05.591Z
2025-09-03,2317,鴻海,13891701949,5095978326,36.68,8795723623,63.31,100,TWSE_MI_QFIIS_DAILY_FOREIGN_INVESTMENT,2026-08-21T09:59:05.591Z
2025-09-03,2330,台積電,25932615521,19061425210,73.5,6871190311,26.49,100,TWSE_MI_QFIIS_DAILY_FOREIGN_INVESTMENT,2026-08-21T09:59:05.591Z
2025-09-03,2454,聯發科,1601648418,950534695,59.34,651113723,40.65,100,TWSE_MI_QFIIS_DAILY_FOREIGN_INVESTMENT,2026-08-21T09:59:05.591Z
2025-09-04,0050,元大台灣50,12616500000,642410824,5.09,11974089176,94.9,100,TWSE_MI_QFIIS_DAILY_FOREIGN_INVESTMENT,2026-08-21T09:59:05.591Z
2025-09-04,2317,鴻海,13891701949,5104416470,36.74,8787285479,63.25,100,TWSE_MI_QFIIS_DAILY_FOREIGN_INVESTMENT,2026-08-21T09:59:05.591Z
2025-09-04,2330,台積電,25932615521,19068277547,73.53,6864337974,26.46,100,TWSE_MI_QFIIS_DAILY_FOREIGN_INVESTMENT,2026-08-21T09:59:05.591Z
2025-09-04,2454,聯發科,1601648418,951042465,59.37,650605953,40.62,100,TWSE_MI_QFIIS_DAILY_FOREIGN_INVESTMENT,2026-08-21T09:59:05.591Z
2025-09-05,0050,元大台灣50,12606500000,650581006,5.16,11955918994,94.83,100,TWSE_MI_QFIIS_DAILY_FOREIGN_INVESTMENT,2026-08-21T09:59:05.591Z
2025-09-05,2317,鴻海,13891701949,5121374671,36.86,8770327278,63.13,100,TWSE_MI_QFIIS_DAILY_FOREIGN_INVESTMENT,2026-08-21T09:59:05.591Z
2025-09-05,2330,台積電,25932615521,19080150052,73.57,6852465469,26.42,100,TWSE_MI_QFIIS_DAILY_FOREIGN_INVESTMENT,2026-08-21T09:59:05.591Z
2025-09-05,2454,聯發科,1603928550,955599604,59.57,648328946,40.42,100,TWSE_MI_QFIIS_DAILY_FOREIGN_INVESTMENT,2026-08-21T09:59:05.591Z
2025-09-08,0050,元大台灣50,12606500000,666743137,5.28,11939756863,94.71,100,TWSE_MI_QFIIS_DAILY_FOREIGN_INVESTMENT,2026-08-21T09:59:05.591Z
2025-09-08,2317,鴻海,13891701949,5123209880,36.87,8768492069,63.12,100,TWSE_MI_QFIIS_DAILY_FOREIGN_INVESTMENT,2026-08-21T09:59:05.591Z
2025-09-08,2330,台積電,25932615521,19092565254,73.62,6840050267,26.37,100,TWSE_MI_QFIIS_DAILY_FOREIGN_INVESTMENT,2026-08-21T09:59:05.591Z
2025-09-08,2454,聯發科,1603928550,956389993,59.62,647538557,40.37,100,TWSE_MI_QFIIS_DAILY_FOREIGN_INVESTMENT,2026-08-21T09:59:05.591Z
2025-09-09,0050,元大台灣50,12605000000,684246206,5.42,11920753794,94.57,100,TWSE_MI_QFIIS_DAILY_FOREIGN_INVESTMENT,2026-08-21T09:59:05.591Z
2025-09-09,2317,鴻海,13891701949,5156136979,37.11,8735564970,62.88,100,TWSE_MI_QFIIS_DAILY_FOREIGN_INVESTMENT,2026-08-21T09:59:05.591Z
2025-09-09,2330,台積電,25932615521,19106373602,73.67,6826241919,26.32,100,TWSE_MI_QFIIS_DAILY_FOREIGN_INVESTMENT,2026-08-21T09:59:05.591Z
2025-09-09,2454,聯發科,1603928550,961199771,59.92,642728779,40.07,100,TWSE_MI_QFIIS_DAILY_FOREIGN_INVESTMENT,2026-08-21T09:59:05.591Z
2025-09-10,0050,元大台灣50,12792000000,705137657,5.51,12086862343,94.48,100,TWSE_MI_QFIIS_DAILY_FOREIGN_INVESTMENT,2026-08-21T09:59:05.591Z
2025-09-10,2317,鴻海,13891701949,5199147268,37.42,8692554681,62.57,100,TWSE_MI_QFIIS_DAILY_FOREIGN_INVESTMENT,2026-08-21T09:59:05.591Z
2025-09-10,2330,台積電,25932615521,19121011137,73.73,6811604384,26.26,100,TWSE_MI_QFIIS_DAILY_FOREIGN_INVESTMENT,2026-08-21T09:59:05.591Z
2025-09-10,2454,聯發科,1603928550,961083493,59.92,642845057,40.07,100,TWSE_MI_QFIIS_DAILY_FOREIGN_INVESTMENT,2026-08-21T09:59:05.591Z
2025-09-11,0050,元大台灣50,12869000000,914512910,7.1,11954487090,92.89,100,TWSE_MI_QFIIS_DAILY_FOREIGN_INVESTMENT,2026-08-21T09:59:05.591Z
2025-09-11,2317,鴻海,13891701949,5266775433,37.91,8624926516,62.08,100,TWSE_MI_QFIIS_DAILY_FOREIGN_INVESTMENT,2026-08-21T09:59:05.591Z
2025-09-11,2330,台積電,25932615521,19125788175,73.75,6806827346,26.24,100,TWSE_MI_QFIIS_DAILY_FOREIGN_INVESTMENT,2026-08-21T09:59:05.591Z
2025-09-11,2454,聯發科,1603928550,961277534,59.93,642651016,40.06,100,TWSE_MI_QFIIS_DAILY_FOREIGN_INVESTMENT,2026-08-21T09:59:05.591Z
2025-09-12,0050,元大台灣50,12868000000,1004137987,7.8,11863862013,92.19,100,TWSE_MI_QFIIS_DAILY_FOREIGN_INVESTMENT,2026-08-21T09:59:05.591Z
2025-09-12,2317,鴻海,13891701949,5292109235,38.09,8599592714,61.9,100,TWSE_MI_QFIIS_DAILY_FOREIGN_INVESTMENT,2026-08-21T09:59:05.591Z
2025-09-12,2330,台積電,25932615521,19134557656,73.78,6798057865,26.21,100,TWSE_MI_QFIIS_DAILY_FOREIGN_INVESTMENT,2026-08-21T09:59:05.591Z
2025-09-12,2454,聯發科,1603928550,961270720,59.93,642657830,40.06,100,TWSE_MI_QFIIS_DAILY_FOREIGN_INVESTMENT,2026-08-21T09:59:05.591Z
2025-09-15,0050,元大台灣50,12867000000,997254175,7.75,11869745825,92.24,100,TWSE_MI_QFIIS_DAILY_FOREIGN_INVESTMENT,2026-08-21T09:59:05.591Z
2025-09-15,2317,鴻海,13891701949,5295377648,38.11,8596324301,61.88,100,TWSE_MI_QFIIS_DAILY_FOREIGN_INVESTMENT,2026-08-21T09:59:05.591Z
2025-09-15,2330,台積電,25932615521,19133693471,73.78,6798922050,26.21,100,TWSE_MI_QFIIS_DAILY_FOREIGN_INVESTMENT,2026-08-21T09:59:05.591Z
2025-09-15,2454,聯發科,1603928550,961579307,59.95,642349243,40.04,100,TWSE_MI_QFIIS_DAILY_FOREIGN_INVESTMENT,2026-08-21T09:59:05.591Z
2025-09-16,0050,元大台灣50,12867000000,992610380,7.71,11874389620,92.28,100,TWSE_MI_QFIIS_DAILY_FOREIGN_INVESTMENT,2026-08-21T09:59:05.591Z
2025-09-16,2317,鴻海,13891701949,5299899835,38.15,8591802114,61.84,100,TWSE_MI_QFIIS_DAILY_FOREIGN_INVESTMENT,2026-08-21T09:59:05.591Z
2025-09-16,2330,台積電,25932615521,19147364258,73.83,6785251263,26.16,100,TWSE_MI_QFIIS_DAILY_FOREIGN_INVESTMENT,2026-08-21T09:59:05.591Z
2025-09-16,2454,聯發科,1603928550,963528858,60.07,640399692,39.92,100,TWSE_MI_QFIIS_DAILY_FOREIGN_INVESTMENT,2026-08-21T09:59:05.591Z
2025-09-17,0050,元大台灣50,12869500000,970302692,7.53,11899197308,92.46,100,TWSE_MI_QFIIS_DAILY_FOREIGN_INVESTMENT,2026-08-21T09:59:05.591Z
2025-09-17,2317,鴻海,13891701949,5300140812,38.15,8591561137,61.84,100,TWSE_MI_QFIIS_DAILY_FOREIGN_INVESTMENT,2026-08-21T09:59:05.591Z
2025-09-17,2330,台積電,25932615521,19142677809,73.81,6789937712,26.18,100,TWSE_MI_QFIIS_DAILY_FOREIGN_INVESTMENT,2026-08-21T09:59:05.591Z
2025-09-17,2454,聯發科,1603928550,963219973,60.05,640708577,39.94,100,TWSE_MI_QFIIS_DAILY_FOREIGN_INVESTMENT,2026-08-21T09:59:05.591Z
2025-09-18,0050,元大台灣50,12661500000,754378314,5.95,11907121686,94.04,100,TWSE_MI_QFIIS_DAILY_FOREIGN_INVESTMENT,2026-08-21T09:59:05.591Z
2025-09-18,2317,鴻海,13891701949,5327333815,38.34,8564368134,61.65,100,TWSE_MI_QFIIS_DAILY_FOREIGN_INVESTMENT,2026-08-21T09:59:05.591Z
2025-09-18,2330,台積電,25932615521,19148853196,73.84,6783762325,26.15,100,TWSE_MI_QFIIS_DAILY_FOREIGN_INVESTMENT,2026-08-21T09:59:05.591Z
2025-09-18,2454,聯發科,1603928550,963484773,60.07,640443777,39.92,100,TWSE_MI_QFIIS_DAILY_FOREIGN_INVESTMENT,2026-08-21T09:59:05.591Z
2025-09-19,0050,元大台灣50,12661500000,727255117,5.74,11934244883,94.25,100,TWSE_MI_QFIIS_DAILY_FOREIGN_INVESTMENT,2026-08-21T09:59:05.591Z
2025-09-19,2317,鴻海,13891701949,5337013173,38.41,8554688776,61.58,100,TWSE_MI_QFIIS_DAILY_FOREIGN_INVESTMENT,2026-08-21T09:59:05.591Z
2025-09-19,2330,台積電,25932615521,19140029922,73.8,6792585599,26.19,100,TWSE_MI_QFIIS_DAILY_FOREIGN_INVESTMENT,2026-08-21T09:59:05.591Z
2025-09-19,2454,聯發科,1603928550,959264035,59.8,644664515,40.19,100,TWSE_MI_QFIIS_DAILY_FOREIGN_INVESTMENT,2026-08-21T09:59:05.591Z
2025-09-22,0050,元大台灣50,12674500000,713728836,5.63,11960771164,94.36,100,TWSE_MI_QFIIS_DAILY_FOREIGN_INVESTMENT,2026-08-21T09:59:05.591Z
2025-09-22,2317,鴻海,13891701949,5349383337,38.5,8542318612,61.49,100,TWSE_MI_QFIIS_DAILY_FOREIGN_INVESTMENT,2026-08-21T09:59:05.591Z
2025-09-22,2330,台積電,25932615521,19142893825,73.81,6789721696,26.18,100,TWSE_MI_QFIIS_DAILY_FOREIGN_INVESTMENT,2026-08-21T09:59:05.591Z
2025-09-22,2454,聯發科,1603928550,958105985,59.73,645822565,40.26,100,TWSE_MI_QFIIS_DAILY_FOREIGN_INVESTMENT,2026-08-21T09:59:05.591Z
2025-09-23,0050,元大台灣50,12682000000,706903890,5.57,11975096110,94.42,100,TWSE_MI_QFIIS_DAILY_FOREIGN_INVESTMENT,2026-08-21T09:59:05.591Z
2025-09-23,2317,鴻海,13891701949,5399429398,38.86,8492272551,61.13,100,TWSE_MI_QFIIS_DAILY_FOREIGN_INVESTMENT,2026-08-21T09:59:05.591Z
2025-09-23,2330,台積電,25932615521,19144941410,73.82,6787674111,26.17,100,TWSE_MI_QFIIS_DAILY_FOREIGN_INVESTMENT,2026-08-21T09:59:05.591Z
2025-09-23,2454,聯發科,1603928550,951670988,59.33,652257562,40.66,100,TWSE_MI_QFIIS_DAILY_FOREIGN_INVESTMENT,2026-08-21T09:59:05.591Z
2025-09-24,0050,元大台灣50,12589500000,590002244,4.68,11999497756,95.31,100,TWSE_MI_QFIIS_DAILY_FOREIGN_INVESTMENT,2026-08-21T09:59:05.591Z
2025-09-24,2317,鴻海,13891701949,5415052305,38.98,8476649644,61.01,100,TWSE_MI_QFIIS_DAILY_FOREIGN_INVESTMENT,2026-08-21T09:59:05.591Z
2025-09-24,2330,台積電,25932615521,19142950287,73.81,6789665234,26.18,100,TWSE_MI_QFIIS_DAILY_FOREIGN_INVESTMENT,2026-08-21T09:59:05.591Z
2025-09-24,2454,聯發科,1603928550,947130726,59.05,656797824,40.94,100,TWSE_MI_QFIIS_DAILY_FOREIGN_INVESTMENT,2026-08-21T09:59:05.591Z
2025-09-25,0050,元大台灣50,12627000000,607311559,4.8,12019688441,95.19,100,TWSE_MI_QFIIS_DAILY_FOREIGN_INVESTMENT,2026-08-21T09:59:05.591Z
2025-09-25,2317,鴻海,13891701949,5468085161,39.36,8423616788,60.63,100,TWSE_MI_QFIIS_DAILY_FOREIGN_INVESTMENT,2026-08-21T09:59:05.591Z
2025-09-25,2330,台積電,25932615521,19134267511,73.78,6798348010,26.21,100,TWSE_MI_QFIIS_DAILY_FOREIGN_INVESTMENT,2026-08-21T09:59:05.591Z
2025-09-25,2454,聯發科,1603928550,943089045,58.79,660839505,41.2,100,TWSE_MI_QFIIS_DAILY_FOREIGN_INVESTMENT,2026-08-21T09:59:05.591Z
2025-09-26,0050,元大台灣50,12653500000,550955223,4.35,12102544777,95.64,100,TWSE_MI_QFIIS_DAILY_FOREIGN_INVESTMENT,2026-08-21T09:59:05.591Z
2025-09-26,2317,鴻海,13891701949,5440445091,39.16,8451256858,60.83,100,TWSE_MI_QFIIS_DAILY_FOREIGN_INVESTMENT,2026-08-21T09:59:05.591Z
2025-09-26,2330,台積電,25932615521,19130420031,73.76,6802195490,26.23,100,TWSE_MI_QFIIS_DAILY_FOREIGN_INVESTMENT,2026-08-21T09:59:05.591Z
2025-09-26,2454,聯發科,1603928550,939885723,58.59,664042827,41.4,100,TWSE_MI_QFIIS_DAILY_FOREIGN_INVESTMENT,2026-08-21T09:59:05.591Z
2025-09-30,0050,元大台灣50,12691000000,546749716,4.3,12144250284,95.69,100,TWSE_MI_QFIIS_DAILY_FOREIGN_INVESTMENT,2026-08-21T09:59:05.591Z
2025-09-30,2317,鴻海,13891701949,5430830250,39.09,8460871699,60.9,100,TWSE_MI_QFIIS_DAILY_FOREIGN_INVESTMENT,2026-08-21T09:59:05.591Z
2025-09-30,2330,台積電,25932615521,19130586417,73.77,6802029104,26.22,100,TWSE_MI_QFIIS_DAILY_FOREIGN_INVESTMENT,2026-08-21T09:59:05.591Z
2025-09-30,2454,聯發科,1603928550,937812988,58.46,666115562,41.53,100,TWSE_MI_QFIIS_DAILY_FOREIGN_INVESTMENT,2026-08-21T09:59:05.591Z
2025-10-01,0050,元大台灣50,12732500000,597720016,4.69,12134779984,95.3,100,TWSE_MI_QFIIS_DAILY_FOREIGN_INVESTMENT,2026-08-21T09:59:05.591Z
2025-10-01,2317,鴻海,13891701949,5441333174,39.16,8450368775,60.83,100,TWSE_MI_QFIIS_DAILY_FOREIGN_INVESTMENT,2026-08-21T09:59:05.591Z
2025-10-01,2330,台積電,25932615521,19136555340,73.79,6796060181,26.2,100,TWSE_MI_QFIIS_DAILY_FOREIGN_INVESTMENT,2026-08-21T09:59:05.591Z
2025-10-01,2454,聯發科,1603928550,933955239,58.22,669973311,41.77,100,TWSE_MI_QFIIS_DAILY_FOREIGN_INVESTMENT,2026-08-21T09:59:05.591Z
2025-10-02,0050,元大台灣50,12735000000,611801174,4.8,12123198826,95.19,100,TWSE_MI_QFIIS_DAILY_FOREIGN_INVESTMENT,2026-08-21T09:59:05.591Z
2025-10-02,2317,鴻海,13891701949,5468092806,39.36,8423609143,60.63,100,TWSE_MI_QFIIS_DAILY_FOREIGN_INVESTMENT,2026-08-21T09:59:05.591Z
2025-10-02,2330,台積電,25932615521,19143483235,73.82,6789132286,26.17,100,TWSE_MI_QFIIS_DAILY_FOREIGN_INVESTMENT,2026-08-21T09:59:05.591Z
2025-10-02,2454,聯發科,1603928550,930776077,58.03,673152473,41.96,100,TWSE_MI_QFIIS_DAILY_FOREIGN_INVESTMENT,2026-08-21T09:59:05.591Z
2025-10-03,0050,元大台灣50,12739000000,607944428,4.77,12131055572,95.22,100,TWSE_MI_QFIIS_DAILY_FOREIGN_INVESTMENT,2026-08-21T09:59:05.591Z
2025-10-03,2317,鴻海,13891701949,5482950729,39.46,8408751220,60.53,100,TWSE_MI_QFIIS_DAILY_FOREIGN_INVESTMENT,2026-08-21T09:59:05.591Z
2025-10-03,2330,台積電,25932615521,19144176393,73.82,6788439128,26.17,100,TWSE_MI_QFIIS_DAILY_FOREIGN_INVESTMENT,2026-08-21T09:59:05.591Z
2025-10-03,2454,聯發科,1603928550,930061163,57.98,673867387,42.01,100,TWSE_MI_QFIIS_DAILY_FOREIGN_INVESTMENT,2026-08-21T09:59:05.591Z
2025-10-07,0050,元大台灣50,12753500000,547139926,4.29,12206360074,95.7,100,TWSE_MI_QFIIS_DAILY_FOREIGN_INVESTMENT,2026-08-21T09:59:05.591Z
2025-10-07,2317,鴻海,13891701949,5479120452,39.44,8412581497,60.55,100,TWSE_MI_QFIIS_DAILY_FOREIGN_INVESTMENT,2026-08-21T09:59:05.591Z
2025-10-07,2330,台積電,25932615521,19132950554,73.77,6799664967,26.22,100,TWSE_MI_QFIIS_DAILY_FOREIGN_INVESTMENT,2026-08-21T09:59:05.591Z
2025-10-07,2454,聯發科,1603928550,928834995,57.9,675093555,42.09,100,TWSE_MI_QFIIS_DAILY_FOREIGN_INVESTMENT,2026-08-21T09:59:05.591Z
2025-10-08,0050,元大台灣50,12828500000,560248631,4.36,12268251369,95.63,100,TWSE_MI_QFIIS_DAILY_FOREIGN_INVESTMENT,2026-08-21T09:59:05.591Z
2025-10-08,2317,鴻海,13891701949,5470702782,39.38,8420999167,60.61,100,TWSE_MI_QFIIS_DAILY_FOREIGN_INVESTMENT,2026-08-21T09:59:05.591Z
2025-10-08,2330,台積電,25932615521,19121946230,73.73,6810669291,26.26,100,TWSE_MI_QFIIS_DAILY_FOREIGN_INVESTMENT,2026-08-21T09:59:05.591Z
2025-10-08,2454,聯發科,1603928550,928549852,57.89,675378698,42.1,100,TWSE_MI_QFIIS_DAILY_FOREIGN_INVESTMENT,2026-08-21T09:59:05.591Z
2025-10-09,0050,元大台灣50,12861000000,570730250,4.43,12290269750,95.56,100,TWSE_MI_QFIIS_DAILY_FOREIGN_INVESTMENT,2026-08-21T09:59:05.591Z
2025-10-09,2317,鴻海,13891701949,5460178840,39.3,8431523109,60.69,100,TWSE_MI_QFIIS_DAILY_FOREIGN_INVESTMENT,2026-08-21T09:59:05.591Z
2025-10-09,2330,台積電,25932615521,19119336245,73.72,6813279276,26.27,100,TWSE_MI_QFIIS_DAILY_FOREIGN_INVESTMENT,2026-08-21T09:59:05.591Z
2025-10-09,2454,聯發科,1603928550,927965705,57.85,675962845,42.14,100,TWSE_MI_QFIIS_DAILY_FOREIGN_INVESTMENT,2026-08-21T09:59:05.591Z
2025-10-13,0050,元大台灣50,13022500000,538464496,4.13,12484035504,95.86,100,TWSE_MI_QFIIS_DAILY_FOREIGN_INVESTMENT,2026-08-21T09:59:05.591Z
2025-10-13,2317,鴻海,13891701949,5440786291,39.16,8450915658,60.83,100,TWSE_MI_QFIIS_DAILY_FOREIGN_INVESTMENT,2026-08-21T09:59:05.591Z
2025-10-13,2330,台積電,25932615521,19098675569,73.64,6833939952,26.35,100,TWSE_MI_QFIIS_DAILY_FOREIGN_INVESTMENT,2026-08-21T09:59:05.591Z
2025-10-13,2454,聯發科,1603928550,924990998,57.67,678937552,42.32,100,TWSE_MI_QFIIS_DAILY_FOREIGN_INVESTMENT,2026-08-21T09:59:05.591Z
2025-10-14,0050,元大台灣50,13115000000,514587591,3.92,12600412409,96.07,100,TWSE_MI_QFIIS_DAILY_FOREIGN_INVESTMENT,2026-08-21T09:59:05.591Z
2025-10-14,2317,鴻海,13891701949,5426720126,39.06,8464981823,60.93,100,TWSE_MI_QFIIS_DAILY_FOREIGN_INVESTMENT,2026-08-21T09:59:05.591Z
2025-10-14,2330,台積電,25932615521,19096149316,73.63,6836466205,26.36,100,TWSE_MI_QFIIS_DAILY_FOREIGN_INVESTMENT,2026-08-21T09:59:05.591Z
2025-10-14,2454,聯發科,1603928550,924653530,57.64,679275020,42.35,100,TWSE_MI_QFIIS_DAILY_FOREIGN_INVESTMENT,2026-08-21T09:59:05.591Z
2025-10-15,0050,元大台灣50,13139500000,578806843,4.4,12560693157,95.59,100,TWSE_MI_QFIIS_DAILY_FOREIGN_INVESTMENT,2026-08-21T09:59:05.591Z
2025-10-15,2317,鴻海,13964222294,5419462464,38.8,8544759830,61.19,100,TWSE_MI_QFIIS_DAILY_FOREIGN_INVESTMENT,2026-08-21T09:59:05.591Z
2025-10-15,2330,台積電,25932615521,19093637591,73.62,6838977930,26.37,100,TWSE_MI_QFIIS_DAILY_FOREIGN_INVESTMENT,2026-08-21T09:59:05.591Z
2025-10-15,2454,聯發科,1603928550,923661004,57.58,680267546,42.41,100,TWSE_MI_QFIIS_DAILY_FOREIGN_INVESTMENT,2026-08-21T09:59:05.591Z
2025-10-16,0050,元大台灣50,13167500000,581821815,4.41,12585678185,95.58,100,TWSE_MI_QFIIS_DAILY_FOREIGN_INVESTMENT,2026-08-21T09:59:05.591Z
2025-10-16,2317,鴻海,13964222294,5474713186,39.2,8489509108,60.79,100,TWSE_MI_QFIIS_DAILY_FOREIGN_INVESTMENT,2026-08-21T09:59:05.591Z
2025-10-16,2330,台積電,25932615521,19085716714,73.59,6846898807,26.4,100,TWSE_MI_QFIIS_DAILY_FOREIGN_INVESTMENT,2026-08-21T09:59:05.591Z
2025-10-16,2454,聯發科,1603928550,924367167,57.63,679561383,42.36,100,TWSE_MI_QFIIS_DAILY_FOREIGN_INVESTMENT,2026-08-21T09:59:05.591Z
2025-10-17,0050,元大台灣50,13252500000,554974334,4.18,12697525666,95.81,100,TWSE_MI_QFIIS_DAILY_FOREIGN_INVESTMENT,2026-08-21T09:59:05.591Z
2025-10-17,2317,鴻海,13964222294,5486607117,39.29,8477615177,60.7,100,TWSE_MI_QFIIS_DAILY_FOREIGN_INVESTMENT,2026-08-21T09:59:05.591Z
2025-10-17,2330,台積電,25932615521,19071286101,73.54,6861329420,26.45,100,TWSE_MI_QFIIS_DAILY_FOREIGN_INVESTMENT,2026-08-21T09:59:05.591Z
2025-10-17,2454,聯發科,1603928550,924955978,57.66,678972572,42.33,100,TWSE_MI_QFIIS_DAILY_FOREIGN_INVESTMENT,2026-08-21T09:59:05.591Z
2025-10-20,0050,元大台灣50,13281500000,563137201,4.24,12718362799,95.75,100,TWSE_MI_QFIIS_DAILY_FOREIGN_INVESTMENT,2026-08-21T09:59:05.591Z
2025-10-20,2317,鴻海,13964222294,5524518732,39.56,8439703562,60.43,100,TWSE_MI_QFIIS_DAILY_FOREIGN_INVESTMENT,2026-08-21T09:59:05.591Z
2025-10-20,2330,台積電,25932615521,19075490697,73.55,6857124824,26.44,100,TWSE_MI_QFIIS_DAILY_FOREIGN_INVESTMENT,2026-08-21T09:59:05.591Z
2025-10-20,2454,聯發科,1603928550,924772106,57.65,679156444,42.34,100,TWSE_MI_QFIIS_DAILY_FOREIGN_INVESTMENT,2026-08-21T09:59:05.591Z
2025-10-21,0050,元大台灣50,13320000000,503896428,3.78,12816103572,96.21,100,TWSE_MI_QFIIS_DAILY_FOREIGN_INVESTMENT,2026-08-21T09:59:05.591Z
2025-10-21,2317,鴻海,13964222294,5532347768,39.61,8431874526,60.38,100,TWSE_MI_QFIIS_DAILY_FOREIGN_INVESTMENT,2026-08-21T09:59:05.591Z
2025-10-21,2330,台積電,25932615521,19074616915,73.55,6857998606,26.44,100,TWSE_MI_QFIIS_DAILY_FOREIGN_INVESTMENT,2026-08-21T09:59:05.591Z
2025-10-21,2454,聯發科,1603928550,924102762,57.61,679825788,42.38,100,TWSE_MI_QFIIS_DAILY_FOREIGN_INVESTMENT,2026-08-21T09:59:05.591Z
2025-10-22,0050,元大台灣50,13434500000,553125476,4.11,12881374524,95.88,100,TWSE_MI_QFIIS_DAILY_FOREIGN_INVESTMENT,2026-08-21T09:59:05.591Z
2025-10-22,2317,鴻海,13964222294,5543280064,39.69,8420942230,60.3,100,TWSE_MI_QFIIS_DAILY_FOREIGN_INVESTMENT,2026-08-21T09:59:05.591Z
2025-10-22,2330,台積電,25932615521,19056678632,73.48,6875936889,26.51,100,TWSE_MI_QFIIS_DAILY_FOREIGN_INVESTMENT,2026-08-21T09:59:05.591Z
2025-10-22,2454,聯發科,1603928550,923145989,57.55,680782561,42.44,100,TWSE_MI_QFIIS_DAILY_FOREIGN_INVESTMENT,2026-08-21T09:59:05.591Z
2025-10-23,0050,元大台灣50,13545500000,487005034,3.59,13058494966,96.4,100,TWSE_MI_QFIIS_DAILY_FOREIGN_INVESTMENT,2026-08-21T09:59:05.591Z
2025-10-23,2317,鴻海,13964222294,5539681803,39.67,8424540491,60.32,100,TWSE_MI_QFIIS_DAILY_FOREIGN_INVESTMENT,2026-08-21T09:59:05.591Z
2025-10-23,2330,台積電,25932615521,19047203442,73.44,6885412079,26.55,100,TWSE_MI_QFIIS_DAILY_FOREIGN_INVESTMENT,2026-08-21T09:59:05.591Z
2025-10-23,2454,聯發科,1603928550,920335512,57.38,683593038,42.61,100,TWSE_MI_QFIIS_DAILY_FOREIGN_INVESTMENT,2026-08-21T09:59:05.591Z
2025-10-27,0050,元大台灣50,13684500000,615020418,4.49,13069479582,95.5,100,TWSE_MI_QFIIS_DAILY_FOREIGN_INVESTMENT,2026-08-21T09:59:05.591Z
2025-10-27,2317,鴻海,13964222294,5551784481,39.75,8412437813,60.24,100,TWSE_MI_QFIIS_DAILY_FOREIGN_INVESTMENT,2026-08-21T09:59:05.591Z
2025-10-27,2330,台積電,25932615521,19044545597,73.43,6888069924,26.56,100,TWSE_MI_QFIIS_DAILY_FOREIGN_INVESTMENT,2026-08-21T09:59:05.591Z
2025-10-27,2454,聯發科,1603928550,920831430,57.41,683097120,42.58,100,TWSE_MI_QFIIS_DAILY_FOREIGN_INVESTMENT,2026-08-21T09:59:05.591Z
2025-10-28,0050,元大台灣50,13709500000,579461269,4.22,13130038731,95.77,100,TWSE_MI_QFIIS_DAILY_FOREIGN_INVESTMENT,2026-08-21T09:59:05.591Z
2025-10-28,2317,鴻海,13964222294,5570743985,39.89,8393478309,60.1,100,TWSE_MI_QFIIS_DAILY_FOREIGN_INVESTMENT,2026-08-21T09:59:05.591Z
2025-10-28,2330,台積電,25932615521,19034922166,73.4,6897693355,26.59,100,TWSE_MI_QFIIS_DAILY_FOREIGN_INVESTMENT,2026-08-21T09:59:05.591Z
2025-10-28,2454,聯發科,1603928550,919582001,57.33,684346549,42.66,100,TWSE_MI_QFIIS_DAILY_FOREIGN_INVESTMENT,2026-08-21T09:59:05.591Z
2025-10-29,0050,元大台灣50,13723000000,573433349,4.17,13149566651,95.82,100,TWSE_MI_QFIIS_DAILY_FOREIGN_INVESTMENT,2026-08-21T09:59:05.591Z
2025-10-29,2317,鴻海,13964222294,5573384423,39.91,8390837871,60.08,100,TWSE_MI_QFIIS_DAILY_FOREIGN_INVESTMENT,2026-08-21T09:59:05.591Z
2025-10-29,2330,台積電,25932615521,19040971884,73.42,6891643637,26.57,100,TWSE_MI_QFIIS_DAILY_FOREIGN_INVESTMENT,2026-08-21T09:59:05.591Z
2025-10-29,2454,聯發科,1603928550,917440086,57.19,686488464,42.8,100,TWSE_MI_QFIIS_DAILY_FOREIGN_INVESTMENT,2026-08-21T09:59:05.591Z
2025-10-30,0050,元大台灣50,13732500000,576080422,4.19,13156419578,95.8,100,TWSE_MI_QFIIS_DAILY_FOREIGN_INVESTMENT,2026-08-21T09:59:05.591Z
2025-10-30,2317,鴻海,13964222294,5567997871,39.87,8396224423,60.12,100,TWSE_MI_QFIIS_DAILY_FOREIGN_INVESTMENT,2026-08-21T09:59:05.591Z
2025-10-30,2330,台積電,25932615521,19038746847,73.41,6893868674,26.58,100,TWSE_MI_QFIIS_DAILY_FOREIGN_INVESTMENT,2026-08-21T09:59:05.591Z
2025-10-30,2454,聯發科,1603928550,918274527,57.25,685654023,42.74,100,TWSE_MI_QFIIS_DAILY_FOREIGN_INVESTMENT,2026-08-21T09:59:05.591Z
2025-10-31,0050,元大台灣50,13791500000,570020257,4.13,13221479743,95.86,100,TWSE_MI_QFIIS_DAILY_FOREIGN_INVESTMENT,2026-08-21T09:59:05.591Z
2025-10-31,2317,鴻海,13964222294,5559864414,39.81,8404357880,60.18,100,TWSE_MI_QFIIS_DAILY_FOREIGN_INVESTMENT,2026-08-21T09:59:05.591Z
2025-10-31,2330,台積電,25932615521,19030770467,73.38,6901845054,26.61,100,TWSE_MI_QFIIS_DAILY_FOREIGN_INVESTMENT,2026-08-21T09:59:05.591Z
2025-10-31,2454,聯發科,1603928550,917334064,57.19,686594486,42.8,100,TWSE_MI_QFIIS_DAILY_FOREIGN_INVESTMENT,2026-08-21T09:59:05.591Z
2025-11-03,0050,元大台灣50,13858500000,575365081,4.15,13283134919,95.84,100,TWSE_MI_QFIIS_DAILY_FOREIGN_INVESTMENT,2026-08-21T09:59:05.591Z
2025-11-03,2317,鴻海,13964222294,5554726351,39.77,8409495943,60.22,100,TWSE_MI_QFIIS_DAILY_FOREIGN_INVESTMENT,2026-08-21T09:59:05.591Z
2025-11-03,2330,台積電,25932615521,19033158171,73.39,6899457350,26.6,100,TWSE_MI_QFIIS_DAILY_FOREIGN_INVESTMENT,2026-08-21T09:59:05.591Z
2025-11-03,2454,聯發科,1603928550,914552298,57.01,689376252,42.98,100,TWSE_MI_QFIIS_DAILY_FOREIGN_INVESTMENT,2026-08-21T09:59:05.591Z
2025-11-04,0050,元大台灣50,13898000000,583758180,4.2,13314241820,95.79,100,TWSE_MI_QFIIS_DAILY_FOREIGN_INVESTMENT,2026-08-21T09:59:05.591Z
2025-11-04,2317,鴻海,13964222294,5560007778,39.81,8404214516,60.18,100,TWSE_MI_QFIIS_DAILY_FOREIGN_INVESTMENT,2026-08-21T09:59:05.591Z
2025-11-04,2330,台積電,25932615521,19035189850,73.4,6897425671,26.59,100,TWSE_MI_QFIIS_DAILY_FOREIGN_INVESTMENT,2026-08-21T09:59:05.591Z
2025-11-04,2454,聯發科,1603928550,917384517,57.19,686544033,42.8,100,TWSE_MI_QFIIS_DAILY_FOREIGN_INVESTMENT,2026-08-21T09:59:05.591Z
2025-11-05,0050,元大台灣50,13952000000,526860205,3.77,13425139795,96.22,100,TWSE_MI_QFIIS_DAILY_FOREIGN_INVESTMENT,2026-08-21T09:59:05.591Z
2025-11-05,2317,鴻海,13964222294,5546439489,39.71,8417782805,60.28,100,TWSE_MI_QFIIS_DAILY_FOREIGN_INVESTMENT,2026-08-21T09:59:05.591Z
2025-11-05,2330,台積電,25932615521,19002894471,73.27,6929721050,26.72,100,TWSE_MI_QFIIS_DAILY_FOREIGN_INVESTMENT,2026-08-21T09:59:05.591Z
2025-11-05,2454,聯發科,1603928550,918327333,57.25,685601217,42.74,100,TWSE_MI_QFIIS_DAILY_FOREIGN_INVESTMENT,2026-08-21T09:59:05.591Z
2025-11-06,0050,元大台灣50,14111500000,574059700,4.06,13537440300,95.93,100,TWSE_MI_QFIIS_DAILY_FOREIGN_INVESTMENT,2026-08-21T09:59:05.591Z
2025-11-06,2317,鴻海,13964222294,5547453851,39.72,8416768443,60.27,100,TWSE_MI_QFIIS_DAILY_FOREIGN_INVESTMENT,2026-08-21T09:59:05.591Z
2025-11-06,2330,台積電,25932615521,18999004159,73.26,6933611362,26.73,100,TWSE_MI_QFIIS_DAILY_FOREIGN_INVESTMENT,2026-08-21T09:59:05.591Z
2025-11-06,2454,聯發科,1603928550,914721732,57.03,689206818,42.96,100,TWSE_MI_QFIIS_DAILY_FOREIGN_INVESTMENT,2026-08-21T09:59:05.591Z
2025-11-07,0050,元大台灣50,14133500000,607255512,4.29,13526244488,95.7,100,TWSE_MI_QFIIS_DAILY_FOREIGN_INVESTMENT,2026-08-21T09:59:05.591Z
2025-11-07,2317,鴻海,13964222294,5546252808,39.71,8417969486,60.28,100,TWSE_MI_QFIIS_DAILY_FOREIGN_INVESTMENT,2026-08-21T09:59:05.591Z
2025-11-07,2330,台積電,25932615521,18993170552,73.24,6939444969,26.75,100,TWSE_MI_QFIIS_DAILY_FOREIGN_INVESTMENT,2026-08-21T09:59:05.591Z
2025-11-07,2454,聯發科,1603928550,911014231,56.79,692914319,43.2,100,TWSE_MI_QFIIS_DAILY_FOREIGN_INVESTMENT,2026-08-21T09:59:05.591Z
2025-11-10,0050,元大台灣50,14170500000,578163173,4.08,13592336827,95.91,100,TWSE_MI_QFIIS_DAILY_FOREIGN_INVESTMENT,2026-08-21T09:59:05.591Z
2025-11-10,2317,鴻海,13964222294,5542193277,39.68,8422029017,60.31,100,TWSE_MI_QFIIS_DAILY_FOREIGN_INVESTMENT,2026-08-21T09:59:05.591Z
2025-11-10,2330,台積電,25932615521,18989410734,73.22,6943204787,26.77,100,TWSE_MI_QFIIS_DAILY_FOREIGN_INVESTMENT,2026-08-21T09:59:05.591Z
2025-11-10,2454,聯發科,1603928550,909216532,56.68,694712018,43.31,100,TWSE_MI_QFIIS_DAILY_FOREIGN_INVESTMENT,2026-08-21T09:59:05.591Z
2025-11-11,0050,元大台灣50,14206500000,567559669,3.99,13638940331,96,100,TWSE_MI_QFIIS_DAILY_FOREIGN_INVESTMENT,2026-08-21T09:59:05.591Z
2025-11-11,2317,鴻海,13964222294,5535563740,39.64,8428658554,60.35,100,TWSE_MI_QFIIS_DAILY_FOREIGN_INVESTMENT,2026-08-21T09:59:05.591Z
2025-11-11,2330,台積電,25932615521,18982914692,73.2,6949700829,26.79,100,TWSE_MI_QFIIS_DAILY_FOREIGN_INVESTMENT,2026-08-21T09:59:05.591Z
2025-11-11,2454,聯發科,1603928550,907537026,56.58,696391524,43.41,100,TWSE_MI_QFIIS_DAILY_FOREIGN_INVESTMENT,2026-08-21T09:59:05.591Z
2025-11-12,0050,元大台灣50,14280500000,578075134,4.04,13702424866,95.95,100,TWSE_MI_QFIIS_DAILY_FOREIGN_INVESTMENT,2026-08-21T09:59:05.591Z
2025-11-12,2317,鴻海,13964222294,5542189044,39.68,8422033250,60.31,100,TWSE_MI_QFIIS_DAILY_FOREIGN_INVESTMENT,2026-08-21T09:59:05.591Z
2025-11-12,2330,台積電,25932615521,18980609663,73.19,6952005858,26.8,100,TWSE_MI_QFIIS_DAILY_FOREIGN_INVESTMENT,2026-08-21T09:59:05.591Z
2025-11-12,2454,聯發科,1603928550,907329188,56.56,696599362,43.43,100,TWSE_MI_QFIIS_DAILY_FOREIGN_INVESTMENT,2026-08-21T09:59:05.591Z
2025-11-13,0050,元大台灣50,14301000000,581882814,4.06,13719117186,95.93,100,TWSE_MI_QFIIS_DAILY_FOREIGN_INVESTMENT,2026-08-21T09:59:05.591Z
2025-11-13,2317,鴻海,13964222294,5531439693,39.61,8432782601,60.38,100,TWSE_MI_QFIIS_DAILY_FOREIGN_INVESTMENT,2026-08-21T09:59:05.591Z
2025-11-13,2330,台積電,25932615521,18971613717,73.15,6961001804,26.84,100,TWSE_MI_QFIIS_DAILY_FOREIGN_INVESTMENT,2026-08-21T09:59:05.591Z
2025-11-13,2454,聯發科,1603928550,906901121,56.54,697027429,43.45,100,TWSE_MI_QFIIS_DAILY_FOREIGN_INVESTMENT,2026-08-21T09:59:05.591Z
2025-11-14,0050,元大台灣50,14387000000,522899906,3.63,13864100094,96.36,100,TWSE_MI_QFIIS_DAILY_FOREIGN_INVESTMENT,2026-08-21T09:59:05.591Z
2025-11-14,2317,鴻海,13964222294,5491740296,39.32,8472481998,60.67,100,TWSE_MI_QFIIS_DAILY_FOREIGN_INVESTMENT,2026-08-21T09:59:05.591Z
2025-11-14,2330,台積電,25932615521,18954010768,73.08,6978604753,26.91,100,TWSE_MI_QFIIS_DAILY_FOREIGN_INVESTMENT,2026-08-21T09:59:05.591Z
2025-11-14,2454,聯發科,1603928550,905823466,56.47,698105084,43.52,100,TWSE_MI_QFIIS_DAILY_FOREIGN_INVESTMENT,2026-08-21T09:59:05.591Z
2025-11-17,0050,元大台灣50,14500000000,536940826,3.7,13963059174,96.29,100,TWSE_MI_QFIIS_DAILY_FOREIGN_INVESTMENT,2026-08-21T09:59:05.591Z
2025-11-17,2317,鴻海,13964222294,5491853351,39.32,8472368943,60.67,100,TWSE_MI_QFIIS_DAILY_FOREIGN_INVESTMENT,2026-08-21T09:59:05.591Z
2025-11-17,2330,台積電,25932615521,18960861076,73.11,6971754445,26.88,100,TWSE_MI_QFIIS_DAILY_FOREIGN_INVESTMENT,2026-08-21T09:59:05.591Z
2025-11-17,2454,聯發科,1603912182,905842030,56.47,698070152,43.52,100,TWSE_MI_QFIIS_DAILY_FOREIGN_INVESTMENT,2026-08-21T09:59:05.591Z
2025-11-18,0050,元大台灣50,14556500000,500183068,3.43,14056316932,96.56,100,TWSE_MI_QFIIS_DAILY_FOREIGN_INVESTMENT,2026-08-21T09:59:05.591Z
2025-11-18,2317,鴻海,13964222294,5483844699,39.27,8480377595,60.72,100,TWSE_MI_QFIIS_DAILY_FOREIGN_INVESTMENT,2026-08-21T09:59:05.591Z
2025-11-18,2330,台積電,25932615521,18942785282,73.04,6989830239,26.95,100,TWSE_MI_QFIIS_DAILY_FOREIGN_INVESTMENT,2026-08-21T09:59:05.591Z
2025-11-18,2454,聯發科,1603912182,902384791,56.26,701527391,43.73,100,TWSE_MI_QFIIS_DAILY_FOREIGN_INVESTMENT,2026-08-21T09:59:05.591Z
2025-11-19,0050,元大台灣50,14702500000,519799707,3.53,14182700293,96.46,100,TWSE_MI_QFIIS_DAILY_FOREIGN_INVESTMENT,2026-08-21T09:59:05.591Z
2025-11-19,2317,鴻海,13964222294,5485559592,39.28,8478662702,60.71,100,TWSE_MI_QFIIS_DAILY_FOREIGN_INVESTMENT,2026-08-21T09:59:05.591Z
2025-11-19,2330,台積電,25932615521,18935294881,73.01,6997320640,26.98,100,TWSE_MI_QFIIS_DAILY_FOREIGN_INVESTMENT,2026-08-21T09:59:05.591Z
2025-11-19,2454,聯發科,1603912182,901424781,56.2,702487401,43.79,100,TWSE_MI_QFIIS_DAILY_FOREIGN_INVESTMENT,2026-08-21T09:59:05.591Z
2025-11-20,0050,元大台灣50,14780500000,589109878,3.98,14191390122,96.01,100,TWSE_MI_QFIIS_DAILY_FOREIGN_INVESTMENT,2026-08-21T09:59:05.591Z
2025-11-20,2317,鴻海,13964222294,5476651491,39.21,8487570803,60.78,100,TWSE_MI_QFIIS_DAILY_FOREIGN_INVESTMENT,2026-08-21T09:59:05.591Z
2025-11-20,2330,台積電,25932615521,18940077263,73.03,6992538258,26.96,100,TWSE_MI_QFIIS_DAILY_FOREIGN_INVESTMENT,2026-08-21T09:59:05.591Z
2025-11-20,2454,聯發科,1603912182,900799803,56.16,703112379,43.83,100,TWSE_MI_QFIIS_DAILY_FOREIGN_INVESTMENT,2026-08-21T09:59:05.591Z
2025-11-21,0050,元大台灣50,14864500000,477717908,3.21,14386782092,96.78,100,TWSE_MI_QFIIS_DAILY_FOREIGN_INVESTMENT,2026-08-21T09:59:05.591Z
2025-11-21,2317,鴻海,13964222294,5432300961,38.9,8531921333,61.09,100,TWSE_MI_QFIIS_DAILY_FOREIGN_INVESTMENT,2026-08-21T09:59:05.591Z
2025-11-21,2330,台積電,25932615521,18904786743,72.89,7027828778,27.1,100,TWSE_MI_QFIIS_DAILY_FOREIGN_INVESTMENT,2026-08-21T09:59:05.591Z
2025-11-21,2454,聯發科,1603912182,898736288,56.03,705175894,43.96,100,TWSE_MI_QFIIS_DAILY_FOREIGN_INVESTMENT,2026-08-21T09:59:05.591Z
2025-11-24,0050,元大台灣50,15063500000,571410210,3.79,14492089790,96.2,100,TWSE_MI_QFIIS_DAILY_FOREIGN_INVESTMENT,2026-08-21T09:59:05.591Z
2025-11-24,2317,鴻海,13964222294,5420196955,38.81,8544025339,61.18,100,TWSE_MI_QFIIS_DAILY_FOREIGN_INVESTMENT,2026-08-21T09:59:05.591Z
2025-11-24,2330,台積電,25932615521,18883017078,72.81,7049598443,27.18,100,TWSE_MI_QFIIS_DAILY_FOREIGN_INVESTMENT,2026-08-21T09:59:05.591Z
2025-11-24,2454,聯發科,1603912182,897542822,55.95,706369360,44.04,100,TWSE_MI_QFIIS_DAILY_FOREIGN_INVESTMENT,2026-08-21T09:59:05.591Z
2025-11-25,0050,元大台灣50,15176500000,641138321,4.22,14535361679,95.77,100,TWSE_MI_QFIIS_DAILY_FOREIGN_INVESTMENT,2026-08-21T09:59:05.591Z
2025-11-25,2317,鴻海,13964222294,5415590541,38.78,8548631753,61.21,100,TWSE_MI_QFIIS_DAILY_FOREIGN_INVESTMENT,2026-08-21T09:59:05.591Z
2025-11-25,2330,台積電,25932524521,18887515069,72.83,7045009452,27.16,100,TWSE_MI_QFIIS_DAILY_FOREIGN_INVESTMENT,2026-08-21T09:59:05.591Z
2025-11-25,2454,聯發科,1603912182,896643255,55.9,707268927,44.09,100,TWSE_MI_QFIIS_DAILY_FOREIGN_INVESTMENT,2026-08-21T09:59:05.591Z
2025-11-26,0050,元大台灣50,15190000000,666798659,4.38,14523201341,95.61,100,TWSE_MI_QFIIS_DAILY_FOREIGN_INVESTMENT,2026-08-21T09:59:05.591Z
2025-11-26,2317,鴻海,13964222294,5423520851,38.83,8540701443,61.16,100,TWSE_MI_QFIIS_DAILY_FOREIGN_INVESTMENT,2026-08-21T09:59:05.591Z
2025-11-26,2330,台積電,25932524521,18882597028,72.81,7049927493,27.18,100,TWSE_MI_QFIIS_DAILY_FOREIGN_INVESTMENT,2026-08-21T09:59:05.591Z
2025-11-26,2454,聯發科,1603912182,897042135,55.92,706870047,44.07,100,TWSE_MI_QFIIS_DAILY_FOREIGN_INVESTMENT,2026-08-21T09:59:05.591Z
2025-11-27,0050,元大台灣50,15193000000,679264649,4.47,14513735351,95.52,100,TWSE_MI_QFIIS_DAILY_FOREIGN_INVESTMENT,2026-08-21T09:59:05.591Z
2025-11-27,2317,鴻海,13964222294,5413006171,38.76,8551216123,61.23,100,TWSE_MI_QFIIS_DAILY_FOREIGN_INVESTMENT,2026-08-21T09:59:05.591Z
2025-11-27,2330,台積電,25932524521,18880830488,72.8,7051694033,27.19,100,TWSE_MI_QFIIS_DAILY_FOREIGN_INVESTMENT,2026-08-21T09:59:05.591Z
2025-11-27,2454,聯發科,1603912182,896971042,55.92,706941140,44.07,100,TWSE_MI_QFIIS_DAILY_FOREIGN_INVESTMENT,2026-08-21T09:59:05.591Z
2025-11-28,0050,元大台灣50,15230500000,663567376,4.35,14566932624,95.64,100,TWSE_MI_QFIIS_DAILY_FOREIGN_INVESTMENT,2026-08-21T09:59:05.591Z
2025-11-28,2317,鴻海,13964222294,5387878547,38.58,8576343747,61.41,100,TWSE_MI_QFIIS_DAILY_FOREIGN_INVESTMENT,2026-08-21T09:59:05.591Z
2025-11-28,2330,台積電,25932524521,18879858037,72.8,7052666484,27.19,100,TWSE_MI_QFIIS_DAILY_FOREIGN_INVESTMENT,2026-08-21T09:59:05.591Z
2025-11-28,2454,聯發科,1603912182,904360371,56.38,699551811,43.61,100,TWSE_MI_QFIIS_DAILY_FOREIGN_INVESTMENT,2026-08-21T09:59:05.591Z
2025-12-01,0050,元大台灣50,15243500000,605159382,3.96,14638340618,96.03,100,TWSE_MI_QFIIS_DAILY_FOREIGN_INVESTMENT,2026-08-21T09:59:05.591Z
2025-12-01,2317,鴻海,13964222294,5383390583,38.55,8580831711,61.44,100,TWSE_MI_QFIIS_DAILY_FOREIGN_INVESTMENT,2026-08-21T09:59:05.591Z
2025-12-01,2330,台積電,25932524521,18872708904,72.77,7059815617,27.22,100,TWSE_MI_QFIIS_DAILY_FOREIGN_INVESTMENT,2026-08-21T09:59:05.591Z
2025-12-01,2454,聯發科,1603912182,907708496,56.59,696203686,43.4,100,TWSE_MI_QFIIS_DAILY_FOREIGN_INVESTMENT,2026-08-21T09:59:05.591Z
2025-12-02,0050,元大台灣50,15275500000,596737050,3.9,14678762950,96.09,100,TWSE_MI_QFIIS_DAILY_FOREIGN_INVESTMENT,2026-08-21T09:59:05.591Z
2025-12-02,2317,鴻海,13964222294,5380047836,38.52,8584174458,61.47,100,TWSE_MI_QFIIS_DAILY_FOREIGN_INVESTMENT,2026-08-21T09:59:05.591Z
2025-12-02,2330,台積電,25932524521,18877842504,72.79,7054682017,27.2,100,TWSE_MI_QFIIS_DAILY_FOREIGN_INVESTMENT,2026-08-21T09:59:05.591Z
2025-12-02,2454,聯發科,1603912182,909264156,56.69,694648026,43.3,100,TWSE_MI_QFIIS_DAILY_FOREIGN_INVESTMENT,2026-08-21T09:59:05.591Z
2025-12-03,0050,元大台灣50,15718000000,623964931,3.96,15094035069,96.03,100,TWSE_MI_QFIIS_DAILY_FOREIGN_INVESTMENT,2026-08-21T09:59:05.591Z
2025-12-03,2317,鴻海,13964222294,5387960047,38.58,8576262247,61.41,100,TWSE_MI_QFIIS_DAILY_FOREIGN_INVESTMENT,2026-08-21T09:59:05.591Z
2025-12-03,2330,台積電,25932524521,18881404071,72.8,7051120450,27.19,100,TWSE_MI_QFIIS_DAILY_FOREIGN_INVESTMENT,2026-08-21T09:59:05.591Z
2025-12-03,2454,聯發科,1603912182,910919417,56.79,692992765,43.2,100,TWSE_MI_QFIIS_DAILY_FOREIGN_INVESTMENT,2026-08-21T09:59:05.591Z
2025-12-04,0050,元大台灣50,15718500000,1051705734,6.69,14666794266,93.3,100,TWSE_MI_QFIIS_DAILY_FOREIGN_INVESTMENT,2026-08-21T09:59:05.591Z
2025-12-04,2317,鴻海,13964222294,5381535842,38.53,8582686452,61.46,100,TWSE_MI_QFIIS_DAILY_FOREIGN_INVESTMENT,2026-08-21T09:59:05.591Z
2025-12-04,2330,台積電,25932524521,18871504087,72.77,7061020434,27.22,100,TWSE_MI_QFIIS_DAILY_FOREIGN_INVESTMENT,2026-08-21T09:59:05.591Z
2025-12-04,2454,聯發科,1603912182,911744407,56.84,692167775,43.15,100,TWSE_MI_QFIIS_DAILY_FOREIGN_INVESTMENT,2026-08-21T09:59:05.591Z
2025-12-05,0050,元大台灣50,15720500000,1050071390,6.67,14670428610,93.32,100,TWSE_MI_QFIIS_DAILY_FOREIGN_INVESTMENT,2026-08-21T09:59:05.591Z
2025-12-05,2317,鴻海,13964222294,5387610410,38.58,8576611884,61.41,100,TWSE_MI_QFIIS_DAILY_FOREIGN_INVESTMENT,2026-08-21T09:59:05.591Z
2025-12-05,2330,台積電,25932524521,18880464069,72.8,7052060452,27.19,100,TWSE_MI_QFIIS_DAILY_FOREIGN_INVESTMENT,2026-08-21T09:59:05.591Z
2025-12-05,2454,聯發科,1603912182,913201400,56.93,690710782,43.06,100,TWSE_MI_QFIIS_DAILY_FOREIGN_INVESTMENT,2026-08-21T09:59:05.591Z
2025-12-08,0050,元大台灣50,15723000000,1049950634,6.67,14673049366,93.32,100,TWSE_MI_QFIIS_DAILY_FOREIGN_INVESTMENT,2026-08-21T09:59:05.591Z
2025-12-08,2317,鴻海,13964222294,5386094049,38.57,8578128245,61.42,100,TWSE_MI_QFIIS_DAILY_FOREIGN_INVESTMENT,2026-08-21T09:59:05.591Z
2025-12-08,2330,台積電,25932524521,18887118851,72.83,7045405670,27.16,100,TWSE_MI_QFIIS_DAILY_FOREIGN_INVESTMENT,2026-08-21T09:59:05.591Z
2025-12-08,2454,聯發科,1603912182,915027114,57.04,688885068,42.95,100,TWSE_MI_QFIIS_DAILY_FOREIGN_INVESTMENT,2026-08-21T09:59:05.591Z
2025-12-09,0050,元大台灣50,15734000000,1049735355,6.67,14684264645,93.32,100,TWSE_MI_QFIIS_DAILY_FOREIGN_INVESTMENT,2026-08-21T09:59:05.591Z
2025-12-09,2317,鴻海,13964222294,5375286164,38.49,8588936130,61.5,100,TWSE_MI_QFIIS_DAILY_FOREIGN_INVESTMENT,2026-08-21T09:59:05.591Z
2025-12-09,2330,台積電,25932524521,18883682682,72.81,7048841839,27.18,100,TWSE_MI_QFIIS_DAILY_FOREIGN_INVESTMENT,2026-08-21T09:59:05.591Z
2025-12-09,2454,聯發科,1603912182,914411438,57.01,689500744,42.98,100,TWSE_MI_QFIIS_DAILY_FOREIGN_INVESTMENT,2026-08-21T09:59:05.591Z
2025-12-10,0050,元大台灣50,15737000000,1060439405,6.73,14676560595,93.26,100,TWSE_MI_QFIIS_DAILY_FOREIGN_INVESTMENT,2026-08-21T09:59:05.591Z
2025-12-10,2317,鴻海,13964222294,5374888549,38.49,8589333745,61.5,100,TWSE_MI_QFIIS_DAILY_FOREIGN_INVESTMENT,2026-08-21T09:59:05.591Z
2025-12-10,2330,台積電,25932524521,18893439541,72.85,7039084980,27.14,100,TWSE_MI_QFIIS_DAILY_FOREIGN_INVESTMENT,2026-08-21T09:59:05.591Z
2025-12-10,2454,聯發科,1603912182,917517199,57.2,686394983,42.79,100,TWSE_MI_QFIIS_DAILY_FOREIGN_INVESTMENT,2026-08-21T09:59:05.591Z
2025-12-11,0050,元大台灣50,15729500000,1046519715,6.65,14682980285,93.34,100,TWSE_MI_QFIIS_DAILY_FOREIGN_INVESTMENT,2026-08-21T09:59:05.591Z
2025-12-11,2317,鴻海,13964222294,5358194262,38.37,8606028032,61.62,100,TWSE_MI_QFIIS_DAILY_FOREIGN_INVESTMENT,2026-08-21T09:59:05.591Z
2025-12-11,2330,台積電,25932524521,18891255586,72.84,7041268935,27.15,100,TWSE_MI_QFIIS_DAILY_FOREIGN_INVESTMENT,2026-08-21T09:59:05.591Z
2025-12-11,2454,聯發科,1603912182,914118842,56.99,689793340,43,100,TWSE_MI_QFIIS_DAILY_FOREIGN_INVESTMENT,2026-08-21T09:59:05.591Z
2025-12-12,0050,元大台灣50,15730500000,1035053713,6.57,14695446287,93.42,100,TWSE_MI_QFIIS_DAILY_FOREIGN_INVESTMENT,2026-08-21T09:59:05.591Z
2025-12-12,2317,鴻海,13964222294,5356808477,38.36,8607413817,61.63,100,TWSE_MI_QFIIS_DAILY_FOREIGN_INVESTMENT,2026-08-21T09:59:05.591Z
2025-12-12,2330,台積電,25932524521,18893447819,72.85,7039076702,27.14,100,TWSE_MI_QFIIS_DAILY_FOREIGN_INVESTMENT,2026-08-21T09:59:05.591Z
2025-12-12,2454,聯發科,1603912182,914056672,56.98,689855510,43.01,100,TWSE_MI_QFIIS_DAILY_FOREIGN_INVESTMENT,2026-08-21T09:59:05.591Z
2025-12-15,0050,元大台灣50,15560000000,997818589,6.41,14562181411,93.58,100,TWSE_MI_QFIIS_DAILY_FOREIGN_INVESTMENT,2026-08-21T09:59:05.591Z
2025-12-15,2317,鴻海,13964222294,5338698504,38.23,8625523790,61.76,100,TWSE_MI_QFIIS_DAILY_FOREIGN_INVESTMENT,2026-08-21T09:59:05.591Z
2025-12-15,2330,台積電,25932524521,18875559200,72.78,7056965321,27.21,100,TWSE_MI_QFIIS_DAILY_FOREIGN_INVESTMENT,2026-08-21T09:59:05.591Z
2025-12-15,2454,聯發科,1603912182,915232363,57.06,688679819,42.93,100,TWSE_MI_QFIIS_DAILY_FOREIGN_INVESTMENT,2026-08-21T09:59:05.591Z
2025-12-16,0050,元大台灣50,15653000000,769161997,4.91,14883838003,95.08,100,TWSE_MI_QFIIS_DAILY_FOREIGN_INVESTMENT,2026-08-21T09:59:05.591Z
2025-12-16,2317,鴻海,13964222294,5321159712,38.1,8643062582,61.89,100,TWSE_MI_QFIIS_DAILY_FOREIGN_INVESTMENT,2026-08-21T09:59:05.591Z
2025-12-16,2330,台積電,25932524521,18864813053,72.74,7067711468,27.25,100,TWSE_MI_QFIIS_DAILY_FOREIGN_INVESTMENT,2026-08-21T09:59:05.591Z
2025-12-16,2454,聯發科,1603912182,915534344,57.08,688377838,42.91,100,TWSE_MI_QFIIS_DAILY_FOREIGN_INVESTMENT,2026-08-21T09:59:05.591Z
2025-12-17,0050,元大台灣50,15577500000,715124126,4.59,14862375874,95.4,100,TWSE_MI_QFIIS_DAILY_FOREIGN_INVESTMENT,2026-08-21T09:59:05.591Z
2025-12-17,2317,鴻海,13964222294,5296072837,37.92,8668149457,62.07,100,TWSE_MI_QFIIS_DAILY_FOREIGN_INVESTMENT,2026-08-21T09:59:05.591Z
2025-12-17,2330,台積電,25932524521,18855211909,72.7,7077312612,27.29,100,TWSE_MI_QFIIS_DAILY_FOREIGN_INVESTMENT,2026-08-21T09:59:05.591Z
2025-12-17,2454,聯發科,1603912182,915522614,57.08,688389568,42.91,100,TWSE_MI_QFIIS_DAILY_FOREIGN_INVESTMENT,2026-08-21T09:59:05.591Z
2025-12-18,0050,元大台灣50,15585000000,633472101,4.06,14951527899,95.93,100,TWSE_MI_QFIIS_DAILY_FOREIGN_INVESTMENT,2026-08-21T09:59:05.591Z
2025-12-18,2317,鴻海,13964222294,5303210525,37.97,8661011769,62.02,100,TWSE_MI_QFIIS_DAILY_FOREIGN_INVESTMENT,2026-08-21T09:59:05.591Z
2025-12-18,2330,台積電,25932524521,18850666968,72.69,7081857553,27.3,100,TWSE_MI_QFIIS_DAILY_FOREIGN_INVESTMENT,2026-08-21T09:59:05.591Z
2025-12-18,2454,聯發科,1603912182,914141155,56.99,689771027,43,100,TWSE_MI_QFIIS_DAILY_FOREIGN_INVESTMENT,2026-08-21T09:59:05.591Z
2025-12-19,0050,元大台灣50,15591500000,636735966,4.08,14954764034,95.91,100,TWSE_MI_QFIIS_DAILY_FOREIGN_INVESTMENT,2026-08-21T09:59:05.591Z
2025-12-19,2317,鴻海,13964222294,5311633809,38.03,8652588485,61.96,100,TWSE_MI_QFIIS_DAILY_FOREIGN_INVESTMENT,2026-08-21T09:59:05.591Z
2025-12-19,2330,台積電,25932524521,18851972380,72.69,7080552141,27.3,100,TWSE_MI_QFIIS_DAILY_FOREIGN_INVESTMENT,2026-08-21T09:59:05.591Z
2025-12-19,2454,聯發科,1603912182,912422997,56.88,691489185,43.11,100,TWSE_MI_QFIIS_DAILY_FOREIGN_INVESTMENT,2026-08-21T09:59:05.591Z
2025-12-22,0050,元大台灣50,15544000000,565058796,3.63,14978941204,96.36,100,TWSE_MI_QFIIS_DAILY_FOREIGN_INVESTMENT,2026-08-21T09:59:05.591Z
2025-12-22,2317,鴻海,13964222294,5321173110,38.1,8643049184,61.89,100,TWSE_MI_QFIIS_DAILY_FOREIGN_INVESTMENT,2026-08-21T09:59:05.591Z
2025-12-22,2330,台積電,25932524521,18860883275,72.73,7071641246,27.26,100,TWSE_MI_QFIIS_DAILY_FOREIGN_INVESTMENT,2026-08-21T09:59:05.591Z
2025-12-22,2454,聯發科,1603912182,911351494,56.82,692560688,43.17,100,TWSE_MI_QFIIS_DAILY_FOREIGN_INVESTMENT,2026-08-21T09:59:05.591Z
2025-12-23,0050,元大台灣50,15570500000,629997510,4.04,14940502490,95.95,100,TWSE_MI_QFIIS_DAILY_FOREIGN_INVESTMENT,2026-08-21T09:59:05.591Z
2025-12-23,2317,鴻海,13964222294,5327662410,38.15,8636559884,61.84,100,TWSE_MI_QFIIS_DAILY_FOREIGN_INVESTMENT,2026-08-21T09:59:05.591Z
2025-12-23,2330,台積電,25932524521,18865550066,72.74,7066974455,27.25,100,TWSE_MI_QFIIS_DAILY_FOREIGN_INVESTMENT,2026-08-21T09:59:05.591Z
2025-12-23,2454,聯發科,1603912182,909753308,56.72,694158874,43.27,100,TWSE_MI_QFIIS_DAILY_FOREIGN_INVESTMENT,2026-08-21T09:59:05.591Z
2025-12-24,0050,元大台灣50,15488000000,567059051,3.66,14920940949,96.33,100,TWSE_MI_QFIIS_DAILY_FOREIGN_INVESTMENT,2026-08-21T09:59:05.591Z
2025-12-24,2317,鴻海,13964222294,5327379684,38.15,8636842610,61.84,100,TWSE_MI_QFIIS_DAILY_FOREIGN_INVESTMENT,2026-08-21T09:59:05.591Z
2025-12-24,2330,台積電,25932524521,18865225508,72.74,7067299013,27.25,100,TWSE_MI_QFIIS_DAILY_FOREIGN_INVESTMENT,2026-08-21T09:59:05.591Z
2025-12-24,2454,聯發科,1603912182,908772721,56.65,695139461,43.34,100,TWSE_MI_QFIIS_DAILY_FOREIGN_INVESTMENT,2026-08-21T09:59:05.591Z
2025-12-26,0050,元大台灣50,15470500000,588840846,3.8,14881659154,96.19,100,TWSE_MI_QFIIS_DAILY_FOREIGN_INVESTMENT,2026-08-21T09:59:05.591Z
2025-12-26,2317,鴻海,13964222294,5331728029,38.18,8632494265,61.81,100,TWSE_MI_QFIIS_DAILY_FOREIGN_INVESTMENT,2026-08-21T09:59:05.591Z
2025-12-26,2330,台積電,25932524521,18867304314,72.75,7065220207,27.24,100,TWSE_MI_QFIIS_DAILY_FOREIGN_INVESTMENT,2026-08-21T09:59:05.591Z
2025-12-26,2454,聯發科,1603912182,907690770,56.59,696221412,43.4,100,TWSE_MI_QFIIS_DAILY_FOREIGN_INVESTMENT,2026-08-21T09:59:05.591Z
2025-12-29,0050,元大台灣50,15468000000,617654129,3.99,14850345871,96,100,TWSE_MI_QFIIS_DAILY_FOREIGN_INVESTMENT,2026-08-21T09:59:05.591Z
2025-12-29,2317,鴻海,13964222294,5342434505,38.25,8621787789,61.74,100,TWSE_MI_QFIIS_DAILY_FOREIGN_INVESTMENT,2026-08-21T09:59:05.591Z
2025-12-29,2330,台積電,25932524521,18870444982,72.76,7062079539,27.23,100,TWSE_MI_QFIIS_DAILY_FOREIGN_INVESTMENT,2026-08-21T09:59:05.591Z
2025-12-29,2454,聯發科,1603912182,907014202,56.55,696897980,43.44,100,TWSE_MI_QFIIS_DAILY_FOREIGN_INVESTMENT,2026-08-21T09:59:05.591Z
2025-12-30,0050,元大台灣50,15467000000,620020323,4,14846979677,95.99,100,TWSE_MI_QFIIS_DAILY_FOREIGN_INVESTMENT,2026-08-21T09:59:05.591Z
2025-12-30,2317,鴻海,13964222294,5336938262,38.21,8627284032,61.78,100,TWSE_MI_QFIIS_DAILY_FOREIGN_INVESTMENT,2026-08-21T09:59:05.591Z
2025-12-30,2330,台積電,25932524521,18866543312,72.75,7065981209,27.24,100,TWSE_MI_QFIIS_DAILY_FOREIGN_INVESTMENT,2026-08-21T09:59:05.591Z
2025-12-30,2454,聯發科,1603912182,906181518,56.49,697730664,43.5,100,TWSE_MI_QFIIS_DAILY_FOREIGN_INVESTMENT,2026-08-21T09:59:05.591Z
2025-12-31,0050,元大台灣50,15460000000,641977231,4.15,14818022769,95.84,100,TWSE_MI_QFIIS_DAILY_FOREIGN_INVESTMENT,2026-08-21T09:59:05.591Z
2025-12-31,2317,鴻海,13964222294,5351343738,38.32,8612878556,61.67,100,TWSE_MI_QFIIS_DAILY_FOREIGN_INVESTMENT,2026-08-21T09:59:05.591Z
2025-12-31,2330,台積電,25932524521,18869309373,72.76,7063215148,27.23,100,TWSE_MI_QFIIS_DAILY_FOREIGN_INVESTMENT,2026-08-21T09:59:05.591Z
2025-12-31,2454,聯發科,1603912182,906737867,56.53,697174315,43.46,100,TWSE_MI_QFIIS_DAILY_FOREIGN_INVESTMENT,2026-08-21T09:59:05.591Z
2026-01-02,0050,元大台灣50,15441000000,611548387,3.96,14829451613,96.03,100,TWSE_MI_QFIIS_DAILY_FOREIGN_INVESTMENT,2026-08-21T09:59:05.591Z
2026-01-02,2317,鴻海,13964222294,5364159919,38.41,8600062375,61.58,100,TWSE_MI_QFIIS_DAILY_FOREIGN_INVESTMENT,2026-08-21T09:59:05.591Z
2026-01-02,2330,台積電,25932524521,18865621494,72.74,7066903027,27.25,100,TWSE_MI_QFIIS_DAILY_FOREIGN_INVESTMENT,2026-08-21T09:59:05.591Z
2026-01-02,2454,聯發科,1603912182,906792749,56.53,697119433,43.46,100,TWSE_MI_QFIIS_DAILY_FOREIGN_INVESTMENT,2026-08-21T09:59:05.591Z
2026-01-05,0050,元大台灣50,15450500000,562932149,3.64,14887567851,96.35,100,TWSE_MI_QFIIS_DAILY_FOREIGN_INVESTMENT,2026-08-21T09:59:05.591Z
2026-01-05,2317,鴻海,13964222294,5368143522,38.44,8596078772,61.55,100,TWSE_MI_QFIIS_DAILY_FOREIGN_INVESTMENT,2026-08-21T09:59:05.591Z
2026-01-05,2330,台積電,25932524521,18860313140,72.72,7072211381,27.27,100,TWSE_MI_QFIIS_DAILY_FOREIGN_INVESTMENT,2026-08-21T09:59:05.591Z
2026-01-05,2454,聯發科,1603912182,907081331,56.55,696830851,43.44,100,TWSE_MI_QFIIS_DAILY_FOREIGN_INVESTMENT,2026-08-21T09:59:05.591Z
2026-01-06,0050,元大台灣50,15438500000,513631609,3.32,14924868391,96.67,100,TWSE_MI_QFIIS_DAILY_FOREIGN_INVESTMENT,2026-08-21T09:59:05.591Z
2026-01-06,2317,鴻海,13964222294,5355466924,38.35,8608755370,61.64,100,TWSE_MI_QFIIS_DAILY_FOREIGN_INVESTMENT,2026-08-21T09:59:05.591Z
2026-01-06,2330,台積電,25932524521,18852507223,72.69,7080017298,27.3,100,TWSE_MI_QFIIS_DAILY_FOREIGN_INVESTMENT,2026-08-21T09:59:05.591Z
2026-01-06,2454,聯發科,1603912182,903732240,56.34,700179942,43.65,100,TWSE_MI_QFIIS_DAILY_FOREIGN_INVESTMENT,2026-08-21T09:59:05.591Z
2026-01-07,0050,元大台灣50,15442000000,484816255,3.13,14957183745,96.86,100,TWSE_MI_QFIIS_DAILY_FOREIGN_INVESTMENT,2026-08-21T09:59:05.591Z
2026-01-07,2317,鴻海,13964222294,5346579757,38.28,8617642537,61.71,100,TWSE_MI_QFIIS_DAILY_FOREIGN_INVESTMENT,2026-08-21T09:59:05.591Z
2026-01-07,2330,台積電,25932524521,18826115777,72.59,7106408744,27.4,100,TWSE_MI_QFIIS_DAILY_FOREIGN_INVESTMENT,2026-08-21T09:59:05.591Z
2026-01-07,2454,聯發科,1603912182,903196709,56.31,700715473,43.68,100,TWSE_MI_QFIIS_DAILY_FOREIGN_INVESTMENT,2026-08-21T09:59:05.591Z
2026-01-08,0050,元大台灣50,15547500000,539401843,3.46,15008098157,96.53,100,TWSE_MI_QFIIS_DAILY_FOREIGN_INVESTMENT,2026-08-21T09:59:05.591Z
2026-01-08,2317,鴻海,13964222294,5310032368,38.02,8654189926,61.97,100,TWSE_MI_QFIIS_DAILY_FOREIGN_INVESTMENT,2026-08-21T09:59:05.591Z
2026-01-08,2330,台積電,25932524521,18820881940,72.57,7111642581,27.42,100,TWSE_MI_QFIIS_DAILY_FOREIGN_INVESTMENT,2026-08-21T09:59:05.591Z
2026-01-08,2454,聯發科,1603912182,902003144,56.23,701909038,43.76,100,TWSE_MI_QFIIS_DAILY_FOREIGN_INVESTMENT,2026-08-21T09:59:05.591Z
2026-01-09,0050,元大台灣50,15561500000,554348702,3.56,15007151298,96.43,100,TWSE_MI_QFIIS_DAILY_FOREIGN_INVESTMENT,2026-08-21T09:59:05.591Z
2026-01-09,2317,鴻海,13964222294,5308847476,38.01,8655374818,61.98,100,TWSE_MI_QFIIS_DAILY_FOREIGN_INVESTMENT,2026-08-21T09:59:05.591Z
2026-01-09,2330,台積電,25932524521,18807812274,72.52,7124712247,27.47,100,TWSE_MI_QFIIS_DAILY_FOREIGN_INVESTMENT,2026-08-21T09:59:05.591Z
2026-01-09,2454,聯發科,1603912182,901035858,56.17,702876324,43.82,100,TWSE_MI_QFIIS_DAILY_FOREIGN_INVESTMENT,2026-08-21T09:59:05.591Z
2026-01-12,0050,元大台灣50,15571500000,539045880,3.46,15032454120,96.53,100,TWSE_MI_QFIIS_DAILY_FOREIGN_INVESTMENT,2026-08-21T09:59:05.591Z
2026-01-12,2317,鴻海,13964222294,5299318698,37.94,8664903596,62.05,100,TWSE_MI_QFIIS_DAILY_FOREIGN_INVESTMENT,2026-08-21T09:59:05.591Z
2026-01-12,2330,台積電,25932524521,18797552645,72.48,7134971876,27.51,100,TWSE_MI_QFIIS_DAILY_FOREIGN_INVESTMENT,2026-08-21T09:59:05.591Z
2026-01-12,2454,聯發科,1603912182,901127294,56.18,702784888,43.81,100,TWSE_MI_QFIIS_DAILY_FOREIGN_INVESTMENT,2026-08-21T09:59:05.591Z
2026-01-13,0050,元大台灣50,15586500000,532643458,3.41,15053856542,96.58,100,TWSE_MI_QFIIS_DAILY_FOREIGN_INVESTMENT,2026-08-21T09:59:05.591Z
2026-01-13,2317,鴻海,13964222294,5292677947,37.9,8671544347,62.09,100,TWSE_MI_QFIIS_DAILY_FOREIGN_INVESTMENT,2026-08-21T09:59:05.591Z
2026-01-13,2330,台積電,25932524521,18794215154,72.47,7138309367,27.52,100,TWSE_MI_QFIIS_DAILY_FOREIGN_INVESTMENT,2026-08-21T09:59:05.591Z
2026-01-13,2454,聯發科,1603912182,905359815,56.44,698552367,43.55,100,TWSE_MI_QFIIS_DAILY_FOREIGN_INVESTMENT,2026-08-21T09:59:05.591Z
2026-01-14,0050,元大台灣50,15609500000,525589431,3.36,15083910569,96.63,100,TWSE_MI_QFIIS_DAILY_FOREIGN_INVESTMENT,2026-08-21T09:59:05.591Z
2026-01-14,2317,鴻海,13964222294,5319140039,38.09,8645082255,61.9,100,TWSE_MI_QFIIS_DAILY_FOREIGN_INVESTMENT,2026-08-21T09:59:05.591Z
2026-01-14,2330,台積電,25932524521,18788910694,72.45,7143613827,27.54,100,TWSE_MI_QFIIS_DAILY_FOREIGN_INVESTMENT,2026-08-21T09:59:05.591Z
2026-01-14,2454,聯發科,1603912182,906292758,56.5,697619424,43.49,100,TWSE_MI_QFIIS_DAILY_FOREIGN_INVESTMENT,2026-08-21T09:59:05.591Z
2026-01-15,0050,元大台灣50,15629000000,510775481,3.26,15118224519,96.73,100,TWSE_MI_QFIIS_DAILY_FOREIGN_INVESTMENT,2026-08-21T09:59:05.591Z
2026-01-15,2317,鴻海,13964222294,5321349651,38.1,8642872643,61.89,100,TWSE_MI_QFIIS_DAILY_FOREIGN_INVESTMENT,2026-08-21T09:59:05.591Z
2026-01-15,2330,台積電,25932524521,18778560264,72.41,7153964257,27.58,100,TWSE_MI_QFIIS_DAILY_FOREIGN_INVESTMENT,2026-08-21T09:59:05.591Z
2026-01-15,2454,聯發科,1603912182,908049556,56.61,695862626,43.38,100,TWSE_MI_QFIIS_DAILY_FOREIGN_INVESTMENT,2026-08-21T09:59:05.591Z
2026-01-16,0050,元大台灣50,15655000000,503866070,3.21,15151133930,96.78,100,TWSE_MI_QFIIS_DAILY_FOREIGN_INVESTMENT,2026-08-21T09:59:05.591Z
2026-01-16,2317,鴻海,13964222294,5329467622,38.16,8634754672,61.83,100,TWSE_MI_QFIIS_DAILY_FOREIGN_INVESTMENT,2026-08-21T09:59:05.591Z
2026-01-16,2330,台積電,25932524521,18788662951,72.45,7143861570,27.54,100,TWSE_MI_QFIIS_DAILY_FOREIGN_INVESTMENT,2026-08-21T09:59:05.591Z
2026-01-16,2454,聯發科,1603912182,910972858,56.79,692939324,43.2,100,TWSE_MI_QFIIS_DAILY_FOREIGN_INVESTMENT,2026-08-21T09:59:05.591Z
2026-01-19,0050,元大台灣50,15659000000,470963247,3,15188036753,96.99,100,TWSE_MI_QFIIS_DAILY_FOREIGN_INVESTMENT,2026-08-21T09:59:05.591Z
2026-01-19,2317,鴻海,13964222294,5310759484,38.03,8653462810,61.96,100,TWSE_MI_QFIIS_DAILY_FOREIGN_INVESTMENT,2026-08-21T09:59:05.591Z
2026-01-19,2330,台積電,25932524521,18780983904,72.42,7151540617,27.57,100,TWSE_MI_QFIIS_DAILY_FOREIGN_INVESTMENT,2026-08-21T09:59:05.591Z
2026-01-19,2454,聯發科,1603912182,910008541,56.73,693903641,43.26,100,TWSE_MI_QFIIS_DAILY_FOREIGN_INVESTMENT,2026-08-21T09:59:05.591Z
2026-01-20,0050,元大台灣50,15698000000,434337145,2.76,15263662855,97.23,100,TWSE_MI_QFIIS_DAILY_FOREIGN_INVESTMENT,2026-08-21T09:59:05.591Z
2026-01-20,2317,鴻海,13964222294,5285297314,37.84,8678924980,62.15,100,TWSE_MI_QFIIS_DAILY_FOREIGN_INVESTMENT,2026-08-21T09:59:05.591Z
2026-01-20,2330,台積電,25932524521,18775891642,72.4,7156632879,27.59,100,TWSE_MI_QFIIS_DAILY_FOREIGN_INVESTMENT,2026-08-21T09:59:05.591Z
2026-01-20,2454,聯發科,1603912182,910461743,56.76,693450439,43.23,100,TWSE_MI_QFIIS_DAILY_FOREIGN_INVESTMENT,2026-08-21T09:59:05.591Z
2026-01-21,0050,元大台灣50,15662500000,380534464,2.42,15281965536,97.57,100,TWSE_MI_QFIIS_DAILY_FOREIGN_INVESTMENT,2026-08-21T09:59:05.591Z
2026-01-21,2317,鴻海,13964222294,5264158513,37.69,8700063781,62.3,100,TWSE_MI_QFIIS_DAILY_FOREIGN_INVESTMENT,2026-08-21T09:59:05.591Z
2026-01-21,2330,台積電,25932524521,18757870430,72.33,7174654091,27.66,100,TWSE_MI_QFIIS_DAILY_FOREIGN_INVESTMENT,2026-08-21T09:59:05.591Z
2026-01-21,2454,聯發科,1603912182,910506523,56.76,693405659,43.23,100,TWSE_MI_QFIIS_DAILY_FOREIGN_INVESTMENT,2026-08-21T09:59:05.591Z
2026-01-22,0050,元大台灣50,15742000000,393513672,2.49,15348486328,97.5,100,TWSE_MI_QFIIS_DAILY_FOREIGN_INVESTMENT,2026-08-21T09:59:05.591Z
2026-01-22,2317,鴻海,13964222294,5275780421,37.78,8688441873,62.21,100,TWSE_MI_QFIIS_DAILY_FOREIGN_INVESTMENT,2026-08-21T09:59:05.591Z
2026-01-22,2330,台積電,25932524521,18751544768,72.3,7180979753,27.69,100,TWSE_MI_QFIIS_DAILY_FOREIGN_INVESTMENT,2026-08-21T09:59:05.591Z
2026-01-22,2454,聯發科,1603912182,911691722,56.84,692220460,43.15,100,TWSE_MI_QFIIS_DAILY_FOREIGN_INVESTMENT,2026-08-21T09:59:05.591Z
2026-01-23,0050,元大台灣50,15783500000,398166473,2.52,15385333527,97.47,100,TWSE_MI_QFIIS_DAILY_FOREIGN_INVESTMENT,2026-08-21T09:59:05.591Z
2026-01-23,2317,鴻海,13964222294,5265853975,37.7,8698368319,62.29,100,TWSE_MI_QFIIS_DAILY_FOREIGN_INVESTMENT,2026-08-21T09:59:05.591Z
2026-01-23,2330,台積電,25932524521,18746444552,72.28,7186079969,27.71,100,TWSE_MI_QFIIS_DAILY_FOREIGN_INVESTMENT,2026-08-21T09:59:05.591Z
2026-01-23,2454,聯發科,1603912182,921208009,57.43,682704173,42.56,100,TWSE_MI_QFIIS_DAILY_FOREIGN_INVESTMENT,2026-08-21T09:59:05.591Z
2026-01-26,0050,元大台灣50,15815500000,455811634,2.88,15359688366,97.11,100,TWSE_MI_QFIIS_DAILY_FOREIGN_INVESTMENT,2026-08-21T09:59:05.591Z
2026-01-26,2317,鴻海,13964222294,5264691444,37.7,8699530850,62.29,100,TWSE_MI_QFIIS_DAILY_FOREIGN_INVESTMENT,2026-08-21T09:59:05.591Z
2026-01-26,2330,台積電,25932524521,18741976608,72.27,7190547913,27.72,100,TWSE_MI_QFIIS_DAILY_FOREIGN_INVESTMENT,2026-08-21T09:59:05.591Z
2026-01-26,2454,聯發科,1603912182,922589860,57.52,681322322,42.47,100,TWSE_MI_QFIIS_DAILY_FOREIGN_INVESTMENT,2026-08-21T09:59:05.591Z
2026-01-27,0050,元大台灣50,15836000000,459526846,2.9,15376473154,97.09,100,TWSE_MI_QFIIS_DAILY_FOREIGN_INVESTMENT,2026-08-21T09:59:05.591Z
2026-01-27,2317,鴻海,13964222294,5270798185,37.74,8693424109,62.25,100,TWSE_MI_QFIIS_DAILY_FOREIGN_INVESTMENT,2026-08-21T09:59:05.591Z
2026-01-27,2330,台積電,25932524521,18748677915,72.29,7183846606,27.7,100,TWSE_MI_QFIIS_DAILY_FOREIGN_INVESTMENT,2026-08-21T09:59:05.591Z
2026-01-27,2454,聯發科,1603912182,923739007,57.59,680173175,42.4,100,TWSE_MI_QFIIS_DAILY_FOREIGN_INVESTMENT,2026-08-21T09:59:05.591Z
2026-01-28,0050,元大台灣50,15863000000,472034031,2.97,15390965969,97.02,100,TWSE_MI_QFIIS_DAILY_FOREIGN_INVESTMENT,2026-08-21T09:59:05.591Z
2026-01-28,2317,鴻海,13964222294,5266810725,37.71,8697411569,62.28,100,TWSE_MI_QFIIS_DAILY_FOREIGN_INVESTMENT,2026-08-21T09:59:05.591Z
2026-01-28,2330,台積電,25932524521,18755187414,72.32,7177337107,27.67,100,TWSE_MI_QFIIS_DAILY_FOREIGN_INVESTMENT,2026-08-21T09:59:05.591Z
2026-01-28,2454,聯發科,1603912182,921751215,57.46,682160967,42.53,100,TWSE_MI_QFIIS_DAILY_FOREIGN_INVESTMENT,2026-08-21T09:59:05.591Z
2026-01-29,0050,元大台灣50,15903000000,427748603,2.68,15475251397,97.31,100,TWSE_MI_QFIIS_DAILY_FOREIGN_INVESTMENT,2026-08-21T09:59:05.591Z
2026-01-29,2317,鴻海,13964222294,5280332729,37.81,8683889565,62.18,100,TWSE_MI_QFIIS_DAILY_FOREIGN_INVESTMENT,2026-08-21T09:59:05.591Z
2026-01-29,2330,台積電,25932524521,18746383952,72.28,7186140569,27.71,100,TWSE_MI_QFIIS_DAILY_FOREIGN_INVESTMENT,2026-08-21T09:59:05.591Z
2026-01-29,2454,聯發科,1603912182,924231880,57.62,679680302,42.37,100,TWSE_MI_QFIIS_DAILY_FOREIGN_INVESTMENT,2026-08-21T09:59:05.591Z
2026-01-30,0050,元大台灣50,15939500000,396709588,2.48,15542790412,97.51,100,TWSE_MI_QFIIS_DAILY_FOREIGN_INVESTMENT,2026-08-21T09:59:05.591Z
2026-01-30,2317,鴻海,13964222294,5266466151,37.71,8697756143,62.28,100,TWSE_MI_QFIIS_DAILY_FOREIGN_INVESTMENT,2026-08-21T09:59:05.591Z
2026-01-30,2330,台積電,25932524521,18731748711,72.23,7200775810,27.76,100,TWSE_MI_QFIIS_DAILY_FOREIGN_INVESTMENT,2026-08-21T09:59:05.591Z
2026-01-30,2454,聯發科,1603912182,923684196,57.58,680227986,42.41,100,TWSE_MI_QFIIS_DAILY_FOREIGN_INVESTMENT,2026-08-21T09:59:05.591Z
2026-02-02,0050,元大台灣50,15973000000,388606552,2.43,15584393448,97.56,100,TWSE_MI_QFIIS_DAILY_FOREIGN_INVESTMENT,2026-08-21T09:59:05.591Z
2026-02-02,2317,鴻海,13964222294,5244878732,37.55,8719343562,62.44,100,TWSE_MI_QFIIS_DAILY_FOREIGN_INVESTMENT,2026-08-21T09:59:05.591Z
2026-02-02,2330,台積電,25932524521,18720858332,72.19,7211666189,27.8,100,TWSE_MI_QFIIS_DAILY_FOREIGN_INVESTMENT,2026-08-21T09:59:05.591Z
2026-02-02,2454,聯發科,1603912182,921059881,57.42,682852301,42.57,100,TWSE_MI_QFIIS_DAILY_FOREIGN_INVESTMENT,2026-08-21T09:59:05.591Z
2026-02-03,0050,元大台灣50,16044500000,435192957,2.71,15609307043,97.28,100,TWSE_MI_QFIIS_DAILY_FOREIGN_INVESTMENT,2026-08-21T09:59:05.591Z
2026-02-03,2317,鴻海,13964222294,5247884092,37.58,8716338202,62.41,100,TWSE_MI_QFIIS_DAILY_FOREIGN_INVESTMENT,2026-08-21T09:59:05.591Z
2026-02-03,2330,台積電,25932524521,18717492575,72.17,7215031946,27.82,100,TWSE_MI_QFIIS_DAILY_FOREIGN_INVESTMENT,2026-08-21T09:59:05.591Z
2026-02-03,2454,聯發科,1603912182,922064878,57.48,681847304,42.51,100,TWSE_MI_QFIIS_DAILY_FOREIGN_INVESTMENT,2026-08-21T09:59:05.591Z
2026-02-04,0050,元大台灣50,16049500000,483419750,3.01,15566080250,96.98,100,TWSE_MI_QFIIS_DAILY_FOREIGN_INVESTMENT,2026-08-21T09:59:05.591Z
2026-02-04,2317,鴻海,13964222294,5250815864,37.6,8713406430,62.39,100,TWSE_MI_QFIIS_DAILY_FOREIGN_INVESTMENT,2026-08-21T09:59:05.591Z
2026-02-04,2330,台積電,25932524521,18706406774,72.13,7226117747,27.86,100,TWSE_MI_QFIIS_DAILY_FOREIGN_INVESTMENT,2026-08-21T09:59:05.591Z
2026-02-04,2454,聯發科,1603912182,921857592,57.47,682054590,42.52,100,TWSE_MI_QFIIS_DAILY_FOREIGN_INVESTMENT,2026-08-21T09:59:05.591Z
2026-02-05,0050,元大台灣50,16062500000,445856549,2.77,15616643451,97.22,100,TWSE_MI_QFIIS_DAILY_FOREIGN_INVESTMENT,2026-08-21T09:59:05.591Z
2026-02-05,2317,鴻海,13964222294,5243345640,37.54,8720876654,62.45,100,TWSE_MI_QFIIS_DAILY_FOREIGN_INVESTMENT,2026-08-21T09:59:05.591Z
2026-02-05,2330,台積電,25932524521,18696429312,72.09,7236095209,27.9,100,TWSE_MI_QFIIS_DAILY_FOREIGN_INVESTMENT,2026-08-21T09:59:05.591Z
2026-02-05,2454,聯發科,1603912182,922273129,57.5,681639053,42.49,100,TWSE_MI_QFIIS_DAILY_FOREIGN_INVESTMENT,2026-08-21T09:59:05.591Z
2026-02-06,0050,元大台灣50,16132000000,422255180,2.61,15709744820,97.38,100,TWSE_MI_QFIIS_DAILY_FOREIGN_INVESTMENT,2026-08-21T09:59:05.591Z
2026-02-06,2317,鴻海,13964222294,5241014195,37.53,8723208099,62.46,100,TWSE_MI_QFIIS_DAILY_FOREIGN_INVESTMENT,2026-08-21T09:59:05.591Z
2026-02-06,2330,台積電,25932524521,18689792410,72.07,7242732111,27.92,100,TWSE_MI_QFIIS_DAILY_FOREIGN_INVESTMENT,2026-08-21T09:59:05.591Z
2026-02-06,2454,聯發科,1603912182,918552233,57.26,685359949,42.73,100,TWSE_MI_QFIIS_DAILY_FOREIGN_INVESTMENT,2026-08-21T09:59:05.591Z
2026-02-09,0050,元大台灣50,16154000000,525550262,3.25,15628449738,96.74,100,TWSE_MI_QFIIS_DAILY_FOREIGN_INVESTMENT,2026-08-21T09:59:05.591Z
2026-02-09,2317,鴻海,13964222294,5246539639,37.57,8717682655,62.42,100,TWSE_MI_QFIIS_DAILY_FOREIGN_INVESTMENT,2026-08-21T09:59:05.591Z
2026-02-09,2330,台積電,25932524521,18691033195,72.07,7241491326,27.92,100,TWSE_MI_QFIIS_DAILY_FOREIGN_INVESTMENT,2026-08-21T09:59:05.591Z
2026-02-09,2454,聯發科,1603912182,922527280,57.51,681384902,42.48,100,TWSE_MI_QFIIS_DAILY_FOREIGN_INVESTMENT,2026-08-21T09:59:05.591Z
2026-02-10,0050,元大台灣50,16147000000,495973263,3.07,15651026737,96.92,100,TWSE_MI_QFIIS_DAILY_FOREIGN_INVESTMENT,2026-08-21T09:59:05.591Z
2026-02-10,2317,鴻海,13964222294,5265009757,37.7,8699212537,62.29,100,TWSE_MI_QFIIS_DAILY_FOREIGN_INVESTMENT,2026-08-21T09:59:05.591Z
2026-02-10,2330,台積電,25932524521,18703408102,72.12,7229116419,27.87,100,TWSE_MI_QFIIS_DAILY_FOREIGN_INVESTMENT,2026-08-21T09:59:05.591Z
2026-02-10,2454,聯發科,1603912182,922437646,57.51,681474536,42.48,100,TWSE_MI_QFIIS_DAILY_FOREIGN_INVESTMENT,2026-08-21T09:59:05.591Z
2026-02-11,0050,元大台灣50,16191000000,494963563,3.05,15696036437,96.94,100,TWSE_MI_QFIIS_DAILY_FOREIGN_INVESTMENT,2026-08-21T09:59:05.591Z
2026-02-11,2317,鴻海,13964222294,5296328186,37.92,8667894108,62.07,100,TWSE_MI_QFIIS_DAILY_FOREIGN_INVESTMENT,2026-08-21T09:59:05.591Z
2026-02-11,2330,台積電,25932524521,18699092609,72.1,7233431912,27.89,100,TWSE_MI_QFIIS_DAILY_FOREIGN_INVESTMENT,2026-08-21T09:59:05.591Z
2026-02-11,2454,聯發科,1603912182,922223351,57.49,681688831,42.5,100,TWSE_MI_QFIIS_DAILY_FOREIGN_INVESTMENT,2026-08-21T09:59:05.591Z
2026-02-12,0050,元大台灣50,16191000000,524961163,3.24,15666038837,96.75,100,TWSE_MI_QFIIS_DAILY_FOREIGN_INVESTMENT,2026-08-21T09:59:05.591Z
2026-02-12,2317,鴻海,13964222294,5295937826,37.92,8668284468,62.07,100,TWSE_MI_QFIIS_DAILY_FOREIGN_INVESTMENT,2026-08-21T09:59:05.591Z
2026-02-12,2330,台積電,25932524521,18698312369,72.1,7234212152,27.89,100,TWSE_MI_QFIIS_DAILY_FOREIGN_INVESTMENT,2026-08-21T09:59:05.591Z
2026-02-12,2454,聯發科,1603912182,922176311,57.49,681735871,42.5,100,TWSE_MI_QFIIS_DAILY_FOREIGN_INVESTMENT,2026-08-21T09:59:05.591Z
2026-02-13,0050,元大台灣50,16191000000,524961163,3.24,15666038837,96.75,100,TWSE_MI_QFIIS_DAILY_FOREIGN_INVESTMENT,2026-08-21T09:59:05.591Z
2026-02-13,2317,鴻海,13964222294,5295937826,37.92,8668284468,62.07,100,TWSE_MI_QFIIS_DAILY_FOREIGN_INVESTMENT,2026-08-21T09:59:05.591Z
2026-02-13,2330,台積電,25932524521,18698312369,72.1,7234212152,27.89,100,TWSE_MI_QFIIS_DAILY_FOREIGN_INVESTMENT,2026-08-21T09:59:05.591Z
2026-02-13,2454,聯發科,1603912182,922176311,57.49,681735871,42.5,100,TWSE_MI_QFIIS_DAILY_FOREIGN_INVESTMENT,2026-08-21T09:59:05.591Z
2026-02-23,0050,元大台灣50,16218000000,489369132,3.01,15728630868,96.98,100,TWSE_MI_QFIIS_DAILY_FOREIGN_INVESTMENT,2026-08-21T09:59:05.591Z
2026-02-23,2317,鴻海,13964222294,5305038543,37.99,8659183751,62,100,TWSE_MI_QFIIS_DAILY_FOREIGN_INVESTMENT,2026-08-21T09:59:05.591Z
2026-02-23,2330,台積電,25932524521,18680508621,72.03,7252015900,27.96,100,TWSE_MI_QFIIS_DAILY_FOREIGN_INVESTMENT,2026-08-21T09:59:05.591Z
2026-02-23,2454,聯發科,1603912182,917207385,57.18,686704797,42.81,100,TWSE_MI_QFIIS_DAILY_FOREIGN_INVESTMENT,2026-08-21T09:59:05.591Z
2026-02-24,0050,元大台灣50,16262500000,463610718,2.85,15798889282,97.14,100,TWSE_MI_QFIIS_DAILY_FOREIGN_INVESTMENT,2026-08-21T09:59:05.591Z
2026-02-24,2317,鴻海,13964222294,5341822502,38.25,8622399792,61.74,100,TWSE_MI_QFIIS_DAILY_FOREIGN_INVESTMENT,2026-08-21T09:59:05.591Z
2026-02-24,2330,台積電,25932524521,18687393916,72.06,7245130605,27.93,100,TWSE_MI_QFIIS_DAILY_FOREIGN_INVESTMENT,2026-08-21T09:59:05.591Z
2026-02-24,2454,聯發科,1603912182,918508826,57.26,685403356,42.73,100,TWSE_MI_QFIIS_DAILY_FOREIGN_INVESTMENT,2026-08-21T09:59:05.591Z
2026-02-25,0050,元大台灣50,16323500000,472139262,2.89,15851360738,97.1,100,TWSE_MI_QFIIS_DAILY_FOREIGN_INVESTMENT,2026-08-21T09:59:05.591Z
2026-02-25,2317,鴻海,13964222294,5403539812,38.69,8560682482,61.3,100,TWSE_MI_QFIIS_DAILY_FOREIGN_INVESTMENT,2026-08-21T09:59:05.591Z
2026-02-25,2330,台積電,25932524521,18683192613,72.04,7249331908,27.95,100,TWSE_MI_QFIIS_DAILY_FOREIGN_INVESTMENT,2026-08-21T09:59:05.591Z
2026-02-25,2454,聯發科,1603912182,921572963,57.45,682339219,42.54,100,TWSE_MI_QFIIS_DAILY_FOREIGN_INVESTMENT,2026-08-21T09:59:05.591Z
2026-02-26,0050,元大台灣50,16452500000,451709135,2.74,16000790865,97.25,100,TWSE_MI_QFIIS_DAILY_FOREIGN_INVESTMENT,2026-08-21T09:59:05.591Z
2026-02-26,2317,鴻海,13964222294,5383927075,38.55,8580295219,61.44,100,TWSE_MI_QFIIS_DAILY_FOREIGN_INVESTMENT,2026-08-21T09:59:05.591Z
2026-02-26,2330,台積電,25932524521,18665620619,71.97,7266903902,28.02,100,TWSE_MI_QFIIS_DAILY_FOREIGN_INVESTMENT,2026-08-21T09:59:05.591Z
2026-02-26,2454,聯發科,1603904290,922468385,57.51,681435905,42.48,100,TWSE_MI_QFIIS_DAILY_FOREIGN_INVESTMENT,2026-08-21T09:59:05.591Z
2026-03-02,0050,元大台灣50,16540000000,472258037,2.85,16067741963,97.14,100,TWSE_MI_QFIIS_DAILY_FOREIGN_INVESTMENT,2026-08-21T09:59:05.591Z
2026-03-02,2317,鴻海,13964222294,5395926693,38.64,8568295601,61.35,100,TWSE_MI_QFIIS_DAILY_FOREIGN_INVESTMENT,2026-08-21T09:59:05.591Z
2026-03-02,2330,台積電,25932524521,18643625259,71.89,7288899262,28.1,100,TWSE_MI_QFIIS_DAILY_FOREIGN_INVESTMENT,2026-08-21T09:59:05.591Z
2026-03-02,2454,聯發科,1603904290,921554052,57.45,682350238,42.54,100,TWSE_MI_QFIIS_DAILY_FOREIGN_INVESTMENT,2026-08-21T09:59:05.591Z
2026-03-03,0050,元大台灣50,16634500000,435761669,2.61,16198738331,97.38,100,TWSE_MI_QFIIS_DAILY_FOREIGN_INVESTMENT,2026-08-21T09:59:05.591Z
2026-03-03,2317,鴻海,13964222294,5374970700,38.49,8589251594,61.5,100,TWSE_MI_QFIIS_DAILY_FOREIGN_INVESTMENT,2026-08-21T09:59:05.591Z
2026-03-03,2330,台積電,25932524521,18619872091,71.8,7312652430,28.19,100,TWSE_MI_QFIIS_DAILY_FOREIGN_INVESTMENT,2026-08-21T09:59:05.591Z
2026-03-03,2454,聯發科,1603904290,918016378,57.23,685887912,42.76,100,TWSE_MI_QFIIS_DAILY_FOREIGN_INVESTMENT,2026-08-21T09:59:05.591Z
2026-03-04,0050,元大台灣50,16993500000,443391700,2.6,16550108300,97.39,100,TWSE_MI_QFIIS_DAILY_FOREIGN_INVESTMENT,2026-08-21T09:59:05.591Z
2026-03-04,2317,鴻海,13964222294,5338579148,38.23,8625643146,61.76,100,TWSE_MI_QFIIS_DAILY_FOREIGN_INVESTMENT,2026-08-21T09:59:05.591Z
2026-03-04,2330,台積電,25932524521,18586949144,71.67,7345575377,28.32,100,TWSE_MI_QFIIS_DAILY_FOREIGN_INVESTMENT,2026-08-21T09:59:05.591Z
2026-03-04,2454,聯發科,1603904290,914733051,57.03,689171239,42.96,100,TWSE_MI_QFIIS_DAILY_FOREIGN_INVESTMENT,2026-08-21T09:59:05.591Z
2026-03-05,0050,元大台灣50,17122500000,561696885,3.28,16560803115,96.71,100,TWSE_MI_QFIIS_DAILY_FOREIGN_INVESTMENT,2026-08-21T09:59:05.591Z
2026-03-05,2317,鴻海,13964222294,5340093578,38.24,8624128716,61.75,100,TWSE_MI_QFIIS_DAILY_FOREIGN_INVESTMENT,2026-08-21T09:59:05.591Z
2026-03-05,2330,台積電,25932524521,18572138371,71.61,7360386150,28.38,100,TWSE_MI_QFIIS_DAILY_FOREIGN_INVESTMENT,2026-08-21T09:59:05.591Z
2026-03-05,2454,聯發科,1603904290,912549812,56.89,691354478,43.1,100,TWSE_MI_QFIIS_DAILY_FOREIGN_INVESTMENT,2026-08-21T09:59:05.591Z
2026-03-06,0050,元大台灣50,17213000000,581296120,3.37,16631703880,96.62,100,TWSE_MI_QFIIS_DAILY_FOREIGN_INVESTMENT,2026-08-21T09:59:05.591Z
2026-03-06,2317,鴻海,13964222294,5334817608,38.2,8629404686,61.79,100,TWSE_MI_QFIIS_DAILY_FOREIGN_INVESTMENT,2026-08-21T09:59:05.591Z
2026-03-06,2330,台積電,25932524521,18558912783,71.56,7373611738,28.43,100,TWSE_MI_QFIIS_DAILY_FOREIGN_INVESTMENT,2026-08-21T09:59:05.591Z
2026-03-06,2454,聯發科,1603904290,911597695,56.83,692306595,43.16,100,TWSE_MI_QFIIS_DAILY_FOREIGN_INVESTMENT,2026-08-21T09:59:05.591Z
2026-03-09,0050,元大台灣50,17558500000,479280820,2.72,17079219180,97.27,100,TWSE_MI_QFIIS_DAILY_FOREIGN_INVESTMENT,2026-08-21T09:59:05.591Z
2026-03-09,2317,鴻海,13964222294,5306761828,38,8657460466,61.99,100,TWSE_MI_QFIIS_DAILY_FOREIGN_INVESTMENT,2026-08-21T09:59:05.591Z
2026-03-09,2330,台積電,25932524521,18518234107,71.4,7414290414,28.59,100,TWSE_MI_QFIIS_DAILY_FOREIGN_INVESTMENT,2026-08-21T09:59:05.591Z
2026-03-09,2454,聯發科,1603904290,909397742,56.69,694506548,43.3,100,TWSE_MI_QFIIS_DAILY_FOREIGN_INVESTMENT,2026-08-21T09:59:05.591Z
2026-03-10,0050,元大台灣50,17626500000,629267294,3.57,16997232706,96.42,100,TWSE_MI_QFIIS_DAILY_FOREIGN_INVESTMENT,2026-08-21T09:59:05.591Z
2026-03-10,2317,鴻海,13964222294,5279467093,37.8,8684755201,62.19,100,TWSE_MI_QFIIS_DAILY_FOREIGN_INVESTMENT,2026-08-21T09:59:05.591Z
2026-03-10,2330,台積電,25932524521,18512135445,71.38,7420389076,28.61,100,TWSE_MI_QFIIS_DAILY_FOREIGN_INVESTMENT,2026-08-21T09:59:05.591Z
2026-03-10,2454,聯發科,1603904290,908315089,56.63,695589201,43.36,100,TWSE_MI_QFIIS_DAILY_FOREIGN_INVESTMENT,2026-08-21T09:59:05.591Z
2026-03-11,0050,元大台灣50,17706500000,699160033,3.94,17007339967,96.05,100,TWSE_MI_QFIIS_DAILY_FOREIGN_INVESTMENT,2026-08-21T09:59:05.591Z
2026-03-11,2317,鴻海,13964222294,5297336625,37.93,8666885669,62.06,100,TWSE_MI_QFIIS_DAILY_FOREIGN_INVESTMENT,2026-08-21T09:59:05.591Z
2026-03-11,2330,台積電,25932524521,18516874987,71.4,7415649534,28.59,100,TWSE_MI_QFIIS_DAILY_FOREIGN_INVESTMENT,2026-08-21T09:59:05.591Z
2026-03-11,2454,聯發科,1603904290,906924729,56.54,696979561,43.45,100,TWSE_MI_QFIIS_DAILY_FOREIGN_INVESTMENT,2026-08-21T09:59:05.591Z
2026-03-12,0050,元大台灣50,17753500000,632769619,3.56,17120730381,96.43,100,TWSE_MI_QFIIS_DAILY_FOREIGN_INVESTMENT,2026-08-21T09:59:05.591Z
2026-03-12,2317,鴻海,13964222294,5282321469,37.82,8681900825,62.17,100,TWSE_MI_QFIIS_DAILY_FOREIGN_INVESTMENT,2026-08-21T09:59:05.591Z
2026-03-12,2330,台積電,25932524521,18498749825,71.33,7433774696,28.66,100,TWSE_MI_QFIIS_DAILY_FOREIGN_INVESTMENT,2026-08-21T09:59:05.591Z
2026-03-12,2454,聯發科,1603904290,906373088,56.51,697531202,43.48,100,TWSE_MI_QFIIS_DAILY_FOREIGN_INVESTMENT,2026-08-21T09:59:05.591Z
2026-03-13,0050,元大台灣50,17790000000,649455314,3.65,17140544686,96.34,100,TWSE_MI_QFIIS_DAILY_FOREIGN_INVESTMENT,2026-08-21T09:59:05.591Z
2026-03-13,2317,鴻海,13964222294,5279709565,37.8,8684512729,62.19,100,TWSE_MI_QFIIS_DAILY_FOREIGN_INVESTMENT,2026-08-21T09:59:05.591Z
2026-03-13,2330,台積電,25932524521,18484430385,71.27,7448094136,28.72,100,TWSE_MI_QFIIS_DAILY_FOREIGN_INVESTMENT,2026-08-21T09:59:05.591Z
2026-03-13,2454,聯發科,1603904290,902949430,56.29,700954860,43.7,100,TWSE_MI_QFIIS_DAILY_FOREIGN_INVESTMENT,2026-08-21T09:59:05.591Z
2026-03-16,0050,元大台灣50,17844500000,609946517,3.41,17234553483,96.58,100,TWSE_MI_QFIIS_DAILY_FOREIGN_INVESTMENT,2026-08-21T09:59:05.591Z
2026-03-16,2317,鴻海,13964222294,5278334608,37.79,8685887686,62.2,100,TWSE_MI_QFIIS_DAILY_FOREIGN_INVESTMENT,2026-08-21T09:59:05.591Z
2026-03-16,2330,台積電,25932524521,18469021086,71.21,7463503435,28.78,100,TWSE_MI_QFIIS_DAILY_FOREIGN_INVESTMENT,2026-08-21T09:59:05.591Z
2026-03-16,2454,聯發科,1603904290,902248080,56.25,701656210,43.74,100,TWSE_MI_QFIIS_DAILY_FOREIGN_INVESTMENT,2026-08-21T09:59:05.591Z
2026-03-17,0050,元大台灣50,17914000000,625043187,3.48,17288956813,96.51,100,TWSE_MI_QFIIS_DAILY_FOREIGN_INVESTMENT,2026-08-21T09:59:05.591Z
2026-03-17,2317,鴻海,13964222294,5207931014,37.29,8756291280,62.7,100,TWSE_MI_QFIIS_DAILY_FOREIGN_INVESTMENT,2026-08-21T09:59:05.591Z
2026-03-17,2330,台積電,25932524521,18471540500,71.22,7460984021,28.77,100,TWSE_MI_QFIIS_DAILY_FOREIGN_INVESTMENT,2026-08-21T09:59:05.591Z
2026-03-17,2454,聯發科,1603904290,900881950,56.16,703022340,43.83,100,TWSE_MI_QFIIS_DAILY_FOREIGN_INVESTMENT,2026-08-21T09:59:05.591Z
2026-03-18,0050,元大台灣50,17922500000,650131206,3.62,17272368794,96.37,100,TWSE_MI_QFIIS_DAILY_FOREIGN_INVESTMENT,2026-08-21T09:59:05.591Z
2026-03-18,2317,鴻海,13964222294,5172701327,37.04,8791520967,62.95,100,TWSE_MI_QFIIS_DAILY_FOREIGN_INVESTMENT,2026-08-21T09:59:05.591Z
2026-03-18,2330,台積電,25932524521,18471871953,71.23,7460652568,28.76,100,TWSE_MI_QFIIS_DAILY_FOREIGN_INVESTMENT,2026-08-21T09:59:05.591Z
2026-03-18,2454,聯發科,1603904290,899829062,56.1,704075228,43.89,100,TWSE_MI_QFIIS_DAILY_FOREIGN_INVESTMENT,2026-08-21T09:59:05.591Z
2026-03-19,0050,元大台灣50,17921000000,577509013,3.22,17343490987,96.77,100,TWSE_MI_QFIIS_DAILY_FOREIGN_INVESTMENT,2026-08-21T09:59:05.591Z
2026-03-19,2317,鴻海,13964222294,5136397463,36.78,8827824831,63.21,100,TWSE_MI_QFIIS_DAILY_FOREIGN_INVESTMENT,2026-08-21T09:59:05.591Z
2026-03-19,2330,台積電,25932524521,18446845425,71.13,7485679096,28.86,100,TWSE_MI_QFIIS_DAILY_FOREIGN_INVESTMENT,2026-08-21T09:59:05.591Z
2026-03-19,2454,聯發科,1603904290,897013835,55.92,706890455,44.07,100,TWSE_MI_QFIIS_DAILY_FOREIGN_INVESTMENT,2026-08-21T09:59:05.591Z
2026-03-20,0050,元大台灣50,17924500000,525358090,2.93,17399141910,97.06,100,TWSE_MI_QFIIS_DAILY_FOREIGN_INVESTMENT,2026-08-21T09:59:05.591Z
2026-03-20,2317,鴻海,13964222294,5134388823,36.76,8829833471,63.23,100,TWSE_MI_QFIIS_DAILY_FOREIGN_INVESTMENT,2026-08-21T09:59:05.591Z
2026-03-20,2330,台積電,25932524521,18439888668,71.1,7492635853,28.89,100,TWSE_MI_QFIIS_DAILY_FOREIGN_INVESTMENT,2026-08-21T09:59:05.591Z
2026-03-20,2454,聯發科,1603904290,899174082,56.06,704730208,43.93,100,TWSE_MI_QFIIS_DAILY_FOREIGN_INVESTMENT,2026-08-21T09:59:05.591Z
2026-03-23,0050,元大台灣50,18024500000,478725033,2.65,17545774967,97.34,100,TWSE_MI_QFIIS_DAILY_FOREIGN_INVESTMENT,2026-08-21T09:59:05.591Z
2026-03-23,2317,鴻海,13964222294,5108690474,36.58,8855531820,63.41,100,TWSE_MI_QFIIS_DAILY_FOREIGN_INVESTMENT,2026-08-21T09:59:05.591Z
2026-03-23,2330,台積電,25932524521,18422445447,71.03,7510079074,28.96,100,TWSE_MI_QFIIS_DAILY_FOREIGN_INVESTMENT,2026-08-21T09:59:05.591Z
2026-03-23,2454,聯發科,1603904290,897455104,55.95,706449186,44.04,100,TWSE_MI_QFIIS_DAILY_FOREIGN_INVESTMENT,2026-08-21T09:59:05.591Z
2026-03-24,0050,元大台灣50,18088000000,512530883,2.83,17575469117,97.16,100,TWSE_MI_QFIIS_DAILY_FOREIGN_INVESTMENT,2026-08-21T09:59:05.591Z
2026-03-24,2317,鴻海,13964222294,5103356717,36.54,8860865577,63.45,100,TWSE_MI_QFIIS_DAILY_FOREIGN_INVESTMENT,2026-08-21T09:59:05.591Z
2026-03-24,2330,台積電,25932524521,18414700335,71.01,7517824186,28.98,100,TWSE_MI_QFIIS_DAILY_FOREIGN_INVESTMENT,2026-08-21T09:59:05.591Z
2026-03-24,2454,聯發科,1603904290,897629487,55.96,706274803,44.03,100,TWSE_MI_QFIIS_DAILY_FOREIGN_INVESTMENT,2026-08-21T09:59:05.591Z
2026-03-25,0050,元大台灣50,18152000000,518405945,2.85,17633594055,97.14,100,TWSE_MI_QFIIS_DAILY_FOREIGN_INVESTMENT,2026-08-21T09:59:05.591Z
2026-03-25,2317,鴻海,13964222294,5113772458,36.62,8850449836,63.37,100,TWSE_MI_QFIIS_DAILY_FOREIGN_INVESTMENT,2026-08-21T09:59:05.591Z
2026-03-25,2330,台積電,25932524521,18413755609,71,7518768912,28.99,100,TWSE_MI_QFIIS_DAILY_FOREIGN_INVESTMENT,2026-08-21T09:59:05.591Z
2026-03-25,2454,聯發科,1603904290,896745887,55.91,707158403,44.08,100,TWSE_MI_QFIIS_DAILY_FOREIGN_INVESTMENT,2026-08-21T09:59:05.591Z
2026-03-26,0050,元大台灣50,18186000000,553922434,3.04,17632077566,96.95,100,TWSE_MI_QFIIS_DAILY_FOREIGN_INVESTMENT,2026-08-21T09:59:05.591Z
2026-03-26,2317,鴻海,13964222294,5107832492,36.57,8856389802,63.42,100,TWSE_MI_QFIIS_DAILY_FOREIGN_INVESTMENT,2026-08-21T09:59:05.591Z
2026-03-26,2330,台積電,25932524521,18406357690,70.97,7526166831,29.02,100,TWSE_MI_QFIIS_DAILY_FOREIGN_INVESTMENT,2026-08-21T09:59:05.591Z
2026-03-26,2454,聯發科,1603904290,894509897,55.77,709394393,44.22,100,TWSE_MI_QFIIS_DAILY_FOREIGN_INVESTMENT,2026-08-21T09:59:05.591Z
2026-03-27,0050,元大台灣50,18221000000,503203748,2.76,17717796252,97.23,100,TWSE_MI_QFIIS_DAILY_FOREIGN_INVESTMENT,2026-08-21T09:59:05.591Z
2026-03-27,2317,鴻海,13964222294,5103806083,36.54,8860416211,63.45,100,TWSE_MI_QFIIS_DAILY_FOREIGN_INVESTMENT,2026-08-21T09:59:05.591Z
2026-03-27,2330,台積電,25932524521,18392563417,70.92,7539961104,29.07,100,TWSE_MI_QFIIS_DAILY_FOREIGN_INVESTMENT,2026-08-21T09:59:05.591Z
2026-03-27,2454,聯發科,1603904290,894829346,55.79,709074944,44.2,100,TWSE_MI_QFIIS_DAILY_FOREIGN_INVESTMENT,2026-08-21T09:59:05.591Z
2026-03-30,0050,元大台灣50,18322500000,485461550,2.64,17837038450,97.35,100,TWSE_MI_QFIIS_DAILY_FOREIGN_INVESTMENT,2026-08-21T09:59:05.591Z
2026-03-30,2317,鴻海,13964222294,5088687371,36.44,8875534923,63.55,100,TWSE_MI_QFIIS_DAILY_FOREIGN_INVESTMENT,2026-08-21T09:59:05.591Z
2026-03-30,2330,台積電,25932524521,18374746982,70.85,7557777539,29.14,100,TWSE_MI_QFIIS_DAILY_FOREIGN_INVESTMENT,2026-08-21T09:59:05.591Z
2026-03-30,2454,聯發科,1603904290,893433400,55.7,710470890,44.29,100,TWSE_MI_QFIIS_DAILY_FOREIGN_INVESTMENT,2026-08-21T09:59:05.591Z
2026-03-31,0050,元大台灣50,18403500000,465185904,2.52,17938314096,97.47,100,TWSE_MI_QFIIS_DAILY_FOREIGN_INVESTMENT,2026-08-21T09:59:05.591Z
2026-03-31,2317,鴻海,13964222294,5067344113,36.28,8896878181,63.71,100,TWSE_MI_QFIIS_DAILY_FOREIGN_INVESTMENT,2026-08-21T09:59:05.591Z
2026-03-31,2330,台積電,25932524521,18349912723,70.76,7582611798,29.23,100,TWSE_MI_QFIIS_DAILY_FOREIGN_INVESTMENT,2026-08-21T09:59:05.591Z
2026-03-31,2454,聯發科,1603904290,893707707,55.72,710196583,44.27,100,TWSE_MI_QFIIS_DAILY_FOREIGN_INVESTMENT,2026-08-21T09:59:05.591Z
2026-04-01,0050,元大台灣50,18500000000,556373137,3,17943626863,96.99,100,TWSE_MI_QFIIS_DAILY_FOREIGN_INVESTMENT,2026-08-21T09:59:05.591Z
2026-04-01,2317,鴻海,13964222294,5078226250,36.36,8885996044,63.63,100,TWSE_MI_QFIIS_DAILY_FOREIGN_INVESTMENT,2026-08-21T09:59:05.591Z
2026-04-01,2330,台積電,25932524521,18357211755,70.78,7575312766,29.21,100,TWSE_MI_QFIIS_DAILY_FOREIGN_INVESTMENT,2026-08-21T09:59:05.591Z
2026-04-01,2454,聯發科,1603904290,890192990,55.5,713711300,44.49,100,TWSE_MI_QFIIS_DAILY_FOREIGN_INVESTMENT,2026-08-21T09:59:05.591Z
2026-04-02,0050,元大台灣50,18504000000,559264132,3.02,17944735868,96.97,100,TWSE_MI_QFIIS_DAILY_FOREIGN_INVESTMENT,2026-08-21T09:59:05.591Z
2026-04-02,2317,鴻海,13964222294,5073474546,36.33,8890747748,63.66,100,TWSE_MI_QFIIS_DAILY_FOREIGN_INVESTMENT,2026-08-21T09:59:05.591Z
2026-04-02,2330,台積電,25932524521,18346446145,70.74,7586078376,29.25,100,TWSE_MI_QFIIS_DAILY_FOREIGN_INVESTMENT,2026-08-21T09:59:05.591Z
2026-04-02,2454,聯發科,1603904290,888831228,55.41,715073062,44.58,100,TWSE_MI_QFIIS_DAILY_FOREIGN_INVESTMENT,2026-08-21T09:59:05.591Z
2026-04-07,0050,元大台灣50,18515000000,556672306,3,17958327694,96.99,100,TWSE_MI_QFIIS_DAILY_FOREIGN_INVESTMENT,2026-08-21T09:59:05.591Z
2026-04-07,2317,鴻海,13964222294,5061975020,36.24,8902247274,63.75,100,TWSE_MI_QFIIS_DAILY_FOREIGN_INVESTMENT,2026-08-21T09:59:05.591Z
2026-04-07,2330,台積電,25932524521,18352313595,70.76,7580210926,29.23,100,TWSE_MI_QFIIS_DAILY_FOREIGN_INVESTMENT,2026-08-21T09:59:05.591Z
2026-04-07,2454,聯發科,1603904290,887925683,55.36,715978607,44.63,100,TWSE_MI_QFIIS_DAILY_FOREIGN_INVESTMENT,2026-08-21T09:59:05.591Z
2026-04-08,0050,元大台灣50,18515500000,618113238,3.33,17897386762,96.66,100,TWSE_MI_QFIIS_DAILY_FOREIGN_INVESTMENT,2026-08-21T09:59:05.591Z
2026-04-08,2317,鴻海,13964222294,5074549814,36.33,8889672480,63.66,100,TWSE_MI_QFIIS_DAILY_FOREIGN_INVESTMENT,2026-08-21T09:59:05.591Z
2026-04-08,2330,台積電,25932524521,18371964390,70.84,7560560131,29.15,100,TWSE_MI_QFIIS_DAILY_FOREIGN_INVESTMENT,2026-08-21T09:59:05.591Z
2026-04-08,2454,聯發科,1603904290,887582857,55.33,716321433,44.66,100,TWSE_MI_QFIIS_DAILY_FOREIGN_INVESTMENT,2026-08-21T09:59:05.591Z
2026-04-09,0050,元大台灣50,18519500000,662231627,3.57,17857268373,96.42,100,TWSE_MI_QFIIS_DAILY_FOREIGN_INVESTMENT,2026-08-21T09:59:05.591Z
2026-04-09,2317,鴻海,13964222294,5069370709,36.3,8894851585,63.69,100,TWSE_MI_QFIIS_DAILY_FOREIGN_INVESTMENT,2026-08-21T09:59:05.591Z
2026-04-09,2330,台積電,25932524521,18373173280,70.84,7559351241,29.15,100,TWSE_MI_QFIIS_DAILY_FOREIGN_INVESTMENT,2026-08-21T09:59:05.591Z
2026-04-09,2454,聯發科,1603904290,886759566,55.28,717144724,44.71,100,TWSE_MI_QFIIS_DAILY_FOREIGN_INVESTMENT,2026-08-21T09:59:05.591Z
2026-04-10,0050,元大台灣50,18519500000,709831919,3.83,17809668081,96.16,100,TWSE_MI_QFIIS_DAILY_FOREIGN_INVESTMENT,2026-08-21T09:59:05.591Z
2026-04-10,2317,鴻海,13964222294,5066914057,36.28,8897308237,63.71,100,TWSE_MI_QFIIS_DAILY_FOREIGN_INVESTMENT,2026-08-21T09:59:05.591Z
2026-04-10,2330,台積電,25932524521,18380809221,70.87,7551715300,29.12,100,TWSE_MI_QFIIS_DAILY_FOREIGN_INVESTMENT,2026-08-21T09:59:05.591Z
2026-04-10,2454,聯發科,1603904290,885683611,55.22,718220679,44.77,100,TWSE_MI_QFIIS_DAILY_FOREIGN_INVESTMENT,2026-08-21T09:59:05.591Z
2026-04-13,0050,元大台灣50,18469000000,694187609,3.75,17774812391,96.24,100,TWSE_MI_QFIIS_DAILY_FOREIGN_INVESTMENT,2026-08-21T09:59:05.591Z
2026-04-13,2317,鴻海,13964222294,5075440720,36.34,8888781574,63.65,100,TWSE_MI_QFIIS_DAILY_FOREIGN_INVESTMENT,2026-08-21T09:59:05.591Z
2026-04-13,2330,台積電,25932524521,18380663603,70.87,7551860918,29.12,100,TWSE_MI_QFIIS_DAILY_FOREIGN_INVESTMENT,2026-08-21T09:59:05.591Z
2026-04-13,2454,聯發科,1603904290,886423039,55.26,717481251,44.73,100,TWSE_MI_QFIIS_DAILY_FOREIGN_INVESTMENT,2026-08-21T09:59:05.591Z
2026-04-14,0050,元大台灣50,18429000000,760157738,4.12,17668842262,95.87,100,TWSE_MI_QFIIS_DAILY_FOREIGN_INVESTMENT,2026-08-21T09:59:05.591Z
2026-04-14,2317,鴻海,13964222294,5091401803,36.46,8872820491,63.53,100,TWSE_MI_QFIIS_DAILY_FOREIGN_INVESTMENT,2026-08-21T09:59:05.591Z
2026-04-14,2330,台積電,25932524521,18399516264,70.95,7533008257,29.04,100,TWSE_MI_QFIIS_DAILY_FOREIGN_INVESTMENT,2026-08-21T09:59:05.591Z
2026-04-14,2454,聯發科,1603904290,886596541,55.27,717307749,44.72,100,TWSE_MI_QFIIS_DAILY_FOREIGN_INVESTMENT,2026-08-21T09:59:05.591Z
2026-04-15,0050,元大台灣50,18395500000,741654825,4.03,17653845175,95.96,100,TWSE_MI_QFIIS_DAILY_FOREIGN_INVESTMENT,2026-08-21T09:59:05.591Z
2026-04-15,2317,鴻海,13964222294,5090446969,36.45,8873775325,63.54,100,TWSE_MI_QFIIS_DAILY_FOREIGN_INVESTMENT,2026-08-21T09:59:05.591Z
2026-04-15,2330,台積電,25932524521,18406662211,70.97,7525862310,29.02,100,TWSE_MI_QFIIS_DAILY_FOREIGN_INVESTMENT,2026-08-21T09:59:05.591Z
2026-04-15,2454,聯發科,1603904290,891355920,55.57,712548370,44.42,100,TWSE_MI_QFIIS_DAILY_FOREIGN_INVESTMENT,2026-08-21T09:59:05.591Z
2026-04-16,0050,元大台灣50,18385500000,696088091,3.78,17689411909,96.21,100,TWSE_MI_QFIIS_DAILY_FOREIGN_INVESTMENT,2026-08-21T09:59:05.591Z
2026-04-16,2317,鴻海,13964222294,5083379897,36.4,8880842397,63.59,100,TWSE_MI_QFIIS_DAILY_FOREIGN_INVESTMENT,2026-08-21T09:59:05.591Z
2026-04-16,2330,台積電,25932524521,18405496385,70.97,7527028136,29.02,100,TWSE_MI_QFIIS_DAILY_FOREIGN_INVESTMENT,2026-08-21T09:59:05.591Z
2026-04-16,2454,聯發科,1603904290,893024082,55.67,710880208,44.32,100,TWSE_MI_QFIIS_DAILY_FOREIGN_INVESTMENT,2026-08-21T09:59:05.591Z
2026-04-17,0050,元大台灣50,18386500000,660278761,3.59,17726221239,96.4,100,TWSE_MI_QFIIS_DAILY_FOREIGN_INVESTMENT,2026-08-21T09:59:05.591Z
2026-04-17,2317,鴻海,13964222294,5080485739,36.38,8883736555,63.61,100,TWSE_MI_QFIIS_DAILY_FOREIGN_INVESTMENT,2026-08-21T09:59:05.591Z
2026-04-17,2330,台積電,25932524521,18396263614,70.93,7536260907,29.06,100,TWSE_MI_QFIIS_DAILY_FOREIGN_INVESTMENT,2026-08-21T09:59:05.591Z
2026-04-17,2454,聯發科,1603904290,898080846,55.99,705823444,44,100,TWSE_MI_QFIIS_DAILY_FOREIGN_INVESTMENT,2026-08-21T09:59:05.591Z
2026-04-20,0050,元大台灣50,18391500000,656114696,3.56,17735385304,96.43,100,TWSE_MI_QFIIS_DAILY_FOREIGN_INVESTMENT,2026-08-21T09:59:05.591Z
2026-04-20,2317,鴻海,13964222294,5071089614,36.31,8893132680,63.68,100,TWSE_MI_QFIIS_DAILY_FOREIGN_INVESTMENT,2026-08-21T09:59:05.591Z
2026-04-20,2330,台積電,25932524521,18392811628,70.92,7539712893,29.07,100,TWSE_MI_QFIIS_DAILY_FOREIGN_INVESTMENT,2026-08-21T09:59:05.591Z
2026-04-20,2454,聯發科,1603904290,897229286,55.94,706675004,44.05,100,TWSE_MI_QFIIS_DAILY_FOREIGN_INVESTMENT,2026-08-21T09:59:05.591Z
2026-04-21,0050,元大台灣50,18433000000,680507627,3.69,17752492373,96.3,100,TWSE_MI_QFIIS_DAILY_FOREIGN_INVESTMENT,2026-08-21T09:59:05.591Z
2026-04-21,2317,鴻海,13964222294,5086623512,36.42,8877598782,63.57,100,TWSE_MI_QFIIS_DAILY_FOREIGN_INVESTMENT,2026-08-21T09:59:05.591Z
2026-04-21,2330,台積電,25932524521,18394940644,70.93,7537583877,29.06,100,TWSE_MI_QFIIS_DAILY_FOREIGN_INVESTMENT,2026-08-21T09:59:05.591Z
2026-04-21,2454,聯發科,1603904290,901146885,56.18,702757405,43.81,100,TWSE_MI_QFIIS_DAILY_FOREIGN_INVESTMENT,2026-08-21T09:59:05.591Z
2026-04-22,0050,元大台灣50,18434000000,730364782,3.96,17703635218,96.03,100,TWSE_MI_QFIIS_DAILY_FOREIGN_INVESTMENT,2026-08-21T09:59:05.591Z
2026-04-22,2317,鴻海,13964222294,5130411904,36.73,8833810390,63.26,100,TWSE_MI_QFIIS_DAILY_FOREIGN_INVESTMENT,2026-08-21T09:59:05.591Z
2026-04-22,2330,台積電,25932524521,18392238607,70.92,7540285914,29.07,100,TWSE_MI_QFIIS_DAILY_FOREIGN_INVESTMENT,2026-08-21T09:59:05.591Z
2026-04-22,2454,聯發科,1603904290,900716962,56.15,703187328,43.84,100,TWSE_MI_QFIIS_DAILY_FOREIGN_INVESTMENT,2026-08-21T09:59:05.591Z
2026-04-23,0050,元大台灣50,18435000000,738424743,4,17696575257,95.99,100,TWSE_MI_QFIIS_DAILY_FOREIGN_INVESTMENT,2026-08-21T09:59:05.591Z
2026-04-23,2317,鴻海,13964222294,5163442586,36.97,8800779708,63.02,100,TWSE_MI_QFIIS_DAILY_FOREIGN_INVESTMENT,2026-08-21T09:59:05.591Z
2026-04-23,2330,台積電,25932524521,18399528854,70.95,7532995667,29.04,100,TWSE_MI_QFIIS_DAILY_FOREIGN_INVESTMENT,2026-08-21T09:59:05.591Z
2026-04-23,2454,聯發科,1603904290,901735552,56.22,702168738,43.77,100,TWSE_MI_QFIIS_DAILY_FOREIGN_INVESTMENT,2026-08-21T09:59:05.591Z
2026-04-24,0050,元大台灣50,18430500000,765182576,4.15,17665317424,95.84,100,TWSE_MI_QFIIS_DAILY_FOREIGN_INVESTMENT,2026-08-21T09:59:05.591Z
2026-04-24,2317,鴻海,13964222294,5159865878,36.95,8804356416,63.04,100,TWSE_MI_QFIIS_DAILY_FOREIGN_INVESTMENT,2026-08-21T09:59:05.591Z
2026-04-24,2330,台積電,25932524521,18408211789,70.98,7524312732,29.01,100,TWSE_MI_QFIIS_DAILY_FOREIGN_INVESTMENT,2026-08-21T09:59:05.591Z
2026-04-24,2454,聯發科,1603904290,902573543,56.27,701330747,43.72,100,TWSE_MI_QFIIS_DAILY_FOREIGN_INVESTMENT,2026-08-21T09:59:05.591Z
2026-04-27,0050,元大台灣50,18425500000,751844733,4.08,17673655267,95.91,100,TWSE_MI_QFIIS_DAILY_FOREIGN_INVESTMENT,2026-08-21T09:59:05.591Z
2026-04-27,2317,鴻海,13964222294,5176099804,37.06,8788122490,62.93,100,TWSE_MI_QFIIS_DAILY_FOREIGN_INVESTMENT,2026-08-21T09:59:05.591Z
2026-04-27,2330,台積電,25932524521,18390673624,70.91,7541850897,29.08,100,TWSE_MI_QFIIS_DAILY_FOREIGN_INVESTMENT,2026-08-21T09:59:05.591Z
2026-04-27,2454,聯發科,1603904290,902629175,56.27,701275115,43.72,100,TWSE_MI_QFIIS_DAILY_FOREIGN_INVESTMENT,2026-08-21T09:59:05.591Z
2026-04-28,0050,元大台灣50,18429000000,704602074,3.82,17724397926,96.17,100,TWSE_MI_QFIIS_DAILY_FOREIGN_INVESTMENT,2026-08-21T09:59:05.591Z
2026-04-28,2317,鴻海,13964222294,5187890265,37.15,8776332029,62.84,100,TWSE_MI_QFIIS_DAILY_FOREIGN_INVESTMENT,2026-08-21T09:59:05.591Z
2026-04-28,2330,台積電,25932524521,18368668305,70.83,7563856216,29.16,100,TWSE_MI_QFIIS_DAILY_FOREIGN_INVESTMENT,2026-08-21T09:59:05.591Z
2026-04-28,2454,聯發科,1603904290,904140479,56.37,699763811,43.62,100,TWSE_MI_QFIIS_DAILY_FOREIGN_INVESTMENT,2026-08-21T09:59:05.591Z
2026-04-29,0050,元大台灣50,18431000000,665636313,3.61,17765363687,96.38,100,TWSE_MI_QFIIS_DAILY_FOREIGN_INVESTMENT,2026-08-21T09:59:05.591Z
2026-04-29,2317,鴻海,13964222294,5190705775,37.17,8773516519,62.82,100,TWSE_MI_QFIIS_DAILY_FOREIGN_INVESTMENT,2026-08-21T09:59:05.591Z
2026-04-29,2330,台積電,25932524521,18352901651,70.77,7579622870,29.22,100,TWSE_MI_QFIIS_DAILY_FOREIGN_INVESTMENT,2026-08-21T09:59:05.591Z
2026-04-29,2454,聯發科,1603904290,902411380,56.26,701492910,43.73,100,TWSE_MI_QFIIS_DAILY_FOREIGN_INVESTMENT,2026-08-21T09:59:05.591Z
2026-04-30,0050,元大台灣50,18495000000,654067308,3.53,17840932692,96.46,100,TWSE_MI_QFIIS_DAILY_FOREIGN_INVESTMENT,2026-08-21T09:59:05.591Z
2026-04-30,2317,鴻海,13964222294,5194928322,37.2,8769293972,62.79,100,TWSE_MI_QFIIS_DAILY_FOREIGN_INVESTMENT,2026-08-21T09:59:05.591Z
2026-04-30,2330,台積電,25932524521,18327310002,70.67,7605214519,29.32,100,TWSE_MI_QFIIS_DAILY_FOREIGN_INVESTMENT,2026-08-21T09:59:05.591Z
2026-04-30,2454,聯發科,1603904290,903708465,56.34,700195825,43.65,100,TWSE_MI_QFIIS_DAILY_FOREIGN_INVESTMENT,2026-08-21T09:59:05.591Z
2026-05-04,0050,元大台灣50,18495000000,730776889,3.95,17764223111,96.04,100,TWSE_MI_QFIIS_DAILY_FOREIGN_INVESTMENT,2026-08-21T09:59:05.591Z
2026-05-04,2317,鴻海,13964222294,5221743723,37.39,8742478571,62.6,100,TWSE_MI_QFIIS_DAILY_FOREIGN_INVESTMENT,2026-08-21T09:59:05.591Z
2026-05-04,2330,台積電,25932524521,18334880242,70.7,7597644279,29.29,100,TWSE_MI_QFIIS_DAILY_FOREIGN_INVESTMENT,2026-08-21T09:59:05.591Z
2026-05-04,2454,聯發科,1603904290,902735806,56.28,701168484,43.71,100,TWSE_MI_QFIIS_DAILY_FOREIGN_INVESTMENT,2026-08-21T09:59:05.591Z
2026-05-05,0050,元大台灣50,18486500000,676726944,3.66,17809773056,96.33,100,TWSE_MI_QFIIS_DAILY_FOREIGN_INVESTMENT,2026-08-21T09:59:05.591Z
2026-05-05,2317,鴻海,13964222294,5305229793,37.99,8658992501,62,100,TWSE_MI_QFIIS_DAILY_FOREIGN_INVESTMENT,2026-08-21T09:59:05.591Z
2026-05-05,2330,台積電,25932524521,18326836150,70.67,7605688371,29.32,100,TWSE_MI_QFIIS_DAILY_FOREIGN_INVESTMENT,2026-08-21T09:59:05.591Z
2026-05-05,2454,聯發科,1603904290,904782596,56.41,699121694,43.58,100,TWSE_MI_QFIIS_DAILY_FOREIGN_INVESTMENT,2026-08-21T09:59:05.591Z
2026-05-06,0050,元大台灣50,18496000000,659641253,3.56,17836358747,96.43,100,TWSE_MI_QFIIS_DAILY_FOREIGN_INVESTMENT,2026-08-21T09:59:05.591Z
2026-05-06,2317,鴻海,13964222294,5403507586,38.69,8560714708,61.3,100,TWSE_MI_QFIIS_DAILY_FOREIGN_INVESTMENT,2026-08-21T09:59:05.591Z
2026-05-06,2330,台積電,25932524521,18322418870,70.65,7610105651,29.34,100,TWSE_MI_QFIIS_DAILY_FOREIGN_INVESTMENT,2026-08-21T09:59:05.591Z
2026-05-06,2454,聯發科,1603904290,909074248,56.67,694830042,43.32,100,TWSE_MI_QFIIS_DAILY_FOREIGN_INVESTMENT,2026-08-21T09:59:05.591Z
2026-05-07,0050,元大台灣50,18521500000,676877296,3.65,17844622704,96.34,100,TWSE_MI_QFIIS_DAILY_FOREIGN_INVESTMENT,2026-08-21T09:59:05.591Z
2026-05-07,2317,鴻海,13964222294,5426479227,38.85,8537743067,61.14,100,TWSE_MI_QFIIS_DAILY_FOREIGN_INVESTMENT,2026-08-21T09:59:05.591Z
2026-05-07,2330,台積電,25932524521,18326266480,70.66,7606258041,29.33,100,TWSE_MI_QFIIS_DAILY_FOREIGN_INVESTMENT,2026-08-21T09:59:05.591Z
2026-05-07,2454,聯發科,1603904290,907733368,56.59,696170922,43.4,100,TWSE_MI_QFIIS_DAILY_FOREIGN_INVESTMENT,2026-08-21T09:59:05.591Z
2026-05-08,0050,元大台灣50,18551500000,630438572,3.39,17921061428,96.6,100,TWSE_MI_QFIIS_DAILY_FOREIGN_INVESTMENT,2026-08-21T09:59:05.591Z
2026-05-08,2317,鴻海,13964222294,5454832706,39.06,8509389588,60.93,100,TWSE_MI_QFIIS_DAILY_FOREIGN_INVESTMENT,2026-08-21T09:59:05.591Z
2026-05-08,2330,台積電,25932524521,18325992807,70.66,7606531714,29.33,100,TWSE_MI_QFIIS_DAILY_FOREIGN_INVESTMENT,2026-08-21T09:59:05.591Z
2026-05-08,2454,聯發科,1603904290,907073374,56.55,696830916,43.44,100,TWSE_MI_QFIIS_DAILY_FOREIGN_INVESTMENT,2026-08-21T09:59:05.591Z
2026-05-11,0050,元大台灣50,18564500000,618318633,3.33,17946181367,96.66,100,TWSE_MI_QFIIS_DAILY_FOREIGN_INVESTMENT,2026-08-21T09:59:05.591Z
2026-05-11,2317,鴻海,13964222294,5460606827,39.1,8503615467,60.89,100,TWSE_MI_QFIIS_DAILY_FOREIGN_INVESTMENT,2026-08-21T09:59:05.591Z
2026-05-11,2330,台積電,25932524521,18308634888,70.6,7623889633,29.39,100,TWSE_MI_QFIIS_DAILY_FOREIGN_INVESTMENT,2026-08-21T09:59:05.591Z
2026-05-11,2454,聯發科,1603904290,906832247,56.53,697072043,43.46,100,TWSE_MI_QFIIS_DAILY_FOREIGN_INVESTMENT,2026-08-21T09:59:05.591Z
2026-05-12,0050,元大台灣50,18567500000,616306901,3.31,17951193099,96.68,100,TWSE_MI_QFIIS_DAILY_FOREIGN_INVESTMENT,2026-08-21T09:59:05.591Z
2026-05-12,2317,鴻海,13964222294,5492259595,39.33,8471962699,60.66,100,TWSE_MI_QFIIS_DAILY_FOREIGN_INVESTMENT,2026-08-21T09:59:05.591Z
2026-05-12,2330,台積電,25932524521,18299088231,70.56,7633436290,29.43,100,TWSE_MI_QFIIS_DAILY_FOREIGN_INVESTMENT,2026-08-21T09:59:05.591Z
2026-05-12,2454,聯發科,1603904290,905125525,56.43,698778765,43.56,100,TWSE_MI_QFIIS_DAILY_FOREIGN_INVESTMENT,2026-08-21T09:59:05.591Z
2026-05-13,0050,元大台灣50,18597000000,582841665,3.13,18014158335,96.86,100,TWSE_MI_QFIIS_DAILY_FOREIGN_INVESTMENT,2026-08-21T09:59:05.591Z
2026-05-13,2317,鴻海,13964222294,5512989019,39.47,8451233275,60.52,100,TWSE_MI_QFIIS_DAILY_FOREIGN_INVESTMENT,2026-08-21T09:59:05.591Z
2026-05-13,2330,台積電,25932524521,18290384008,70.53,7642140513,29.46,100,TWSE_MI_QFIIS_DAILY_FOREIGN_INVESTMENT,2026-08-21T09:59:05.591Z
2026-05-13,2454,聯發科,1603904290,904368251,56.38,699536039,43.61,100,TWSE_MI_QFIIS_DAILY_FOREIGN_INVESTMENT,2026-08-21T09:59:05.591Z
2026-05-14,0050,元大台灣50,18660500000,623295381,3.34,18037204619,96.65,100,TWSE_MI_QFIIS_DAILY_FOREIGN_INVESTMENT,2026-08-21T09:59:05.591Z
2026-05-14,2317,鴻海,13964222294,5491292422,39.32,8472929872,60.67,100,TWSE_MI_QFIIS_DAILY_FOREIGN_INVESTMENT,2026-08-21T09:59:05.591Z
2026-05-14,2330,台積電,25932524521,18289790571,70.52,7642733950,29.47,100,TWSE_MI_QFIIS_DAILY_FOREIGN_INVESTMENT,2026-08-21T09:59:05.591Z
2026-05-14,2454,聯發科,1603904290,904047349,56.36,699856941,43.63,100,TWSE_MI_QFIIS_DAILY_FOREIGN_INVESTMENT,2026-08-21T09:59:05.591Z
2026-05-15,0050,元大台灣50,18712500000,579465536,3.09,18133034464,96.9,100,TWSE_MI_QFIIS_DAILY_FOREIGN_INVESTMENT,2026-08-21T09:59:05.591Z
2026-05-15,2317,鴻海,13964222294,5548691190,39.73,8415531104,60.26,100,TWSE_MI_QFIIS_DAILY_FOREIGN_INVESTMENT,2026-08-21T09:59:05.591Z
2026-05-15,2330,台積電,25932524521,18286671863,70.51,7645852658,29.48,100,TWSE_MI_QFIIS_DAILY_FOREIGN_INVESTMENT,2026-08-21T09:59:05.591Z
2026-05-15,2454,聯發科,1603895407,904377152,56.38,699518255,43.61,100,TWSE_MI_QFIIS_DAILY_FOREIGN_INVESTMENT,2026-08-21T09:59:05.591Z
2026-05-18,0050,元大台灣50,18720000000,547796385,2.92,18172203615,97.07,100,TWSE_MI_QFIIS_DAILY_FOREIGN_INVESTMENT,2026-08-21T09:59:05.591Z
2026-05-18,2317,鴻海,13964222294,5549990102,39.74,8414232192,60.25,100,TWSE_MI_QFIIS_DAILY_FOREIGN_INVESTMENT,2026-08-21T09:59:05.591Z
2026-05-18,2330,台積電,25932524521,18276228010,70.47,7656296511,29.52,100,TWSE_MI_QFIIS_DAILY_FOREIGN_INVESTMENT,2026-08-21T09:59:05.591Z
2026-05-18,2454,聯發科,1603895407,903856207,56.35,700039200,43.64,100,TWSE_MI_QFIIS_DAILY_FOREIGN_INVESTMENT,2026-08-21T09:59:05.591Z
2026-05-19,0050,元大台灣50,18780000000,509834447,2.71,18270165553,97.28,100,TWSE_MI_QFIIS_DAILY_FOREIGN_INVESTMENT,2026-08-21T09:59:05.591Z
2026-05-19,2317,鴻海,13964222294,5553736376,39.77,8410485918,60.22,100,TWSE_MI_QFIIS_DAILY_FOREIGN_INVESTMENT,2026-08-21T09:59:05.591Z
2026-05-19,2330,台積電,25932524521,18258854136,70.4,7673670385,29.59,100,TWSE_MI_QFIIS_DAILY_FOREIGN_INVESTMENT,2026-08-21T09:59:05.591Z
2026-05-19,2454,聯發科,1603895407,902754336,56.28,701141071,43.71,100,TWSE_MI_QFIIS_DAILY_FOREIGN_INVESTMENT,2026-08-21T09:59:05.591Z
2026-05-20,0050,元大台灣50,18836500000,506337378,2.68,18330162622,97.31,100,TWSE_MI_QFIIS_DAILY_FOREIGN_INVESTMENT,2026-08-21T09:59:05.591Z
2026-05-20,2317,鴻海,13964222294,5540567785,39.67,8423654509,60.32,100,TWSE_MI_QFIIS_DAILY_FOREIGN_INVESTMENT,2026-08-21T09:59:05.591Z
2026-05-20,2330,台積電,25932524521,18247365135,70.36,7685159386,29.63,100,TWSE_MI_QFIIS_DAILY_FOREIGN_INVESTMENT,2026-08-21T09:59:05.591Z
2026-05-20,2454,聯發科,1603895407,901029260,56.17,702866147,43.82,100,TWSE_MI_QFIIS_DAILY_FOREIGN_INVESTMENT,2026-08-21T09:59:05.591Z
2026-05-21,0050,元大台灣50,18842500000,560136416,2.97,18282363584,97.02,100,TWSE_MI_QFIIS_DAILY_FOREIGN_INVESTMENT,2026-08-21T09:59:05.591Z
2026-05-21,2317,鴻海,13964222294,5564254749,39.84,8399967545,60.15,100,TWSE_MI_QFIIS_DAILY_FOREIGN_INVESTMENT,2026-08-21T09:59:05.591Z
2026-05-21,2330,台積電,25932524521,18247384395,70.36,7685140126,29.63,100,TWSE_MI_QFIIS_DAILY_FOREIGN_INVESTMENT,2026-08-21T09:59:05.591Z
2026-05-21,2454,聯發科,1603895407,900537433,56.14,703357974,43.85,100,TWSE_MI_QFIIS_DAILY_FOREIGN_INVESTMENT,2026-08-21T09:59:05.591Z
2026-05-22,0050,元大台灣50,18860500000,577945719,3.06,18282554281,96.93,100,TWSE_MI_QFIIS_DAILY_FOREIGN_INVESTMENT,2026-08-21T09:59:05.591Z
2026-05-22,2317,鴻海,13964222294,5583568823,39.98,8380653471,60.01,100,TWSE_MI_QFIIS_DAILY_FOREIGN_INVESTMENT,2026-08-21T09:59:05.591Z
2026-05-22,2330,台積電,25932524521,18249063314,70.37,7683461207,29.62,100,TWSE_MI_QFIIS_DAILY_FOREIGN_INVESTMENT,2026-08-21T09:59:05.591Z
2026-05-22,2454,聯發科,1603895407,899110819,56.05,704784588,43.94,100,TWSE_MI_QFIIS_DAILY_FOREIGN_INVESTMENT,2026-08-21T09:59:05.591Z
2026-05-25,0050,元大台灣50,18876000000,628191953,3.32,18247808047,96.67,100,TWSE_MI_QFIIS_DAILY_FOREIGN_INVESTMENT,2026-08-21T09:59:05.591Z
2026-05-25,2317,鴻海,13964222294,5635607811,40.35,8328614483,59.64,100,TWSE_MI_QFIIS_DAILY_FOREIGN_INVESTMENT,2026-08-21T09:59:05.591Z
2026-05-25,2330,台積電,25932524521,18252660057,70.38,7679864464,29.61,100,TWSE_MI_QFIIS_DAILY_FOREIGN_INVESTMENT,2026-08-21T09:59:05.591Z
2026-05-25,2454,聯發科,1603895407,897828575,55.97,706066832,44.02,100,TWSE_MI_QFIIS_DAILY_FOREIGN_INVESTMENT,2026-08-21T09:59:05.591Z
2026-05-26,0050,元大台灣50,18877000000,613550301,3.25,18263449699,96.74,100,TWSE_MI_QFIIS_DAILY_FOREIGN_INVESTMENT,2026-08-21T09:59:05.591Z
2026-05-26,2317,鴻海,14028648626,5715054385,40.73,8313594241,59.26,100,TWSE_MI_QFIIS_DAILY_FOREIGN_INVESTMENT,2026-08-21T09:59:05.591Z
2026-05-26,2330,台積電,25932370067,18244876976,70.35,7687493091,29.64,100,TWSE_MI_QFIIS_DAILY_FOREIGN_INVESTMENT,2026-08-21T09:59:05.591Z
2026-05-26,2454,聯發科,1603895407,899260647,56.06,704634760,43.93,100,TWSE_MI_QFIIS_DAILY_FOREIGN_INVESTMENT,2026-08-21T09:59:05.591Z
2026-05-27,0050,元大台灣50,19099000000,615489264,3.22,18483510736,96.77,100,TWSE_MI_QFIIS_DAILY_FOREIGN_INVESTMENT,2026-08-21T09:59:05.591Z
2026-05-27,2317,鴻海,14028648626,5731113167,40.85,8297535459,59.14,100,TWSE_MI_QFIIS_DAILY_FOREIGN_INVESTMENT,2026-08-21T09:59:05.591Z
2026-05-27,2330,台積電,25932370067,18254535898,70.39,7677834169,29.6,100,TWSE_MI_QFIIS_DAILY_FOREIGN_INVESTMENT,2026-08-21T09:59:05.591Z
2026-05-27,2454,聯發科,1603895407,902384814,56.26,701510593,43.73,100,TWSE_MI_QFIIS_DAILY_FOREIGN_INVESTMENT,2026-08-21T09:59:05.591Z
2026-05-28,0050,元大台灣50,19074500000,766549920,4.01,18307950080,95.98,100,TWSE_MI_QFIIS_DAILY_FOREIGN_INVESTMENT,2026-08-21T09:59:05.591Z
2026-05-28,2317,鴻海,14028648626,5742244399,40.93,8286404227,59.06,100,TWSE_MI_QFIIS_DAILY_FOREIGN_INVESTMENT,2026-08-21T09:59:05.591Z
2026-05-28,2330,台積電,25932370067,18241906996,70.34,7690463071,29.65,100,TWSE_MI_QFIIS_DAILY_FOREIGN_INVESTMENT,2026-08-21T09:59:05.591Z
2026-05-28,2454,聯發科,1603895407,901401992,56.2,702493415,43.79,100,TWSE_MI_QFIIS_DAILY_FOREIGN_INVESTMENT,2026-08-21T09:59:05.591Z
2026-05-29,0050,元大台灣50,19092500000,789559712,4.13,18302940288,95.86,100,TWSE_MI_QFIIS_DAILY_FOREIGN_INVESTMENT,2026-08-21T09:59:05.591Z
2026-05-29,2317,鴻海,14028648626,5817518162,41.46,8211130464,58.53,100,TWSE_MI_QFIIS_DAILY_FOREIGN_INVESTMENT,2026-08-21T09:59:05.591Z
2026-05-29,2330,台積電,25932370067,18255315084,70.39,7677054983,29.6,100,TWSE_MI_QFIIS_DAILY_FOREIGN_INVESTMENT,2026-08-21T09:59:05.591Z
2026-05-29,2454,聯發科,1603895407,899099357,56.05,704796050,43.94,100,TWSE_MI_QFIIS_DAILY_FOREIGN_INVESTMENT,2026-08-21T09:59:05.591Z
2026-06-01,0050,元大台灣50,19131000000,786874361,4.11,18344125639,95.88,100,TWSE_MI_QFIIS_DAILY_FOREIGN_INVESTMENT,2026-08-21T09:59:05.591Z
2026-06-01,2317,鴻海,14028648626,5810487585,41.41,8218161041,58.58,100,TWSE_MI_QFIIS_DAILY_FOREIGN_INVESTMENT,2026-08-21T09:59:05.591Z
2026-06-01,2330,台積電,25932370067,18251159701,70.37,7681210366,29.62,100,TWSE_MI_QFIIS_DAILY_FOREIGN_INVESTMENT,2026-08-21T09:59:05.591Z
2026-06-01,2454,聯發科,1603895407,902652971,56.27,701242436,43.72,100,TWSE_MI_QFIIS_DAILY_FOREIGN_INVESTMENT,2026-08-21T09:59:05.591Z
2026-06-02,0050,元大台灣50,19151000000,762984748,3.98,18388015252,96.01,100,TWSE_MI_QFIIS_DAILY_FOREIGN_INVESTMENT,2026-08-21T09:59:05.591Z
2026-06-02,2317,鴻海,14028648626,5835485033,41.59,8193163593,58.4,100,TWSE_MI_QFIIS_DAILY_FOREIGN_INVESTMENT,2026-08-21T09:59:05.591Z
2026-06-02,2330,台積電,25932370067,18251295865,70.38,7681074202,29.61,100,TWSE_MI_QFIIS_DAILY_FOREIGN_INVESTMENT,2026-08-21T09:59:05.591Z
2026-06-02,2454,聯發科,1603895407,901864441,56.22,702030966,43.77,100,TWSE_MI_QFIIS_DAILY_FOREIGN_INVESTMENT,2026-08-21T09:59:05.591Z
2026-06-03,0050,元大台灣50,19273000000,751726334,3.9,18521273666,96.09,100,TWSE_MI_QFIIS_DAILY_FOREIGN_INVESTMENT,2026-08-21T09:59:05.591Z
2026-06-03,2317,鴻海,14028648626,5863603881,41.79,8165044745,58.2,100,TWSE_MI_QFIIS_DAILY_FOREIGN_INVESTMENT,2026-08-21T09:59:05.591Z
2026-06-03,2330,台積電,25932370067,18249791038,70.37,7682579029,29.62,100,TWSE_MI_QFIIS_DAILY_FOREIGN_INVESTMENT,2026-08-21T09:59:05.591Z
2026-06-03,2454,聯發科,1603895407,902562167,56.27,701333240,43.72,100,TWSE_MI_QFIIS_DAILY_FOREIGN_INVESTMENT,2026-08-21T09:59:05.591Z
2026-06-04,0050,元大台灣50,19505000000,872766652,4.47,18632233348,95.52,100,TWSE_MI_QFIIS_DAILY_FOREIGN_INVESTMENT,2026-08-21T09:59:05.591Z
2026-06-04,2317,鴻海,14028648626,5833487392,41.58,8195161234,58.41,100,TWSE_MI_QFIIS_DAILY_FOREIGN_INVESTMENT,2026-08-21T09:59:05.591Z
2026-06-04,2330,台積電,25932370067,18234871554,70.31,7697498513,29.68,100,TWSE_MI_QFIIS_DAILY_FOREIGN_INVESTMENT,2026-08-21T09:59:05.591Z
2026-06-04,2454,聯發科,1603895407,902719844,56.28,701175563,43.71,100,TWSE_MI_QFIIS_DAILY_FOREIGN_INVESTMENT,2026-08-21T09:59:05.591Z
2026-06-05,0050,元大台灣50,19715000000,993840707,5.04,18721159293,94.95,100,TWSE_MI_QFIIS_DAILY_FOREIGN_INVESTMENT,2026-08-21T09:59:05.591Z
2026-06-05,2317,鴻海,14028648626,5827618967,41.54,8201029659,58.45,100,TWSE_MI_QFIIS_DAILY_FOREIGN_INVESTMENT,2026-08-21T09:59:05.591Z
2026-06-05,2330,台積電,25932370067,18211387279,70.22,7720982788,29.77,100,TWSE_MI_QFIIS_DAILY_FOREIGN_INVESTMENT,2026-08-21T09:59:05.591Z
2026-06-05,2454,聯發科,1603895407,902810172,56.28,701085235,43.71,100,TWSE_MI_QFIIS_DAILY_FOREIGN_INVESTMENT,2026-08-21T09:59:05.591Z
2026-06-08,0050,元大台灣50,19990000000,1047805688,5.24,18942194312,94.75,100,TWSE_MI_QFIIS_DAILY_FOREIGN_INVESTMENT,2026-08-21T09:59:05.591Z
2026-06-08,2317,鴻海,14028648626,5821279638,41.49,8207368988,58.5,100,TWSE_MI_QFIIS_DAILY_FOREIGN_INVESTMENT,2026-08-21T09:59:05.591Z
2026-06-08,2330,台積電,25932370067,18186330740,70.12,7746039327,29.87,100,TWSE_MI_QFIIS_DAILY_FOREIGN_INVESTMENT,2026-08-21T09:59:05.591Z
2026-06-08,2454,聯發科,1603895407,900120004,56.12,703775403,43.87,100,TWSE_MI_QFIIS_DAILY_FOREIGN_INVESTMENT,2026-08-21T09:59:05.591Z
2026-06-09,0050,元大台灣50,20177000000,1064374897,5.27,19112625103,94.72,100,TWSE_MI_QFIIS_DAILY_FOREIGN_INVESTMENT,2026-08-21T09:59:05.591Z
2026-06-09,2317,鴻海,14028648626,5811019585,41.42,8217629041,58.57,100,TWSE_MI_QFIIS_DAILY_FOREIGN_INVESTMENT,2026-08-21T09:59:05.591Z
2026-06-09,2330,台積電,25932370067,18168407977,70.06,7763962090,29.93,100,TWSE_MI_QFIIS_DAILY_FOREIGN_INVESTMENT,2026-08-21T09:59:05.591Z
2026-06-09,2454,聯發科,1603895407,899182374,56.06,704713033,43.93,100,TWSE_MI_QFIIS_DAILY_FOREIGN_INVESTMENT,2026-08-21T09:59:05.591Z
2026-06-10,0050,元大台灣50,20138000000,1256397675,6.23,18881602325,93.76,100,TWSE_MI_QFIIS_DAILY_FOREIGN_INVESTMENT,2026-08-21T09:59:05.591Z
2026-06-10,2317,鴻海,14028648626,5794853987,41.3,8233794639,58.69,100,TWSE_MI_QFIIS_DAILY_FOREIGN_INVESTMENT,2026-08-21T09:59:05.591Z
2026-06-10,2330,台積電,25932370067,18148523093,69.98,7783846974,30.01,100,TWSE_MI_QFIIS_DAILY_FOREIGN_INVESTMENT,2026-08-21T09:59:05.591Z
2026-06-10,2454,聯發科,1603895407,895522695,55.83,708372712,44.16,100,TWSE_MI_QFIIS_DAILY_FOREIGN_INVESTMENT,2026-08-21T09:59:05.591Z
2026-06-11,0050,元大台灣50,20384000000,1227308376,6.02,19156691624,93.97,100,TWSE_MI_QFIIS_DAILY_FOREIGN_INVESTMENT,2026-08-21T09:59:05.591Z
2026-06-11,2317,鴻海,14028648626,5785683128,41.24,8242965498,58.75,100,TWSE_MI_QFIIS_DAILY_FOREIGN_INVESTMENT,2026-08-21T09:59:05.591Z
2026-06-11,2330,台積電,25932370067,18144190279,69.96,7788179788,30.03,100,TWSE_MI_QFIIS_DAILY_FOREIGN_INVESTMENT,2026-08-21T09:59:05.591Z
2026-06-11,2454,聯發科,1603895407,893912670,55.73,709982737,44.26,100,TWSE_MI_QFIIS_DAILY_FOREIGN_INVESTMENT,2026-08-21T09:59:05.591Z
2026-06-12,0050,元大台灣50,20308500000,1289628548,6.35,19018871452,93.64,100,TWSE_MI_QFIIS_DAILY_FOREIGN_INVESTMENT,2026-08-21T09:59:05.591Z
2026-06-12,2317,鴻海,14028648626,5788565100,41.26,8240083526,58.73,100,TWSE_MI_QFIIS_DAILY_FOREIGN_INVESTMENT,2026-08-21T09:59:05.591Z
2026-06-12,2330,台積電,25932370067,18151271387,69.99,7781098680,30,100,TWSE_MI_QFIIS_DAILY_FOREIGN_INVESTMENT,2026-08-21T09:59:05.591Z
2026-06-12,2454,聯發科,1603895407,893643828,55.71,710251579,44.28,100,TWSE_MI_QFIIS_DAILY_FOREIGN_INVESTMENT,2026-08-21T09:59:05.591Z
2026-06-15,0050,元大台灣50,20320500000,1304189932,6.41,19016310068,93.58,100,TWSE_MI_QFIIS_DAILY_FOREIGN_INVESTMENT,2026-08-21T09:59:05.591Z
2026-06-15,2317,鴻海,14028648626,5794183983,41.3,8234464643,58.69,100,TWSE_MI_QFIIS_DAILY_FOREIGN_INVESTMENT,2026-08-21T09:59:05.591Z
2026-06-15,2330,台積電,25932370067,18152573373,69.99,7779796694,30,100,TWSE_MI_QFIIS_DAILY_FOREIGN_INVESTMENT,2026-08-21T09:59:05.591Z
2026-06-15,2454,聯發科,1603895407,895652673,55.84,708242734,44.15,100,TWSE_MI_QFIIS_DAILY_FOREIGN_INVESTMENT,2026-08-21T09:59:05.591Z
2026-06-16,0050,元大台灣50,20418000000,1311244763,6.42,19106755237,93.57,100,TWSE_MI_QFIIS_DAILY_FOREIGN_INVESTMENT,2026-08-21T09:59:05.591Z
2026-06-16,2317,鴻海,14028648626,5805780693,41.38,8222867933,58.61,100,TWSE_MI_QFIIS_DAILY_FOREIGN_INVESTMENT,2026-08-21T09:59:05.591Z
2026-06-16,2330,台積電,25932370067,18151030282,69.99,7781339785,30,100,TWSE_MI_QFIIS_DAILY_FOREIGN_INVESTMENT,2026-08-21T09:59:05.591Z
2026-06-16,2454,聯發科,1603895407,896987277,55.92,706908130,44.07,100,TWSE_MI_QFIIS_DAILY_FOREIGN_INVESTMENT,2026-08-21T09:59:05.591Z
2026-06-17,0050,元大台灣50,20441000000,1393358056,6.81,19047641944,93.18,100,TWSE_MI_QFIIS_DAILY_FOREIGN_INVESTMENT,2026-08-21T09:59:05.591Z
2026-06-17,2317,鴻海,14028648626,5795790594,41.31,8232858032,58.68,100,TWSE_MI_QFIIS_DAILY_FOREIGN_INVESTMENT,2026-08-21T09:59:05.591Z
2026-06-17,2330,台積電,25932370067,18140049034,69.95,7792321033,30.04,100,TWSE_MI_QFIIS_DAILY_FOREIGN_INVESTMENT,2026-08-21T09:59:05.591Z
2026-06-17,2454,聯發科,1603895407,895745457,55.84,708149950,44.15,100,TWSE_MI_QFIIS_DAILY_FOREIGN_INVESTMENT,2026-08-21T09:59:05.591Z
2026-06-18,0050,元大台灣50,20442000000,1406345760,6.87,19035654240,93.12,100,TWSE_MI_QFIIS_DAILY_FOREIGN_INVESTMENT,2026-08-21T09:59:05.591Z
2026-06-18,2317,鴻海,14028648626,5769805399,41.12,8258843227,58.87,100,TWSE_MI_QFIIS_DAILY_FOREIGN_INVESTMENT,2026-08-21T09:59:05.591Z
2026-06-18,2330,台積電,25932370067,18148281929,69.98,7784088138,30.01,100,TWSE_MI_QFIIS_DAILY_FOREIGN_INVESTMENT,2026-08-21T09:59:05.591Z
2026-06-18,2454,聯發科,1603895407,897443125,55.95,706452282,44.04,100,TWSE_MI_QFIIS_DAILY_FOREIGN_INVESTMENT,2026-08-21T09:59:05.591Z
2026-06-22,0050,元大台灣50,20435000000,1376024326,6.73,19058975674,93.26,100,TWSE_MI_QFIIS_DAILY_FOREIGN_INVESTMENT,2026-08-21T09:59:05.591Z
2026-06-22,2317,鴻海,14028648626,5755323066,41.02,8273325560,58.97,100,TWSE_MI_QFIIS_DAILY_FOREIGN_INVESTMENT,2026-08-21T09:59:05.591Z
2026-06-22,2330,台積電,25932370067,18163412864,70.04,7768957203,29.95,100,TWSE_MI_QFIIS_DAILY_FOREIGN_INVESTMENT,2026-08-21T09:59:05.591Z
2026-06-22,2454,聯發科,1603895407,901086601,56.18,702808806,43.81,100,TWSE_MI_QFIIS_DAILY_FOREIGN_INVESTMENT,2026-08-21T09:59:05.591Z
2026-06-23,0050,元大台灣50,20461500000,1363393604,6.66,19098106396,93.33,100,TWSE_MI_QFIIS_DAILY_FOREIGN_INVESTMENT,2026-08-21T09:59:05.591Z
2026-06-23,2317,鴻海,14028648626,5723493658,40.79,8305154968,59.2,100,TWSE_MI_QFIIS_DAILY_FOREIGN_INVESTMENT,2026-08-21T09:59:05.591Z
2026-06-23,2330,台積電,25932370067,18160515276,70.03,7771854791,29.96,100,TWSE_MI_QFIIS_DAILY_FOREIGN_INVESTMENT,2026-08-21T09:59:05.591Z
2026-06-23,2454,聯發科,1603895407,902559452,56.27,701335955,43.72,100,TWSE_MI_QFIIS_DAILY_FOREIGN_INVESTMENT,2026-08-21T09:59:05.591Z
2026-06-24,0050,元大台灣50,20485500000,1233978705,6.02,19251521295,93.97,100,TWSE_MI_QFIIS_DAILY_FOREIGN_INVESTMENT,2026-08-21T09:59:05.591Z
2026-06-24,2317,鴻海,14028648626,5711891653,40.71,8316756973,59.28,100,TWSE_MI_QFIIS_DAILY_FOREIGN_INVESTMENT,2026-08-21T09:59:05.591Z
2026-06-24,2330,台積電,25932370067,18120554102,69.87,7811815965,30.12,100,TWSE_MI_QFIIS_DAILY_FOREIGN_INVESTMENT,2026-08-21T09:59:05.591Z
2026-06-24,2454,聯發科,1603895407,899920519,56.1,703974888,43.89,100,TWSE_MI_QFIIS_DAILY_FOREIGN_INVESTMENT,2026-08-21T09:59:05.591Z
2026-06-25,0050,元大台灣50,20491000000,1210487711,5.9,19280512289,94.09,100,TWSE_MI_QFIIS_DAILY_FOREIGN_INVESTMENT,2026-08-21T09:59:05.591Z
2026-06-25,2317,鴻海,14028648626,5708045881,40.68,8320602745,59.31,100,TWSE_MI_QFIIS_DAILY_FOREIGN_INVESTMENT,2026-08-21T09:59:05.591Z
2026-06-25,2330,台積電,25932370067,18113951430,69.85,7818418637,30.14,100,TWSE_MI_QFIIS_DAILY_FOREIGN_INVESTMENT,2026-08-21T09:59:05.591Z
2026-06-25,2454,聯發科,1603895407,900730067,56.15,703165340,43.84,100,TWSE_MI_QFIIS_DAILY_FOREIGN_INVESTMENT,2026-08-21T09:59:05.591Z
2026-06-26,0050,元大台灣50,20586000000,1079536014,5.24,19506463986,94.75,100,TWSE_MI_QFIIS_DAILY_FOREIGN_INVESTMENT,2026-08-21T09:59:05.591Z
2026-06-26,2317,鴻海,14028648626,5674062820,40.44,8354585806,59.55,100,TWSE_MI_QFIIS_DAILY_FOREIGN_INVESTMENT,2026-08-21T09:59:05.591Z
2026-06-26,2330,台積電,25932370067,18099621253,69.79,7832748814,30.2,100,TWSE_MI_QFIIS_DAILY_FOREIGN_INVESTMENT,2026-08-21T09:59:05.591Z
2026-06-26,2454,聯發科,1603895407,895709019,55.84,708186388,44.15,100,TWSE_MI_QFIIS_DAILY_FOREIGN_INVESTMENT,2026-08-21T09:59:05.591Z
2026-06-29,0050,元大台灣50,20701000000,1116385053,5.39,19584614947,94.6,100,TWSE_MI_QFIIS_DAILY_FOREIGN_INVESTMENT,2026-08-21T09:59:05.591Z
2026-06-29,2317,鴻海,14028648626,5654861609,40.3,8373787017,59.69,100,TWSE_MI_QFIIS_DAILY_FOREIGN_INVESTMENT,2026-08-21T09:59:05.591Z
2026-06-29,2330,台積電,25932370067,18095876712,69.78,7836493355,30.21,100,TWSE_MI_QFIIS_DAILY_FOREIGN_INVESTMENT,2026-08-21T09:59:05.591Z
2026-06-29,2454,聯發科,1603895407,896829429,55.91,707065978,44.08,100,TWSE_MI_QFIIS_DAILY_FOREIGN_INVESTMENT,2026-08-21T09:59:05.591Z
2026-06-30,0050,元大台灣50,20706500000,1201754372,5.8,19504745628,94.19,100,TWSE_MI_QFIIS_DAILY_FOREIGN_INVESTMENT,2026-08-21T09:59:05.591Z
2026-06-30,2317,鴻海,14028648626,5654269656,40.3,8374378970,59.69,100,TWSE_MI_QFIIS_DAILY_FOREIGN_INVESTMENT,2026-08-21T09:59:05.591Z
2026-06-30,2330,台積電,25932370067,18088563478,69.75,7843806589,30.24,100,TWSE_MI_QFIIS_DAILY_FOREIGN_INVESTMENT,2026-08-21T09:59:05.591Z
2026-06-30,2454,聯發科,1603895407,897943074,55.98,705952333,44.01,100,TWSE_MI_QFIIS_DAILY_FOREIGN_INVESTMENT,2026-08-21T09:59:05.591Z
2026-07-01,0050,元大台灣50,20754500000,1257398440,6.05,19497101560,93.94,100,TWSE_MI_QFIIS_DAILY_FOREIGN_INVESTMENT,2026-08-21T09:59:05.591Z
2026-07-01,2317,鴻海,14028648626,5630789955,40.13,8397858671,59.86,100,TWSE_MI_QFIIS_DAILY_FOREIGN_INVESTMENT,2026-08-21T09:59:05.591Z
2026-07-01,2330,台積電,25932370067,18094293488,69.77,7838076579,30.22,100,TWSE_MI_QFIIS_DAILY_FOREIGN_INVESTMENT,2026-08-21T09:59:05.591Z
2026-07-01,2454,聯發科,1603895407,898374465,56.01,705520942,43.98,100,TWSE_MI_QFIIS_DAILY_FOREIGN_INVESTMENT,2026-08-21T09:59:05.591Z
2026-07-02,0050,元大台灣50,20756000000,1267789647,6.1,19488210353,93.89,100,TWSE_MI_QFIIS_DAILY_FOREIGN_INVESTMENT,2026-08-21T09:59:05.591Z
2026-07-02,2317,鴻海,14028648626,5608518650,39.97,8420129976,60.02,100,TWSE_MI_QFIIS_DAILY_FOREIGN_INVESTMENT,2026-08-21T09:59:05.591Z
2026-07-02,2330,台積電,25932370067,18082034024,69.72,7850336043,30.27,100,TWSE_MI_QFIIS_DAILY_FOREIGN_INVESTMENT,2026-08-21T09:59:05.591Z
2026-07-02,2454,聯發科,1603895407,897267621,55.94,706627786,44.05,100,TWSE_MI_QFIIS_DAILY_FOREIGN_INVESTMENT,2026-08-21T09:59:05.591Z
2026-07-03,0050,元大台灣50,20778500000,1262800358,6.07,19515699642,93.92,100,TWSE_MI_QFIIS_DAILY_FOREIGN_INVESTMENT,2026-08-21T09:59:05.591Z
2026-07-03,2317,鴻海,14028648626,5603527695,39.94,8425120931,60.05,100,TWSE_MI_QFIIS_DAILY_FOREIGN_INVESTMENT,2026-08-21T09:59:05.591Z
2026-07-03,2330,台積電,25932370067,18067815339,69.67,7864554728,30.32,100,TWSE_MI_QFIIS_DAILY_FOREIGN_INVESTMENT,2026-08-21T09:59:05.591Z
2026-07-03,2454,聯發科,1603895407,894102605,55.74,709792802,44.25,100,TWSE_MI_QFIIS_DAILY_FOREIGN_INVESTMENT,2026-08-21T09:59:05.591Z
2026-07-06,0050,元大台灣50,20855500000,1308435208,6.27,19547064792,93.72,100,TWSE_MI_QFIIS_DAILY_FOREIGN_INVESTMENT,2026-08-21T09:59:05.591Z
2026-07-06,2317,鴻海,14028648626,5599704574,39.91,8428944052,60.08,100,TWSE_MI_QFIIS_DAILY_FOREIGN_INVESTMENT,2026-08-21T09:59:05.591Z
2026-07-06,2330,台積電,25932370067,18066246959,69.66,7866123108,30.33,100,TWSE_MI_QFIIS_DAILY_FOREIGN_INVESTMENT,2026-08-21T09:59:05.591Z
2026-07-06,2454,聯發科,1603895407,894844558,55.79,709050849,44.2,100,TWSE_MI_QFIIS_DAILY_FOREIGN_INVESTMENT,2026-08-21T09:59:05.591Z
2026-07-07,0050,元大台灣50,20870000000,1268024649,6.07,19601975351,93.92,100,TWSE_MI_QFIIS_DAILY_FOREIGN_INVESTMENT,2026-08-21T09:59:05.591Z
2026-07-07,2317,鴻海,14028648626,5585680548,39.81,8442968078,60.18,100,TWSE_MI_QFIIS_DAILY_FOREIGN_INVESTMENT,2026-08-21T09:59:05.591Z
2026-07-07,2330,台積電,25932370067,18065707983,69.66,7866662084,30.33,100,TWSE_MI_QFIIS_DAILY_FOREIGN_INVESTMENT,2026-08-21T09:59:05.591Z
2026-07-07,2454,聯發科,1603895407,895014425,55.8,708880982,44.19,100,TWSE_MI_QFIIS_DAILY_FOREIGN_INVESTMENT,2026-08-21T09:59:05.591Z
2026-07-08,0050,元大台灣50,20897000000,1251173833,5.98,19645826167,94.01,100,TWSE_MI_QFIIS_DAILY_FOREIGN_INVESTMENT,2026-08-21T09:59:05.591Z
2026-07-08,2317,鴻海,14028648626,5584058680,39.8,8444589946,60.19,100,TWSE_MI_QFIIS_DAILY_FOREIGN_INVESTMENT,2026-08-21T09:59:05.591Z
2026-07-08,2330,台積電,25932370067,18061358118,69.64,7871011949,30.35,100,TWSE_MI_QFIIS_DAILY_FOREIGN_INVESTMENT,2026-08-21T09:59:05.591Z
2026-07-08,2454,聯發科,1603895407,893985308,55.73,709910099,44.26,100,TWSE_MI_QFIIS_DAILY_FOREIGN_INVESTMENT,2026-08-21T09:59:05.591Z
2026-07-09,0050,元大台灣50,20935500000,1242138992,5.93,19693361008,94.06,100,TWSE_MI_QFIIS_DAILY_FOREIGN_INVESTMENT,2026-08-21T09:59:05.591Z
2026-07-09,2317,鴻海,14028648626,5589489245,39.84,8439159381,60.15,100,TWSE_MI_QFIIS_DAILY_FOREIGN_INVESTMENT,2026-08-21T09:59:05.591Z
2026-07-09,2330,台積電,25932370067,18048503577,69.59,7883866490,30.4,100,TWSE_MI_QFIIS_DAILY_FOREIGN_INVESTMENT,2026-08-21T09:59:05.591Z
2026-07-09,2454,聯發科,1603895407,893324631,55.69,710570776,44.3,100,TWSE_MI_QFIIS_DAILY_FOREIGN_INVESTMENT,2026-08-21T09:59:05.591Z
2026-07-13,0050,元大台灣50,20950000000,1265041431,6.03,19684958569,93.96,100,TWSE_MI_QFIIS_DAILY_FOREIGN_INVESTMENT,2026-08-21T09:59:05.591Z
2026-07-13,2317,鴻海,14028648626,5589100834,39.84,8439547792,60.15,100,TWSE_MI_QFIIS_DAILY_FOREIGN_INVESTMENT,2026-08-21T09:59:05.591Z
2026-07-13,2330,台積電,25932370067,18045379459,69.58,7886990608,30.41,100,TWSE_MI_QFIIS_DAILY_FOREIGN_INVESTMENT,2026-08-21T09:59:05.591Z
2026-07-13,2454,聯發科,1603895407,892462064,55.64,711433343,44.35,100,TWSE_MI_QFIIS_DAILY_FOREIGN_INVESTMENT,2026-08-21T09:59:05.591Z
2026-07-14,0050,元大台灣50,21040500000,1208552422,5.74,19831947578,94.25,100,TWSE_MI_QFIIS_DAILY_FOREIGN_INVESTMENT,2026-08-21T09:59:05.591Z
2026-07-14,2317,鴻海,14028648626,5583645287,39.8,8445003339,60.19,100,TWSE_MI_QFIIS_DAILY_FOREIGN_INVESTMENT,2026-08-21T09:59:05.591Z
2026-07-14,2330,台積電,25932370067,18033707460,69.54,7898662607,30.45,100,TWSE_MI_QFIIS_DAILY_FOREIGN_INVESTMENT,2026-08-21T09:59:05.591Z
2026-07-14,2454,聯發科,1603895407,893040821,55.67,710854586,44.32,100,TWSE_MI_QFIIS_DAILY_FOREIGN_INVESTMENT,2026-08-21T09:59:05.591Z
2026-07-15,0050,元大台灣50,21072000000,1260943565,5.98,19811056435,94.01,100,TWSE_MI_QFIIS_DAILY_FOREIGN_INVESTMENT,2026-08-21T09:59:05.591Z
2026-07-15,2317,鴻海,14028648626,5590183359,39.84,8438465267,60.15,100,TWSE_MI_QFIIS_DAILY_FOREIGN_INVESTMENT,2026-08-21T09:59:05.591Z
2026-07-15,2330,台積電,25932370067,18030065673,69.52,7902304394,30.47,100,TWSE_MI_QFIIS_DAILY_FOREIGN_INVESTMENT,2026-08-21T09:59:05.591Z
2026-07-15,2454,聯發科,1603895407,891532681,55.58,712362726,44.41,100,TWSE_MI_QFIIS_DAILY_FOREIGN_INVESTMENT,2026-08-21T09:59:05.591Z
2026-07-16,0050,元大台灣50,21113000000,1240803272,5.87,19872196728,94.12,100,TWSE_MI_QFIIS_DAILY_FOREIGN_INVESTMENT,2026-08-21T09:59:05.591Z
2026-07-16,2317,鴻海,14028648626,5598243897,39.9,8430404729,60.09,100,TWSE_MI_QFIIS_DAILY_FOREIGN_INVESTMENT,2026-08-21T09:59:05.591Z
2026-07-16,2330,台積電,25932370067,18025845937,69.51,7906524130,30.48,100,TWSE_MI_QFIIS_DAILY_FOREIGN_INVESTMENT,2026-08-21T09:59:05.591Z
2026-07-16,2454,聯發科,1603895407,890906649,55.54,712988758,44.45,100,TWSE_MI_QFIIS_DAILY_FOREIGN_INVESTMENT,2026-08-21T09:59:05.591Z
2026-07-17,0050,元大台灣50,21287500000,1076801106,5.05,20210698894,94.94,100,TWSE_MI_QFIIS_DAILY_FOREIGN_INVESTMENT,2026-08-21T09:59:05.591Z
2026-07-17,2317,鴻海,14028648626,5596574145,39.89,8432074481,60.1,100,TWSE_MI_QFIIS_DAILY_FOREIGN_INVESTMENT,2026-08-21T09:59:05.591Z
2026-07-17,2330,台積電,25932370067,17982370536,69.34,7949999531,30.65,100,TWSE_MI_QFIIS_DAILY_FOREIGN_INVESTMENT,2026-08-21T09:59:05.591Z
2026-07-17,2454,聯發科,1603895407,890755228,55.53,713140179,44.46,100,TWSE_MI_QFIIS_DAILY_FOREIGN_INVESTMENT,2026-08-21T09:59:05.591Z
2026-07-20,0050,元大台灣50,21492000000,1041768930,4.84,20450231070,95.15,100,TWSE_MI_QFIIS_DAILY_FOREIGN_INVESTMENT,2026-08-21T09:59:05.591Z
2026-07-20,2317,鴻海,14028648626,5597845760,39.9,8430802866,60.09,100,TWSE_MI_QFIIS_DAILY_FOREIGN_INVESTMENT,2026-08-21T09:59:05.591Z
2026-07-20,2330,台積電,25932370067,17980473093,69.33,7951896974,30.66,100,TWSE_MI_QFIIS_DAILY_FOREIGN_INVESTMENT,2026-08-21T09:59:05.591Z
2026-07-20,2454,聯發科,1603895407,891397237,55.57,712498170,44.42,100,TWSE_MI_QFIIS_DAILY_FOREIGN_INVESTMENT,2026-08-21T09:59:05.591Z
2026-07-21,0050,元大台灣50,21600500000,1084572347,5.02,20515927653,94.97,100,TWSE_MI_QFIIS_DAILY_FOREIGN_INVESTMENT,2026-08-21T09:59:05.591Z
2026-07-21,2317,鴻海,14028648626,5619157219,40.05,8409491407,59.94,100,TWSE_MI_QFIIS_DAILY_FOREIGN_INVESTMENT,2026-08-21T09:59:05.591Z
2026-07-21,2330,台積電,25932370067,17985304989,69.35,7947065078,30.64,100,TWSE_MI_QFIIS_DAILY_FOREIGN_INVESTMENT,2026-08-21T09:59:05.591Z
2026-07-21,2454,聯發科,1603895407,890820065,55.54,713075342,44.45,100,TWSE_MI_QFIIS_DAILY_FOREIGN_INVESTMENT,2026-08-21T09:59:05.591Z
2026-07-22,0050,元大台灣50,21604500000,1151048908,5.32,20453451092,94.67,100,TWSE_MI_QFIIS_DAILY_FOREIGN_INVESTMENT,2026-08-21T09:59:05.591Z
2026-07-22,2317,鴻海,14028648626,5637516726,40.18,8391131900,59.81,100,TWSE_MI_QFIIS_DAILY_FOREIGN_INVESTMENT,2026-08-21T09:59:05.591Z
2026-07-22,2330,台積電,25932370067,17980933176,69.33,7951436891,30.66,100,TWSE_MI_QFIIS_DAILY_FOREIGN_INVESTMENT,2026-08-21T09:59:05.591Z
2026-07-22,2454,聯發科,1603895407,891167507,55.56,712727900,44.43,100,TWSE_MI_QFIIS_DAILY_FOREIGN_INVESTMENT,2026-08-21T09:59:05.591Z
2026-07-23,0050,元大台灣50,21630500000,1115468881,5.15,20515031119,94.84,100,TWSE_MI_QFIIS_DAILY_FOREIGN_INVESTMENT,2026-08-21T09:59:05.591Z
2026-07-23,2317,鴻海,14028648626,5658967377,40.33,8369681249,59.66,100,TWSE_MI_QFIIS_DAILY_FOREIGN_INVESTMENT,2026-08-21T09:59:05.591Z
2026-07-23,2330,台積電,25932370067,17976688746,69.32,7955681321,30.67,100,TWSE_MI_QFIIS_DAILY_FOREIGN_INVESTMENT,2026-08-21T09:59:05.591Z
2026-07-23,2454,聯發科,1603895407,891681539,55.59,712213868,44.4,100,TWSE_MI_QFIIS_DAILY_FOREIGN_INVESTMENT,2026-08-21T09:59:05.591Z
2026-07-24,0050,元大台灣50,21630500000,1085937248,5.02,20544562752,94.97,100,TWSE_MI_QFIIS_DAILY_FOREIGN_INVESTMENT,2026-08-21T09:59:05.591Z
2026-07-24,2317,鴻海,14028648626,5650708119,40.27,8377940507,59.72,100,TWSE_MI_QFIIS_DAILY_FOREIGN_INVESTMENT,2026-08-21T09:59:05.591Z
2026-07-24,2330,台積電,25932370067,17966448628,69.28,7965921439,30.71,100,TWSE_MI_QFIIS_DAILY_FOREIGN_INVESTMENT,2026-08-21T09:59:05.591Z
2026-07-24,2454,聯發科,1603895407,890847333,55.54,713048074,44.45,100,TWSE_MI_QFIIS_DAILY_FOREIGN_INVESTMENT,2026-08-21T09:59:05.591Z
2026-07-27,0050,元大台灣50,21707000000,1085198065,4.99,20621801935,95,100,TWSE_MI_QFIIS_DAILY_FOREIGN_INVESTMENT,2026-08-21T09:59:05.591Z
2026-07-27,2317,鴻海,14028648626,5652047579,40.28,8376601047,59.71,100,TWSE_MI_QFIIS_DAILY_FOREIGN_INVESTMENT,2026-08-21T09:59:05.591Z
2026-07-27,2330,台積電,25932370067,17964367874,69.27,7968002193,30.72,100,TWSE_MI_QFIIS_DAILY_FOREIGN_INVESTMENT,2026-08-21T09:59:05.591Z
2026-07-27,2454,聯發科,1603895407,890439410,55.51,713455997,44.48,100,TWSE_MI_QFIIS_DAILY_FOREIGN_INVESTMENT,2026-08-21T09:59:05.591Z
2026-07-28,0050,元大台灣50,21989500000,989567347,4.5,20999932653,95.49,100,TWSE_MI_QFIIS_DAILY_FOREIGN_INVESTMENT,2026-08-21T09:59:05.591Z
2026-07-28,2317,鴻海,14028648626,5633889928,40.15,8394758698,59.84,100,TWSE_MI_QFIIS_DAILY_FOREIGN_INVESTMENT,2026-08-21T09:59:05.591Z
2026-07-28,2330,台積電,25932370067,17949686805,69.21,7982683262,30.78,100,TWSE_MI_QFIIS_DAILY_FOREIGN_INVESTMENT,2026-08-21T09:59:05.591Z
2026-07-28,2454,聯發科,1603895407,888162101,55.37,715733306,44.62,100,TWSE_MI_QFIIS_DAILY_FOREIGN_INVESTMENT,2026-08-21T09:59:05.591Z
2026-07-29,0050,元大台灣50,22298000000,1063453255,4.76,21234546745,95.23,100,TWSE_MI_QFIIS_DAILY_FOREIGN_INVESTMENT,2026-08-21T09:59:05.591Z
2026-07-29,2317,鴻海,14028648626,5631396994,40.14,8397251632,59.85,100,TWSE_MI_QFIIS_DAILY_FOREIGN_INVESTMENT,2026-08-21T09:59:05.591Z
2026-07-29,2330,台積電,25932370067,17935395090,69.16,7996974977,30.83,100,TWSE_MI_QFIIS_DAILY_FOREIGN_INVESTMENT,2026-08-21T09:59:05.591Z
2026-07-29,2454,聯發科,1603895407,887750637,55.34,716144770,44.65,100,TWSE_MI_QFIIS_DAILY_FOREIGN_INVESTMENT,2026-08-21T09:59:05.591Z
2026-07-30,0050,元大台灣50,22446500000,1116483652,4.97,21330016348,95.02,100,TWSE_MI_QFIIS_DAILY_FOREIGN_INVESTMENT,2026-08-21T09:59:05.591Z
2026-07-30,2317,鴻海,14028648626,5597213820,39.89,8431434806,60.1,100,TWSE_MI_QFIIS_DAILY_FOREIGN_INVESTMENT,2026-08-21T09:59:05.591Z
2026-07-30,2330,台積電,25932370067,17928533048,69.13,8003837019,30.86,100,TWSE_MI_QFIIS_DAILY_FOREIGN_INVESTMENT,2026-08-21T09:59:05.591Z
2026-07-30,2454,聯發科,1603895407,885032161,55.18,718863246,44.81,100,TWSE_MI_QFIIS_DAILY_FOREIGN_INVESTMENT,2026-08-21T09:59:05.591Z
2026-07-31,0050,元大台灣50,22487000000,1218652901,5.41,21268347099,94.58,100,TWSE_MI_QFIIS_DAILY_FOREIGN_INVESTMENT,2026-08-21T09:59:05.591Z
2026-07-31,2317,鴻海,14028648626,5644844321,40.23,8383804305,59.76,100,TWSE_MI_QFIIS_DAILY_FOREIGN_INVESTMENT,2026-08-21T09:59:05.591Z
2026-07-31,2330,台積電,25932370067,17941742875,69.18,7990627192,30.81,100,TWSE_MI_QFIIS_DAILY_FOREIGN_INVESTMENT,2026-08-21T09:59:05.591Z
2026-07-31,2454,聯發科,1603895407,883611507,55.09,720283900,44.9,100,TWSE_MI_QFIIS_DAILY_FOREIGN_INVESTMENT,2026-08-21T09:59:05.591Z
2026-08-03,0050,元大台灣50,22487000000,1257673761,5.59,21229326239,94.4,100,TWSE_MI_QFIIS_DAILY_FOREIGN_INVESTMENT,2026-08-21T09:59:05.591Z
2026-08-03,2317,鴻海,14028648626,5655138164,40.31,8373510462,59.68,100,TWSE_MI_QFIIS_DAILY_FOREIGN_INVESTMENT,2026-08-21T09:59:05.591Z
2026-08-03,2330,台積電,25932370067,17932606848,69.15,7999763219,30.84,100,TWSE_MI_QFIIS_DAILY_FOREIGN_INVESTMENT,2026-08-21T09:59:05.591Z
2026-08-03,2454,聯發科,1603895407,884759302,55.16,719136105,44.83,100,TWSE_MI_QFIIS_DAILY_FOREIGN_INVESTMENT,2026-08-21T09:59:05.591Z
2026-08-04,0050,元大台灣50,22489500000,1228007215,5.46,21261492785,94.53,100,TWSE_MI_QFIIS_DAILY_FOREIGN_INVESTMENT,2026-08-21T09:59:05.591Z
2026-08-04,2317,鴻海,14028648626,5652688022,40.29,8375960604,59.7,100,TWSE_MI_QFIIS_DAILY_FOREIGN_INVESTMENT,2026-08-21T09:59:05.591Z
2026-08-04,2330,台積電,25932370067,17920526859,69.1,8011843208,30.89,100,TWSE_MI_QFIIS_DAILY_FOREIGN_INVESTMENT,2026-08-21T09:59:05.591Z
2026-08-04,2454,聯發科,1603895407,884306427,55.13,719588980,44.86,100,TWSE_MI_QFIIS_DAILY_FOREIGN_INVESTMENT,2026-08-21T09:59:05.591Z
2026-08-05,0050,元大台灣50,22457500000,1281044025,5.7,21176455975,94.29,100,TWSE_MI_QFIIS_DAILY_FOREIGN_INVESTMENT,2026-08-21T09:59:05.591Z
2026-08-05,2317,鴻海,14028648626,5687502362,40.54,8341146264,59.45,100,TWSE_MI_QFIIS_DAILY_FOREIGN_INVESTMENT,2026-08-21T09:59:05.591Z
2026-08-05,2330,台積電,25932370067,17933430171,69.15,7998939896,30.84,100,TWSE_MI_QFIIS_DAILY_FOREIGN_INVESTMENT,2026-08-21T09:59:05.591Z
2026-08-05,2454,聯發科,1603895407,886184008,55.25,717711399,44.74,100,TWSE_MI_QFIIS_DAILY_FOREIGN_INVESTMENT,2026-08-21T09:59:05.591Z
2026-08-06,0050,元大台灣50,22433000000,1237790530,5.51,21195209470,94.48,100,TWSE_MI_QFIIS_DAILY_FOREIGN_INVESTMENT,2026-08-21T09:59:05.591Z
2026-08-06,2317,鴻海,14028648626,5709646875,40.69,8319001751,59.3,100,TWSE_MI_QFIIS_DAILY_FOREIGN_INVESTMENT,2026-08-21T09:59:05.591Z
2026-08-06,2330,台積電,25932370067,17930241882,69.14,8002128185,30.85,100,TWSE_MI_QFIIS_DAILY_FOREIGN_INVESTMENT,2026-08-21T09:59:05.591Z
2026-08-06,2454,聯發科,1603895407,885237968,55.19,718657439,44.8,100,TWSE_MI_QFIIS_DAILY_FOREIGN_INVESTMENT,2026-08-21T09:59:05.591Z
2026-08-07,0050,元大台灣50,22433000000,1215067306,5.41,21217932694,94.58,100,TWSE_MI_QFIIS_DAILY_FOREIGN_INVESTMENT,2026-08-21T09:59:05.591Z
2026-08-07,2317,鴻海,14028648626,5704606746,40.66,8324041880,59.33,100,TWSE_MI_QFIIS_DAILY_FOREIGN_INVESTMENT,2026-08-21T09:59:05.591Z
2026-08-07,2330,台積電,25932370067,17931083542,69.14,8001286525,30.85,100,TWSE_MI_QFIIS_DAILY_FOREIGN_INVESTMENT,2026-08-21T09:59:05.591Z
2026-08-07,2454,聯發科,1603895407,885544616,55.21,718350791,44.78,100,TWSE_MI_QFIIS_DAILY_FOREIGN_INVESTMENT,2026-08-21T09:59:05.591Z
2026-08-10,0050,元大台灣50,22426500000,1204535380,5.37,21221964620,94.62,100,TWSE_MI_QFIIS_DAILY_FOREIGN_INVESTMENT,2026-08-21T09:59:05.591Z
2026-08-10,2317,鴻海,14028648626,5711300536,40.71,8317348090,59.28,100,TWSE_MI_QFIIS_DAILY_FOREIGN_INVESTMENT,2026-08-21T09:59:05.591Z
2026-08-10,2330,台積電,25932370067,17931402638,69.14,8000967429,30.85,100,TWSE_MI_QFIIS_DAILY_FOREIGN_INVESTMENT,2026-08-21T09:59:05.591Z
2026-08-10,2454,聯發科,1603895407,886928019,55.29,716967388,44.7,100,TWSE_MI_QFIIS_DAILY_FOREIGN_INVESTMENT,2026-08-21T09:59:05.591Z
2026-08-11,0050,元大台灣50,22425500000,1222699411,5.45,21202800589,94.54,100,TWSE_MI_QFIIS_DAILY_FOREIGN_INVESTMENT,2026-08-21T09:59:05.591Z
2026-08-11,2317,鴻海,14028648626,5710367444,40.7,8318281182,59.29,100,TWSE_MI_QFIIS_DAILY_FOREIGN_INVESTMENT,2026-08-21T09:59:05.591Z
2026-08-11,2330,台積電,25932370067,17934850875,69.16,7997519192,30.83,100,TWSE_MI_QFIIS_DAILY_FOREIGN_INVESTMENT,2026-08-21T09:59:05.591Z
2026-08-11,2454,聯發科,1603895407,887782685,55.35,716112722,44.64,100,TWSE_MI_QFIIS_DAILY_FOREIGN_INVESTMENT,2026-08-21T09:59:05.591Z
